7 47.74946594238281 53.598045349121094 72.83637237548828 70.05642700195312 2 38.90414810180664 49.66389846801758 73.36661529541016 67.28609466552734
5 18.128921508789062 3.3735573291778564 76.61194610595703 43.38021469116211 7 22.80434226989746 12.974794387817383 73.9323959350586 46.60930252075195
4 6.360476493835449 19.345983505249023 27.241291046142578 31.931612014770508 6 4.258913993835449 4.649430274963379 25.2158145904541 16.751131057739258 2 4.723754405975342 1.2514276504516602 25.707538604736328 13.797306060791016
5 6.435905456542969 31.934581756591797 42.57893371582031 52.12898635864258
9 24.180988311767578 2.4489898681640625 68.1629409790039 30.24469757080078
6 6.381662368774414 18.054414749145508 30.398040771484375 35.425384521484375
5 11.920289993286133 28.71976661682129 80.87152862548828 65.10912322998047 6 16.971471786499023 62.78815841674805 79.49405670166016 97.39529418945312
7 51.42546081542969 99.32616424560547 88.07723236083984 121.43734741210938 7 48.99394226074219 91.06050109863281 86.13345336914062 109.8709716796875
9 28.00348663330078 26.11063003540039 64.36487579345703 52.668731689453125 5 26.54744529724121 44.62529754638672 64.12557983398438 67.16121673583984
5 9.545502662658691 17.493438720703125 50.87028121948242 40.01419448852539 4 24.960800170898438 42.736114501953125 57.23521423339844 62.642822265625
5 10.882658004760742 25.078107833862305 37.05833435058594 40.559635162353516 2 10.314826965332031 6.81960916519165 38.333309173583984 22.666975021362305
2 7.0095295906066895 10.00086498260498 32.98299789428711 25.321121215820312
0 11.511597633361816 19.215530395507812 41.81226348876953 37.108726501464844 1 12.672195434570312 10.351175308227539 42.207454681396484 23.278350830078125 1 9.690364837646484 36.62646484375 42.11235427856445 52.306602478027344
7 12.519416809082031 18.280309677124023 44.65716552734375 32.40229415893555 0 13.100831985473633 33.62422561645508 44.245880126953125 52.18598556518555
3 17.652130126953125 17.234041213989258 71.15745544433594 44.095890045166016 1 27.817853927612305 52.487220764160156 76.13907623291016 73.7315673828125 4 19.216655731201172 44.75686264038086 75.56372833251953 66.85442352294922
1 65.86762237548828 45.56503677368164 141.10162353515625 72.50127410888672
2 8.431842803955078 9.439376831054688 27.05205726623535 21.285491943359375
3 31.093399047851562 15.893095016479492 56.32907485961914 34.2140998840332 5 37.45641326904297 34.21601486206055 61.47222900390625 48.19034194946289 1 34.14115905761719 37.81935119628906 59.23944854736328 53.332183837890625
1 13.655035972595215 26.265377044677734 52.7954216003418 44.81340026855469 1 13.56151294708252 35.371097564697266 48.73936080932617 49.18516159057617 8 12.12605094909668 44.870059967041016 50.24199295043945 65.56366729736328
3 43.73420333862305 34.040794372558594 95.32955169677734 61.41420364379883 9 42.73844909667969 6.580972671508789 99.48839569091797 34.110015869140625
9 26.119163513183594 60.9702262878418 55.49496078491211 73.19517517089844 3 20.68243980407715 37.233211517333984 49.62868118286133 55.501441955566406
2 6.4305195808410645 7.72452449798584 37.20827865600586 30.523178100585938 4 6.553537368774414 25.137584686279297 38.048622131347656 44.567955017089844
9 12.63366985321045 9.50178337097168 66.37013244628906 39.601131439208984 2 13.760519027709961 40.7231330871582 66.94233703613281 72.02779388427734
1 27.20309066772461 47.347991943359375 64.9722900390625 60.33835220336914 3 14.476412773132324 60.5350341796875 51.356163024902344 79.67241668701172
2 15.562317848205566 30.281387329101562 74.84979248046875 63.13222122192383
1 10.291502952575684 34.2335319519043 42.762454986572266 56.254364013671875

7 29.805599212646484 16.71502685546875 54.13789367675781 31.480384826660156 5 13.434004783630371 3.346536159515381 43.74611282348633 19.567758560180664
2 8.327091217041016 9.708044052124023 35.097713470458984 26.710006713867188
2 4.817824363708496 0.009458065032958984 28.295330047607422 13.541802406311035
3 7.464725971221924 1.2738064527511597 34.337440490722656 15.271986961364746 9 7.311642169952393 13.3125638961792 33.936614990234375 27.13082504272461
2 5.652582168579102 6.934708118438721 27.18941879272461 18.668893814086914
1 75.21411895751953 151.7310028076172 167.68641662597656 201.5577850341797
3 52.403541564941406 172.03607177734375 103.50244140625 198.71498107910156 4 49.4370231628418 134.28976440429688 111.2653579711914 177.88011169433594 8 51.603782653808594 186.27920532226562 120.32498931884766 225.96929931640625
6 5.778817176818848 9.422272682189941 52.10148620605469 36.21210479736328
2 6.552750110626221 8.777154922485352 38.8227424621582 27.325531005859375
9 16.142969131469727 33.07743835449219 47.646846771240234 52.41505432128906
4 15.618242263793945 52.98874282836914 91.27703094482422 88.83741760253906
7 51.31208038330078 54.00676727294922 74.787353515625 70.0009994506836 2 51.9773063659668 35.69902801513672 77.27495574951172 50.27906799316406 2 51.8734016418457 42.05230712890625 73.85169219970703 59.12385940551758 2 44.700443267822266 43.669044494628906 82.33464050292969 65.21788024902344 0 52.369998931884766 67.27368927001953 77.85034942626953 84.5334243774414
3 7.931333065032959 11.539676666259766 57.136417388916016 37.317874908447266
6 145.13304138183594 229.4261016845703 210.795166015625 272.07879638671875 2 128.29898071289062 141.2978057861328 190.3166046142578 168.416259765625
2 10.81429672241211 11.355387687683105 36.100154876708984 24.29228973388672
2 16.57689094543457 31.519954681396484 41.08330154418945 44.90480041503906
4 7.674623489379883 11.264585494995117 28.1403865814209 20.13681411743164 8 6.419894218444824 0.8339129686355591 26.963659286499023 11.802602767944336

3 28.54196548461914 46.22529983520508 63.60665512084961 61.75470733642578 1 31.19082260131836 57.57316589355469 60.80512619018555 70.281005859375
3 4.0117878913879395 9.469420433044434 34.884029388427734 27.14699935913086
1 49.05747985839844 26.81870460510254 85.61779022216797 52.137428283691406 4 45.2781867980957 61.44585037231445 82.42457580566406 81.56170654296875
0 18.090679168701172 70.85879516601562 77.17239379882812 107.99861145019531
8 7.812395095825195 8.62345027923584 24.415283203125 19.799299240112305 3 7.615697383880615 1.9889575242996216 26.13951873779297 12.475263595581055
2 43.47409439086914 1.860339641571045 85.2381591796875 30.87691879272461 7 13.121068000793457 58.4194221496582 59.13080978393555 81.25006103515625 8 23.578641891479492 29.18345069885254 70.89190673828125 57.19556427001953
6 66.64691162109375 62.9311637878418 103.09269714355469 80.65533447265625 2 69.5567626953125 61.65099334716797 100.25067138671875 83.0947036743164
2 7.518590927124023 20.873512268066406 29.27281951904297 36.179256439208984 6 7.287915229797363 6.732242584228516 31.15631103515625 21.150659561157227 4 8.758782386779785 19.022497177124023 30.976985931396484 33.48223114013672
7 56.29965591430664 117.30376434326172 103.70423889160156 141.78515625
3 21.197900772094727 45.11141586303711 60.96770095825195 67.82679748535156 5 23.330995559692383 64.14327239990234 69.5396499633789 89.63753509521484 5 29.00855827331543 94.51593780517578 73.35384368896484 120.30070495605469
2 7.718860626220703 16.00604820251465 34.031105041503906 28.58333396911621 6 9.66198444366455 29.047595977783203 35.925872802734375 43.478145599365234
5 131.0255584716797 55.37238693237305 170.52284240722656 79.75962829589844 4 72.1058578491211 70.92723083496094 143.67356872558594 109.48249816894531
2 5.785530090332031 18.8328914642334 28.06313133239746 31.848487854003906 4 5.369937419891357 4.88477087020874 27.215089797973633 16.980459213256836
7 38.74285125732422 20.559425354003906 60.58747863769531 32.31211853027344 3 36.11098098754883 2.1394591331481934 59.17430877685547 16.299510955810547
9 31.986133575439453 35.893924713134766 67.55750274658203 55.67526626586914
9 4.950765132904053 18.72027587890625 25.80885124206543 31.79784393310547
2 10.159672737121582 26.171293258666992 25.555124282836914 37.493412017822266 2 11.092914581298828 38.65871810913086 28.575708389282227 48.25324630737305
6 30.962743759155273 18.529329299926758 59.94222640991211 39.37339401245117
4 18.771141052246094 54.64155197143555 79.10549926757812 92.146728515625
8 5.6341447830200195 30.132261276245117 41.343238830566406 48.569480895996094 1 4.364896774291992 10.415749549865723 42.33411407470703 29.569664001464844 5 3.759443759918213 23.261802673339844 40.518959045410156 45.06196975708008
8 17.449533462524414 55.62957763671875 53.61794662475586 72.81399536132812

7 8.596644401550293 21.0301570892334 45.527191162109375 44.35378646850586 1 9.634918212890625 2.6825413703918457 49.002994537353516 19.050811767578125
3 84.27169036865234 183.7779541015625 130.52508544921875 206.6744384765625
1 64.69451141357422 73.61122131347656 116.91534423828125 103.6578598022461
5 11.923771858215332 23.61884307861328 39.812374114990234 40.08980941772461 2 7.722877502441406 4.905465602874756 38.646209716796875 23.671323776245117
6 14.875581741333008 28.00710678100586 79.9208755493164 64.82225036621094
5 4.082371711730957 22.95824432373047 47.9917106628418 49.10551834106445
6 6.359405994415283 7.526621341705322 29.902210235595703 20.56745719909668 2 6.29220724105835 22.072908401489258 29.28934669494629 34.76469802856445
1 12.717883110046387 44.130950927734375 45.40726852416992 66.0479965209961 2 23.21749496459961 16.035802841186523 53.43427658081055 33.66970443725586
2 8.959178924560547 22.155179977416992 44.02931213378906 40.691165924072266 1 9.687705039978027 39.0375862121582 42.442161560058594 51.01708984375

0 59.09417724609375 55.9507942199707 117.266357421875 77.59318542480469
1 7.964228630065918 29.88928985595703 26.821998596191406 40.99896240234375

5 17.026517868041992 35.74376678466797 45.04762649536133 52.374168395996094 5 15.846566200256348 15.992859840393066 44.04220962524414 29.746326446533203
9 5.750596523284912 15.234614372253418 26.929346084594727 28.61219596862793 6 5.399882793426514 0.4455474615097046 25.343324661254883 13.155601501464844
6 20.40834617614746 51.95909881591797 48.20408630371094 67.04000091552734 1 15.943605422973633 52.24211120605469 52.03935623168945 68.30288696289062
2 7.629850387573242 8.510505676269531 37.29697799682617 22.924589157104492
1 10.357827186584473 32.156742095947266 41.47592544555664 44.683841705322266
4 40.473838806152344 20.793851852416992 80.42127990722656 47.440670013427734 0 36.603084564208984 47.52879333496094 78.73772430419922 75.24513244628906 0 35.07884979248047 69.92327880859375 80.10610961914062 95.43991088867188
5 40.987213134765625 107.52571868896484 122.10542297363281 155.1183319091797 1 42.259395599365234 40.16819381713867 128.61631774902344 78.98713684082031
1 54.61530303955078 23.48541831970215 107.00480651855469 59.00904083251953 2 17.652284622192383 26.815826416015625 48.57447052001953 46.11573791503906
0 15.994525909423828 13.741952896118164 34.0080680847168 26.24629020690918 2 15.713221549987793 1.8600354194641113 34.88872146606445 15.427789688110352 4 16.638669967651367 22.68703842163086 34.69551086425781 34.158329010009766
4 72.21269226074219 15.657905578613281 106.97913360595703 37.277530670166016
5 14.471364974975586 7.645265579223633 43.71589279174805 22.659637451171875
1 41.26079177856445 38.05008316040039 98.93936920166016 67.58475494384766
1 14.367639541625977 1.3174229860305786 39.07753372192383 13.47278881072998 1 15.485219955444336 13.705310821533203 38.395294189453125 25.056468963623047
0 11.680224418640137 50.415557861328125 66.86241149902344 77.13347625732422 3 12.061136245727539 28.884000778198242 65.36678314208984 60.202857971191406
6 3.7788119316101074 15.323878288269043 27.43460464477539 29.18647575378418 2 4.5426483154296875 -0.15346169471740723 27.81755256652832 13.062190055847168 7 4.554937839508057 1.9572495222091675 26.349117279052734 15.056562423706055
7 7.559197425842285 3.9632749557495117 25.024538040161133 16.56954002380371 6 6.375260353088379 16.960887908935547 23.633459091186523 29.905094146728516
5 9.004656791687012 24.18662452697754 39.111717224121094 42.83431625366211
1 12.061409950256348 11.839296340942383 52.154502868652344 26.248634338378906 6 9.977567672729492 26.344078063964844 50.26620101928711 52.62490463256836
8 14.640063285827637 29.125638961791992 46.797542572021484 50.17536163330078
1 36.557899475097656 12.048724174499512 62.716896057128906 27.21454429626465
1 15.270127296447754 35.595333099365234 105.28622436523438 66.80472564697266
6 6.782804489135742 13.430123329162598 25.63456916809082 28.132408142089844
4 1.6258846521377563 0.07192978262901306 31.593917846679688 20.84518814086914 5 4.964555740356445 19.509618759155273 30.189722061157227 34.50029373168945

5 26.345050811767578 4.377018451690674 57.36201858520508 19.335391998291016
7 6.6241559982299805 35.11650466918945 31.76750946044922 51.890071868896484 3 11.95502758026123 26.508281707763672 30.98171043395996 38.893775939941406
4 10.270977973937988 37.61969757080078 38.283958435058594 51.06942367553711
2 19.208925247192383 15.990015983581543 54.993080139160156 34.01536560058594 3 17.579692840576172 35.164791107177734 54.86906433105469 52.545143127441406
7 20.597522735595703 51.48338317871094 48.46876907348633 65.26982116699219


0 34.90277099609375 27.118202209472656 62.45218276977539 45.98063659667969 1 36.379608154296875 4.586062431335449 68.35423278808594 24.03223991394043 2 36.48612594604492 43.103614807128906 65.635009765625 67.07178497314453
1 7.113979816436768 32.04776382446289 34.16253662109375 42.80500793457031 1 8.041706085205078 5.040851593017578 34.067657470703125 17.673969268798828 7 12.58022689819336 18.268815994262695 34.01352310180664 29.957406997680664
3 7.609457969665527 0.12999564409255981 54.23586654663086 24.66724967956543 4 11.349224090576172 30.34943199157715 57.56023025512695 52.90199279785156 1 13.449363708496094 34.19343185424805 54.48761749267578 49.91139221191406
6 26.895675659179688 62.233055114746094 61.84639358520508 82.93729400634766
5 6.072850227355957 18.21820831298828 27.47636604309082 33.56702423095703
3 25.25251007080078 15.063882827758789 73.88448333740234 51.548545837402344
0 6.073198318481445 16.76157569885254 30.929908752441406 31.356613159179688
4 8.281867980957031 5.8335771560668945 52.50602340698242 30.104841232299805
7 34.075862884521484 65.3799057006836 57.027732849121094 81.25164031982422 5 23.821428298950195 77.43645477294922 56.09721755981445 95.38200378417969 2 35.774513244628906 40.05784606933594 61.0771484375 55.424564361572266 3 36.325801849365234 58.66327667236328 65.54425811767578 75.00240325927734 3 35.56162643432617 52.14139938354492 57.93223190307617 65.94451904296875
2 28.305423736572266 9.412690162658691 64.08535766601562 31.815698623657227 2 11.660268783569336 41.658172607421875 44.50367736816406 59.97041320800781
2 15.711169242858887 -0.4370671808719635 52.280941009521484 21.695539474487305 4 18.2515869140625 25.944406509399414 52.90763473510742 47.48065948486328
1 22.282756805419922 17.889694213867188 54.410888671875 35.879364013671875 6 16.199054718017578 15.990660667419434 47.66282272338867 35.304412841796875
4 8.525636672973633 10.408098220825195 37.414615631103516 28.582746505737305 5 8.542634010314941 26.058025360107422 35.88313293457031 43.09333801269531
2 82.24586486816406 43.82516098022461 125.21529388427734 69.091796875 3 33.15525436401367 36.068023681640625 74.33937072753906 62.11846160888672
4 34.73318862915039 120.21759033203125 166.21624755859375 172.42221069335938
6 53.331417083740234 29.70289421081543 88.93781280517578 58.36306381225586 6 31.939992904663086 31.604772567749023 63.191471099853516 61.0068359375
4 90.35640716552734 -2.505596399307251 212.2359619140625 50.3339729309082 2 45.92469787597656 127.54469299316406 82.92977905273438 148.28799438476562 1 51.024742126464844 103.9217758178711 90.60404968261719 124.50712585449219
3 10.54517936706543 15.242854118347168 43.1920166015625 29.098920822143555 9 10.119868278503418 31.264503479003906 41.84545135498047 46.6747932434082
8 20.14349365234375 54.840248107910156 95.46856689453125 102.81609344482422 2 17.877784729003906 14.730154037475586 87.15142822265625 58.17504119873047
1 81.10213470458984 58.099853515625 125.05827331542969 75.25908660888672 1 13.361648559570312 38.81364059448242 44.47178649902344 51.90065002441406
7 11.979596138000488 7.494387626647949 42.566017150878906 25.679258346557617
1 17.117916107177734 19.20412826538086 75.57576751708984 47.64248275756836 1 17.23173713684082 12.959949493408203 84.5568618774414 29.788921356201172 2 14.934707641601562 36.12691116333008 72.53665161132812 65.56816101074219 4 23.896556854248047 16.519882202148438 78.6643295288086 43.920406341552734
7 74.2103500366211 4.385218143463135 115.30866241455078 25.723011016845703 0 69.2660140991211 133.34593200683594 122.35662078857422 164.63856506347656
6 54.1162109375 28.315195083618164 86.62174224853516 45.9752082824707 6 49.850341796875 33.12300491333008 89.57469177246094 55.00248336791992
3 98.99263763427734 81.42029571533203 132.72964477539062 107.72306823730469
2 4.097212314605713 3.565614700317383 33.75010299682617 19.766794204711914
4 30.951364517211914 6.1956987380981445 77.88627624511719 34.027000427246094
2 37.875389099121094 53.51778030395508 77.4044418334961 81.4270248413086 0 31.034730911254883 79.92229461669922 78.1949234008789 99.67073822021484
8 9.694704055786133 28.530954360961914 26.88001251220703 38.50755310058594 2 8.761289596557617 33.782440185546875 26.91143798828125 45.26753616333008
5 10.84594440460205 5.111949920654297 43.341583251953125 25.89241600036621 8 9.778797149658203 26.985742568969727 44.13990783691406 45.25593185424805
6 9.068485260009766 22.606674194335938 30.458038330078125 35.253089904785156 2 12.523954391479492 9.224252700805664 33.25651550292969 21.80479621887207
1 8.649322509765625 13.315293312072754 39.015567779541016 24.868221282958984 3 7.35670280456543 26.935527801513672 38.66167449951172 43.765525817871094 1 6.467681884765625 2.0585694313049316 38.530982971191406 15.537986755371094

8 16.69699478149414 12.41331672668457 44.13849639892578 29.69730567932129
5 11.555366516113281 37.32425308227539 44.32159423828125 55.038055419921875 6 10.519686698913574 33.92417907714844 40.094139099121094 50.169925689697266
1 23.482255935668945 49.57367706298828 68.6352310180664 64.26842498779297 3 16.87607192993164 26.674592971801758 66.62525939941406 46.793392181396484 3 17.81886100769043 3.3086049556732178 67.72811126708984 28.738874435424805
2 103.19292449951172 61.69082260131836 152.02728271484375 93.43997192382812 3 107.66154479980469 45.18718719482422 165.92648315429688 86.36936950683594
3 7.23918342590332 5.440485954284668 30.4602108001709 21.024023056030273
3 11.166800498962402 17.153400421142578 31.070560455322266 29.959209442138672
3 5.654101371765137 17.1086483001709 30.730121612548828 32.86989212036133 4 6.74582576751709 10.432348251342773 32.276832580566406 25.67877769470215
2 14.324410438537598 6.759854316711426 35.48289489746094 19.120080947875977 2 11.3944091796875 2.608880043029785 34.34458923339844 15.89583683013916 1 9.816801071166992 18.658016204833984 34.35816192626953 31.3452205657959
6 9.8810396194458 21.318567276000977 33.728515625 35.37351989746094
1 9.25068187713623 20.86963653564453 34.1408576965332 32.7371940612793 5 9.424760818481445 14.037680625915527 33.714534759521484 26.864233016967773
4 11.662229537963867 32.714900970458984 37.29814910888672 45.58740997314453 5 13.814746856689453 41.760372161865234 39.49066162109375 52.76912307739258 7 14.284117698669434 42.379817962646484 39.14929962158203 53.120784759521484
8 12.03727912902832 5.460585117340088 85.31654357910156 45.6980094909668
3 53.87080383300781 7.06923246383667 107.57694244384766 40.37494659423828 0 58.91026306152344 55.13870620727539 101.73175811767578 84.87615203857422
6 10.632615089416504 11.868851661682129 34.812679290771484 28.2117862701416 5 11.224431037902832 1.164093017578125 33.175010681152344 12.165969848632812
3 37.10658264160156 75.18477630615234 73.90811157226562 98.16724395751953
6 16.38568687438965 87.75701904296875 62.78888702392578 111.0952377319336 4 14.350361824035645 46.65748596191406 130.3163299560547 89.80042266845703
6 22.359907150268555 23.52872085571289 52.940704345703125 41.79497146606445

8 11.609742164611816 13.663874626159668 50.74866485595703 36.493690490722656 8 14.984368324279785 36.54999923706055 55.17374801635742 58.451473236083984
8 7.944461345672607 22.672378540039062 38.85158920288086 39.6434211730957 1 7.9063639640808105 10.2618408203125 38.89295959472656 21.689123153686523

1 31.4631404876709 9.615460395812988 70.82701110839844 25.576955795288086 4 31.42934799194336 25.9234676361084 63.98468017578125 42.69617462158203 4 35.75828170776367 29.34684944152832 75.8855972290039 47.88283920288086 2 31.441802978515625 40.701961517333984 68.5289306640625 58.965919494628906
6 7.853294849395752 26.702592849731445 45.34842300415039 45.505950927734375
1 22.688440322875977 17.969024658203125 59.87984848022461 34.33671188354492 6 15.508932113647461 14.00207805633545 62.347965240478516 34.20621871948242
9 7.300986289978027 23.98934555053711 39.57494354248047 44.44196319580078
8 35.038604736328125 22.4654598236084 80.09308624267578 47.59202575683594 2 47.77761459350586 42.661376953125 89.26422882080078 60.308868408203125 8 17.623750686645508 33.54142379760742 72.64311218261719 52.37487030029297
2 8.26619815826416 1.741365909576416 38.411781311035156 18.91215705871582 3 8.395520210266113 25.301376342773438 39.347774505615234 41.72169876098633 2 7.437350273132324 8.976601600646973 38.147159576416016 25.343088150024414
8 3.7250192165374756 7.1291704177856445 21.529861450195312 18.624439239501953
4 63.07574462890625 -1.2334707975387573 136.00538635253906 33.490169525146484 1 65.01636505126953 31.075315475463867 140.63121032714844 72.27735900878906
7 97.27637481689453 111.1316146850586 173.43679809570312 182.21371459960938 2 144.7169647216797 97.53878784179688 194.50244140625 128.2233123779297


2 29.3197078704834 28.6308650970459 61.59267044067383 52.93738555908203 6 12.38448715209961 55.89699172973633 45.551326751708984 76.53704833984375
2 6.694002151489258 0.24296750128269196 24.772838592529297 11.09781551361084 2 5.359870433807373 17.473892211914062 25.43868637084961 33.66241455078125 5 6.101298809051514 8.049272537231445 26.922372817993164 20.965383529663086
3 23.739933013916016 20.8253116607666 52.0611572265625 38.27686309814453 3 19.481706619262695 36.60524368286133 51.531620025634766 49.051292419433594
1 12.738302230834961 13.110480308532715 37.41578674316406 23.65142059326172
4 10.55319881439209 24.829010009765625 36.291568756103516 41.36894989013672 2 11.346757888793945 7.527564525604248 36.30765151977539 21.851850509643555
4 51.5457649230957 27.093297958374023 85.03960418701172 42.05323791503906 4 50.20701217651367 12.393990516662598 82.35137176513672 30.827308654785156 4 45.11842346191406 5.400412559509277 80.09449005126953 20.73159408569336
7 10.93682861328125 23.07892608642578 41.02996063232422 43.63704299926758
3 16.502599716186523 19.053550720214844 114.2955093383789 73.58850860595703 2 23.90764045715332 63.83714294433594 118.2294692993164 109.84394836425781
2 10.436976432800293 87.1162109375 75.9310073852539 119.4432373046875 3 22.678646087646484 119.56353759765625 84.79399108886719 144.98583984375 5 24.470096588134766 106.53487396240234 59.86195755004883 131.28109741210938 1 18.584575653076172 112.78825378417969 51.768157958984375 135.76332092285156

0 3.66879940032959 14.324213027954102 23.997482299804688 26.320688247680664 3 3.7901391983032227 1.595304012298584 23.396583557128906 13.206422805786133 6 3.6520471572875977 0.8579907417297363 23.225147247314453 12.483718872070312
1 82.09280395507812 61.04994201660156 108.96302032470703 79.01939392089844 1 32.605587005615234 65.95021057128906 73.24097442626953 82.38143157958984 2 84.66272735595703 42.82438659667969 117.58726501464844 67.69474792480469 1 28.397512435913086 86.99998474121094 97.82945251464844 111.03980255126953 4 88.23590850830078 39.275535583496094 112.04902648925781 55.54935073852539
4 29.44252586364746 61.77002716064453 76.92062377929688 88.92901611328125
1 38.08920669555664 102.24463653564453 108.19828796386719 142.4589080810547
7 12.929520606994629 35.38571548461914 55.202701568603516 50.20219039916992 7 14.61170768737793 40.07685089111328 54.35081100463867 55.894683837890625 5 16.03137969970703 25.721515655517578 55.28757095336914 39.92258071899414 3 12.41286849975586 19.021841049194336 52.61909866333008 38.6422004699707
4 6.720207691192627 2.8430566787719727 39.054664611816406 20.395681381225586
5 11.952296257019043 34.41411209106445 40.19183349609375 52.19330978393555
9 7.021463871002197 12.428167343139648 34.90071487426758 27.66974449157715
2 3.4495201110839844 8.207143783569336 18.451019287109375 18.65129280090332
7 7.632280349731445 20.140377044677734 37.847660064697266 36.23146057128906 3 8.135254859924316 1.923818826675415 38.27793884277344 20.939226150512695
9 17.130298614501953 10.661969184875488 36.644351959228516 24.360286712646484
1 34.14310836791992 50.84144592285156 61.32063674926758 65.1519775390625 9 35.874977111816406 66.40727996826172 62.514041900634766 80.1421890258789
5 8.611063003540039 7.601482391357422 24.75733184814453 19.46204376220703
3 10.033414840698242 7.120771408081055 41.9640007019043 25.940736770629883 4 10.14232349395752 27.70058250427246 44.622520446777344 47.409515380859375
2 10.32302474975586 15.983528137207031 38.63837432861328 30.058757781982422 1 10.667073249816895 0.9610171318054199 40.23859786987305 15.546353340148926
7 116.73399353027344 51.1942138671875 163.02037048339844 79.12297821044922
2 13.06269645690918 15.744975090026855 57.508548736572266 33.49467086791992
2 32.191184997558594 -0.39364340901374817 87.2074203491211 38.21183395385742
6 31.223955154418945 30.727031707763672 59.0445556640625 44.789764404296875 5 32.907142639160156 52.492706298828125 61.29359817504883 67.81220245361328
9 11.879538536071777 38.0334358215332 48.58708190917969 58.46489715576172
8 22.261625289916992 43.840084075927734 61.78797912597656 70.16681671142578 7 29.508920669555664 38.11488342285156 59.89700698852539 55.15974807739258
5 21.498807907104492 49.44672393798828 47.72258758544922 61.866737365722656
2 10.911084175109863 15.64746379852295 46.557525634765625 34.98862838745117 2 17.453250885009766 32.16111373901367 51.14238739013672 55.68190383911133
2 4.865274429321289 5.2389235496521 31.451705932617188 19.855775833129883
6 7.0225372314453125 5.508221626281738 28.82769775390625 18.562694549560547
6 39.292789459228516 66.34141540527344 74.88599395751953 81.33805084228516 6 23.600412368774414 83.80306243896484 68.80419921875 101.45992279052734
6 28.54865264892578 10.977659225463867 80.19269561767578 38.86564254760742 5 22.716989517211914 13.022323608398438 73.54017639160156 30.991146087646484
2 6.2340850830078125 -0.49155738949775696 35.985050201416016 15.932382583618164 9 5.271202087402344 1.2119694948196411 34.650577545166016 17.561906814575195
2 20.452478408813477 18.942779541015625 43.32682800292969 32.232521057128906 8 21.06280517578125 28.620264053344727 41.981449127197266 43.04841995239258
1 23.18551254272461 19.902942657470703 68.15103912353516 42.347068786621094

8 27.311100006103516 53.047611236572266 65.52642059326172 74.17353820800781
6 31.009037017822266 22.73139190673828 73.88990020751953 48.6426887512207 7 25.599361419677734 49.93018341064453 70.31920623779297 77.12071990966797 2 28.244949340820312 11.274932861328125 70.03898620605469 29.222814559936523
0 25.037025451660156 41.74911117553711 61.11676025390625 60.53969192504883 7 23.533863067626953 22.689117431640625 60.99756622314453 44.483272552490234
0 6.400702953338623 27.79865074157715 44.02237319946289 45.948917388916016 2 5.623361110687256 6.596102237701416 42.22128677368164 26.368566513061523
2 85.0500717163086 29.767324447631836 117.77914428710938 44.47809982299805 2 83.58952331542969 21.555233001708984 120.72994995117188 50.029109954833984 5 66.42915344238281 80.47480773925781 114.33321380615234 101.49341583251953 5 75.85064697265625 45.662139892578125 114.55609130859375 64.26023864746094
3 14.561568260192871 33.08850860595703 39.608219146728516 48.870994567871094

2 45.119956970214844 33.343013763427734 72.01959991455078 47.77667236328125
9 49.40300750732422 4.80605411529541 79.03685760498047 24.296741485595703 2 54.803680419921875 20.964599609375 78.72216796875 45.038719177246094

1 6.750693321228027 7.738187313079834 43.69444274902344 26.44940948486328 4 13.173529624938965 9.01951789855957 39.889678955078125 26.887189865112305
6 10.084796905517578 9.155679702758789 42.10102844238281 27.62662124633789
1 8.99882984161377 35.610294342041016 35.8885498046875 48.52400207519531 2 12.910005569458008 22.179948806762695 39.24632263183594 35.49577331542969
0 71.75650024414062 43.90945816040039 92.38847351074219 55.21293258666992 1 69.18694305419922 33.016395568847656 91.51210021972656 45.286712646484375
8 11.31733512878418 29.118450164794922 46.158260345458984 46.661109924316406 5 8.659019470214844 6.967130661010742 45.34171676635742 25.828359603881836
3 19.41707992553711 40.73595428466797 43.233802795410156 53.151763916015625 2 25.688579559326172 22.186582565307617 55.49256896972656 37.7953987121582 5 22.40297508239746 21.70103645324707 47.64976501464844 36.14634704589844
1 95.57901763916016 179.31216430664062 135.8411102294922 211.62765502929688
1 37.27437973022461 36.79412841796875 62.16373062133789 49.96365737915039
4 17.99456214904785 23.470773696899414 42.252525329589844 37.781517028808594
6 22.319015502929688 26.97503662109375 47.70196533203125 40.25111770629883 7 23.224355697631836 39.26808547973633 47.80162048339844 50.406822204589844
0 52.05017852783203 124.06952667236328 143.58876037597656 173.56594848632812 6 49.70521926879883 98.93143463134766 127.30391693115234 149.13270568847656 1 54.89214324951172 43.578304290771484 139.63990783691406 83.01583862304688
2 10.335267066955566 9.08896541595459 40.53388595581055 26.919719696044922
4 26.002883911132812 1.6606441736221313 52.892642974853516 12.210275650024414 3 23.121997833251953 28.055517196655273 55.39601135253906 38.498878479003906 4 26.00102424621582 18.88625717163086 52.396060943603516 26.5856990814209 5 25.173851013183594 28.17779541015625 51.72923278808594 42.07460021972656

9 8.978249549865723 27.400442123413086 31.911752700805664 36.40244674682617 0 9.994495391845703 37.74045944213867 34.06306457519531 50.349754333496094
5 25.04823112487793 33.291221618652344 50.51016616821289 47.58055114746094 3 27.111881256103516 24.66061782836914 50.52418518066406 35.40486145019531
2 7.211549758911133 26.149885177612305 36.539398193359375 42.840667724609375
1 2.77772855758667 3.86767840385437 26.066423416137695 14.94767951965332
6 8.536922454833984 27.58741569519043 36.38650894165039 42.7249870300293 5 14.321001052856445 9.880409240722656 40.62089920043945 25.903337478637695
2 10.902040481567383 0.17831410467624664 48.196414947509766 20.983753204345703

1 13.569453239440918 20.351594924926758 51.83401870727539 39.13648986816406 2 12.406399726867676 40.61408233642578 47.682491302490234 61.41313552856445
0 56.85105514526367 26.561973571777344 78.27449798583984 42.9290885925293 1 55.973087310791016 11.09206485748291 80.71961975097656 23.992774963378906
5 9.211176872253418 1.3938237428665161 32.36659240722656 15.057168006896973 2 9.88914966583252 12.755657196044922 35.324562072753906 28.728416442871094
3 16.540565490722656 41.85406494140625 91.11729431152344 88.6231918334961
2 14.814732551574707 13.071002006530762 73.78839111328125 40.47126770019531 3 7.630520343780518 59.03647994995117 67.52632904052734 84.29521942138672

5 6.941744327545166 7.139117240905762 34.12411117553711 25.482118606567383 8 7.173560619354248 24.360700607299805 36.30134201049805 41.211116790771484
1 23.254621505737305 125.38652801513672 212.4652862548828 221.78167724609375
1 23.447568893432617 21.324718475341797 52.63727569580078 36.369754791259766
2 6.555636882781982 7.771201133728027 34.51573181152344 22.302715301513672 4 9.918516159057617 21.096263885498047 31.242555618286133 36.48686981201172
1 13.420324325561523 12.127345085144043 45.54005432128906 32.953983306884766 6 7.871994972229004 41.286888122558594 40.30757141113281 59.1517448425293
1 12.19943618774414 27.84048080444336 38.8990478515625 44.52790069580078


1 66.38216400146484 92.45033264160156 96.17871856689453 107.31055450439453 1 22.350955963134766 65.82857513427734 55.649078369140625 84.95106506347656

6 44.2431526184082 43.34170913696289 81.37800598144531 70.06242370605469 0 35.88825988769531 77.36983489990234 80.42794036865234 105.91473388671875
3 9.83743953704834 4.3116536140441895 35.5863037109375 20.843896865844727 5 14.501688957214355 19.724882125854492 36.76704025268555 35.01301193237305
6 15.332586288452148 23.61525535583496 41.53958511352539 39.45147705078125
1 77.64572143554688 70.70413208007812 123.66202545166016 99.04960632324219
2 8.083855628967285 18.507970809936523 36.76115417480469 37.487518310546875
6 16.726903915405273 38.98122024536133 53.211910247802734 58.441043853759766
6 94.16349792480469 99.49369812011719 121.26176452636719 110.55601501464844

1 18.955774307250977 33.0924186706543 86.62291717529297 58.81523513793945 9 35.72176742553711 34.67634201049805 95.35297393798828 59.315330505371094
8 15.565231323242188 57.780242919921875 53.62431716918945 74.19971466064453
4 13.254980087280273 29.615598678588867 34.494449615478516 43.51409912109375 8 20.751415252685547 43.26799011230469 50.01533508300781 57.84964370727539
9 3.5163633823394775 3.2005367279052734 19.381622314453125 12.207845687866211

1 19.79425811767578 43.30455780029297 48.55649185180664 56.1407356262207
7 11.08565902709961 20.531206130981445 38.26018524169922 35.00554275512695
5 21.324718475341797 2.743544816970825 54.34537124633789 23.822668075561523
7 12.1481351852417 26.915943145751953 38.47138595581055 44.33720397949219 9 11.674259185791016 12.720016479492188 40.170310974121094 28.7027530670166
0 9.39737606048584 28.98312759399414 40.0537223815918 46.91619110107422 2 7.88576078414917 5.019957542419434 39.333251953125 25.199352264404297
0 12.581439971923828 45.879417419433594 43.740169525146484 62.793331146240234 2 23.389686584472656 32.9147834777832 52.16842269897461 47.68421936035156
2 15.73802661895752 23.660268783569336 51.13421630859375 37.87474060058594 1 14.151444435119629 39.10036849975586 46.53388595581055 53.63374328613281 3 15.924081802368164 30.031612396240234 43.80634307861328 44.83911895751953
1 9.641646385192871 10.715197563171387 33.67955017089844 22.609786987304688 5 9.037054061889648 21.563068389892578 33.79438781738281 35.8830451965332
5 13.704793930053711 22.229524612426758 58.51358413696289 49.92415237426758 0 12.181496620178223 46.6947021484375 60.13153839111328 72.49977111816406
3 7.60712194442749 1.1944620609283447 37.89866638183594 16.348493576049805 4 7.010112762451172 16.35558319091797 39.77061462402344 35.27027893066406
1 6.280204772949219 1.8355255126953125 31.746536254882812 12.280251502990723
1 51.205047607421875 70.79511260986328 128.8238983154297 104.38692474365234 4 28.959646224975586 75.73358154296875 97.83954620361328 117.02153778076172
5 26.18775177001953 94.59693145751953 78.87194061279297 131.99502563476562
4 9.848475456237793 9.879496574401855 29.283153533935547 20.710182189941406 0 8.27476692199707 17.14107894897461 29.939769744873047 28.480676651000977 5 10.432487487792969 9.601231575012207 31.298044204711914 20.69819450378418
5 9.644015312194824 20.652257919311523 28.510358810424805 30.257904052734375
6 50.984893798828125 44.702735900878906 92.22309875488281 62.976497650146484
7 17.085052490234375 17.331579208374023 40.804359436035156 32.5540771484375
5 9.27047348022461 52.7440071105957 48.28105926513672 68.419677734375 5 10.591583251953125 33.6231803894043 46.700958251953125 50.72401428222656 2 13.77319049835205 26.84735107421875 50.152462005615234 41.424983978271484
3 7.53091287612915 39.61891555786133 31.15337371826172 51.38661193847656 4 8.487163543701172 28.932762145996094 31.56020736694336 42.30181121826172


3 149.62460327148438 107.94660186767578 206.13075256347656 127.0586929321289 8 130.1458282470703 105.66619110107422 204.39930725097656 130.77699279785156
7 41.49332809448242 37.8505973815918 71.63911437988281 57.490936279296875 2 41.880001068115234 35.34471893310547 103.23875427246094 73.5016860961914
4 8.382997512817383 14.340812683105469 31.84436798095703 27.32109832763672 8 10.759794235229492 19.99454689025879 33.99662399291992 35.54905319213867
9 33.375633239746094 3.0458016395568848 66.43545532226562 23.186290740966797 3 22.74408721923828 -1.0679218769073486 60.50521469116211 22.101125717163086
1 53.5830192565918 165.78793334960938 92.77862548828125 189.26661682128906 1 40.062110900878906 139.97972106933594 125.04676055908203 159.95016479492188 1 104.70879364013672 122.82676696777344 160.69332885742188 154.1497344970703 7 52.50587844848633 166.89625549316406 87.28477478027344 187.6246337890625
3 6.1868462562561035 0.6545203924179077 31.546836853027344 13.397089958190918 3 5.813950538635254 9.630928993225098 30.223451614379883 24.327802658081055
1 115.63601684570312 19.968408584594727 157.89051818847656 37.57175827026367
1 60.70991134643555 9.745551109313965 157.6450958251953 54.64317321777344 1 69.62419891357422 25.678735733032227 135.98631286621094 61.76647186279297
7 14.27907943725586 27.050378799438477 45.032012939453125 44.544532775878906 6 17.293994903564453 43.214210510253906 50.33738327026367 59.25774002075195
7 13.120295524597168 23.210790634155273 47.426673889160156 40.85527420043945
2 41.883243560791016 15.808307647705078 94.39244079589844 65.66204071044922 2 18.929611206054688 14.122384071350098 61.07500457763672 39.75893020629883
4 8.04172420501709 26.46946144104004 42.06269073486328 50.11094665527344 2 9.185484886169434 2.8707435131073 41.87128829956055 28.136112213134766
7 13.42353630065918 0.4193654954433441 39.79591751098633 19.380552291870117
3 6.975518703460693 3.363722562789917 35.453514099121094 22.297704696655273 9 7.100454330444336 0.6734958291053772 36.08156204223633 18.974441528320312
2 32.63587951660156 40.539737701416016 60.351402282714844 54.71074295043945
0 20.329912185668945 46.20399856567383 64.9089584350586 75.15223693847656 6 22.208847045898438 24.25183868408203 63.67955017089844 58.21300506591797
1 9.224329948425293 15.469636917114258 29.80942153930664 26.809532165527344 8 11.207138061523438 21.796958923339844 31.15275764465332 34.0294303894043
0 12.163131713867188 27.153972625732422 55.50894546508789 48.57367706298828 1 102.11174011230469 71.92926788330078 148.94337463378906 98.48159790039062
1 12.612439155578613 37.6805305480957 37.02101135253906 50.413230895996094
1 30.411460876464844 14.836872100830078 62.59416961669922 29.704130172729492 5 31.58594512939453 43.61586380004883 60.23126220703125 56.45326614379883 6 28.892854690551758 47.098106384277344 60.08341598510742 63.8867073059082 2 33.9449462890625 26.343231201171875 63.26999282836914 41.08824920654297
4 15.644430160522461 13.499279022216797 44.00835418701172 27.583906173706055 3 14.815252304077148 0.7305858731269836 45.5871467590332 16.391902923583984 6 19.01448631286621 23.92939567565918 40.892059326171875 35.30659103393555
6 65.241943359375 54.4007682800293 90.8446044921875 69.56195068359375
1 3.688863754272461 4.144908905029297 23.073678970336914 14.77375602722168 5 3.2425594329833984 13.915349960327148 23.22918128967285 26.04149055480957
1 19.087421417236328 38.6723518371582 83.67059326171875 66.00379943847656 4 25.688447952270508 77.8013916015625 87.90396881103516 95.19056701660156
6 7.0463972091674805 3.583925247192383 32.26592254638672 20.43202018737793
2 8.745676040649414 9.48834228515625 23.438129425048828 18.572978973388672
9 22.997034072875977 42.31052017211914 58.95186233520508 57.36035919189453 4 25.07754135131836 24.258167266845703 59.25193786621094 40.788387298583984
6 55.77887725830078 44.96237564086914 88.596923828125 65.27318572998047 1 44.50132369995117 13.864889144897461 89.67129516601562 34.38267517089844 5 45.21198654174805 30.084089279174805 86.22850799560547 52.616146087646484
1 24.540712356567383 22.866504669189453 63.0121955871582 46.10224533081055 1 23.43474769592285 11.94680404663086 55.8681526184082 30.0288143157959
6 13.25329303741455 55.422855377197266 103.73624420166016 109.96932983398438 5 9.540285110473633 10.551910400390625 104.4606704711914 62.10353088378906
6 58.54663848876953 58.118038177490234 111.618408203125 79.57492065429688 1 96.92410278320312 48.972312927246094 128.53823852539062 63.467952728271484
9 8.498551368713379 15.477431297302246 27.978168487548828 30.260059356689453
2 56.218788146972656 16.139116287231445 87.243408203125 34.34613800048828 1 61.106441497802734 18.67238998413086 85.87168884277344 36.551292419433594
4 68.65496826171875 149.19093322753906 117.456298828125 180.80345153808594 7 145.23126220703125 166.166015625 180.55615234375 186.6464385986328
1 20.87583351135254 50.2260627746582 34.68580627441406 63.87421798706055 4 41.17483901977539 0.5416956543922424 64.64696502685547 15.55302619934082
4 9.965850830078125 7.18393611907959 40.9838752746582 28.716684341430664
9 3.580347776412964 43.1387825012207 43.502708435058594 55.49173355102539 5 5.227211952209473 56.567012786865234 24.067358016967773 66.13932037353516 0 4.4805474281311035 54.206024169921875 41.393795013427734 71.41766357421875

2 5.850908279418945 16.64726448059082 28.176803588867188 31.58798599243164
5 71.1496810913086 46.488285064697266 103.28228759765625 62.92532730102539
7 3.6806857585906982 8.64426326751709 29.750919342041016 24.779163360595703
3 8.795804023742676 0.694747269153595 28.89324951171875 12.92012882232666
6 6.000167369842529 23.2856502532959 35.492454528808594 36.3134765625 3 7.166428089141846 6.511749267578125 37.405948638916016 22.436737060546875
3 11.433727264404297 35.060115814208984 51.06039047241211 53.48230743408203 2 13.151378631591797 8.937250137329102 49.65058135986328 29.631982803344727
2 24.27306365966797 2.481963872909546 49.39995193481445 17.42266082763672 9 22.939720153808594 15.50213623046875 45.852378845214844 30.522497177124023
2 12.854787826538086 9.651754379272461 29.972209930419922 20.154224395751953
5 9.159662246704102 21.443395614624023 44.19735336303711 47.50538635253906
7 16.095073699951172 12.056724548339844 65.74169158935547 53.16449737548828
9 25.815210342407227 45.79914474487305 48.9338493347168 59.68627166748047
4 22.828229904174805 29.51175880432129 42.5924186706543 39.78104019165039 4 24.033714294433594 21.4060115814209 41.76585006713867 31.38701820373535
2 8.05429458618164 29.300046920776367 40.9406623840332 46.83345413208008
8 15.095503807067871 7.731517314910889 54.83028030395508 33.555267333984375
8 5.182797431945801 1.5844584703445435 31.01746940612793 18.671049118041992 4 6.1105241775512695 19.45132827758789 32.59919738769531 35.37923049926758
5 9.884210586547852 7.133857727050781 42.60345458984375 22.447860717773438 3 11.121419906616211 24.677349090576172 44.40397644042969 41.76706314086914
1 8.70749568939209 27.930912017822266 51.52839279174805 47.91577911376953 2 8.857645034790039 0.706769585609436 53.36491012573242 25.84546661376953
3 6.132291316986084 6.352594375610352 28.121734619140625 20.403711318969727 2 8.176261901855469 22.8604679107666 33.46381378173828 37.1171760559082
1 6.768404006958008 29.21291732788086 31.818248748779297 39.63836669921875 1 5.8811936378479 20.04670524597168 31.370115280151367 36.692047119140625
0 15.336954116821289 29.198932647705078 35.03193664550781 42.49284744262695 1 15.306744575500488 15.781951904296875 41.30278396606445 29.76852035522461
2 9.83713150024414 9.66071605682373 36.42593765258789 24.037227630615234 6 9.353534698486328 1.721882939338684 36.02034378051758 16.34758758544922
1 18.580894470214844 75.54186248779297 81.70268249511719 104.81131744384766 0 44.047122955322266 37.89432144165039 95.75737762451172 68.45618438720703
3 55.03664016723633 20.1153507232666 94.86588287353516 38.93165969848633 3 44.41604995727539 37.17542266845703 84.15444946289062 62.567710876464844 2 44.296234130859375 4.769656658172607 89.53538513183594 34.18867874145508
8 15.179591178894043 10.755739212036133 43.33822250366211 26.926408767700195
5 19.007305145263672 58.13610076904297 65.93203735351562 77.80937957763672 1 23.154600143432617 5.655598163604736 66.18999481201172 26.586774826049805 6 32.10007095336914 69.46429443359375 76.03302001953125 94.10506439208984
4 43.21578598022461 21.030370712280273 100.31489562988281 53.422874450683594 5 32.83013916015625 79.9441909790039 84.25566101074219 108.10041046142578 5 43.31019973754883 67.75650787353516 98.71688079833984 92.06878662109375
4 17.11622428894043 53.236331939697266 40.14517593383789 63.102928161621094 2 14.277835845947266 61.099281311035156 44.261436462402344 74.10917663574219
6 4.0002923011779785 12.15449333190918 26.98575210571289 26.803096771240234


8 25.138673782348633 28.68145751953125 56.682376861572266 48.48640823364258
8 8.197905540466309 23.245649337768555 42.25878143310547 47.09378433227539
7 5.248680114746094 17.29875946044922 28.199325561523438 27.047080993652344
7 12.26577377319336 13.85818099975586 39.192047119140625 25.070316314697266 1 14.092879295349121 2.478243589401245 42.552825927734375 13.025581359863281 1 15.277543067932129 40.1439323425293 43.50679397583008 51.0208625793457 5 15.210265159606934 27.576622009277344 41.60198974609375 42.91678237915039
0 24.625244140625 97.5397720336914 65.14459228515625 119.54651641845703

8 5.881350040435791 22.52126121520996 30.359813690185547 37.04960632324219
2 16.464359283447266 40.6977653503418 82.43156433105469 78.7718734741211 9 16.93724250793457 3.059634208679199 85.21905517578125 40.24120330810547
6 40.25838088989258 17.835031509399414 74.29696655273438 37.68050003051758 1 39.70831298828125 3.0536766052246094 73.05204772949219 15.258655548095703 6 40.305335998535156 10.998769760131836 75.67235565185547 24.206619262695312
3 65.25556945800781 71.93169403076172 118.5560302734375 100.34454345703125 8 67.9395751953125 65.85163116455078 113.67207336425781 90.49800109863281 3 70.98959350585938 43.3719596862793 119.46050262451172 64.06924438476562
2 35.78109359741211 18.607223510742188 71.18028259277344 36.699188232421875 4 33.72047424316406 2.7853407859802246 69.78545379638672 17.808237075805664
1 9.099292755126953 5.6775946617126465 34.078914642333984 20.79595375061035 7 13.227660179138184 27.37367820739746 37.52907180786133 39.71680450439453
6 36.18379211425781 17.174652099609375 111.59793853759766 64.56510162353516 3 50.65156936645508 9.803044319152832 123.46700286865234 52.9359016418457
2 12.770915031433105 34.93660354614258 62.337127685546875 67.20256805419922 1 17.344924926757812 7.019947052001953 62.9267578125 28.3284912109375
2 10.572757720947266 8.427973747253418 33.06005096435547 21.255064010620117
8 12.325115203857422 51.999549865722656 95.61051940917969 97.49092102050781
3 18.042808532714844 1.1834913492202759 43.14942932128906 14.894222259521484 5 14.465642929077148 20.38750648498535 45.77859115600586 36.151737213134766 8 18.485239028930664 -0.4373447000980377 48.033451080322266 14.879434585571289
4 37.38217544555664 20.51422882080078 74.88106536865234 45.018585205078125
5 13.611503601074219 13.598315238952637 40.95765686035156 27.618135452270508 5 18.86866569519043 1.5963711738586426 46.95571517944336 14.095993041992188 3 8.160350799560547 23.17588233947754 37.385215759277344 41.12876892089844
4 9.728975296020508 18.777238845825195 35.2639274597168 33.78387451171875 7 13.243951797485352 0.4826137125492096 37.763526916503906 15.425237655639648 2 10.624063491821289 6.242457389831543 34.83330154418945 20.785232543945312
2 7.240060806274414 4.391313076019287 34.26199722290039 21.234542846679688 5 8.045089721679688 24.788366317749023 34.75204086303711 37.74851608276367
0 14.609414100646973 20.98679542541504 35.959407806396484 33.183753967285156 5 13.931966781616211 8.89959716796875 35.06478500366211 21.690771102905273 3 12.149005889892578 32.62969207763672 34.11467361450195 46.06216049194336
0 13.1737060546875 39.03044128417969 54.37302017211914 71.80572509765625 3 22.83615493774414 16.176624298095703 68.38236999511719 46.23826217651367 1 15.620780944824219 58.966033935546875 58.62826156616211 84.65565490722656
4 32.586544036865234 36.818336486816406 63.123146057128906 56.15729522705078 7 36.44491958618164 18.311370849609375 66.99139404296875 38.57884216308594
2 73.2156753540039 171.04959106445312 119.61964416503906 200.90162658691406
3 13.228014945983887 79.1731185913086 79.44554138183594 106.2513198852539 3 18.344213485717773 52.73664855957031 75.26539611816406 75.69815826416016 6 45.94213104248047 39.514427185058594 91.45528411865234 65.33708190917969
2 6.6892876625061035 5.663281440734863 36.77963638305664 26.046985626220703 2 7.505243301391602 27.972352981567383 37.986515045166016 46.345947265625

2 5.409549236297607 21.281938552856445 31.851423263549805 37.44452667236328 6 6.623623371124268 4.836320877075195 33.24249267578125 20.41865348815918
2 7.236562252044678 -0.5752692222595215 37.93918228149414 19.010963439941406
4 29.748708724975586 72.93515014648438 62.261505126953125 87.07057189941406
6 12.647794723510742 31.883413314819336 51.050498962402344 56.133426666259766
0 31.576736450195312 78.9351806640625 56.20594024658203 93.21569061279297 5 29.781612396240234 56.41102600097656 51.97529220581055 68.79424285888672 5 32.414058685302734 62.719757080078125 54.748592376708984 75.6807861328125 6 28.75564956665039 82.82286834716797 51.73401641845703 95.04215240478516
1 7.55388879776001 5.542891979217529 29.502552032470703 16.007043838500977 0 7.342747211456299 15.503423690795898 30.23703956604004 28.557035446166992
0 17.319351196289062 62.69407272338867 64.95539855957031 97.6917724609375 3 46.83462142944336 18.18756103515625 101.51898193359375 56.24750900268555
9 8.137833595275879 6.434009552001953 31.501392364501953 21.71398162841797
7 21.654579162597656 79.67364501953125 75.50543212890625 111.29620361328125 6 27.930984497070312 38.172122955322266 87.20655059814453 76.03936004638672 8 33.208351135253906 3.312182664871216 93.41537475585938 37.86515426635742
6 9.848810195922852 20.064882278442383 35.14789581298828 36.82682800292969 2 8.10590648651123 5.548066139221191 35.452720642089844 24.75946807861328

4 11.787437438964844 14.618932723999023 38.499332427978516 29.722291946411133 6 10.101975440979004 39.22150421142578 40.08695602416992 54.97357177734375
2 3.64495587348938 12.111810684204102 25.144746780395508 24.63538360595703 2 3.781816005706787 -0.1496284455060959 24.95370864868164 14.0313138961792
1 19.827457427978516 14.509328842163086 59.98063278198242 34.54855728149414
8 15.12130069732666 48.04946517944336 71.96662139892578 76.03497314453125 6 13.567087173461914 7.92852783203125 75.2546157836914 41.47142028808594
0 61.0334358215332 76.5915756225586 107.37437438964844 98.58977508544922
1 13.030191421508789 14.261651039123535 31.790393829345703 25.348270416259766
4 21.109193801879883 12.964226722717285 45.863887786865234 27.70699691772461 3 48.51945114135742 53.236778259277344 73.98597717285156 66.4962387084961 4 17.631572723388672 25.471837997436523 42.8089599609375 39.06569290161133 3 54.355552673339844 50.47756576538086 81.32152557373047 69.12600708007812
4 11.318787574768066 26.781835556030273 40.660579681396484 46.37436294555664 2 13.979426383972168 5.184496879577637 44.221439361572266 26.978029251098633 8 13.0011625289917 6.797863483428955 44.85177230834961 27.27498435974121
1 22.67693519592285 5.017060279846191 51.824432373046875 18.24171257019043 2 23.417251586914062 17.058902740478516 49.976497650146484 32.64530563354492 7 25.433555603027344 32.98438262939453 55.409420013427734 45.279380798339844
5 4.529411315917969 22.4035587310791 34.391319274902344 40.62758255004883 4 16.051284790039062 8.484718322753906 43.60005187988281 23.729106903076172

2 26.254711151123047 54.45854568481445 71.74243927001953 81.1357192993164
1 31.430892944335938 49.302101135253906 70.81783294677734 65.35713195800781

1 17.75457000732422 41.56895446777344 62.45036315917969 60.964149475097656
6 6.833686351776123 4.074920177459717 37.933570861816406 21.687597274780273
6 19.383024215698242 35.86802291870117 61.19261169433594 51.548587799072266
3 4.476280212402344 13.470681190490723 26.936126708984375 29.528371810913086 5 8.30281925201416 14.682106971740723 27.01923179626465 28.642099380493164
3 6.14293098449707 4.661621570587158 35.278141021728516 21.429670333862305 6 6.278875350952148 22.47138023376465 35.65953826904297 37.72429275512695 5 8.248644828796387 22.787626266479492 33.127464294433594 37.09088897705078
7 18.094558715820312 34.084991455078125 50.091793060302734 48.82971954345703 3 17.50868797302246 17.341562271118164 49.815345764160156 36.030662536621094
8 9.693495750427246 5.264847755432129 40.7558708190918 29.5811710357666
8 12.82026481628418 12.889222145080566 53.28511428833008 32.60012435913086 3 12.23349380493164 38.78423309326172 52.27031326293945 62.15726852416992
2 10.90157413482666 23.22035789489746 64.78482818603516 46.722503662109375 1 14.741055488586426 47.32853698730469 70.63935089111328 73.79908752441406 1 9.648331642150879 3.8235085010528564 65.99279022216797 26.58523941040039
6 24.604488372802734 31.178791046142578 64.89301300048828 54.68842697143555
4 45.9317512512207 66.67356872558594 92.18170166015625 95.7879638671875
3 5.601198673248291 16.782249450683594 23.78595733642578 28.924123764038086 3 5.459868431091309 6.2732625007629395 23.633047103881836 17.84885025024414
8 6.462451457977295 20.666458129882812 33.677310943603516 38.201663970947266
6 20.8259334564209 8.081915855407715 46.006378173828125 22.344932556152344 4 16.82252311706543 2.919466972351074 49.31060791015625 19.033050537109375

5 62.525970458984375 84.31614685058594 117.72854614257812 121.4417953491211 1 74.80685424804688 19.825428009033203 115.9949951171875 41.48347473144531 5 71.62434387207031 28.359487533569336 127.39163970947266 70.72284698486328
7 85.74222564697266 132.93006896972656 130.0568389892578 155.02249145507812
9 134.40977478027344 134.42782592773438 199.86485290527344 179.33853149414062 9 140.5396728515625 104.4203872680664 194.9673614501953 137.1978302001953
6 7.3691511154174805 20.3250789642334 31.055814743041992 32.697105407714844
2 23.988327026367188 28.912281036376953 45.33292770385742 43.24102783203125
4 10.625248908996582 7.298129558563232 45.825592041015625 29.39467430114746 3 7.711767673492432 31.896163940429688 44.660526275634766 48.452850341796875 3 7.0903215408325195 46.22663879394531 49.359249114990234 65.12664794921875
0 38.44813537597656 89.75093078613281 107.45772552490234 126.95935821533203 5 13.699432373046875 37.554481506347656 102.81365203857422 80.39227294921875
6 102.34989929199219 43.458709716796875 136.08685302734375 61.79043197631836 1 106.47821044921875 23.59910011291504 140.51148986816406 42.309757232666016
1 24.00347900390625 27.47080421447754 62.16525650024414 46.92224884033203 5 56.98611831665039 29.10686492919922 87.03018951416016 42.49370193481445
6 7.359962463378906 10.033092498779297 26.80739402770996 20.984106063842773 8 6.285998821258545 19.763267517089844 26.504291534423828 32.4764289855957 2 6.903400421142578 0.9994328022003174 27.202178955078125 11.904741287231445
1 57.335689544677734 43.908782958984375 85.01033782958984 55.82415771484375 0 61.004188537597656 41.80253601074219 83.94023895263672 55.738094329833984 2 58.84367370605469 32.901920318603516 79.21446228027344 47.40412521362305 9 56.40633773803711 57.593162536621094 76.59075164794922 69.9030532836914
3 6.5465989112854 24.24486541748047 27.26483917236328 36.46985626220703 2 8.17734432220459 11.877340316772461 27.206947326660156 26.132930755615234
4 7.981958389282227 12.57570743560791 29.151554107666016 22.911394119262695 9 9.216687202453613 17.248634338378906 24.60697364807129 24.823535919189453
2 11.840106964111328 7.7290215492248535 26.474889755249023 16.994930267333984
4 80.02314758300781 110.3414535522461 111.04839324951172 131.59873962402344 4 64.82440948486328 98.09028625488281 109.13404083251953 116.03661346435547
0 32.65660858154297 17.673809051513672 55.754234313964844 31.527873992919922 2 35.32980728149414 9.498064994812012 55.46406936645508 20.211828231811523
5 123.09720611572266 22.563447952270508 165.25230407714844 45.65129470825195 6 58.22119140625 165.23605346679688 118.54256439208984 190.31752014160156 6 97.60365295410156 6.994339466094971 159.91722106933594 48.99588394165039
0 5.7864909172058105 29.059431076049805 53.53307342529297 50.373836517333984 5 3.532534599304199 4.202846527099609 52.20908737182617 25.285057067871094
3 15.785361289978027 49.161251068115234 56.168724060058594 68.86723327636719 1 10.793201446533203 72.59540557861328 53.74393081665039 86.374755859375 7 13.754501342773438 74.5912094116211 54.010929107666016 94.23531341552734
6 28.519901275634766 51.73389434814453 69.07688903808594 78.67960357666016
3 6.000981330871582 26.091554641723633 28.411699295043945 40.27029037475586
6 7.147797584533691 7.314224720001221 35.801513671875 23.566913604736328 2 7.565039157867432 24.317676544189453 35.86028289794922 38.83726501464844
0 44.4656867980957 15.812605857849121 82.64710235595703 37.129127502441406 5 42.13102340698242 37.72096633911133 79.16867065429688 54.95161056518555 1 44.714237213134766 8.206561088562012 80.72116088867188 21.818912506103516
7 11.937527656555176 -0.5827146768569946 39.12504577636719 14.592240333557129
6 56.69293975830078 67.95925903320312 85.0850601196289 83.1206283569336 7 61.627471923828125 47.03290557861328 88.71630859375 63.19599533081055 1 59.208255767822266 31.14186668395996 87.56098175048828 46.50457763671875
6 12.442280769348145 2.779836654663086 34.79677200317383 14.635225296020508
2 14.028229713439941 22.199321746826172 50.79222106933594 40.288875579833984 6 19.860593795776367 40.46833038330078 51.3376350402832 56.41044235229492 8 14.697035789489746 40.51798629760742 49.398746490478516 55.571083068847656
5 7.943204402923584 31.86603355407715 45.3924446105957 53.72690200805664

5 5.7292022705078125 3.774535655975342 34.131900787353516 21.110597610473633 6 4.951550006866455 20.63318634033203 34.293479919433594 36.498104095458984
7 64.37810516357422 78.83911895751953 107.71403503417969 102.24163818359375 8 78.2728271484375 55.62172317504883 114.69401550292969 74.20658874511719 3 60.555023193359375 47.59962463378906 105.4125747680664 72.81633758544922
4 7.474749565124512 22.167434692382812 39.45634460449219 44.085540771484375
4 32.35076904296875 100.58030700683594 75.43074035644531 117.70845794677734 9 40.15848159790039 79.61312866210938 75.17402648925781 97.15391540527344

1 53.387962341308594 79.46795654296875 142.90884399414062 106.64669036865234
1 15.957195281982422 20.509780883789062 60.5844841003418 42.1685676574707 7 17.422924041748047 44.56477737426758 58.02191925048828 72.02163696289062
3 30.478300094604492 63.365325927734375 64.69519805908203 80.08885955810547 9 29.59463119506836 41.158931732177734 61.70895767211914 59.7378044128418

7 9.659734725952148 19.132925033569336 31.3106632232666 30.509366989135742
4 15.593099594116211 13.289985656738281 38.98587417602539 27.894271850585938
2 19.782772064208984 8.32358455657959 151.15802001953125 57.13649368286133
2 3.5293142795562744 21.48133087158203 32.147274017333984 37.43593978881836
1 9.766738891601562 -1.0016618967056274 35.16728210449219 8.500114440917969 6 10.434322357177734 10.54496955871582 36.312923431396484 23.549781799316406
2 32.540245056152344 92.8717269897461 91.79314422607422 121.59528350830078 9 34.41473388671875 47.0552978515625 97.93472290039062 83.1741714477539 6 51.34869384765625 67.24524688720703 104.08052062988281 92.0000991821289

0 54.89471435546875 103.45500946044922 109.22930908203125 128.3668212890625 2 59.9092903137207 68.30248260498047 108.34980010986328 89.96481323242188
3 8.001194953918457 7.770992755889893 41.18162155151367 28.318605422973633
1 25.802902221679688 8.883095741271973 64.08085632324219 28.403772354125977 9 22.40772819519043 29.94963264465332 64.22373962402344 53.12392044067383
5 14.785137176513672 26.97218132019043 54.2432861328125 49.843055725097656 4 18.657724380493164 46.84158706665039 55.423194885253906 66.25116729736328
3 23.240358352661133 30.795194625854492 96.93645477294922 77.2801284790039
3 12.91280460357666 44.899166107177734 49.10468292236328 62.903892517089844 4 15.037548065185547 29.225814819335938 53.17362976074219 46.656349182128906
1 63.8211669921875 46.31596755981445 106.45277404785156 63.36958312988281
4 19.665264129638672 41.04726028442383 47.35808181762695 54.88407897949219 0 22.727590560913086 55.74602127075195 54.3139533996582 73.14423370361328
3 6.381643772125244 6.048165321350098 35.205387115478516 24.88253402709961 1 5.868940353393555 27.11925506591797 35.750946044921875 41.149864196777344
2 17.51534652709961 14.258953094482422 84.28868865966797 50.40765380859375 8 23.95207977294922 54.27214050292969 85.02406311035156 90.91924285888672
3 20.575178146362305 18.40943717956543 46.07888412475586 31.151697158813477 6 19.394031524658203 42.66776657104492 44.7834587097168 55.10566329956055 6 21.75765037536621 31.96259307861328 47.828575134277344 43.20915222167969
1 36.386417388916016 15.95673656463623 86.82637786865234 42.794918060302734 5 25.580358505249023 63.36992263793945 75.38748931884766 101.28386688232422

0 8.641712188720703 27.483858108520508 33.596221923828125 43.673095703125

4 16.28437042236328 40.3393440246582 42.579017639160156 55.37654113769531 9 10.389750480651855 61.08749771118164 39.1650505065918 75.06312561035156
1 111.4509506225586 208.61355590820312 212.77703857421875 238.34645080566406 1 110.35269165039062 141.97955322265625 194.6296844482422 200.19435119628906 1 46.13313293457031 208.54515075683594 147.27761840820312 240.3298797607422
6 8.919370651245117 28.827442169189453 54.153446197509766 56.45936584472656 3 9.310956954956055 0.9660459756851196 50.84402084350586 26.36788558959961 6 9.057530403137207 3.108268976211548 51.66520690917969 27.426794052124023
5 36.476619720458984 67.10105895996094 62.32593536376953 79.92704772949219 5 29.06928062438965 64.9004135131836 57.997310638427734 77.4176254272461
6 4.517468452453613 0.16145053505897522 26.943086624145508 11.037569999694824

4 8.127299308776855 0.6692522168159485 37.93025207519531 20.966026306152344 5 17.764205932617188 20.428695678710938 43.02062225341797 41.39320755004883
9 21.985050201416016 30.762258529663086 42.30397415161133 42.79010772705078
9 21.597990036010742 39.04664611816406 51.30241394042969 57.2412109375 0 23.783994674682617 37.08673858642578 54.843231201171875 53.83578872680664 1 24.197080612182617 25.8574161529541 51.14506912231445 38.69920349121094 4 20.167194366455078 14.238544464111328 50.2021369934082 33.9010124206543
1 51.65300750732422 72.00071716308594 109.4445571899414 98.65611267089844 0 51.356197357177734 103.73146057128906 109.54032897949219 138.27308654785156 4 61.40654373168945 46.803321838378906 117.7586441040039 81.20341491699219
3 24.214149475097656 10.229406356811523 51.39240646362305 30.446502685546875 2 11.45875358581543 35.782188415527344 43.60734939575195 47.6392822265625
9 10.054206848144531 4.80128812789917 53.439292907714844 34.027828216552734
3 20.9207706451416 12.439064979553223 47.72215270996094 28.953685760498047
3 51.93653106689453 4.303871154785156 93.75020599365234 29.647939682006836
7 1.9671988487243652 11.458684921264648 19.90908432006836 20.88617515563965 4 1.7230231761932373 5.757136344909668 21.838701248168945 16.813203811645508
2 44.90707778930664 94.75267028808594 87.79151916503906 132.31936645507812 2 52.55170440673828 120.3314437866211 98.27528381347656 150.201171875 2 38.9732666015625 49.74919891357422 98.03730773925781 110.98957061767578
2 4.140041828155518 4.867528438568115 29.737991333007812 22.911874771118164 3 14.02957820892334 23.18036460876465 37.85465621948242 37.56312942504883
4 42.38436508178711 107.33069610595703 135.20960998535156 165.58929443359375 3 133.00088500976562 90.57042694091797 170.89418029785156 118.95660400390625 4 35.40804672241211 56.85043716430664 136.39578247070312 101.7231216430664
1 7.9375224113464355 9.385780334472656 45.03623962402344 26.309520721435547 2 9.469386100769043 30.273242950439453 48.57298278808594 51.319313049316406
2 12.68908405303955 14.568025588989258 49.05717849731445 36.74398422241211 3 11.723689079284668 39.941192626953125 49.89809036254883 60.96806335449219
9 8.519122123718262 6.391350269317627 37.175743103027344 22.695690155029297 5 12.190938949584961 25.124061584472656 38.80827713012695 40.59700012207031
6 11.083086013793945 10.576143264770508 38.79902267456055 26.75032615661621 3 10.044422149658203 20.18942642211914 39.1433219909668 36.41328048706055
4 29.52707862854004 31.934919357299805 50.63140106201172 45.3808479309082 7 27.412227630615234 55.08127975463867 49.67129135131836 67.486328125 1 31.163230895996094 23.707550048828125 55.43885040283203 38.16905212402344 5 24.248977661132812 52.693992614746094 44.53606414794922 64.58735656738281
6 8.53414535522461 9.241003036499023 32.92021560668945 24.54444694519043 0 12.031615257263184 14.321954727172852 35.97471618652344 31.305278778076172
1 66.33560180664062 19.71153450012207 115.43952178955078 43.68506622314453 5 26.963119506835938 69.8275375366211 93.31390380859375 107.47909545898438 5 34.34331130981445 48.94749069213867 98.18984985351562 74.28691101074219
2 9.567138671875 16.705163955688477 38.419349670410156 29.069143295288086 0 12.636763572692871 33.38188171386719 40.18021774291992 45.47837448120117
4 7.567770957946777 1.7372949123382568 32.577877044677734 21.841209411621094 3 12.53146743774414 12.846940994262695 33.302040100097656 32.57292175292969
0 13.907604217529297 22.824968338012695 35.28993225097656 34.72085952758789 4 13.393365859985352 13.632572174072266 35.554569244384766 25.415023803710938
7 2.6006267070770264 18.658859252929688 32.27423858642578 35.215267181396484 1 4.6317219734191895 4.2118353843688965 33.12857437133789 20.594362258911133
1 31.0546932220459 87.2572021484375 115.68344116210938 117.3162612915039
2 7.054255485534668 0.46340692043304443 34.3492431640625 19.84744644165039 4 6.181267738342285 21.2725830078125 32.18300247192383 39.5767822265625
3 77.75263214111328 86.9620132446289 114.981689453125 108.64796447753906 6 93.47053527832031 88.50575256347656 129.69876098632812 105.52436828613281
8 50.51655578613281 79.77074432373047 84.44600677490234 94.51350402832031
0 8.656634330749512 18.428293228149414 36.67198181152344 32.3967399597168 1 8.29870891571045 4.619845867156982 36.41776657104492 17.979022979736328

2 79.29788208007812 47.06805419921875 113.66283416748047 61.41307067871094
2 10.328768730163574 8.187023162841797 47.40450668334961 25.4724178314209
1 8.93715763092041 21.104721069335938 36.45066452026367 36.43301010131836 5 15.023449897766113 36.119720458984375 42.75971603393555 51.2249641418457
5 28.747587203979492 29.876401901245117 54.596290588378906 44.8688850402832
9 33.45798110961914 2.2575697898864746 68.15374755859375 19.211904525756836
5 28.18423843383789 38.03819274902344 51.28855514526367 51.2526741027832
1 23.686803817749023 27.14093589782715 44.65217590332031 37.78031921386719 6 25.712177276611328 50.97809600830078 47.36928939819336 64.16069793701172 6 16.360218048095703 17.750463485717773 38.96601104736328 33.15918731689453 6 24.703731536865234 31.522293090820312 44.956424713134766 46.32809829711914
1 30.817424774169922 111.045654296875 101.58335876464844 133.9544677734375 6 73.71752166748047 125.24616241455078 110.4389877319336 145.92466735839844
3 20.536911010742188 42.4903450012207 49.34804153442383 60.97002029418945 3 22.00556182861328 20.125518798828125 53.309600830078125 38.9168701171875
0 97.1658706665039 110.71260070800781 137.3150177001953 128.27249145507812

7 17.124902725219727 36.112545013427734 53.938743591308594 60.89798355102539 3 17.67972755432129 17.45186996459961 59.98297882080078 42.17587661743164
8 6.95293664932251 10.65572738647461 37.20613098144531 27.8758544921875
0 32.16609573364258 51.19377899169922 73.866943359375 70.53058624267578 4 26.166893005371094 22.22189712524414 69.43207550048828 50.03892517089844
2 180.6645965576172 166.25157165527344 213.72915649414062 188.53509521484375 5 128.8442840576172 155.44984436035156 176.8091583251953 204.13348388671875
5 34.63128662109375 36.44955825805664 55.44828796386719 48.47361755371094 3 33.874752044677734 58.547245025634766 58.536800384521484 70.09663391113281
7 7.2578864097595215 21.5094051361084 32.573665618896484 36.90058517456055 2 5.670424938201904 4.395696640014648 32.23509216308594 20.709882736206055

7 140.97117614746094 126.82952117919922 185.8601837158203 153.90667724609375 3 136.44747924804688 109.10672760009766 186.96815490722656 134.99061584472656 7 158.74285888671875 137.45130920410156 200.4014129638672 160.13519287109375
2 6.020195484161377 3.3467798233032227 27.793292999267578 16.801658630371094
5 12.253705978393555 17.52834129333496 32.692203521728516 29.240724563598633 7 11.737011909484863 1.1377772092819214 29.933326721191406 10.38345718383789
4 31.189430236816406 40.73220443725586 66.29938507080078 63.1188850402832 4 31.116897583007812 15.682973861694336 64.01360321044922 36.52501678466797
6 14.555368423461914 0.25004202127456665 44.708927154541016 16.18123435974121 9 17.78433609008789 7.313268661499023 51.254859924316406 29.060779571533203

3 11.352581024169922 31.490951538085938 46.32511520385742 56.5347900390625
1 12.784937858581543 25.527427673339844 40.99917221069336 36.13106918334961 1 12.146169662475586 11.701826095581055 41.68097686767578 22.304731369018555
3 7.751804351806641 45.2033576965332 29.73664093017578 58.86655807495117
1 10.223859786987305 15.481096267700195 35.675697326660156 27.438356399536133
1 47.39886474609375 61.330787658691406 86.19551086425781 80.32402038574219
2 132.55580139160156 93.87638092041016 195.67449951171875 138.9367218017578
2 5.026867389678955 4.6466064453125 27.554264068603516 18.473119735717773 4 4.655035495758057 17.438364028930664 26.945133209228516 30.379364013671875
2 6.640584468841553 10.116290092468262 27.627567291259766 24.449880599975586

4 5.577817916870117 3.77681827545166 32.13941192626953 18.66114044189453
2 7.867298603057861 8.534157752990723 32.48257064819336 22.19243621826172 7 8.086740493774414 22.76378059387207 32.925743103027344 36.337440490722656
1 13.505196571350098 28.414260864257812 50.32965850830078 45.88652420043945 6 13.604043006896973 44.30168533325195 52.237667083740234 64.05027770996094
1 74.75155639648438 81.22801208496094 135.26026916503906 116.47232055664062
4 6.4749016761779785 18.346149444580078 25.215227127075195 27.559558868408203 2 4.850371360778809 6.92605447769165 25.603382110595703 19.164966583251953 7 6.067894458770752 19.6719913482666 24.781923294067383 31.197246551513672
7 16.653154373168945 44.758094787597656 50.30830764770508 65.02700805664062 3 18.4097843170166 17.66407585144043 49.71786117553711 34.761146545410156 1 18.354883193969727 37.49607467651367 46.748714447021484 51.732669830322266
2 36.85381317138672 16.95706558227539 90.16311645507812 45.017547607421875 3 21.677677154541016 47.753631591796875 68.25453186035156 78.47620391845703 9 12.866704940795898 67.9278564453125 61.61806106567383 99.42640686035156

1 14.435761451721191 4.667223930358887 50.220550537109375 22.721830368041992 6 17.678443908691406 16.969072341918945 53.836673736572266 41.85343933105469
0 65.5996322631836 102.83718872070312 112.67345428466797 126.57757568359375 3 27.322776794433594 52.76087951660156 73.03932189941406 76.37113952636719 5 46.81354904174805 84.24600219726562 103.19624328613281 112.44197845458984 6 28.378326416015625 32.77647018432617 75.93461608886719 60.49824523925781
2 51.11139678955078 15.052932739257812 73.52758026123047 30.798961639404297 3 53.17726516723633 9.806112289428711 69.85982513427734 17.538745880126953
8 22.29273796081543 16.423259735107422 51.108821868896484 41.06909942626953 1 32.09907531738281 2.7139625549316406 61.77555465698242 28.829683303833008
1 54.10525894165039 88.59425354003906 93.92082214355469 107.98052215576172 8 55.205814361572266 63.46500778198242 90.22789001464844 80.24510955810547
3 50.75309371948242 66.25173950195312 84.3836898803711 86.5436019897461 1 42.86189651489258 85.17047119140625 72.8145980834961 103.92135620117188 0 45.200557708740234 88.82866668701172 87.60214233398438 117.21829986572266 6 40.44993591308594 43.57646942138672 82.27147674560547 71.78075408935547 1 44.13701248168945 63.36972427368164 78.67160034179688 84.58038330078125
2 33.67965316772461 68.73992156982422 62.60951614379883 87.04817962646484
2 112.98872375488281 154.02691650390625 155.66070556640625 172.59292602539062 3 142.6183624267578 26.17841911315918 199.8735809326172 48.6920166015625 6 76.95096588134766 134.52865600585938 136.2115936279297 159.06849670410156
9 9.710702896118164 22.33401107788086 29.394685745239258 33.78227615356445
3 54.36835479736328 101.33414459228516 106.5570297241211 121.99676513671875 2 12.88992977142334 43.88790512084961 84.45413970947266 77.96991729736328 4 24.54104232788086 62.390445709228516 91.15629577636719 98.70057678222656
4 38.1099967956543 12.932232856750488 71.70587921142578 29.9498291015625 3 45.896751403808594 29.062135696411133 75.05147552490234 46.05961608886719
3 34.2025260925293 65.70158386230469 73.88528442382812 88.24330139160156 1 39.49079513549805 51.35759353637695 72.86783599853516 68.96146392822266
6 5.8437323570251465 17.227169036865234 24.235485076904297 29.26679229736328 0 7.5149054527282715 17.540159225463867 24.29325294494629 30.452478408813477
6 9.948211669921875 3.692564010620117 36.9232063293457 19.253494262695312 2 7.590662002563477 1.7112840414047241 36.32432174682617 20.64312744140625 2 15.73922348022461 9.025978088378906 41.68081283569336 27.501760482788086
2 6.865633487701416 4.963016033172607 30.02251625061035 19.10641098022461
8 13.253316879272461 31.757923126220703 35.763275146484375 46.465824127197266
4 42.64653778076172 86.03295135498047 85.49134826660156 104.45793914794922 6 33.812339782714844 16.725004196166992 79.09188842773438 40.76714324951172 3 37.015480041503906 39.75687026977539 75.61457061767578 56.70733642578125
5 22.373470306396484 22.204980850219727 64.62156677246094 40.22972869873047 6 21.302980422973633 42.911251068115234 62.777809143066406 61.093544006347656 1 21.980703353881836 3.4649224281311035 67.26835632324219 22.489953994750977
2 3.217223882675171 10.280308723449707 20.794248580932617 21.60085678100586 7 2.761106252670288 5.2032904624938965 20.355195999145508 18.697921752929688
5 29.017290115356445 15.880781173706055 148.72296142578125 88.36600494384766 1 27.444658279418945 85.3574447631836 142.4085235595703 133.33932495117188
5 25.864051818847656 35.531192779541016 49.97320556640625 49.95016098022461 8 8.869019508361816 25.248958587646484 42.472450256347656 45.34928894042969 1 8.661454200744629 18.54433822631836 41.902076721191406 33.08092498779297
6 9.188163757324219 10.274019241333008 66.99569702148438 41.84650802612305 4 11.046256065368652 44.381507873535156 68.16360473632812 72.45845031738281
4 14.319169998168945 27.062551498413086 53.81078338623047 52.89397430419922 8 12.698963165283203 42.0703010559082 49.51755142211914 64.73074340820312 4 26.090518951416016 33.753719329833984 51.5970344543457 50.417625427246094
6 5.375504493713379 17.573211669921875 29.752084732055664 33.83160400390625 5 5.430646896362305 0.8886677026748657 29.771728515625 17.10417938232422
3 11.677170753479004 43.0419807434082 46.480072021484375 61.83622360229492 8 13.517583847045898 19.646839141845703 49.08002853393555 35.735435485839844 1 21.938705444335938 1.6668063402175903 55.95735549926758 16.661235809326172 8 19.4228515625 37.54111862182617 51.13947677612305 62.7707633972168
8 11.013111114501953 36.1990966796875 48.400596618652344 65.48666381835938 3 29.838054656982422 11.09579849243164 70.33456420898438 38.74452209472656 7 15.864723205566406 22.100936889648438 57.20173645019531 50.22587585449219
2 18.402090072631836 75.10258483886719 64.03117370605469 95.65752410888672 6 25.402204513549805 50.941131591796875 64.10910034179688 73.1805191040039
9 8.986100196838379 15.276877403259277 31.8868408203125 28.337514877319336
4 10.704789161682129 22.91759490966797 31.998783111572266 34.959938049316406 2 11.368671417236328 8.551536560058594 30.400535583496094 20.811880111694336 3 10.431645393371582 10.259336471557617 32.373443603515625 21.9226016998291

2 10.456987380981445 22.65306282043457 32.490150451660156 36.57682418823242
4 5.3557257652282715 15.673154830932617 27.882022857666016 30.012531280517578
8 8.828803062438965 14.90389633178711 36.6971321105957 33.591773986816406
8 63.204986572265625 184.4736328125 179.078125 228.1576385498047
6 42.228302001953125 63.52434539794922 99.1407470703125 89.1028823852539
8 9.830657005310059 26.55744171142578 35.018009185791016 40.98151779174805 6 11.795827865600586 12.121896743774414 38.082767486572266 28.04702377319336
3 8.738957405090332 22.09759521484375 40.789737701416016 38.43898391723633 3 7.932285785675049 35.74552917480469 42.271339416503906 50.81966781616211

5 9.153139114379883 7.445384979248047 29.493173599243164 19.788240432739258 8 8.561873435974121 19.959497451782227 28.020652770996094 31.59544563293457
9 29.14958953857422 61.44144058227539 60.68433380126953 80.12159729003906
2 4.569108963012695 3.3547019958496094 24.61786460876465 17.022621154785156 4 4.478918075561523 16.831632614135742 24.946863174438477 29.6091365814209

2 38.55016326904297 75.21285247802734 62.76171112060547 91.99894714355469 4 37.65654754638672 88.25736999511719 64.83929443359375 101.41268920898438 6 32.765159606933594 90.20291137695312 65.34371948242188 105.31155395507812
0 9.24968147277832 16.151344299316406 27.199588775634766 27.878602981567383
6 2.7236719131469727 17.550020217895508 29.15886878967285 35.16175842285156
7 22.282058715820312 36.98979187011719 67.95973205566406 60.77983093261719 1 14.456178665161133 44.41706085205078 57.6997184753418 70.36534881591797
7 22.764543533325195 69.24015808105469 52.46384811401367 84.92186737060547 1 25.158710479736328 49.06747055053711 56.31484603881836 69.20899200439453 7 32.662166595458984 45.302024841308594 70.37937927246094 61.75011444091797
1 9.995932579040527 15.008831977844238 38.91212463378906 29.499492645263672


1 27.17389488220215 34.9058723449707 54.71403884887695 49.05863571166992 2 24.317031860351562 15.789947509765625 57.36381149291992 33.68512725830078

7 20.574237823486328 76.66899871826172 90.46690368652344 106.09638977050781
6 34.776668548583984 54.37844467163086 91.28290557861328 83.8829574584961 1 43.02383804321289 3.0724947452545166 105.19815063476562 26.806875228881836 2 38.58833312988281 23.589414596557617 96.18452453613281 49.49580001831055
4 11.924464225769043 0.6167770028114319 49.8941650390625 25.320125579833984 4 27.905614852905273 13.711143493652344 55.03604507446289 29.48581314086914
6 42.94914245605469 91.76981353759766 67.40882873535156 106.45841979980469
7 9.503594398498535 30.93172264099121 52.64862060546875 65.69417572021484
3 41.93310546875 61.13749313354492 78.93286895751953 81.25234985351562 6 24.61092185974121 82.25363159179688 74.36703491210938 108.72966003417969
1 36.993927001953125 16.79551887512207 67.85676574707031 31.646623611450195 4 32.954158782958984 16.897836685180664 58.587127685546875 30.595144271850586 2 30.40081214904785 35.413265228271484 56.41738510131836 49.31344223022461
3 8.464751243591309 7.726881504058838 35.35807418823242 22.279088973999023
0 24.134761810302734 27.612812042236328 73.11671447753906 61.71768569946289 1 35.84516906738281 0.665047824382782 87.94937896728516 33.59998321533203
5 5.365773677825928 7.295007705688477 39.98635482788086 30.62748146057129
0 34.947906494140625 30.236976623535156 69.49018859863281 48.35128402709961 6 38.866207122802734 42.259620666503906 72.52647399902344 59.18621826171875 3 33.940574645996094 8.611128807067871 68.51908111572266 27.63502311706543
8 56.29591369628906 77.13262939453125 103.79686737060547 109.83891296386719
1 8.895332336425781 15.148698806762695 37.21855163574219 28.957815170288086
2 45.393348693847656 113.70207214355469 94.4687271118164 140.17388916015625
0 31.29380989074707 105.31104278564453 83.37612915039062 141.2926025390625 4 37.272926330566406 77.64266204833984 89.5176010131836 106.14462280273438 1 47.360408782958984 100.5306625366211 89.42618560791016 121.93243408203125 1 69.53800201416016 17.13089942932129 124.5999755859375 38.239810943603516
4 7.7153096199035645 7.53143835067749 33.464691162109375 27.007858276367188

5 7.648059844970703 8.473773002624512 43.582275390625 33.303531646728516
4 8.168085098266602 10.468828201293945 22.706830978393555 20.35179328918457 6 5.62437105178833 22.022241592407227 21.957622528076172 32.974586486816406 5 7.035495281219482 21.266719818115234 21.193193435668945 30.627582550048828
1 13.745003700256348 19.126815795898438 39.44426345825195 35.8430061340332
4 40.05650329589844 45.458091735839844 119.9910888671875 99.8268051147461 4 88.6229019165039 4.130290985107422 162.2733612060547 53.26744079589844
2 34.506229400634766 1.5247786045074463 57.76772689819336 18.60613250732422 2 22.297040939331055 25.058982849121094 47.8006706237793 47.044490814208984
3 31.148061752319336 16.91382598876953 52.130001068115234 30.8822021484375 4 33.30207061767578 35.45064163208008 61.380859375 51.939109802246094
1 12.52519416809082 16.006601333618164 44.70513916015625 29.176942825317383 2 12.675484657287598 29.818696975708008 44.37858963012695 45.60033416748047 3 12.835041046142578 43.262718200683594 46.56559371948242 60.50067901611328

8 11.951562881469727 13.002849578857422 78.30436706542969 49.30010986328125 6 13.277050971984863 50.3189582824707 82.04633331298828 88.16093444824219


6 63.545555114746094 17.45276641845703 105.09550476074219 41.551021575927734 3 83.67192077636719 89.59229278564453 153.63735961914062 140.3416290283203
5 26.9550724029541 31.55439567565918 64.46427154541016 50.99631881713867 3 12.514114379882812 8.124637603759766 38.71150207519531 21.64682960510254
8 3.750281810760498 3.2298598289489746 30.29738998413086 17.75550079345703
4 52.548622131347656 41.252872467041016 109.3869857788086 75.39739227294922 4 36.16422653198242 60.630367279052734 90.62319946289062 93.5248794555664 0 19.722312927246094 85.27033996582031 64.56918334960938 109.6894760131836
6 12.418973922729492 15.073959350585938 51.385459899902344 51.818641662597656
2 11.138117790222168 29.715349197387695 46.72148895263672 55.179256439208984 3 18.208066940307617 8.10290241241455 54.23503494262695 29.662826538085938
9 60.169090270996094 25.887542724609375 93.41480255126953 61.915748596191406
7 11.806020736694336 35.47785568237305 64.18830871582031 55.347129821777344 7 11.330025672912598 -1.01449716091156 59.997825622558594 25.43711280822754
1 24.784358978271484 0.972343921661377 49.293006896972656 12.430891990661621 1 23.36741828918457 16.976612091064453 49.22636032104492 29.30762481689453 6 22.829753875732422 8.832510948181152 48.88194274902344 22.044771194458008
5 4.54478645324707 23.828786849975586 35.75200653076172 43.93377685546875 1 18.525293350219727 2.0331084728240967 47.29193878173828 19.998153686523438
0 25.209976196289062 57.53935241699219 70.48757934570312 76.29969787597656
8 26.721309661865234 18.039894104003906 56.009647369384766 32.158172607421875
9 14.442642211914062 13.395020484924316 43.460880279541016 29.22147560119629
7 15.901350975036621 51.22793960571289 61.66267013549805 77.26622009277344 1 20.580337524414062 2.904155969619751 69.0825424194336 23.70562744140625 1 17.935964584350586 26.420324325561523 64.88676452636719 47.54386520385742
0 4.331311225891113 48.20570373535156 42.49723434448242 68.17745208740234
1 5.667430400848389 20.02941131591797 34.6214485168457 31.70701789855957 5 3.579331874847412 3.8774948120117188 32.71886444091797 20.104522705078125
7 9.26818561553955 6.431612968444824 31.830598831176758 18.22323989868164 1 12.145814895629883 6.838441371917725 33.69009780883789 16.576370239257812 8 8.12441349029541 29.514463424682617 30.078250885009766 40.67961883544922 7 9.349224090576172 18.691492080688477 30.244298934936523 30.04120445251465

0 33.08372497558594 109.0814208984375 76.16227722167969 134.71658325195312 1 38.863338470458984 85.53993225097656 82.763427734375 111.67949676513672 0 23.847328186035156 109.32113647460938 65.14369201660156 127.62943267822266 1 52.500213623046875 81.21400451660156 109.93328094482422 109.96879577636719
5 6.335325241088867 20.588397979736328 29.690759658813477 34.184593200683594 1 6.722672462463379 9.092184066772461 31.253658294677734 19.010486602783203
1 63.18682861328125 77.28019714355469 101.08607482910156 94.21055603027344 6 68.00188446044922 91.56494140625 97.10376739501953 107.57666015625
3 86.34467315673828 4.623231410980225 118.20079040527344 24.154237747192383 3 86.05120849609375 20.510698318481445 123.52102661132812 45.74067687988281
3 6.1984171867370605 15.724327087402344 32.293914794921875 31.970130920410156
2 7.191299915313721 3.714850902557373 25.372249603271484 14.79286003112793 3 7.177524089813232 15.829490661621094 27.39385986328125 26.6711483001709

5 67.67770385742188 66.77204895019531 107.39942932128906 86.92042541503906 5 20.77806854248047 64.95481872558594 81.37591552734375 93.39214324951172
7 41.917686462402344 18.9636287689209 77.13038635253906 53.79713821411133
7 8.791825294494629 17.659833908081055 32.75442886352539 33.97938919067383
4 23.115886688232422 38.21128845214844 43.75798416137695 46.488948822021484
1 17.659929275512695 39.269134521484375 44.02088165283203 52.440391540527344 6 15.845338821411133 53.180686950683594 47.0305290222168 64.90684509277344 6 15.176972389221191 39.431243896484375 44.428504943847656 51.4047966003418
8 31.28223419189453 35.22529220581055 58.83014678955078 52.47748947143555 9 31.680339813232422 20.851036071777344 56.3536262512207 35.69855499267578
2 21.79652214050293 19.027788162231445 44.991390228271484 29.90522575378418
9 6.805502891540527 19.885210037231445 29.646156311035156 33.368919372558594 7 6.434509754180908 7.675455093383789 29.111358642578125 20.662296295166016
8 7.739668846130371 28.806156158447266 41.83884048461914 47.517982482910156 8 7.749732494354248 14.35274887084961 42.39626693725586 34.078983306884766
0 6.973719596862793 15.50516414642334 27.006546020507812 28.099628448486328 6 6.827963829040527 0.5396003127098083 26.857595443725586 13.498262405395508 9 11.507792472839355 1.0549957752227783 30.077281951904297 12.608593940734863
1 13.586198806762695 40.225406646728516 43.43722915649414 51.50398635864258 3 16.396499633789062 64.57877349853516 67.11981964111328 92.67858123779297
9 32.467769622802734 97.4676284790039 76.12836456298828 114.78311920166016 6 50.99361801147461 103.60472869873047 86.99658966064453 122.9013671875
3 24.57319450378418 -0.27352339029312134 47.240970611572266 12.272963523864746 9 24.149030685424805 16.684541702270508 51.04336166381836 31.64642333984375
0 17.33953857421875 30.654542922973633 41.960289001464844 47.092018127441406
6 12.43871784210205 1.8335832357406616 33.43159103393555 16.036766052246094
2 8.099977493286133 8.803027153015137 31.80892562866211 22.233850479125977 1 8.500984191894531 24.460079193115234 34.026973724365234 35.80857467651367
5 6.685939311981201 10.263211250305176 24.009641647338867 20.82879638671875 3 8.362617492675781 22.462116241455078 26.67835235595703 33.509117126464844
7 3.3154850006103516 10.839019775390625 38.53690719604492 34.21963882446289
8 6.7402191162109375 26.10566520690918 40.002967834472656 42.97148513793945 2 5.318271636962891 5.4037933349609375 38.55186462402344 23.164525985717773
5 13.373557090759277 53.169700622558594 49.24610900878906 74.64378356933594 5 16.4493350982666 37.60493087768555 55.586822509765625 55.99189376831055 2 24.996021270751953 19.883867263793945 61.321712493896484 39.61127471923828
3 89.37832641601562 39.87518310546875 131.1392364501953 57.553218841552734
1 17.116844177246094 24.128623962402344 52.709598541259766 36.85730743408203 5 17.42059326171875 47.54035568237305 50.312156677246094 66.37407684326172 8 19.69412612915039 36.12040710449219 44.749202728271484 49.9326286315918
4 10.065139770507812 13.034197807312012 46.03657531738281 33.93185043334961 5 10.476646423339844 33.309696197509766 46.503257751464844 52.80964660644531 6 16.588817596435547 33.400535583496094 52.6861457824707 52.54627227783203
2 32.094566345214844 19.56519317626953 62.231266021728516 38.67792510986328
1 27.113325119018555 39.69658279418945 64.73377227783203 55.833927154541016
2 108.43729400634766 28.944791793823242 138.31600952148438 51.569210052490234 9 96.07244110107422 52.49591064453125 133.87911987304688 78.72613525390625
0 17.490015029907227 57.71444320678711 66.51981353759766 81.48179626464844
8 3.9833719730377197 15.38491153717041 24.49153709411621 27.086217880249023
1 13.030531883239746 1.0899732112884521 54.26748275756836 16.31238555908203 0 13.06820011138916 20.870826721191406 53.65370559692383 44.137420654296875 2 13.846879959106445 46.451656341552734 56.65076446533203 72.24614715576172 8 18.888912200927734 47.71471405029297 57.81885528564453 70.65130615234375
8 6.912945747375488 23.762744903564453 38.8551139831543 35.88473892211914 4 6.387711524963379 5.1607985496521 38.749916076660156 21.78919792175293 5 8.254044532775879 36.07843017578125 37.26010513305664 47.69776916503906
1 10.990317344665527 16.755861282348633 56.916385650634766 33.77547836303711 7 10.135784149169922 34.5016975402832 53.987735748291016 53.90996170043945
7 23.41631317138672 36.845245361328125 52.43886947631836 51.43092346191406 3 25.568117141723633 44.933006286621094 52.520206451416016 57.7639274597168
5 10.106993675231934 35.14645767211914 31.30794906616211 47.225860595703125 2 8.272626876831055 13.649845123291016 31.20213508605957 29.73967170715332

9 111.9930191040039 52.324607849121094 147.74691772460938 71.91357421875
2 7.675004959106445 5.269668102264404 34.85457992553711 23.413005828857422
5 1.8429269790649414 7.240436553955078 23.415664672851562 22.78191375732422
3 6.222054481506348 18.710844039916992 41.1786003112793 39.2255859375 1 8.518430709838867 6.556942462921143 42.208805084228516 21.738059997558594

1 21.800251007080078 45.48280715942383 48.24460220336914 56.14646530151367 6 16.157800674438477 56.70854187011719 48.166419982910156 70.12110900878906 0 22.085163116455078 56.35207748413086 44.943626403808594 69.54817962646484 2 23.782609939575195 48.592430114746094 51.82036590576172 62.72141647338867

2 18.914535522460938 27.67975425720215 47.55240249633789 41.38037109375
1 10.628743171691895 5.158550262451172 32.27800369262695 16.303647994995117 2 6.438676357269287 18.094953536987305 31.573444366455078 32.057273864746094
4 17.294204711914062 37.512489318847656 45.12042236328125 54.55709457397461
7 7.951565265655518 25.836368560791016 28.84473419189453 35.71680450439453 2 8.603763580322266 12.654394149780273 29.511810302734375 23.78761100769043
1 10.882153511047363 11.639906883239746 65.44064331054688 34.667606353759766
5 7.982889175415039 8.490571022033691 31.24044418334961 25.286792755126953
7 6.393847942352295 12.145000457763672 25.224519729614258 24.165016174316406
6 8.456393241882324 26.58127784729004 40.775848388671875 41.114784240722656 2 9.454103469848633 7.696143627166748 42.39327621459961 28.051753997802734
7 14.466245651245117 14.4024658203125 39.043453216552734 27.040775299072266 7 12.959485054016113 8.818291664123535 33.340606689453125 16.767803192138672
5 17.693195343017578 36.86918258666992 49.89011764526367 51.86634826660156 2 18.743419647216797 16.656410217285156 52.44029998779297 33.215789794921875

1 24.79030990600586 16.977806091308594 51.94443893432617 28.591201782226562 0 13.19078254699707 34.48881149291992 36.706634521484375 44.65186309814453 1 14.609078407287598 19.887168884277344 39.75995635986328 32.05779266357422
1 62.52192687988281 61.258670806884766 107.61254119873047 84.8921127319336
4 7.632143974304199 12.28859806060791 31.61603355407715 23.34638023376465 3 7.790020942687988 22.947511672973633 32.20854568481445 36.60774230957031 5 9.245527267456055 22.39689064025879 32.65868377685547 35.42760467529297
2 8.201716423034668 16.875049591064453 31.32080078125 29.366655349731445 9 9.958765983581543 27.595029830932617 31.665441513061523 39.582977294921875 8 9.270780563354492 29.154386520385742 32.42164611816406 39.26820373535156
2 13.085294723510742 25.100141525268555 41.03073501586914 41.749237060546875 2 14.202494621276855 12.097719192504883 43.10627746582031 29.20377540588379
2 67.25861358642578 80.21279907226562 117.4571533203125 101.65238952636719 4 67.97293090820312 103.75696563720703 132.98289489746094 127.48155975341797 5 58.56820297241211 57.08623123168945 116.7989730834961 78.2296142578125
8 8.846369743347168 39.668216705322266 58.858543395996094 64.03009033203125
4 17.201335906982422 18.593469619750977 53.70677947998047 38.31126403808594 4 25.436887741088867 38.09713363647461 59.159549713134766 63.36312484741211 7 27.859498977661133 19.893815994262695 58.60977554321289 41.867183685302734
2 16.13290023803711 3.653005599975586 91.25189208984375 37.08605194091797
4 9.014944076538086 1.9412603378295898 36.02823257446289 20.93729591369629
7 18.90163803100586 19.531085968017578 80.20010375976562 54.130584716796875 4 26.7661190032959 23.054466247558594 77.4646224975586 48.86717987060547 6 26.106489181518555 54.0555305480957 87.4631576538086 83.45223999023438
1 95.59376525878906 66.57685089111328 194.23338317871094 106.30795288085938
3 24.718990325927734 23.65877914428711 76.3472671508789 47.548187255859375
5 14.851042747497559 15.500944137573242 41.370887756347656 31.5159969329834

4 14.108719825744629 28.441181182861328 39.81304931640625 43.8213005065918 7 15.42690372467041 13.906516075134277 41.74740982055664 30.873737335205078
2 66.82587432861328 78.51459503173828 116.20948028564453 101.63455200195312 8 74.762451171875 66.5711669921875 131.05880737304688 91.4328842163086
9 9.101693153381348 27.387666702270508 34.172542572021484 39.91310119628906 1 9.279919624328613 17.643169403076172 34.03202438354492 27.249391555786133
7 140.6995086669922 114.28300476074219 174.7855682373047 139.91883850097656 2 147.7497100830078 138.96519470214844 181.3629913330078 153.6337890625
1 54.1602897644043 12.083145141601562 80.30560302734375 28.057388305664062 5 55.62142562866211 29.832763671875 86.60603332519531 45.89427185058594
7 11.061213493347168 8.420634269714355 32.40568542480469 22.42472267150879 1 12.868561744689941 8.583696365356445 36.35272979736328 22.75858497619629
3 98.0006103515625 188.98834228515625 149.2572021484375 212.75277709960938
3 29.3107852935791 23.927331924438477 63.15341567993164 42.974334716796875
3 7.624235153198242 -0.029969215393066406 46.001319885253906 22.142131805419922

2 37.49089813232422 23.778162002563477 75.40392303466797 49.559810638427734 5 51.07001876831055 99.46705627441406 107.0472412109375 133.14894104003906 6 47.82508850097656 150.96600341796875 81.59879302978516 169.15382385253906 3 44.742889404296875 57.44947052001953 101.53091430664062 85.84211730957031 0 42.44413375854492 50.82485580444336 84.11444854736328 72.9567642211914
4 85.62626647949219 88.80447387695312 144.68043518066406 127.99413299560547
2 5.952706813812256 25.761812210083008 30.049009323120117 38.116214752197266 5 5.376946449279785 1.382682204246521 30.181745529174805 17.579355239868164 2 5.958402633666992 19.070724487304688 31.00848388671875 32.16276931762695 9 9.35141658782959 19.320301055908203 32.72593688964844 33.29848861694336
9 43.37079620361328 29.284448623657227 87.32633209228516 56.58252716064453 3 23.45088005065918 28.995134353637695 79.23096466064453 59.361202239990234
2 8.699891090393066 0.2342379242181778 39.38077926635742 16.22909927368164
3 8.149529457092285 24.248987197875977 48.86667251586914 51.519439697265625
7 20.972448348999023 33.70199966430664 45.26448440551758 47.730804443359375 8 15.871445655822754 20.756986618041992 38.05910873413086 34.191856384277344 5 16.478179931640625 30.589462280273438 40.53179931640625 46.746681213378906
1 6.183261394500732 37.87862777709961 43.76300048828125 53.86543273925781 2 47.32992172241211 65.79019165039062 85.38745880126953 83.08045196533203 9 39.810550689697266 46.450782775878906 81.9554672241211 71.64517974853516
3 30.964040756225586 18.109806060791016 55.555763244628906 32.18254852294922
0 5.157515048980713 11.844236373901367 28.942556381225586 25.135461807250977
7 131.85464477539062 41.71647262573242 169.7029266357422 69.34913635253906
2 20.469406127929688 2.528517484664917 55.57958221435547 17.230911254882812
5 14.014252662658691 58.05378341674805 68.27466583251953 81.24801635742188 3 13.205716133117676 1.0053263902664185 69.29024505615234 30.444711685180664
0 22.100812911987305 46.81261444091797 54.074031829833984 64.52967071533203 8 19.975202560424805 68.0762710571289 56.71701431274414 88.36036682128906
2 11.905086517333984 22.898269653320312 40.84787368774414 39.91160202026367
5 16.755043029785156 37.41838455200195 39.55970001220703 49.11726760864258
0 52.826087951660156 112.72933959960938 88.15692138671875 137.26731872558594
4 10.652256965637207 4.817481994628906 35.22086715698242 21.37328338623047 2 10.116073608398438 21.23052406311035 34.607540130615234 36.707576751708984
2 10.106255531311035 20.094554901123047 61.006378173828125 43.3368034362793
7 39.99161911010742 59.817626953125 74.31592559814453 74.59964752197266 3 37.184959411621094 41.03467559814453 62.80435562133789 57.793190002441406 3 23.06233787536621 59.50083923339844 69.03883361816406 77.4615707397461
4 11.688948631286621 0.5217365622520447 37.92972183227539 14.741242408752441 2 13.660188674926758 13.774892807006836 39.275672912597656 27.388477325439453
1 33.30689239501953 94.12699127197266 67.08894348144531 109.7785873413086 9 30.715553283691406 84.0621109008789 60.73944091796875 99.18604278564453
1 25.848283767700195 58.75794982910156 68.37965393066406 78.83341979980469
4 8.280950546264648 22.96979331970215 34.28007125854492 38.19017028808594 1 11.069894790649414 11.614293098449707 35.149261474609375 22.953582763671875
5 6.325477600097656 2.495232105255127 38.24052429199219 19.783578872680664
4 32.4943733215332 19.785879135131836 85.70004272460938 44.31772994995117 8 21.176301956176758 38.694190979003906 69.30024719238281 59.98516082763672
6 7.122000217437744 0.5292395353317261 31.881502151489258 12.208745002746582 0 6.982460021972656 11.674897193908691 32.08549118041992 23.78215789794922
8 8.905077934265137 27.428802490234375 39.92462158203125 42.0217399597168
1 24.758283615112305 27.98329734802246 50.483280181884766 38.28559112548828 5 22.476587295532227 40.46660232543945 48.6373405456543 54.86082077026367
1 17.063724517822266 59.3540153503418 85.70377349853516 88.88133239746094 1 35.631446838378906 13.7219820022583 70.62686920166016 31.008914947509766
4 51.677181243896484 41.134525299072266 84.89958953857422 59.314292907714844 4 54.35468292236328 22.727787017822266 85.35613250732422 41.168941497802734 1 54.300086975097656 26.74639320373535 89.08203125 38.79063415527344
7 72.31774139404297 119.27644348144531 117.56822967529297 141.4174041748047
2 12.97768783569336 10.865886688232422 35.70370864868164 24.234760284423828 3 13.585147857666016 29.450132369995117 35.62321090698242 41.94871139526367
1 42.0511589050293 0.9873072504997253 89.03520202636719 28.426406860351562
5 80.82286834716797 111.58504486083984 155.9959259033203 146.79127502441406 4 70.17533874511719 49.05472183227539 151.63609313964844 93.04777526855469

2 4.814098358154297 7.911857604980469 24.974224090576172 19.699636459350586
4 6.600490570068359 25.17105484008789 47.91288757324219 47.3909912109375 5 6.970556735992432 2.606290578842163 51.69316864013672 32.31927490234375
6 10.684810638427734 23.357723236083984 34.68190383911133 40.58246612548828 3 12.05805778503418 34.297332763671875 36.67860794067383 47.614200592041016
6 16.027355194091797 29.959264755249023 33.0804328918457 39.51871109008789 2 17.00893211364746 18.548377990722656 35.00477600097656 28.217044830322266

4 8.35124683380127 31.999727249145508 49.67002487182617 58.38022232055664


7 3.7990148067474365 11.805293083190918 20.906400680541992 23.11980628967285
2 25.83525276184082 2.227976083755493 57.28460693359375 15.661661148071289
2 12.294049263000488 17.111574172973633 41.50288009643555 35.21796417236328 2 11.92156982421875 40.90498733520508 43.34137725830078 60.33823013305664
5 6.734045028686523 15.37714958190918 28.8210391998291 30.140439987182617 1 10.553481101989746 4.700193881988525 32.561500549316406 15.904662132263184
4 34.509368896484375 57.34238052368164 77.5031967163086 81.67545318603516
4 21.092905044555664 2.687494993209839 59.292171478271484 21.07683753967285 1 15.251494407653809 0.06779367476701736 64.75504302978516 19.330820083618164 5 13.932500839233398 52.58639144897461 50.4713134765625 74.23677062988281 4 11.365031242370605 21.2625675201416 59.46520233154297 49.11667251586914
6 15.339354515075684 69.60438537597656 86.2762451171875 111.84741973876953 4 17.275503158569336 38.89101028442383 84.46624755859375 75.46782684326172 2 22.304744720458984 26.309307098388672 90.33326721191406 65.94256591796875
9 4.633680820465088 20.3215274810791 29.196054458618164 34.20509338378906 1 3.2954835891723633 4.545754432678223 30.050554275512695 19.166812896728516 0 4.315871238708496 23.043851852416992 29.922351837158203 37.360374450683594
9 32.10942459106445 36.39929962158203 64.81497955322266 55.99137878417969
3 7.618068695068359 0.5016117095947266 31.23764419555664 14.714442253112793 4 6.501570701599121 15.853428840637207 30.419292449951172 29.390247344970703
8 89.31950378417969 71.70245361328125 147.8681182861328 107.18295288085938 3 86.400146484375 34.62148666381836 151.86929321289062 69.96569061279297 5 80.5262451171875 75.12841796875 148.94430541992188 126.35585021972656
5 15.407279014587402 8.384688377380371 34.71345138549805 19.236351013183594
2 97.86276245117188 116.26325225830078 136.74354553222656 140.24395751953125 2 92.13382720947266 93.86349487304688 142.8943328857422 126.19024658203125
2 27.445592880249023 16.657041549682617 71.81529998779297 41.03254318237305 0 13.96074390411377 65.62743377685547 65.10853576660156 89.1928939819336
2 11.688187599182129 18.782440185546875 35.15557098388672 32.450660705566406 2 11.736572265625 32.61714553833008 37.599552154541016 48.269710540771484
3 8.475505828857422 4.280839920043945 29.719106674194336 16.962730407714844 0 9.099568367004395 17.95081329345703 28.450239181518555 29.257137298583984
8 9.557193756103516 30.991458892822266 41.69485855102539 47.18608474731445 4 8.313990592956543 13.124064445495605 37.714202880859375 29.891647338867188
0 43.771785736083984 53.4068603515625 82.67977142333984 72.80352783203125 9 46.9450569152832 27.38115119934082 87.55006408691406 43.46858596801758 8 46.68812942504883 66.24636840820312 94.83617401123047 93.34205627441406
8 67.49984741210938 107.05789947509766 94.74073791503906 122.00582885742188
6 26.479116439819336 27.998676300048828 68.91415405273438 45.07078552246094
5 8.20479965209961 15.049419403076172 42.130916595458984 35.29276657104492
4 20.358516693115234 38.15296173095703 54.667762756347656 59.34663391113281 4 34.845462799072266 38.777828216552734 66.5997543334961 59.57438278198242

9 19.058324813842773 50.267555236816406 40.8284797668457 64.20264434814453 0 16.195890426635742 64.29351806640625 40.58781433105469 80.06426239013672

5 6.491175174713135 21.317228317260742 38.20273971557617 37.965457916259766
6 37.51367950439453 57.418888092041016 64.04383850097656 75.11550903320312 2 33.12528991699219 21.3380184173584 66.21453094482422 38.568702697753906
2 11.273420333862305 8.97868537902832 30.361257553100586 21.04381561279297 1 10.665884971618652 21.484270095825195 30.32671546936035 31.121723175048828
4 4.136470317840576 21.506200790405273 39.85430145263672 40.0493278503418
2 81.4339828491211 42.29463577270508 122.62911987304688 74.31130981445312 2 18.974565505981445 79.79747772216797 50.82182693481445 97.67394256591797 3 67.07337951660156 83.0433349609375 110.76882934570312 111.81427764892578
1 39.133384704589844 36.773311614990234 67.2798843383789 49.59384536743164 9 36.77190017700195 49.35780334472656 64.94747924804688 62.24345397949219 5 34.36737823486328 37.230003356933594 66.27328491210938 47.85995864868164 6 24.448028564453125 49.67134094238281 63.492706298828125 66.06619262695312
3 44.116024017333984 21.71892547607422 75.27288818359375 39.95277786254883 6 45.13185501098633 52.650516510009766 79.22694396972656 72.76615905761719

5 6.377010345458984 12.457213401794434 29.90906524658203 24.892133712768555
2 38.510501861572266 43.79903793334961 74.5912857055664 63.40430450439453
5 7.546287536621094 36.44866943359375 46.673797607421875 61.20341491699219 1 25.258590698242188 10.170778274536133 60.220645904541016 23.765026092529297 6 16.085874557495117 21.688350677490234 54.68552780151367 47.30614471435547


6 27.630891799926758 52.04597854614258 102.48052215576172 92.69866180419922 1 28.572006225585938 103.45287322998047 96.4365463256836 125.9483413696289
3 12.521865844726562 24.459320068359375 43.69135284423828 43.35628890991211
9 5.910788536071777 0.9631291031837463 32.49529266357422 14.964776992797852 7 5.75420618057251 19.39241600036621 33.62999725341797 34.307884216308594
7 38.66252136230469 55.74665832519531 64.1114273071289 70.17794036865234
7 4.032099723815918 17.819536209106445 27.013072967529297 32.28892135620117 2 4.293682098388672 3.2058398723602295 26.738248825073242 17.973800659179688
2 5.450867176055908 13.658907890319824 25.418420791625977 28.13311195373535 6 4.1068878173828125 9.482687950134277 25.404508590698242 25.03461265563965
2 4.009401798248291 17.248607635498047 26.56541633605957 32.60626220703125
3 35.491539001464844 30.643861770629883 57.616981506347656 44.47412872314453
1 86.02981567382812 61.816104888916016 119.2349624633789 79.69025421142578 0 93.82500457763672 49.51633071899414 129.75413513183594 80.18512725830078 0 96.80193328857422 65.32869720458984 128.73345947265625 82.73320007324219 3 35.526023864746094 62.47638702392578 74.0954818725586 83.51294708251953 7 78.6349105834961 83.55692291259766 119.73046875 101.31036376953125
8 6.86830997467041 21.039045333862305 37.6486930847168 41.938201904296875
5 38.63648223876953 37.35768508911133 71.49507904052734 54.10687255859375 0 37.24924087524414 60.29400634765625 65.7295913696289 76.69004821777344
4 36.82964324951172 15.809630393981934 69.7506103515625 34.7139892578125 1 30.786039352416992 33.55382537841797 64.7479476928711 48.95769119262695 4 19.650428771972656 20.018190383911133 60.4226188659668 45.048973083496094
1 9.453009605407715 6.481055736541748 32.07107925415039 20.811399459838867 0 9.413351058959961 20.91820526123047 32.835227966308594 37.185211181640625
5 15.400382041931152 21.099166870117188 36.40947341918945 34.244686126708984 2 16.638763427734375 5.898288726806641 37.532527923583984 18.14425277709961 2 15.243769645690918 9.669089317321777 35.2519645690918 21.047075271606445
7 9.398255348205566 8.623956680297852 28.449222564697266 20.749881744384766 0 9.133587837219238 18.66971206665039 28.004684448242188 30.593311309814453
3 57.073429107666016 81.18280029296875 146.55697631835938 122.28874969482422
3 13.103215217590332 33.56254196166992 50.27275085449219 51.49135208129883
7 8.36574935913086 5.917586803436279 27.27837371826172 19.533376693725586
4 11.667842864990234 29.16637420654297 43.60789489746094 48.79043197631836 4 12.08609676361084 19.726333618164062 42.82569122314453 37.10624694824219 4 18.91790771484375 34.57106399536133 47.41175079345703 54.851654052734375 8 8.840021133422852 37.79225540161133 46.917850494384766 59.90678024291992
9 8.139047622680664 15.882391929626465 27.329486846923828 28.30509376525879 8 6.2480854988098145 17.160253524780273 26.632848739624023 26.995567321777344 4 5.60870885848999 4.256678581237793 26.831071853637695 16.389083862304688
4 5.658237934112549 18.689748764038086 27.028263092041016 31.414735794067383 2 5.376780033111572 2.990314483642578 27.674179077148438 16.119234085083008
4 3.5197112560272217 17.27495574951172 25.98281478881836 30.84589195251465 3 2.9510042667388916 4.552685737609863 25.220720291137695 19.095081329345703
8 15.04769515991211 57.584327697753906 37.52525329589844 70.45654296875 2 12.159481048583984 45.09964370727539 35.70172119140625 60.434017181396484
2 13.819281578063965 24.248018264770508 38.61438751220703 39.884376525878906
1 19.042984008789062 30.151636123657227 43.10676193237305 41.06831741333008
2 8.886737823486328 15.54754638671875 40.46675109863281 30.081865310668945 5 6.54855489730835 28.062597274780273 38.68737030029297 43.55469512939453
0 19.11496925354004 12.045151710510254 51.20932388305664 31.15447235107422 0 17.954809188842773 28.368070602416992 48.862831115722656 47.67582702636719
1 8.536800384521484 2.9776611328125 40.010677337646484 18.77910804748535
1 47.34842300415039 29.494382858276367 81.49571990966797 44.53288650512695 1 50.68729782104492 40.58903503417969 80.20183563232422 52.48139190673828 3 45.99015426635742 55.053768157958984 81.23212432861328 72.48479461669922
6 9.735003471374512 25.411561965942383 40.14065933227539 41.43302536010742 8 10.966556549072266 7.942910194396973 40.88692855834961 24.757583618164062
5 12.696345329284668 21.794649124145508 55.29799270629883 41.269657135009766
7 17.0711612701416 34.046627044677734 55.29029083251953 61.63523483276367
8 5.766019821166992 2.9393856525421143 28.532878875732422 17.738861083984375 2 5.287294387817383 1.1637647151947021 28.556398391723633 14.905118942260742 4 7.237629413604736 17.61824607849121 29.580204010009766 31.30756950378418
1 9.394248008728027 18.124013900756836 35.081180572509766 30.643354415893555 8 8.654268264770508 32.699462890625 35.6597900390625 47.23253631591797
9 44.705379486083984 71.32400512695312 70.58861541748047 93.0511474609375 6 10.108356475830078 60.672691345214844 71.818115234375 117.97322845458984 2 85.75352478027344 91.9833984375 135.57537841796875 136.5122528076172 1 30.621286392211914 11.644608497619629 88.31639099121094 35.685829162597656
7 27.044750213623047 43.00638198852539 61.58837127685547 56.21495819091797 8 20.558883666992188 50.578514099121094 54.298431396484375 65.00355529785156 1 12.603765487670898 35.12717056274414 54.186065673828125 58.86531448364258

5 5.004693508148193 18.897390365600586 32.484375 33.550968170166016 3 5.347614288330078 6.590269088745117 34.029457092285156 19.58025550842285
1 76.60530090332031 29.122230529785156 120.91876983642578 51.29730987548828
9 20.342832565307617 0.8514191508293152 48.536285400390625 15.854938507080078 4 21.814706802368164 19.436546325683594 48.74112319946289 34.385520935058594
4 69.62614440917969 33.496002197265625 102.36727905273438 51.35331344604492
9 12.877058982849121 6.276556015014648 37.70867156982422 20.962024688720703 7 9.506473541259766 21.033161163330078 37.05434036254883 34.97523498535156 1 12.6832914352417 20.31250762939453 37.86443328857422 32.99529266357422
6 29.851110458374023 120.01911926269531 69.8910140991211 148.6712188720703 6 17.14756202697754 124.53345489501953 54.72210693359375 144.15716552734375 2 26.644262313842773 111.31491088867188 60.93251419067383 129.90782165527344
1 83.3758773803711 40.87517547607422 119.48469543457031 60.42782211303711 6 89.27588653564453 53.12405014038086 122.7409896850586 78.66927337646484
6 7.191318988800049 16.828323364257812 31.337465286254883 30.5458927154541 2 6.569062232971191 3.7976067066192627 30.87220573425293 17.944114685058594
9 15.933539390563965 62.488731384277344 50.868377685546875 79.90153503417969 2 34.512332916259766 -0.11546700447797775 68.86970520019531 16.331958770751953
2 6.41971492767334 19.013784408569336 34.505699157714844 35.606689453125 5 10.62950611114502 4.938983917236328 36.98918533325195 20.841999053955078
3 20.13886260986328 29.783905029296875 44.35173034667969 43.48530960083008 8 16.786510467529297 27.015705108642578 45.145565032958984 41.91889572143555
2 22.615455627441406 9.662407875061035 53.23601531982422 28.106603622436523
8 44.05221939086914 75.71823120117188 69.15630340576172 90.87651062011719
1 18.83100128173828 3.333637237548828 49.1070671081543 18.461185455322266 5 20.336740493774414 15.69970989227295 46.06172561645508 30.485002517700195

1 14.242696762084961 21.637311935424805 52.154197692871094 36.855560302734375 5 15.479589462280273 35.428829193115234 51.3036994934082 58.199363708496094
4 16.06456756591797 14.35925579071045 34.79661178588867 23.860612869262695 1 14.227356910705566 2.30981707572937 34.303218841552734 11.734495162963867
6 11.336254119873047 52.37699508666992 55.97964859008789 78.94892883300781 3 22.491195678710938 30.991418838500977 69.0773696899414 56.68319320678711 6 35.75421142578125 13.682378768920898 84.21428680419922 40.74918746948242
3 7.129496097564697 0.4443550109863281 31.044404983520508 12.979826927185059 5 10.885763168334961 1.2368345260620117 32.291419982910156 12.240339279174805
3 32.850425720214844 86.10591888427734 70.3747787475586 111.13089752197266 1 15.988207817077637 21.790573120117188 46.77773666381836 42.310760498046875
2 10.373470306396484 42.84977722167969 51.08340835571289 63.81169509887695 7 3.9425370693206787 16.735780715942383 48.4910774230957 35.46700668334961
6 14.795820236206055 18.680057525634766 55.889713287353516 39.82575607299805 0 12.710070610046387 38.284603118896484 55.00581741333008 66.14956665039062 1 13.68972396850586 2.369767904281616 55.9126091003418 19.216766357421875
4 16.41275978088379 9.668196678161621 53.27277755737305 30.17803382873535 1 22.465641021728516 14.149353981018066 53.989253997802734 32.632469177246094 4 17.592514038085938 47.49910354614258 54.783546447753906 71.5858383178711 2 19.139503479003906 28.737882614135742 52.313602447509766 52.16899108886719
2 7.308655261993408 29.069570541381836 37.504798889160156 43.40289306640625
5 3.3383371829986572 7.880489349365234 25.562273025512695 23.281627655029297
6 11.090450286865234 25.71293830871582 43.89304733276367 39.29314422607422 3 18.27846336364746 8.902230262756348 46.08210372924805 25.151987075805664
9 13.25582504272461 56.94710922241211 64.66700744628906 80.180419921875

6 29.2969970703125 57.256526947021484 67.89962005615234 76.306396484375 1 7.990498065948486 68.99700164794922 59.3779411315918 94.33980560302734 1 37.787322998046875 63.91191864013672 68.0588150024414 78.29366302490234 1 38.23659896850586 75.63928985595703 68.30958557128906 92.53612518310547 1 36.19314956665039 56.75406265258789 70.23748779296875 72.40838623046875
9 49.507564544677734 97.907958984375 81.10558319091797 112.91203308105469
1 18.896360397338867 10.929572105407715 43.52545928955078 28.24383544921875
8 15.276954650878906 17.807374954223633 39.93860626220703 29.871950149536133 9 10.13425064086914 33.326351165771484 36.990562438964844 50.046600341796875
5 41.03560256958008 80.20000457763672 73.39193725585938 95.66661071777344
0 25.62771987915039 42.36648941040039 51.861915588378906 60.7606201171875 6 25.46207618713379 40.900413513183594 51.27711868286133 58.61993408203125 0 24.337631225585938 19.336181640625 50.86785125732422 35.98804473876953
4 18.444931030273438 99.81399536132812 63.42022705078125 126.25961303710938 6 65.58829498291016 32.14222717285156 112.0920639038086 71.47586059570312 0 44.93537902832031 74.37779998779297 93.04820251464844 101.52472686767578 6 40.1937370300293 73.16537475585938 91.2489013671875 98.51172637939453
7 6.868375301361084 6.45271110534668 32.27576446533203 26.009292602539062
6 8.803255081176758 11.056388854980469 42.371925354003906 33.643585205078125
1 21.567792892456055 27.41313362121582 52.03807830810547 40.47732925415039 1 26.35251808166504 30.630340576171875 59.084774017333984 43.579402923583984 2 20.135892868041992 41.72435760498047 53.45720672607422 55.080257415771484 3 25.414695739746094 39.67855453491211 59.51984405517578 57.63031005859375
0 48.39450454711914 65.2897720336914 87.99169158935547 80.9618911743164 1 51.62997817993164 37.56271743774414 87.48155212402344 55.88673782348633
8 3.460696220397949 9.848243713378906 21.383834838867188 21.009105682373047
2 5.934510231018066 15.502262115478516 25.542936325073242 31.069427490234375 3 6.376959800720215 0.9171515703201294 25.192787170410156 13.167333602905273 2 5.975050926208496 6.818485260009766 25.58929443359375 19.79684829711914
1 44.331233978271484 21.327409744262695 75.70415496826172 36.92494583129883
5 15.982065200805664 41.93587112426758 60.626502990722656 67.18260192871094 1 23.300846099853516 2.7412898540496826 64.56763458251953 23.478805541992188
6 7.794771194458008 4.054910182952881 30.186084747314453 19.194194793701172 9 9.409306526184082 19.31500816345215 31.73238754272461 32.78520965576172

1 19.868328094482422 6.657797813415527 46.755611419677734 16.55174446105957 0 20.263599395751953 15.109389305114746 48.847591400146484 28.458698272705078 8 21.381498336791992 34.313968658447266 50.557376861572266 48.24542999267578
3 17.487016677856445 30.208675384521484 37.55710983276367 44.54299545288086 0 14.528749465942383 42.70362854003906 37.21125030517578 56.98972702026367
6 55.77676773071289 58.7321662902832 87.68997955322266 74.99916076660156 2 62.336029052734375 44.356483459472656 89.84945678710938 60.46977233886719
5 10.665595054626465 12.984756469726562 33.51234436035156 26.612897872924805 5 8.246848106384277 20.27159309387207 33.20631790161133 32.66373825073242 5 10.873655319213867 23.41478729248047 33.67688751220703 38.16991424560547
9 28.829458236694336 20.750463485717773 75.5166015625 46.866756439208984
4 112.93504333496094 89.65717315673828 141.026123046875 103.67486572265625 7 106.9783935546875 110.35218811035156 139.34906005859375 132.02598571777344 4 104.88301849365234 100.44380950927734 143.30593872070312 117.2039794921875 2 99.97491455078125 96.1817855834961 138.3012237548828 115.5074691772461
1 120.16912078857422 24.555273056030273 145.29995727539062 41.99224090576172 4 89.32962799072266 10.991942405700684 129.43231201171875 34.72548294067383 1 107.39544677734375 54.0727653503418 133.01747131347656 69.82059478759766 4 85.14098358154297 56.4688720703125 115.5379638671875 83.45024108886719 0 99.09758758544922 74.11630249023438 135.104736328125 94.47777557373047
4 131.27056884765625 6.90683126449585 197.42526245117188 44.40715408325195 1 86.60250854492188 72.63977813720703 162.0408172607422 131.07020568847656 3 63.56162643432617 153.5663299560547 126.78271484375 187.69424438476562 1 139.14756774902344 60.6905517578125 181.98887634277344 90.86898040771484
3 33.78074264526367 46.871543884277344 66.91474151611328 63.45466613769531 2 33.51839828491211 16.522483825683594 69.31320190429688 37.0808219909668
1 35.06980895996094 9.072196960449219 59.63199234008789 21.961454391479492 1 39.94381332397461 18.877052307128906 62.31718444824219 30.589651107788086
1 11.366188049316406 2.393683910369873 38.975502014160156 16.203298568725586 5 13.26354694366455 23.511375427246094 40.78266906738281 38.204742431640625
1 131.3809051513672 100.8006362915039 191.99168395996094 131.0769805908203 7 92.07511138916016 128.42674255371094 201.92994689941406 174.04342651367188 3 99.52597045898438 75.03392791748047 200.95529174804688 129.25668334960938
7 21.769908905029297 51.73624801635742 51.82780456542969 65.92059326171875
1 26.203081130981445 49.7384033203125 69.38294219970703 68.67493438720703
8 9.30996036529541 23.203853607177734 41.38611602783203 42.7470817565918 1 9.944190979003906 7.706552505493164 43.823429107666016 22.0725154876709
4 7.527437210083008 16.977298736572266 33.6948356628418 31.40386390686035 7 6.422031879425049 3.7083566188812256 30.9741268157959 18.307886123657227 1 8.655168533325195 16.023563385009766 34.14759063720703 30.731922149658203
4 7.472350597381592 7.465972900390625 30.314680099487305 19.39794158935547 2 7.839155197143555 19.88027572631836 29.980825424194336 30.77991485595703
2 8.285865783691406 13.732439994812012 38.56318664550781 29.173654556274414 0 9.537549018859863 28.226295471191406 39.15909194946289 40.617862701416016
6 36.42863845825195 31.57147216796875 78.2677230834961 57.87986755371094 6 22.78799057006836 27.785850524902344 67.23497009277344 54.80997848510742
6 13.54715347290039 13.007225036621094 39.629432678222656 32.514156341552734 9 21.7822322845459 16.855716705322266 44.488563537597656 31.334863662719727
6 7.358695030212402 14.349421501159668 42.53573226928711 39.308223724365234
6 28.24754524230957 12.054302215576172 87.3793716430664 48.80019760131836 1 18.298812866210938 42.673892974853516 71.45970153808594 58.75093460083008 0 16.433345794677734 55.79841613769531 77.08190155029297 91.48926544189453
7 47.90373992919922 77.70281982421875 102.36473083496094 108.87429809570312
2 17.616979598999023 8.23471736907959 53.6101188659668 28.74724578857422 1 16.047954559326172 36.024986267089844 50.10763931274414 49.098228454589844
0 22.61719512939453 106.14781951904297 102.58671569824219 173.0706329345703 0 16.246871948242188 122.58767700195312 94.77946472167969 154.04627990722656
3 4.672333717346191 3.5718212127685547 27.830041885375977 17.699527740478516 2 5.279016494750977 14.97071361541748 28.10930633544922 29.962684631347656 4 8.975637435913086 15.866251945495605 28.019189834594727 28.083086013793945
3 13.550522804260254 24.904674530029297 54.36455154418945 51.8636474609375 1 12.289605140686035 2.5965516567230225 55.00365447998047 21.18157196044922

2 21.89433479309082 26.475908279418945 42.213172912597656 39.42591857910156 5 21.49319839477539 47.830501556396484 42.96133041381836 61.99101638793945 5 22.51731300354004 34.16280746459961 42.737911224365234 47.150089263916016
7 16.744598388671875 37.36039733886719 105.82439422607422 89.31764221191406
3 23.26659393310547 63.76014709472656 64.22156524658203 81.15686798095703
8 22.543058395385742 45.81095886230469 66.25723266601562 72.90650939941406
5 3.968658447265625 5.358789443969727 29.112226486206055 19.49613380432129
8 50.040531158447266 59.48202133178711 121.70341491699219 101.29499816894531 7 57.182373046875 97.06681823730469 123.19637298583984 142.9302978515625 6 23.777265548706055 105.03265380859375 84.10565185546875 140.3280029296875
6 6.424361228942871 7.985063076019287 39.60408401489258 25.40104866027832
1 17.951858520507812 13.036153793334961 40.57269287109375 25.096738815307617 4 15.834296226501465 12.510688781738281 38.87826919555664 25.198034286499023 3 15.349666595458984 28.495250701904297 37.76679611206055 41.456634521484375
7 36.37194061279297 53.94692611694336 76.20379638671875 70.5629653930664
9 11.688811302185059 30.32019805908203 69.4052505493164 77.5081558227539
2 24.615556716918945 42.98994064331055 55.55438232421875 62.8450813293457
2 33.91267776489258 36.33230209350586 62.17283248901367 53.751163482666016 1 33.39832305908203 11.794465065002441 65.95083618164062 24.049291610717773 7 30.324827194213867 24.848520278930664 60.62923812866211 42.65907287597656
5 14.975587844848633 20.59712791442871 43.144866943359375 40.88288497924805
2 9.192346572875977 0.3786175549030304 42.250022888183594 22.68008041381836 6 10.34777545928955 35.70573043823242 41.44908142089844 52.976104736328125 8 12.745689392089844 19.43553352355957 43.13362503051758 36.48554229736328
7 6.091096878051758 12.640341758728027 36.25025177001953 28.742839813232422 7 10.88744831085205 21.803504943847656 35.26847839355469 34.70783233642578
5 9.283567428588867 24.682836532592773 36.702213287353516 41.63887023925781
0 29.690486907958984 105.3758544921875 92.9609146118164 132.47442626953125 9 50.44144821166992 104.03091430664062 105.39262390136719 135.82225036621094
1 18.260074615478516 26.629552841186523 44.55146408081055 41.30961990356445 6 19.60691261291504 18.910266876220703 44.891090393066406 32.13932418823242
3 24.429046630859375 35.8123664855957 50.7863655090332 51.523197174072266
2 1.5751696825027466 0.492075651884079 20.10513687133789 13.657516479492188 6 2.2896816730499268 2.6267364025115967 19.837604522705078 14.129878044128418
3 48.8900032043457 46.18155288696289 96.2872314453125 70.03044891357422 9 46.96477508544922 74.18211364746094 88.42718505859375 96.00460052490234
4 8.555071830749512 24.126462936401367 31.390310287475586 35.375003814697266
0 14.376158714294434 16.76519775390625 35.03675079345703 29.08331298828125
2 37.523258209228516 9.36567211151123 126.74162292480469 54.640953063964844 0 33.505531311035156 24.63050079345703 91.93785858154297 50.606319427490234

4 5.900627136230469 6.95979642868042 28.905719757080078 21.085912704467773 6 7.201550006866455 23.067703247070312 28.69795799255371 34.72346496582031
2 4.081884384155273 0.8734434843063354 29.562965393066406 17.093238830566406
3 61.76504135131836 3.0557236671447754 119.67672729492188 30.45110321044922
9 31.548381805419922 43.78019714355469 67.64620208740234 61.10779571533203
6 22.113862991333008 23.324607849121094 75.23880004882812 52.46571731567383 6 11.481539726257324 49.8668327331543 68.56157684326172 78.76240539550781
1 54.12661361694336 59.66952133178711 130.92408752441406 93.9542236328125 6 61.745521545410156 88.78685760498047 130.3012237548828 123.26821899414062 0 60.98454284667969 132.86563110351562 136.33670043945312 165.4615478515625
2 6.345475196838379 10.76241397857666 31.57906723022461 23.67623519897461 8 7.358938694000244 24.422733306884766 33.40550994873047 37.93821334838867
2 72.8403091430664 51.764286041259766 96.1087417602539 70.86176300048828
6 90.23699951171875 37.243961334228516 128.3223419189453 53.066802978515625 8 88.9151611328125 49.70082092285156 128.75819396972656 66.13678741455078
8 14.689018249511719 21.77487564086914 37.89130401611328 34.32504653930664
2 7.261598110198975 18.115478515625 30.05615234375 34.4873046875 2 7.422677040100098 27.19794464111328 29.997655868530273 41.06733703613281
5 17.9532413482666 40.12281799316406 47.636470794677734 58.678714752197266
1 78.275634765625 18.5872745513916 100.83356475830078 31.529216766357422 4 81.31901550292969 32.722442626953125 103.92434692382812 44.73268127441406
1 7.822124481201172 3.988569498062134 33.15364456176758 20.752025604248047
2 8.87173843383789 8.203091621398926 30.548171997070312 22.728063583374023
2 7.717891216278076 7.0426812171936035 31.37127685546875 18.021438598632812 8 6.978678226470947 20.198701858520508 31.370281219482422 34.96617126464844 4 7.213428497314453 1.1686760187149048 31.719112396240234 15.578423500061035
3 72.61036682128906 100.22579193115234 114.0981216430664 119.48799133300781 5 70.26365661621094 97.39187622070312 120.3116683959961 122.0791015625 9 24.009521484375 84.9956283569336 86.31656646728516 112.05350494384766 3 65.58255767822266 116.45272064208984 107.67921447753906 139.61834716796875
2 5.917809009552002 4.414149761199951 34.58016586303711 19.65709686279297
3 24.067140579223633 78.62529754638672 94.41121673583984 120.37311553955078 2 38.968666076660156 14.809226989746094 107.370361328125 58.33665084838867 2 25.29105567932129 30.19282341003418 101.48321533203125 72.13276672363281
6 39.909847259521484 103.94568634033203 82.187255859375 124.91554260253906
1 4.869550704956055 14.251543998718262 43.23440933227539 37.864959716796875
3 15.33372688293457 23.249191284179688 35.38873291015625 37.051326751708984
3 6.061807155609131 9.024019241333008 33.934776306152344 24.63728141784668
4 10.189467430114746 14.993935585021973 30.040372848510742 27.970556259155273
2 19.046842575073242 12.353550910949707 87.33649444580078 40.63677978515625 6 13.049620628356934 42.294288635253906 82.7044906616211 74.27400970458984
0 12.403677940368652 53.76694869995117 41.445674896240234 71.89845275878906
1 94.39551544189453 16.614429473876953 122.92227935791016 30.09865951538086
1 13.144694328308105 100.45923614501953 49.59891128540039 117.4764175415039
2 4.50355863571167 11.278618812561035 32.11313247680664 26.9484806060791
2 7.977614879608154 42.08845901489258 44.3701286315918 60.67234802246094 5 11.622577667236328 13.97608757019043 48.9124755859375 38.25159454345703
5 44.39454650878906 94.88172149658203 82.11023712158203 115.54051208496094 5 25.265470504760742 71.22058868408203 75.34059143066406 98.6418685913086
2 6.653830528259277 5.703113079071045 31.90537452697754 21.52041244506836 5 7.1515326499938965 22.078025817871094 33.702186584472656 39.009117126464844
5 5.854602813720703 19.988117218017578 37.412696838378906 41.73517608642578 1 6.079959392547607 3.4953880310058594 38.25594711303711 19.179656982421875
7 5.913093090057373 17.502002716064453 34.50627136230469 30.99664306640625
2 10.723207473754883 8.808014869689941 43.81482696533203 23.99345588684082
8 7.4972825050354 21.17624855041504 32.83363342285156 35.50078201293945
1 16.916797637939453 0.34599804878234863 44.74588394165039 11.3546781539917 5 12.164322853088379 12.5322265625 48.41621017456055 37.277156829833984 8 16.97263526916504 38.402828216552734 46.8278923034668 59.171512603759766
2 7.207499980926514 20.039480209350586 41.4245719909668 41.55919647216797
9 58.44913864135742 16.22638702392578 82.5819320678711 34.165470123291016
0 9.195747375488281 25.529747009277344 42.22040939331055 43.91530990600586
7 64.0713119506836 110.06227111816406 108.63880920410156 130.58282470703125 7 74.8740463256836 85.85681915283203 121.23773193359375 111.75253295898438 2 70.1552734375 92.8759994506836 102.97589874267578 110.18032836914062 1 -2.0522778034210205 35.41170120239258 44.41581344604492 67.57006072998047
3 8.977617263793945 21.60938835144043 33.43388366699219 36.25120162963867 4 8.132332801818848 6.494865417480469 33.253150939941406 20.263784408569336
3 4.689796447753906 14.365833282470703 22.320655822753906 24.607852935791016
2 33.172061920166016 65.8155517578125 65.1611099243164 81.29224395751953 1 60.03013610839844 43.134769439697266 98.5311050415039 65.87461853027344
5 14.479541778564453 15.591506958007812 38.24220275878906 30.525230407714844
9 7.255835056304932 29.822519302368164 31.67828369140625 42.8846549987793

1 20.3355712890625 31.625049591064453 55.439022064208984 45.21994400024414 1 18.349159240722656 15.915596008300781 52.154117584228516 37.34336471557617
7 38.35453414916992 41.5249137878418 63.58921432495117 55.871150970458984 7 39.34296798706055 30.153852462768555 60.64374923706055 42.98656463623047
5 95.89055633544922 52.31110763549805 156.6807861328125 79.73562622070312

9 5.693461894989014 27.566547393798828 30.17778205871582 39.19982147216797 3 6.491568565368652 6.7130231857299805 29.66449737548828 19.7753849029541 2 6.275115966796875 20.039705276489258 30.192829132080078 32.19514465332031
6 75.73130798339844 147.93824768066406 147.6648406982422 189.6822509765625
1 11.377429008483887 27.959552764892578 57.04848098754883 51.59986114501953
8 9.638299942016602 10.064748764038086 66.05126953125 39.44676208496094
9 6.71033239364624 12.530294418334961 34.25396728515625 26.943519592285156
5 45.14747619628906 27.44556999206543 89.2157974243164 61.89556121826172 1 53.0944938659668 33.30314636230469 93.6528549194336 60.29018783569336

9 13.174323081970215 46.19883728027344 56.52598190307617 70.58605194091797 5 12.590738296508789 48.37443542480469 59.90159225463867 70.99267578125
6 4.164644718170166 22.319643020629883 37.6551399230957 44.63941192626953 9 4.126839637756348 1.0726815462112427 38.39117431640625 20.837881088256836 2 3.9256627559661865 2.398024559020996 38.69562530517578 23.517032623291016
1 4.728029251098633 0.12753766775131226 29.209238052368164 12.59449577331543 8 2.2876341342926025 13.050636291503906 28.59114646911621 31.151294708251953
3 27.86260223388672 1.8023866415023804 61.860355377197266 18.64927864074707 9 26.798446655273438 17.495716094970703 59.29950714111328 38.0448112487793
1 8.421704292297363 26.447826385498047 45.009342193603516 39.88105392456055 1 8.171085357666016 41.791969299316406 44.68581008911133 56.63683319091797
2 37.209129333496094 15.903504371643066 62.860496520996094 34.21575927734375 5 31.60968780517578 2.1252377033233643 61.89268493652344 18.819595336914062
4 38.440216064453125 32.31388473510742 134.9556121826172 72.73582458496094 1 35.63358688354492 12.031469345092773 143.23394775390625 73.86271667480469 9 34.86033248901367 82.1369857788086 128.09120178222656 141.7521514892578
2 55.26643371582031 35.039737701416016 87.11991119384766 53.06224060058594 7 38.3460807800293 33.10696792602539 85.46269226074219 66.28509521484375
9 11.636144638061523 21.304759979248047 33.24372863769531 33.030181884765625 3 15.131539344787598 20.250511169433594 34.09572982788086 29.477338790893555

8 7.832859992980957 27.957002639770508 37.24905776977539 43.61016082763672 3 7.727066516876221 10.97968864440918 37.8072509765625 27.83678436279297
2 10.891768455505371 36.695091247558594 39.0180778503418 56.92469024658203 2 14.224617004394531 24.6826114654541 42.5837516784668 41.54888916015625
1 9.66000747680664 67.72181701660156 38.04645538330078 91.33594512939453
1 12.714893341064453 13.6408109664917 39.131568908691406 23.865510940551758 1 10.690086364746094 1.77272367477417 38.0755729675293 14.482154846191406 4 13.777897834777832 24.941713333129883 41.60710525512695 37.895912170410156
0 15.575504302978516 25.3585262298584 41.70620346069336 40.44455337524414 6 8.146265029907227 22.375173568725586 41.65827560424805 42.43524169921875
1 6.206474304199219 11.58668327331543 41.27817916870117 27.70477867126465

9 17.027189254760742 34.5113525390625 42.46095657348633 47.25891876220703 3 17.88904571533203 14.77912425994873 43.32329559326172 29.852258682250977 1 17.52631378173828 18.637479782104492 43.22642135620117 30.56308364868164
0 56.124595642089844 62.83003616333008 84.38594818115234 82.90504455566406
0 32.541996002197266 24.758712768554688 69.26469421386719 42.273292541503906 1 28.768808364868164 3.8213043212890625 66.18903350830078 18.091020584106445
8 17.203161239624023 25.11553382873535 41.5386962890625 37.75014114379883
4 10.021005630493164 7.777297019958496 35.87612533569336 24.99009895324707
7 22.52812957763672 17.69301414489746 87.14228057861328 47.36109161376953 9 25.371864318847656 51.16081237792969 88.78426361083984 83.92356872558594 1 18.21796417236328 16.757320404052734 86.72587585449219 47.98782730102539 0 20.931026458740234 54.62488555908203 87.96171569824219 86.4614028930664

3 24.375471115112305 37.5108642578125 114.47081756591797 68.5184326171875 1 21.26337242126465 5.335909843444824 106.04387664794922 37.823822021484375 0 18.429590225219727 78.18306732177734 110.73200225830078 116.18263244628906
2 109.76166534423828 128.8096160888672 147.27130126953125 151.76976013183594 4 91.99237823486328 149.94781494140625 145.2357940673828 176.77328491210938 7 107.0791015625 117.57909393310547 158.86000061035156 147.9389190673828 4 50.37470626831055 163.3014373779297 114.01551818847656 191.74435424804688
9 7.355916976928711 13.290899276733398 30.91985321044922 26.376718521118164
0 19.46160125732422 33.80634689331055 45.44036102294922 47.4385986328125 0 22.901262283325195 44.38246536254883 48.27154541015625 58.477699279785156 4 13.790992736816406 18.5906925201416 41.02241516113281 37.496097564697266
3 2.257009983062744 23.77065658569336 41.19268035888672 45.183197021484375
6 2.741927146911621 10.166301727294922 24.089908599853516 23.910720825195312
2 6.832585334777832 0.3577542304992676 28.984844207763672 13.256335258483887 7 6.656181812286377 15.218653678894043 27.977506637573242 27.541284561157227
2 67.13478088378906 77.17792510986328 97.3518295288086 93.14643096923828 2 58.336585998535156 65.4986572265625 89.6152114868164 80.91484069824219 2 63.43377685546875 62.80784606933594 90.13212585449219 75.39305877685547
5 7.820279598236084 10.752077102661133 35.72457504272461 27.053373336791992 1 8.365019798278809 25.6025390625 35.39353942871094 37.286746978759766
2 11.67121696472168 21.294286727905273 33.179141998291016 31.791534423828125 1 7.580065727233887 33.448585510253906 29.978261947631836 42.11916732788086
2 34.862606048583984 50.04442596435547 68.6711196899414 67.91468048095703 1 10.732314109802246 24.7109432220459 56.697635650634766 42.69430923461914
5 4.654756546020508 13.929798126220703 25.635534286499023 29.603870391845703
4 8.028844833374023 30.765945434570312 34.24122619628906 40.69279479980469 1 6.648608684539795 20.56781005859375 32.72397994995117 30.283845901489258
2 13.632366180419922 18.81328773498535 54.23267364501953 37.65590286254883 1 11.328704833984375 38.863643646240234 48.88306427001953 55.47758483886719
3 7.346380710601807 -0.04393315687775612 34.29176330566406 13.788108825683594 9 7.691986560821533 14.007179260253906 33.68763732910156 30.740280151367188
6 38.94371032714844 29.51604652404785 74.13656616210938 50.53797149658203 9 20.56797218322754 36.03461837768555 60.81350326538086 67.3779525756836
4 13.654261589050293 34.10791778564453 41.54974365234375 55.717872619628906 4 16.896791458129883 17.76137351989746 43.493770599365234 39.515724182128906
5 9.779129028320312 25.68375587463379 42.105430603027344 48.37663269042969
2 3.7522974014282227 15.406593322753906 27.55035972595215 30.37871551513672
7 105.99805450439453 98.30364990234375 141.12298583984375 120.02823638916016 5 101.42272186279297 106.96707916259766 139.3802947998047 126.94152069091797 0 108.4358139038086 123.07897186279297 143.25144958496094 142.9801788330078
9 12.274250984191895 34.28546142578125 44.91073989868164 49.695682525634766
2 16.5240535736084 10.309052467346191 40.51129150390625 24.14018440246582 2 16.582265853881836 4.232388973236084 35.286678314208984 15.780376434326172 2 10.086565017700195 2.281451463699341 33.1413688659668 21.53728675842285
3 17.180885314941406 51.02224349975586 45.614471435546875 62.67451858520508 6 17.78118133544922 62.503387451171875 44.63874816894531 75.2103271484375
6 20.949920654296875 13.845255851745605 49.73870086669922 29.216947555541992
1 17.818330764770508 25.992895126342773 46.550132751464844 41.37251663208008
6 48.17455291748047 27.565908432006836 117.37261962890625 69.44931030273438
3 4.528383731842041 16.945148468017578 32.4221076965332 30.835735321044922 2 4.907535076141357 0.29677462577819824 33.00711441040039 14.776528358459473
6 13.084441184997559 30.305278778076172 59.70458221435547 66.16712188720703 2 12.4609375 0.2796100676059723 61.41298294067383 31.774818420410156
4 31.44611167907715 73.64082336425781 67.82459259033203 91.12226867675781
2 22.878381729125977 32.66057586669922 67.86289978027344 54.684749603271484 1 14.79856014251709 53.75402069091797 57.59530258178711 73.76045989990234
9 8.667646408081055 5.440717697143555 25.735692977905273 18.26832389831543 5 7.1950531005859375 18.707185745239258 26.031360626220703 31.397558212280273
8 7.4108195304870605 5.790197849273682 36.140254974365234 26.117843627929688
2 9.186562538146973 2.124171018600464 64.28592681884766 28.678804397583008 2 9.073726654052734 23.119998931884766 69.38826751708984 47.83308029174805 2 10.03647518157959 54.44771957397461 66.56968688964844 81.85533905029297
2 24.53113555908203 39.59858703613281 56.78817367553711 56.65193557739258 2 20.00273323059082 32.02312088012695 53.953678131103516 53.80052947998047 4 23.49356460571289 57.01248550415039 55.78008270263672 73.09257507324219
3 1.5740020275115967 1.7896610498428345 19.429149627685547 13.704586029052734
3 8.773449897766113 12.021465301513672 41.06626510620117 31.79293441772461 0 8.131427764892578 33.84571838378906 41.15996170043945 52.10212326049805
9 99.46036529541016 53.034873962402344 139.89527893066406 78.91112518310547

4 11.729204177856445 31.698986053466797 41.938072204589844 48.05474090576172 2 7.634000301361084 7.451174736022949 36.901119232177734 24.67979621887207 2 9.310515403747559 26.342132568359375 40.75239562988281 42.07244873046875
4 28.55276107788086 3.384239673614502 71.19511413574219 28.54877281188965 7 20.063838958740234 34.371490478515625 60.299747467041016 61.00575637817383

8 131.41098022460938 87.64226531982422 167.956298828125 110.03219604492188 5 131.1791534423828 103.60675811767578 167.30374145507812 124.56148529052734 1 34.958744049072266 157.02420043945312 125.73279571533203 198.3239288330078
3 6.766155242919922 7.3029985427856445 33.024356842041016 24.97874641418457 5 6.748554229736328 0.9107874035835266 32.57245635986328 16.068744659423828
6 102.35706329345703 28.92993927001953 135.87664794921875 47.10539627075195
4 22.3754825592041 55.881561279296875 84.38800048828125 86.12832641601562 1 20.53865623474121 27.084754943847656 83.18631744384766 52.10676956176758
1 10.632404327392578 19.71887969970703 62.510581970214844 36.013912200927734 3 9.610278129577637 38.25283432006836 60.471702575683594 67.86978149414062
6 21.030620574951172 32.482444763183594 51.01595687866211 50.38159942626953 1 13.594271659851074 12.677988052368164 43.732643127441406 30.28112030029297 1 19.91561508178711 6.946701526641846 55.44819641113281 29.701988220214844 8 12.287440299987793 28.569320678710938 41.28894805908203 43.4180793762207
2 53.84453582763672 33.20330810546875 88.4645004272461 57.73948287963867 5 54.01984786987305 50.53294372558594 87.32645416259766 70.06912994384766 3 57.641815185546875 19.865510940551758 91.80625915527344 38.63205337524414
0 39.732723236083984 55.37352752685547 80.04022216796875 78.16105651855469
6 3.640289545059204 2.8067128658294678 21.12042999267578 13.599205017089844
6 45.21527099609375 117.22698974609375 85.8561782836914 138.78562927246094
5 5.508399963378906 1.9108079671859741 26.00432586669922 15.481508255004883
3 27.869977951049805 22.127561569213867 66.30555725097656 39.804630279541016 2 32.82120895385742 2.1075475215911865 69.62179565429688 19.06334114074707
9 24.448781967163086 63.96881866455078 67.20085144042969 82.00978088378906
1 11.152440071105957 8.081337928771973 42.37174987792969 27.157501220703125 3 13.46068000793457 35.22426223754883 44.83774948120117 54.01702117919922 6 13.583542823791504 5.865074634552002 45.41666793823242 24.14166259765625 3 8.730132102966309 27.296581268310547 40.8564338684082 48.58990478515625 1 13.912734985351562 4.134789943695068 46.405765533447266 20.100353240966797
2 36.383365631103516 10.79122257232666 67.67768096923828 24.73448371887207 3 28.528593063354492 25.120784759521484 64.15190124511719 44.43939208984375
3 4.334586143493652 9.073430061340332 25.007295608520508 24.75673484802246
8 24.766883850097656 21.32355308532715 45.75517654418945 34.37989807128906 6 19.894739151000977 18.0842227935791 42.82581329345703 31.503578186035156

6 40.449317932128906 121.45399475097656 100.65994262695312 152.105712890625
1 25.693815231323242 8.67883014678955 77.11231231689453 29.692874908447266 5 40.03524398803711 31.87776756286621 72.80307006835938 47.98444747924805 2 40.42333984375 17.85924530029297 73.28095245361328 32.832069396972656

9 15.265754699707031 8.04688549041748 37.866188049316406 24.327014923095703 6 15.086104393005371 0.6365975737571716 37.07558059692383 17.98607063293457 4 10.400580406188965 1.0381338596343994 34.18272018432617 18.4724063873291
5 17.914121627807617 6.312506198883057 50.30237579345703 23.760093688964844
3 6.482794284820557 14.954008102416992 24.14631462097168 26.90740203857422
3 13.156978607177734 19.44225311279297 41.65953063964844 35.75205612182617
5 5.404634475708008 -0.6322632431983948 33.428585052490234 14.681779861450195
8 74.65157318115234 8.642194747924805 119.79735565185547 35.62356185913086 6 112.31024932861328 22.43567657470703 148.9580841064453 39.985355377197266
0 70.6842041015625 84.2785415649414 139.9598846435547 122.57213592529297 7 60.463134765625 117.9765396118164 129.56727600097656 159.96176147460938 1 85.14188385009766 52.26102066040039 166.0854949951172 96.99405670166016
1 22.47536849975586 41.27559280395508 54.31682205200195 54.77675247192383 3 24.16271209716797 56.96392059326172 57.485076904296875 74.57599639892578
0 7.259610652923584 19.890413284301758 34.941524505615234 35.590694427490234 8 6.432006359100342 2.2398736476898193 35.38666915893555 17.593915939331055
4 13.452229499816895 35.39508819580078 35.715824127197266 49.044456481933594 9 13.538931846618652 44.08251953125 34.779083251953125 53.14952850341797

1 16.03777313232422 2.352877378463745 57.53299331665039 18.428701400756836 1 16.652528762817383 14.653602600097656 60.77827835083008 30.876995086669922 1 16.886615753173828 11.540358543395996 57.33980178833008 23.111499786376953
3 14.462957382202148 14.661141395568848 32.52568435668945 26.214731216430664
5 6.571508884429932 11.223150253295898 28.973928451538086 23.57222557067871 1 6.2162957191467285 -0.0035629954654723406 30.623899459838867 9.353351593017578
7 10.498844146728516 29.65128517150879 51.488712310791016 52.12797546386719 6 10.148425102233887 1.0502897500991821 52.00685119628906 21.52375030517578
2 61.2658576965332 68.6641616821289 97.1468276977539 87.87863159179688
4 9.772406578063965 22.057056427001953 37.561729431152344 36.75958251953125 2 9.102435111999512 -0.22175626456737518 39.66659164428711 19.861618041992188
8 43.0447883605957 73.13652801513672 74.06961822509766 87.66239929199219 6 17.71434783935547 70.40570831298828 60.54096221923828 87.85035705566406

3 45.76955795288086 81.19215393066406 76.71688079833984 99.00098419189453
1 24.920246124267578 4.301637172698975 58.944679260253906 23.737529754638672 4 24.848848342895508 54.51882553100586 57.773529052734375 72.82723999023438 0 25.545642852783203 17.210519790649414 55.691307067871094 39.60014724731445
0 4.980219841003418 13.900442123413086 22.496463775634766 24.118635177612305 4 4.006129264831543 2.821068286895752 22.095924377441406 13.55874252319336
1 2.7564752101898193 16.597036361694336 28.047710418701172 26.92853546142578
0 11.21208381652832 44.38469696044922 41.42600631713867 58.00716781616211 5 18.126813888549805 55.435516357421875 46.99675369262695 72.27767944335938 4 12.614830017089844 21.088781356811523 40.374210357666016 36.79562759399414
6 11.148345947265625 9.63650894165039 43.06610107421875 29.43960952758789 1 46.81571960449219 2.1094062328338623 81.83245086669922 22.719324111938477
8 25.444618225097656 83.57801818847656 53.7528076171875 101.4141616821289

1 5.219165325164795 15.160598754882812 25.454561233520508 24.736242294311523 1 7.239290714263916 5.197887420654297 25.761232376098633 14.339447975158691 7 6.0665602684021 4.2800397872924805 25.874561309814453 14.820035934448242
2 10.92911434173584 17.60677146911621 49.853729248046875 39.67448043823242
4 29.339628219604492 72.6177749633789 97.8135757446289 98.42481231689453 0 64.64582061767578 75.6593017578125 99.00381469726562 99.29854583740234 6 24.122501373291016 55.3234977722168 95.36642456054688 82.99994659423828
4 13.835099220275879 11.590725898742676 41.493141174316406 30.324575424194336 3 14.275405883789062 29.00581169128418 40.14039611816406 43.65607452392578 9 12.213798522949219 34.6031608581543 40.807003021240234 51.57099151611328
2 3.5649261474609375 5.365371227264404 21.66399574279785 16.657390594482422
5 12.953995704650879 22.494426727294922 49.789608001708984 40.80054473876953
4 14.667963981628418 0.9710071682929993 41.6129264831543 17.689186096191406 0 16.16104507446289 25.27767562866211 41.85807800292969 42.116607666015625
8 12.774589538574219 1.259818196296692 32.34601593017578 12.181742668151855
3 46.71012496948242 32.18669509887695 81.89544677734375 52.158714294433594
7 12.928631782531738 38.759857177734375 54.84144592285156 61.078189849853516
9 32.32368850708008 64.04206848144531 52.12166976928711 76.5731430053711 4 36.19784927368164 46.900150299072266 58.4183349609375 59.705322265625 1 45.628849029541016 38.059288024902344 79.86360168457031 58.8156623840332
1 12.174646377563477 52.000343322753906 48.8399772644043 67.78218078613281 5 14.862983703613281 37.68574905395508 49.52069854736328 58.19342041015625 2 18.07953643798828 15.360084533691406 55.94519805908203 34.15564727783203 5 18.930072784423828 35.35577392578125 50.881195068359375 50.65495300292969
2 6.230466842651367 9.722325325012207 44.5155029296875 33.92452621459961
4 4.3413801193237305 1.9625381231307983 26.686506271362305 11.589895248413086 9 5.514409065246582 11.02721881866455 26.087778091430664 22.202970504760742 2 6.566593170166016 16.37042236328125 26.710474014282227 29.007200241088867
3 111.22274017333984 192.45947265625 199.9926300048828 231.90724182128906 6 65.27633666992188 201.70359802246094 158.59841918945312 238.69503784179688
3 16.118310928344727 53.161094665527344 82.8793716430664 97.81329345703125 5 18.448450088500977 23.508848190307617 85.31892395019531 63.16089630126953 1 19.142053604125977 -0.37405017018318176 83.55397033691406 25.659366607666016
3 17.34763526916504 43.8040657043457 47.96479797363281 60.09394073486328 4 16.84832763671875 9.283345222473145 42.81049728393555 27.169645309448242 0 17.686237335205078 30.917390823364258 46.56230545043945 45.68423843383789
6 7.084583759307861 27.31493377685547 36.835723876953125 44.16939926147461 0 10.883444786071777 27.726652145385742 39.581974029541016 43.44896697998047
0 24.81538200378418 34.317447662353516 59.049217224121094 56.98163986206055
5 28.560436248779297 31.410808563232422 53.11111831665039 44.3345832824707 2 29.613033294677734 13.44709300994873 55.129268646240234 26.9602108001709 5 27.584304809570312 3.6065304279327393 53.08210372924805 18.1339054107666
6 37.85997009277344 69.91779327392578 81.72711181640625 95.2249755859375 4 24.674394607543945 71.1643295288086 60.77428436279297 93.91724395751953
2 12.770970344543457 7.789287567138672 43.66465377807617 24.334922790527344 9 14.426517486572266 25.00029754638672 42.709110260009766 41.294891357421875
1 8.185308456420898 1.474815011024475 33.70109558105469 13.478202819824219 1 4.47300910949707 5.919257164001465 34.403987884521484 19.845661163330078
1 10.977361679077148 22.244321823120117 64.87068939208984 47.28424072265625 1 9.75413990020752 48.84712600708008 74.72758483886719 72.20465087890625
6 69.09539031982422 58.706451416015625 124.70812225341797 88.26439666748047 2 51.604209899902344 61.12586975097656 104.70259094238281 90.3048095703125
1 15.38133716583252 9.55276870727539 39.26644515991211 21.211610794067383 8 17.42641258239746 22.163776397705078 39.60260772705078 38.093116760253906

7 6.693881988525391 18.44202423095703 32.60417175292969 37.10474395751953
2 8.182544708251953 5.00924015045166 50.42402648925781 33.11243438720703 4 8.747767448425293 29.052108764648438 46.9984130859375 55.07152557373047
2 45.1229133605957 6.8137311935424805 85.55868530273438 23.338260650634766 8 24.610191345214844 26.238412857055664 47.279823303222656 46.56471633911133
8 39.18370819091797 59.88517379760742 67.78114318847656 77.9678726196289 0 39.79465866088867 73.99698638916016 64.64903259277344 91.39400482177734 2 39.43842315673828 47.26437759399414 73.04303741455078 64.13227081298828 3 37.385536193847656 46.44510269165039 74.4535903930664 64.28671264648438 8 33.164207458496094 68.22664642333984 69.01351165771484 91.11080932617188
4 11.126190185546875 22.44966697692871 34.3905143737793 37.76715850830078 6 12.830305099487305 2.364832878112793 33.787445068359375 15.024638175964355 8 12.469465255737305 14.522700309753418 33.77265548706055 31.21355628967285
7 16.755491256713867 39.95125198364258 49.80738830566406 53.6771354675293 2 21.21567726135254 34.189170837402344 51.1467170715332 53.078189849853516 2 18.41345977783203 27.263172149658203 51.779170989990234 41.718963623046875
2 14.49077033996582 21.35114288330078 52.68033981323242 46.883338928222656 9 14.614219665527344 50.4427490234375 51.9152717590332 70.9585952758789
9 21.751279830932617 40.5591926574707 58.75100326538086 61.00200653076172
1 9.951026916503906 30.497295379638672 45.216243743896484 41.748497009277344 1 11.027054786682129 18.476913452148438 45.0192985534668 30.841922760009766
2 50.74464416503906 24.100248336791992 77.80430603027344 37.949378967285156 2 49.99734115600586 7.994986057281494 78.37361145019531 25.64415168762207 2 47.81186294555664 3.4070754051208496 79.84947967529297 19.563182830810547
2 5.198893070220947 24.25403594970703 37.06400680541992 43.923770904541016
2 15.452925682067871 44.53523635864258 62.79594421386719 62.67042541503906 1 19.988859176635742 21.03457260131836 64.59478759765625 36.19389724731445 6 17.960378646850586 15.265954971313477 62.405479431152344 34.28622055053711
9 10.279075622558594 21.049829483032227 39.51755905151367 39.38005828857422 6 16.213706970214844 8.589667320251465 41.81755065917969 27.510183334350586
4 17.821409225463867 41.530494689941406 48.459468841552734 60.413082122802734 3 24.655866622924805 34.73525619506836 55.37252426147461 52.87158203125
3 13.510892868041992 90.66936492919922 100.00222778320312 123.91775512695312
7 23.8906307220459 42.06250762939453 68.76154327392578 67.49190521240234 4 21.1822566986084 19.585363388061523 65.42880249023438 44.06163787841797
3 10.149797439575195 -0.6066373586654663 58.59208297729492 33.15632247924805

7 7.113870620727539 34.81196212768555 34.71412658691406 49.008575439453125 0 14.032792091369629 19.306838989257812 39.114776611328125 35.32929229736328
2 24.679473876953125 20.823102951049805 43.056480407714844 37.0195198059082 2 22.82120704650879 15.858980178833008 45.3995475769043 29.915794372558594 9 24.670494079589844 26.393932342529297 44.89895248413086 39.08869934082031 1 22.045936584472656 3.0996170043945312 46.26400375366211 16.551776885986328
6 16.099720001220703 14.2384614944458 41.899227142333984 33.86124038696289
5 10.061074256896973 12.436113357543945 37.025604248046875 35.78372573852539 1 11.506455421447754 4.229852676391602 42.31452178955078 22.06387710571289 9 12.712190628051758 7.581439971923828 37.18916320800781 20.00017547607422
1 27.89848518371582 86.72431945800781 77.14828491210938 113.0246810913086 5 29.83139419555664 62.20347595214844 77.59183502197266 85.20693969726562 2 40.615604400634766 64.36547088623047 84.45590209960938 92.2029800415039
5 -0.2863122522830963 1.2219796180725098 23.370241165161133 15.15366268157959
3 48.29759216308594 16.890792846679688 94.113525390625 35.80903625488281
7 6.049378871917725 15.828721046447754 23.061180114746094 27.63750648498535
5 52.14576721191406 184.42701721191406 126.45883178710938 225.12315368652344 4 112.00493621826172 25.349706649780273 159.6275634765625 48.90412902832031 3 102.8683853149414 69.98029327392578 147.510986328125 98.37425994873047 3 61.20843505859375 51.27986526489258 130.10943603515625 85.74623107910156
5 54.28290557861328 96.16301727294922 105.90484619140625 128.69142150878906 5 29.345964431762695 44.890846252441406 89.93243408203125 79.073486328125
5 5.168856620788574 15.244500160217285 30.401039123535156 30.93303680419922
3 25.841100692749023 22.12489891052246 60.835201263427734 41.756351470947266
6 16.375934600830078 25.992935180664062 35.91244888305664 35.655601501464844

2 4.714610576629639 15.215258598327637 31.226139068603516 29.418556213378906 2 5.303660869598389 0.12232942879199982 30.256237030029297 13.910815238952637
3 31.784963607788086 19.233381271362305 62.53240966796875 38.743839263916016 8 32.45952606201172 -0.4216451644897461 66.39539337158203 21.465267181396484
4 6.41225528717041 16.154281616210938 26.346393585205078 28.54136848449707 5 5.799100875854492 2.035439968109131 25.91889762878418 15.58797550201416
4 30.559612274169922 25.40821075439453 59.78056335449219 40.47486114501953 1 17.36280059814453 12.364545822143555 49.92626953125 24.929651260375977
1 14.902628898620605 6.901860237121582 54.82890319824219 27.18427085876465
6 7.684500694274902 16.159523010253906 30.75346565246582 29.209407806396484 1 8.677905082702637 8.068717002868652 31.671953201293945 19.1436824798584
5 9.925756454467773 28.72844123840332 66.1046371459961 50.10456085205078 7 12.680211067199707 27.487924575805664 45.995296478271484 42.098960876464844 1 7.300621509552002 28.43267250061035 47.16598892211914 49.930545806884766

8 33.92887496948242 38.97090148925781 61.79157638549805 56.91277313232422 8 36.86191940307617 25.52861976623535 63.478878021240234 39.53989028930664

8 31.149394989013672 110.64806365966797 69.88038635253906 132.71287536621094
2 8.380783081054688 5.489049911499023 35.727169036865234 22.80971336364746 4 6.785131931304932 24.80375862121582 35.20032501220703 43.15811538696289
1 23.736713409423828 11.494278907775879 49.126708984375 24.06915855407715 1 26.327526092529297 8.631834030151367 54.85622787475586 17.712491989135742
2 18.631147384643555 45.47137451171875 58.95255661010742 69.51870727539062
1 17.79498291015625 35.434513092041016 42.247623443603516 47.03102111816406 3 19.67328643798828 47.12535095214844 43.45796585083008 61.0662727355957
9 56.41807174682617 21.522432327270508 98.99617767333984 45.50301742553711
2 25.758115768432617 43.23189163208008 59.876502990722656 58.810218811035156 0 26.14784812927246 54.468955993652344 56.63136291503906 66.90096282958984 8 25.44491958618164 65.72390747070312 58.93719482421875 82.10247039794922
6 3.8175573348999023 8.269027709960938 21.96731948852539 19.172502517700195
1 77.97776794433594 23.138158798217773 115.46805572509766 41.314823150634766 7 81.53927612304688 60.624481201171875 115.71104431152344 76.260986328125 1 55.096431732177734 41.557289123535156 107.09574890136719 63.326290130615234 1 80.77717590332031 39.19157791137695 112.07260131835938 56.365699768066406
1 51.4803466796875 10.64535903930664 75.95135498046875 23.681156158447266 1 50.75993347167969 21.97625732421875 72.91609954833984 40.672061920166016
3 10.537934303283691 7.981499195098877 37.28146743774414 23.415842056274414
2 22.526521682739258 4.6582207679748535 70.4268798828125 22.884794235229492 2 32.544105529785156 21.54807472229004 68.04104614257812 40.0692024230957 2 16.14780616760254 11.220107078552246 53.239315032958984 28.942625045776367
6 4.685708999633789 20.77204704284668 26.09345054626465 32.55426788330078 0 4.135350704193115 17.35449981689453 25.8843994140625 30.02767562866211
6 22.469711303710938 45.784095764160156 76.8054428100586 68.19155883789062 1 19.021677017211914 27.659326553344727 73.69132995605469 47.679779052734375
1 131.39028930664062 70.55060577392578 186.95449829101562 93.70024871826172 6 170.42559814453125 65.94319915771484 208.60888671875 85.25332641601562

2 10.85040283203125 26.8275203704834 49.957603454589844 42.440303802490234 7 8.853682518005371 9.095508575439453 51.437801361083984 27.37965202331543

2 34.364871978759766 80.47684478759766 66.01592254638672 94.72586822509766
1 10.838923454284668 34.388668060302734 61.63348388671875 61.13584518432617 3 10.745804786682129 1.0179286003112793 63.94670486450195 35.27653503417969
6 43.42015838623047 68.4072036743164 66.58023071289062 86.95610809326172 1 16.932750701904297 49.521915435791016 54.39466857910156 64.43755340576172 5 30.7099552154541 61.031578063964844 65.49307250976562 79.53478240966797
5 11.171881675720215 17.364131927490234 43.79716110229492 34.333595275878906 2 14.787842750549316 2.277536630630493 45.82830047607422 18.442216873168945
4 22.915328979492188 17.049684524536133 43.104644775390625 31.89084815979004 7 18.452722549438477 33.54921340942383 40.48939895629883 46.73657989501953
7 11.08078670501709 25.142532348632812 38.51884841918945 34.270042419433594
8 84.15367889404297 88.29395294189453 122.18965148925781 117.37483215332031
3 25.97859764099121 10.750808715820312 93.60633850097656 38.70257568359375
2 17.25516700744629 12.918619155883789 43.75416946411133 26.537704467773438 5 16.948389053344727 0.38493794202804565 43.61280822753906 13.59451961517334
2 10.702062606811523 11.819353103637695 39.643653869628906 27.52311897277832 2 10.185325622558594 27.598167419433594 38.825218200683594 40.068115234375
2 20.564510345458984 11.286715507507324 49.75310516357422 26.07867431640625 8 12.409650802612305 30.951812744140625 44.10152816772461 46.87635040283203
9 3.0987765789031982 14.502250671386719 24.697185516357422 32.420326232910156 4 3.9773998260498047 4.144003868103027 25.063081741333008 19.709836959838867
5 63.289703369140625 27.177520751953125 123.02591705322266 55.541297912597656 2 48.947296142578125 61.912322998046875 107.31019592285156 88.21278381347656 2 38.75531768798828 74.99726104736328 91.80435180664062 112.42916107177734
4 36.172607421875 82.77921295166016 66.23565673828125 96.34166717529297 1 35.18602752685547 60.55731201171875 61.46034240722656 74.78033447265625 7 37.509464263916016 61.9541015625 67.4786376953125 75.38951873779297
9 6.226613521575928 7.839117527008057 30.133520126342773 20.573020935058594 0 6.357119560241699 20.086240768432617 28.887258529663086 32.65458679199219
4 6.664987564086914 2.9893453121185303 31.70660972595215 15.184659957885742
1 27.16722297668457 29.93145179748535 62.84722137451172 47.38029479980469
1 9.77940845489502 1.295713186264038 47.80803680419922 19.492816925048828 2 9.705986022949219 32.157562255859375 47.60700225830078 57.360565185546875 2 12.034318923950195 1.2022373676300049 48.808006286621094 20.030542373657227
7 14.287066459655762 41.43096160888672 43.300724029541016 55.551082611083984 7 17.326740264892578 48.66823196411133 46.77436447143555 61.45546340942383
8 49.47406005859375 57.05522537231445 102.20707702636719 80.15046691894531 6 53.44713592529297 77.2403335571289 98.8458480834961 101.83062744140625 1 53.282554626464844 38.17325210571289 99.93096160888672 64.0978775024414 1 43.45489501953125 45.499393463134766 91.73111724853516 66.65081024169922
2 8.710553169250488 5.64811372756958 34.63513946533203 19.20291519165039 5 7.506958484649658 22.522581100463867 31.943092346191406 36.54133605957031
5 3.8272323608398438 4.714911460876465 27.040403366088867 14.705806732177734 5 4.02364444732666 16.69378089904785 26.02829933166504 27.902311325073242
7 26.65595054626465 61.9493408203125 76.64216613769531 96.42961120605469 5 26.583730697631836 34.331363677978516 82.45404052734375 63.93891525268555
1 16.408287048339844 66.03274536132812 55.62236404418945 91.10195922851562

1 27.301992416381836 6.006526470184326 124.93659210205078 42.44832992553711 7 35.4158821105957 87.64274597167969 132.43736267089844 137.38668823242188 9 31.858299255371094 37.099300384521484 130.09884643554688 81.62593078613281
6 9.962327003479004 15.381805419921875 26.588577270507812 25.30722427368164 3 8.2395658493042 17.19635772705078 25.655176162719727 27.382619857788086
9 6.1160383224487305 16.049346923828125 32.26023864746094 34.075626373291016

4 16.67129898071289 62.955204010009766 59.71124267578125 83.4177017211914
0 53.492706298828125 99.85746002197266 91.28441619873047 119.7366714477539 3 32.708831787109375 44.781036376953125 85.93408966064453 69.21317291259766 1 41.8688850402832 79.28157043457031 98.19837188720703 103.8033447265625
7 6.931970119476318 19.099096298217773 29.839956283569336 34.33043670654297 1 6.046632766723633 1.3051985502243042 32.29636764526367 17.1292724609375 5 7.943525791168213 3.1860644817352295 31.19573211669922 21.442466735839844 4 9.10212516784668 18.04067611694336 31.16689682006836 35.0206184387207
5 11.87704086303711 5.095627784729004 35.78821563720703 20.58742332458496 1 6.8227858543396 23.28533935546875 37.006736755371094 38.2431526184082
3 28.660646438598633 54.93997573852539 64.45213317871094 75.92335510253906 6 28.88074493408203 28.047407150268555 71.5352554321289 50.894508361816406
7 5.258135795593262 3.729856014251709 28.065929412841797 16.14662742614746 9 5.672860145568848 17.656049728393555 27.958620071411133 30.53380012512207
1 49.40669250488281 51.93379592895508 127.71978759765625 88.07755279541016 2 68.59197235107422 7.202999591827393 133.49293518066406 40.48688507080078
2 65.22248077392578 42.41924285888672 144.01559448242188 95.29013061523438

3 70.64625549316406 -2.8304898738861084 151.2253875732422 33.78691864013672 1 67.64090728759766 6.086089134216309 99.3452377319336 23.81806755065918
3 10.92469310760498 26.326231002807617 51.942928314208984 51.7080192565918
1 16.658958435058594 25.878442764282227 49.21656036376953 39.39544677734375
2 19.87578773498535 2.5308890342712402 60.2821044921875 18.779193878173828 4 15.913426399230957 25.30441665649414 61.26084899902344 47.22230529785156
3 87.04974365234375 76.8045883178711 141.71067810058594 97.51408386230469 4 37.223018646240234 81.259033203125 74.41236877441406 99.02053833007812 1 29.727968215942383 48.09300231933594 66.76383972167969 65.86447143554688
0 103.55670928955078 71.75101470947266 140.6180419921875 91.92806243896484
7 15.80709457397461 26.816661834716797 47.51591110229492 43.378353118896484 1 15.558837890625 5.354280471801758 48.520347595214844 25.108922958374023 5 9.123586654663086 25.584228515625 45.19231414794922 44.31676483154297
5 13.558090209960938 1.5806214809417725 35.55188751220703 14.599616050720215
5 19.66624641418457 14.370096206665039 56.392005920410156 42.08668899536133 1 22.034944534301758 2.3814139366149902 58.47532653808594 23.662263870239258
9 7.559005260467529 23.490270614624023 38.85215759277344 42.84609603881836
7 13.522074699401855 44.84962463378906 59.20036697387695 68.8457260131836 2 11.59498119354248 58.43445587158203 53.513343811035156 78.52520751953125 1 14.461299896240234 25.928314208984375 58.389808654785156 46.573795318603516
2 4.439355373382568 13.978758811950684 24.90669059753418 29.96569061279297
2 4.7100629806518555 -0.4671885073184967 26.416053771972656 14.722206115722656 4 4.244912147521973 1.2164729833602905 26.078954696655273 14.174201965332031
1 13.281346321105957 1.2648957967758179 40.85310363769531 15.412644386291504 7 8.565834045410156 28.479124069213867 36.82923889160156 45.89378356933594


4 10.78585433959961 24.57512855529785 30.08158302307129 35.16538619995117 5 12.0084228515625 15.242939949035645 31.857568740844727 27.291902542114258
5 13.963558197021484 33.068626403808594 43.98905944824219 52.761592864990234 1 13.76140022277832 10.88786506652832 44.615814208984375 31.02434539794922
3 5.973311424255371 14.689666748046875 28.109203338623047 27.982723236083984 2 6.139932632446289 2.9279251098632812 28.231887817382812 16.903955459594727
0 7.6843366622924805 22.669260025024414 26.120290756225586 32.2137565612793 2 7.243408679962158 9.073953628540039 25.726301193237305 19.58198356628418
9 14.648904800415039 13.202359199523926 38.45379638671875 24.117046356201172 1 13.089757919311523 0.7680536508560181 39.55827331542969 9.959281921386719
6 13.227005004882812 35.10155487060547 41.39722442626953 50.06121826171875
7 9.189166069030762 29.63927459716797 37.50554275512695 40.59778594970703 7 13.649503707885742 23.49687385559082 39.287410736083984 34.37460708618164
2 2.6159355640411377 3.983029842376709 27.745849609375 19.705833435058594
7 12.333579063415527 25.742137908935547 31.70764923095703 36.310054779052734 1 9.989328384399414 2.6487650871276855 43.569915771484375 18.17960548400879 3 11.581664085388184 45.197269439697266 39.407371520996094 62.96238327026367 4 11.432907104492188 14.67001724243164 44.52593994140625 33.40672302246094 4 10.833317756652832 27.542831420898438 41.33857727050781 44.077274322509766
1 23.297607421875 17.89179039001465 50.24012756347656 29.453214645385742 1 29.900184631347656 20.576753616333008 63.685791015625 37.08455276489258
3 13.920439720153809 34.79538345336914 39.96056365966797 44.3644905090332 7 12.45763111114502 45.5429573059082 37.81303024291992 58.78325271606445
2 16.312541961669922 43.62527084350586 39.769287109375 57.60235595703125
8 4.9785590171813965 17.086557388305664 32.621097564697266 31.730024337768555
9 29.378522872924805 51.70992660522461 70.2607421875 75.85131072998047
3 62.147029876708984 35.9492301940918 105.74560546875 66.27108764648438 1 66.1355972290039 5.766685962677002 109.30400848388672 28.218564987182617 1 67.7884521484375 84.66622924804688 111.12041473388672 108.55663299560547
9 10.986320495605469 11.284927368164062 32.549842834472656 25.194692611694336 5 10.282495498657227 21.347986221313477 31.801637649536133 34.2260856628418
2 10.782370567321777 -0.09716770052909851 35.44123840332031 13.706027030944824 3 10.201454162597656 31.676319122314453 35.47905731201172 46.903411865234375 9 12.624353408813477 20.216869354248047 37.60810470581055 37.508872985839844
5 33.883567810058594 44.987213134765625 75.72024536132812 65.20653533935547
5 28.172487258911133 51.55377197265625 65.09400939941406 74.00630187988281 2 23.997802734375 33.2419319152832 67.81446075439453 58.073753356933594
2 70.37998962402344 95.12376403808594 118.53649139404297 121.82765197753906
3 16.218774795532227 13.812492370605469 46.27262878417969 27.517160415649414 8 15.041173934936523 30.927536010742188 42.37222671508789 42.03450393676758
8 14.197402954101562 17.420747756958008 37.8303337097168 29.826501846313477 0 15.34739875793457 30.04491424560547 39.435874938964844 42.70594024658203
9 15.447891235351562 18.71700668334961 40.89259338378906 36.762813568115234 6 11.460039138793945 19.164081573486328 41.715057373046875 37.443824768066406
8 115.37026977539062 144.705810546875 172.01368713378906 180.61766052246094 1 112.44550323486328 102.16551971435547 170.69879150390625 132.23883056640625 3 137.61285400390625 102.00917053222656 188.91600036621094 131.20953369140625 8 49.203392028808594 130.6237335205078 144.66940307617188 183.56271362304688
4 23.116270065307617 44.61524200439453 58.883235931396484 65.74884796142578 1 30.411611557006836 20.98509979248047 69.54975891113281 39.03296661376953 1 25.600631713867188 26.023174285888672 64.6589584350586 44.13765335083008
2 13.036019325256348 29.032215118408203 34.980873107910156 43.307640075683594
3 12.322722434997559 14.410787582397461 32.937294006347656 23.34870147705078
0 22.90733528137207 13.407706260681152 49.94145584106445 31.531496047973633 1 21.91237449645996 1.5781489610671997 52.07583236694336 16.512615203857422
1 14.511850357055664 15.048983573913574 58.29587936401367 34.35098648071289
4 3.4893343448638916 15.723328590393066 28.833255767822266 30.35480499267578
8 31.34858512878418 15.825601577758789 53.9128532409668 27.096725463867188
2 10.34240436553955 9.488950729370117 47.24129867553711 29.491230010986328 2 8.492549896240234 2.5322773456573486 49.12049865722656 22.070877075195312
9 75.15670776367188 5.745002269744873 122.12660217285156 30.28101921081543 1 119.20469665527344 19.74829864501953 154.97525024414062 38.43361282348633 9 45.586360931396484 3.488579511642456 96.5571060180664 40.91230392456055
4 5.132424831390381 20.99083709716797 33.194664001464844 35.843894958496094 1 4.574718475341797 7.882410526275635 32.37007522583008 19.936853408813477


4 26.495018005371094 37.88973617553711 63.3812141418457 55.67533493041992 1 42.24108123779297 43.916969299316406 65.87995147705078 59.50180435180664

9 47.59651565551758 95.81513214111328 86.5791244506836 125.12254333496094
1 29.74701690673828 90.83052062988281 142.02645874023438 144.66317749023438 5 24.081064224243164 21.583385467529297 154.58665466308594 100.11637878417969
4 29.711801528930664 50.669857025146484 78.97465515136719 74.73382568359375 2 17.252315521240234 75.80785369873047 40.26438522338867 85.84232330322266
2 9.418354988098145 9.622454643249512 40.324989318847656 26.027603149414062 4 14.496400833129883 25.448726654052734 39.62054443359375 41.17453384399414
4 13.404017448425293 13.032753944396973 48.70184326171875 32.0443115234375
2 6.501832962036133 25.676565170288086 30.11913299560547 39.69693374633789
1 16.651002883911133 23.26195526123047 70.5276870727539 40.84131622314453 5 16.446382522583008 45.314151763916016 70.92125701904297 66.86382293701172
2 8.368839263916016 26.69154930114746 31.077489852905273 40.412296295166016
1 65.0325698852539 36.331298828125 113.03594207763672 65.4364013671875
6 4.248314380645752 5.083232879638672 26.516450881958008 19.022642135620117
2 7.533663749694824 0.23818017542362213 28.114519119262695 15.05517864227295 9 7.603758335113525 19.487335205078125 27.490266799926758 32.013816833496094
5 36.93389129638672 99.39746856689453 73.74073791503906 119.49010467529297 7 34.35493850708008 66.6573257446289 74.90206146240234 84.76809692382812

2 63.447322845458984 96.30411529541016 99.80365753173828 116.01587677001953 2 71.27224731445312 89.7483901977539 106.33840942382812 102.2812271118164 7 66.99591827392578 89.11587524414062 99.3530044555664 102.93071746826172
4 10.743343353271484 12.618202209472656 31.741178512573242 25.13686180114746 6 12.147638320922852 18.877914428710938 32.35883712768555 33.46480941772461
8 9.771923065185547 49.16626739501953 49.95287322998047 71.01685333251953 5 13.123804092407227 18.147104263305664 57.72199249267578 44.77401351928711
2 6.033095836639404 19.579511642456055 27.277849197387695 34.40233612060547
2 8.625784873962402 34.88970947265625 40.93715286254883 52.777984619140625 2 9.682578086853027 30.200429916381836 38.976627349853516 45.37821578979492
2 26.02780532836914 22.380861282348633 58.86405563354492 41.1021614074707 2 20.04619026184082 10.997042655944824 52.52113723754883 29.017459869384766
5 12.016288757324219 4.828083515167236 52.550270080566406 35.22542190551758
1 6.104191303253174 7.492417812347412 31.231494903564453 20.335647583007812 7 5.971944332122803 17.424406051635742 30.55495262145996 30.0313720703125
0 21.162689208984375 14.972529411315918 43.9902229309082 29.51861572265625 4 19.828832626342773 0.4713536202907562 43.25381851196289 13.765664100646973 8 20.330114364624023 17.63770866394043 46.56658935546875 32.74863815307617
2 23.718242645263672 70.76551055908203 78.88809204101562 112.44437408447266 2 42.150291442871094 45.01679992675781 97.34759521484375 75.83863067626953
3 60.479034423828125 6.520608425140381 118.20548248291016 44.13849639892578 7 37.354408264160156 37.29813766479492 95.37580871582031 73.39864349365234 3 35.07898712158203 8.030779838562012 104.6080551147461 56.118011474609375 1 42.363014221191406 28.104360580444336 103.49612426757812 57.50538635253906
7 42.949928283691406 52.85960388183594 69.78765869140625 65.39681243896484 7 30.933629989624023 47.92923355102539 57.41361999511719 61.15263366699219 2 32.253021240234375 66.8017349243164 61.126773834228516 79.2718276977539
4 25.505428314208984 38.84701156616211 52.679256439208984 54.874420166015625 1 21.561756134033203 42.70833206176758 45.650413513183594 54.600425720214844 1 22.822391510009766 52.95146942138672 45.068946838378906 64.0696792602539
4 5.649239540100098 18.508989334106445 25.19228172302246 31.26656723022461 1 11.865001678466797 13.417947769165039 28.565860748291016 26.311063766479492
3 124.05104064941406 139.29991149902344 166.1572265625 160.61865234375
0 111.2195053100586 91.83180236816406 145.55709838867188 114.93334197998047
9 26.51858901977539 18.22184181213379 58.880680084228516 34.55531311035156
6 23.931400299072266 37.39962387084961 51.229801177978516 50.987884521484375 2 22.1187686920166 26.590009689331055 49.12567138671875 39.21797561645508
1 59.87805938720703 67.6592788696289 90.14757537841797 82.6080093383789 4 23.05913543701172 1.9935452938079834 64.25322723388672 25.900644302368164 1 54.484317779541016 60.82426071166992 86.20135498046875 71.64044952392578 7 53.73606872558594 77.51838684082031 81.948486328125 91.3624038696289
1 19.3181209564209 17.414310455322266 49.6895637512207 33.908260345458984 3 17.107051849365234 37.08312225341797 44.7176399230957 54.38883972167969
6 7.383333683013916 25.089698791503906 49.8242073059082 45.34400177001953 7 7.00202751159668 43.67766189575195 44.713966369628906 58.98087692260742
0 58.112884521484375 31.189912796020508 79.19200897216797 55.4039192199707 8 17.17709732055664 25.147314071655273 35.89836120605469 45.573482513427734 5 35.56142807006836 37.13276290893555 60.97461700439453 55.30580139160156 3 9.847315788269043 37.36444854736328 36.21392059326172 56.12679672241211
7 20.251157760620117 71.25257110595703 78.85518646240234 105.38568878173828 1 57.62301254272461 41.997894287109375 116.1270523071289 70.6221694946289
7 71.64619445800781 100.10163116455078 126.17247009277344 117.8472900390625
7 47.50275802612305 50.21424102783203 78.16893005371094 73.25891876220703 2 54.26387405395508 31.184350967407227 93.81616973876953 60.376686096191406
0 3.321690559387207 15.457382202148438 26.848581314086914 28.684473037719727
9 39.21334457397461 5.111254692077637 80.26057434082031 20.41164207458496

1 21.356712341308594 10.59361743927002 45.45252990722656 20.265024185180664 9 15.876028060913086 25.853763580322266 46.86225509643555 42.06745529174805 1 16.347715377807617 4.047670841217041 47.94110870361328 20.200145721435547 7 16.32868766784668 4.467321872711182 47.80061340332031 17.931148529052734
3 14.80632495880127 36.136985778808594 49.0418701171875 57.3979377746582 8 34.187156677246094 38.53403091430664 60.14430236816406 53.7590446472168
0 8.125669479370117 29.93791961669922 34.624542236328125 44.70262145996094 9 7.6793012619018555 15.023390769958496 35.23719024658203 30.725177764892578
7 11.807074546813965 25.53996467590332 36.3768310546875 38.53905487060547 5 14.338517189025879 22.907310485839844 35.33453369140625 35.860321044921875
3 7.547703266143799 24.2564754486084 46.21782684326172 49.006996154785156 2 6.865639686584473 3.9881033897399902 45.20897674560547 27.100095748901367
1 31.569931030273438 25.730541229248047 74.93186950683594 48.77973556518555
1 9.508051872253418 4.60422945022583 39.65473937988281 19.955760955810547 1 12.538253784179688 13.209939956665039 37.507808685302734 27.64531135559082 3 13.428118705749512 21.716699600219727 43.60572052001953 38.51089096069336
2 14.819464683532715 15.8860445022583 60.08305358886719 45.76300048828125 1 13.300745010375977 38.221195220947266 55.74750900268555 59.89865493774414
2 10.232254028320312 11.413759231567383 49.753562927246094 33.33537673950195 0 11.125409126281738 37.12614059448242 47.97050857543945 56.393733978271484
2 52.1925163269043 43.42637634277344 116.2457504272461 72.95874786376953
1 20.70530891418457 17.165122985839844 75.5387954711914 42.97362518310547
2 9.549285888671875 4.104033470153809 33.792236328125 19.805105209350586 3 7.91132926940918 20.901268005371094 33.53401184082031 34.42884826660156
2 9.613755226135254 27.158151626586914 44.681209564208984 44.605064392089844 1 6.989892482757568 3.7826662063598633 39.9658088684082 16.657014846801758

3 40.334434509277344 19.748624801635742 73.94892120361328 42.77423858642578
3 9.406366348266602 4.552785873413086 32.89069366455078 16.302236557006836
2 14.122810363769531 21.792322158813477 44.149253845214844 38.77696990966797 3 13.858786582946777 30.011442184448242 44.54214859008789 47.61332321166992 2 18.76787757873535 29.677268981933594 47.475772857666016 44.365074157714844
7 6.091675758361816 0.5802376866340637 27.89150047302246 13.150392532348633
0 21.12871742248535 33.69044494628906 53.26799011230469 47.28822708129883 5 16.80427360534668 20.39992332458496 51.507972717285156 34.30025100708008
8 42.35713195800781 61.681060791015625 130.22756958007812 110.8141860961914
5 6.761965274810791 26.266206741333008 31.512435913085938 41.27899932861328
3 6.1374831199646 10.773367881774902 35.37575912475586 32.638275146484375
2 13.501021385192871 30.854032516479492 40.94977951049805 43.67328643798828
0 14.872817039489746 19.964468002319336 49.150909423828125 34.96377944946289
1 2.877340078353882 0.5803037881851196 26.46561622619629 10.224124908447266 0 3.24222469329834 11.259469985961914 25.988109588623047 25.492664337158203
2 88.39216613769531 70.6187515258789 109.34154510498047 86.6386489868164 0 73.39238739013672 77.64986419677734 105.02657318115234 94.16250610351562 2 91.81809997558594 84.69800567626953 110.6705093383789 97.46795654296875
7 40.290348052978516 125.09432220458984 95.89295959472656 149.90167236328125 3 27.421838760375977 92.76947021484375 95.27662658691406 118.48014831542969
5 35.152915954589844 51.69941329956055 84.81167602539062 71.76049041748047 3 41.86460876464844 39.86836242675781 72.50799560546875 57.525203704833984 7 39.40255355834961 80.63169860839844 82.9322738647461 102.13004302978516
8 6.055940628051758 9.316230773925781 22.153587341308594 19.441822052001953
5 18.653438568115234 22.367660522460938 39.11006164550781 33.452152252197266 6 17.987112045288086 7.6652679443359375 39.3421630859375 20.057880401611328
7 7.979272842407227 7.454904556274414 24.74625587463379 15.962312698364258 7 8.518131256103516 16.61274528503418 24.016305923461914 23.911392211914062 7 5.6835126876831055 17.86854362487793 23.571109771728516 27.169315338134766
3 9.090566635131836 15.114469528198242 32.98261642456055 30.182558059692383 5 11.149188995361328 12.909613609313965 29.95368766784668 24.546714782714844
1 17.983673095703125 72.77151489257812 101.67901611328125 109.64765167236328
1 18.208173751831055 67.70758819580078 76.14823913574219 97.47285461425781 6 51.49088668823242 2.7684695720672607 111.29193115234375 49.28569030761719
3 67.20952606201172 73.5920639038086 115.06560516357422 104.95258331298828 3 49.18891906738281 22.903413772583008 121.88561248779297 65.73535919189453 5 65.41981506347656 24.630311965942383 123.56111907958984 59.982975006103516
2 7.7680535316467285 6.662805557250977 34.55995559692383 22.68090057373047

3 35.141510009765625 21.936342239379883 66.02076721191406 42.43663024902344
1 5.871596336364746 2.215639591217041 33.75347137451172 12.954073905944824 5 8.007234573364258 11.070320129394531 33.458370208740234 23.62498664855957
5 59.736122131347656 -0.011873602867126465 117.97308349609375 29.972736358642578 0 75.62086486816406 55.65780258178711 120.20884704589844 82.4503402709961
1 22.5473575592041 76.39289855957031 69.7487564086914 96.25325012207031 1 38.810028076171875 72.12511444091797 76.9881591796875 93.23187255859375
5 27.34232521057129 46.17280578613281 175.0428009033203 118.70292663574219
8 17.329669952392578 26.570371627807617 45.99945831298828 43.46608352661133 3 17.632293701171875 26.04273796081543 45.357173919677734 42.67664337158203
5 31.489727020263672 31.731969833374023 82.2596435546875 62.681495666503906 9 27.40833854675293 -1.4142389297485352 80.17225646972656 29.74956512451172
2 64.766357421875 34.869895935058594 113.8207778930664 69.59249114990234 1 37.70134735107422 81.92988586425781 91.38866424560547 107.43201446533203
4 3.7594165802001953 11.176005363464355 46.63539123535156 39.5604133605957
3 37.23466110229492 17.881752014160156 63.276832580566406 35.67127227783203 6 39.935604095458984 13.405162811279297 63.41410827636719 28.066415786743164 9 39.44781494140625 6.792064666748047 65.95761108398438 17.650588989257812
8 6.1382575035095215 6.672356605529785 30.150012969970703 21.99462127685547
1 11.881647109985352 1.6308544874191284 39.58427047729492 13.026522636413574 0 12.057943344116211 26.01719093322754 38.18351364135742 40.676578521728516 2 12.293661117553711 12.250419616699219 39.46839904785156 25.81141471862793
1 44.95237731933594 68.7124252319336 74.58899688720703 86.97283172607422 1 39.999122619628906 83.70252990722656 69.037841796875 99.39137268066406
4 6.961875915527344 15.918806076049805 28.696069717407227 29.041263580322266 6 4.728832244873047 -0.14615535736083984 27.111953735351562 14.498920440673828
8 4.292407035827637 18.054780960083008 29.82278823852539 35.113319396972656
1 13.239866256713867 13.246683120727539 52.33134841918945 31.870357513427734 7 13.081866264343262 32.3448371887207 50.770729064941406 55.17256164550781
8 42.91242980957031 31.039709091186523 76.49408721923828 48.604000091552734 3 39.840492248535156 15.40101146697998 64.37152099609375 28.418481826782227
2 64.19415283203125 137.64566040039062 97.79144287109375 159.2330322265625
1 16.159086227416992 26.774446487426758 80.44564056396484 48.61076736450195
3 60.98225784301758 76.60407257080078 93.70207977294922 95.44095611572266 1 62.608158111572266 58.92621612548828 95.43468475341797 74.98013305664062
2 13.760085105895996 6.494234561920166 29.779878616333008 18.579036712646484
2 7.582050323486328 7.102470397949219 42.42864227294922 26.999935150146484
1 27.36932945251465 16.036399841308594 55.649227142333984 28.385034561157227
3 8.948469161987305 31.744056701660156 54.547889709472656 61.91428756713867 1 9.746085166931152 8.599954605102539 54.89542007446289 31.042448043823242
1 9.379875183105469 29.280258178710938 37.52810287475586 41.744407653808594
2 3.7957963943481445 4.500148773193359 20.704574584960938 16.418642044067383 8 4.831996917724609 17.290529251098633 21.686595916748047 27.127931594848633
2 5.649370193481445 2.9050815105438232 29.232463836669922 17.631885528564453
3 5.4916181564331055 14.300846099853516 31.395511627197266 30.09848976135254
1 6.053022384643555 19.759750366210938 26.778459548950195 32.21037292480469
1 20.01311492919922 44.55301284790039 78.30731964111328 78.03376007080078 4 36.628746032714844 41.181217193603516 77.16132354736328 77.30916595458984
3 27.200801849365234 78.48693084716797 59.53662872314453 97.53473663330078 5 30.956544876098633 71.11812591552734 67.3658676147461 87.427734375 7 25.497432708740234 58.341087341308594 63.038841247558594 80.86785125732422 3 43.23219680786133 73.7587890625 68.33228302001953 88.17290496826172
5 23.897687911987305 85.72344207763672 59.03274917602539 102.11729431152344
5 7.778045177459717 31.22675895690918 49.3076057434082 55.89042663574219

3 4.469498634338379 -0.032582759857177734 23.993709564208984 11.915306091308594 2 4.080682754516602 11.865249633789062 24.24493408203125 24.899585723876953
5 12.360365867614746 35.94679260253906 50.0189208984375 53.674922943115234 4 25.54029083251953 37.199867248535156 59.21697998046875 48.15711212158203

3 40.45999526977539 22.020275115966797 79.65314483642578 41.7691650390625 1 42.14716720581055 3.114759683609009 79.77692413330078 19.285472869873047
6 10.164778709411621 6.115378379821777 54.616641998291016 32.986080169677734 6 7.8056535720825195 34.41535568237305 53.934993743896484 60.738983154296875
1 10.533313751220703 46.294212341308594 55.56147003173828 68.58321380615234 9 10.97008228302002 21.852445602416992 56.312355041503906 45.02355194091797
4 14.534253120422363 32.055572509765625 38.32002639770508 43.198646545410156
5 64.40589904785156 42.67387008666992 128.27256774902344 80.556884765625 2 60.43389892578125 3.06559419631958 125.44707489013672 40.80000305175781
1 6.652652740478516 16.097728729248047 30.668869018554688 29.633316040039062 8 11.154397964477539 7.458267688751221 31.387409210205078 21.100704193115234
1 17.2857666015625 37.46714401245117 67.71240234375 55.630706787109375 3 13.62161922454834 52.815547943115234 65.43212127685547 76.54033660888672
8 7.055478572845459 17.167177200317383 28.533254623413086 29.041767120361328 3 7.512381553649902 14.947299003601074 28.94258689880371 26.587697982788086
2 9.242238998413086 7.908546447753906 54.886539459228516 31.556203842163086
8 16.093542098999023 53.634368896484375 52.56737518310547 70.57726287841797 2 22.008481979370117 18.50664710998535 58.77812957763672 39.608062744140625 8 21.080821990966797 39.79458236694336 50.17470932006836 54.13042068481445
3 19.682424545288086 50.70967102050781 78.70364379882812 77.8026351928711 1 18.11309242248535 19.94363021850586 81.84046173095703 47.740028381347656
4 19.926042556762695 48.008697509765625 47.22139358520508 62.9737434387207 2 21.709693908691406 29.656883239746094 48.03331756591797 41.43480682373047 5 31.836406707763672 22.373491287231445 61.8970947265625 40.83110809326172
7 16.905399322509766 69.7413330078125 93.89347839355469 100.76229095458984 1 23.710397720336914 27.2984619140625 91.27496337890625 69.05181884765625
4 25.194385528564453 31.840171813964844 43.71267318725586 43.98865509033203 8 24.114717483520508 18.477371215820312 44.35355758666992 32.87836456298828
4 7.597101211547852 17.572538375854492 26.84426498413086 29.59022331237793 4 7.151362419128418 3.4037346839904785 26.9312744140625 15.253844261169434 2 7.746830940246582 7.307873249053955 28.166913986206055 17.007240295410156
6 16.134050369262695 20.45901107788086 44.182899475097656 33.493221282958984 9 16.62968635559082 35.87176513671875 45.004234313964844 52.875831604003906
3 93.2207260131836 66.69965362548828 125.65023803710938 88.55776977539062 8 78.22323608398438 59.84286117553711 111.8187255859375 83.5092544555664 6 78.76497650146484 65.5245361328125 120.39169311523438 86.65031433105469 6 88.9198989868164 83.79007720947266 123.80841064453125 107.22260284423828
8 4.862002372741699 18.939163208007812 29.743316650390625 33.48628616333008 5 6.217520236968994 4.688752174377441 30.448177337646484 18.817588806152344
4 59.868072509765625 61.99053955078125 97.32984161376953 86.63273620605469 2 10.38620376586914 86.18445587158203 42.249412536621094 103.61349487304688
2 6.399436950683594 23.206823348999023 27.283662796020508 37.221221923828125 3 8.290602684020996 6.821430683135986 29.588970184326172 24.06149673461914

9 30.943798065185547 75.49636840820312 67.46895599365234 94.60548400878906 7 13.831579208374023 102.53623962402344 47.08945083618164 121.75163269042969
5 31.34984016418457 57.74013137817383 63.392303466796875 78.46929168701172
2 18.05630111694336 33.816429138183594 38.77296447753906 43.127201080322266 3 17.123809814453125 20.86004638671875 37.401451110839844 30.35447120666504
0 19.004653930664062 24.36175537109375 96.12946319580078 62.76667022705078
4 6.496140956878662 21.761159896850586 31.40121078491211 39.896671295166016
1 13.796001434326172 14.300192832946777 39.589202880859375 27.075708389282227
4 55.220855712890625 36.74745178222656 120.78742980957031 71.5047378540039 9 122.19181823730469 48.798683166503906 155.18641662597656 68.5211410522461
2 63.059730529785156 26.55225372314453 92.6073989868164 44.67063522338867

2 17.375410079956055 43.470191955566406 59.006900787353516 61.17424392700195 2 15.975967407226562 22.727567672729492 56.409080505371094 40.48318099975586
8 9.978270530700684 4.172764301300049 29.477937698364258 17.935012817382812 2 6.837019920349121 16.956024169921875 27.626216888427734 32.49534225463867
1 13.453530311584473 33.42426681518555 49.38202667236328 49.23714828491211 1 14.884641647338867 2.7124085426330566 49.071815490722656 19.160335540771484 5 16.63900375366211 17.961021423339844 47.79087448120117 32.573001861572266
2 6.8377485275268555 7.693920135498047 37.97201919555664 26.76627540588379 2 5.886778831481934 25.274085998535156 37.5331916809082 40.510799407958984
1 16.592004776000977 33.713165283203125 40.12950134277344 47.18655776977539 6 17.752086639404297 34.68605041503906 43.25867462158203 51.2035026550293
4 14.228679656982422 45.81907653808594 46.542537689208984 61.50981140136719
0 48.13292694091797 43.57637405395508 77.54913330078125 59.3468132019043 2 50.086116790771484 33.204254150390625 78.28045654296875 48.18443298339844
6 74.61090087890625 41.63325881958008 116.71890258789062 62.54484558105469
6 6.139999866485596 23.125648498535156 33.10405731201172 35.26658248901367 1 10.326985359191895 9.173725128173828 36.61497497558594 21.719154357910156
2 14.784078598022461 2.1655826568603516 47.4720573425293 20.32177734375 3 16.055774688720703 32.67911911010742 47.4851188659668 49.20769119262695 7 15.33078670501709 49.455013275146484 46.0116081237793 67.64939880371094
5 3.742844581604004 3.8369557857513428 49.062835693359375 28.425392150878906 7 6.706846237182617 2.0180790424346924 50.16066360473633 26.656265258789062
3 7.121327877044678 28.636432647705078 36.58698272705078 51.422183990478516 9 6.479976177215576 32.123016357421875 37.47370147705078 54.07622528076172
9 0.9149126410484314 -0.20493270456790924 20.989377975463867 12.491484642028809 2 1.31157386302948 11.712477684020996 19.21686553955078 22.444562911987305
3 19.94574546813965 10.678669929504395 39.837738037109375 22.914453506469727 1 33.40883255004883 21.244369506835938 58.362876892089844 37.902793884277344
7 21.958282470703125 36.641902923583984 49.73257064819336 52.904170989990234
2 12.469199180603027 11.953749656677246 37.07402038574219 28.014585494995117
5 14.277227401733398 43.5599479675293 85.31600189208984 101.3003158569336 3 23.178329467773438 35.068328857421875 98.49626159667969 83.64752960205078
7 14.876019477844238 65.00406646728516 60.59722900390625 80.0091552734375 1 20.13575553894043 45.785560607910156 64.58673095703125 63.52783966064453 1 17.624217987060547 63.28317642211914 56.33155822753906 77.71427917480469
6 29.865766525268555 43.03474807739258 91.14131927490234 75.9441909790039 2 56.696414947509766 70.55469512939453 102.07223510742188 93.33502960205078 7 60.80890655517578 79.98477172851562 107.36325073242188 101.3053970336914
5 30.990842819213867 54.675838470458984 74.00902557373047 76.37146759033203 2 29.115188598632812 27.93987464904785 72.14214324951172 50.01297378540039 5 37.73871612548828 70.24895477294922 68.6082763671875 88.10049438476562
2 20.615238189697266 13.575349807739258 46.81267547607422 25.383909225463867 1 17.562068939208984 1.644518256187439 44.71957015991211 13.85388469696045
4 10.8016996383667 28.335968017578125 45.02933883666992 50.542964935302734 5 21.00358009338379 15.8870849609375 50.467281341552734 35.49543380737305
4 7.386505126953125 25.87476921081543 29.149709701538086 39.377899169921875
6 10.687493324279785 22.960290908813477 31.76753044128418 37.98143005371094
1 120.01162719726562 70.50020599365234 185.6046905517578 107.07951354980469
8 18.51044273376465 15.858742713928223 42.43486785888672 33.0948600769043 0 25.173572540283203 18.438589096069336 48.1431999206543 32.03583526611328
6 10.94343090057373 36.49919509887695 35.53299331665039 48.52259063720703
6 29.478008270263672 24.08150291442871 65.93620300292969 47.924400329589844 7 22.32247543334961 42.9894905090332 64.09477996826172 67.57282257080078 3 23.037220001220703 12.418170928955078 61.261287689208984 29.550729751586914

3 13.441484451293945 11.831011772155762 34.903038024902344 25.97150421142578 6 12.752605438232422 23.503398895263672 35.14008331298828 38.6068115234375
8 68.16262817382812 139.90347290039062 140.64183044433594 182.19297790527344 2 26.418285369873047 53.21910858154297 172.45033264160156 120.983642578125 6 55.469154357910156 96.13294982910156 157.6893310546875 156.4931182861328
4 18.830488204956055 13.962313652038574 46.083717346191406 32.77439498901367
1 92.9265365600586 29.546422958374023 140.2722625732422 52.593994140625

7 3.798909902572632 11.521516799926758 18.34226417541504 21.932252883911133 3 3.4015841484069824 3.0226075649261475 17.213335037231445 11.269400596618652
4 12.835925102233887 20.514659881591797 56.861209869384766 43.56745910644531 4 26.784095764160156 33.06256866455078 61.053199768066406 52.38506317138672
0 11.216888427734375 21.74298667907715 63.38882064819336 49.79645919799805 1 8.939021110534668 0.3995990753173828 61.58895492553711 22.688377380371094 7 11.910030364990234 47.306236267089844 63.82327651977539 78.4505844116211
0 12.571450233459473 26.690492630004883 37.2982063293457 42.363216400146484
5 11.601709365844727 18.374170303344727 52.66230392456055 42.575714111328125 1 11.878961563110352 1.8671653270721436 51.7409782409668 13.930999755859375
2 6.306697368621826 8.815759658813477 26.632884979248047 21.757713317871094 8 6.860346794128418 20.646366119384766 28.314899444580078 32.45957565307617 5 7.315046310424805 24.41012191772461 29.256912231445312 36.09103775024414
4 5.495828151702881 5.172192096710205 26.26169204711914 19.299842834472656
7 12.057035446166992 12.84000015258789 36.23575973510742 24.408863067626953 1 11.843939781188965 24.451160430908203 36.1066780090332 35.11566162109375
6 4.46322774887085 42.567264556884766 43.349971771240234 60.952816009521484 1 12.741903305053711 0.5635271072387695 40.014869689941406 11.36275863647461 4 10.02543830871582 15.346257209777832 39.09192657470703 31.743173599243164 1 6.34663200378418 22.49266815185547 41.30983352661133 41.90603256225586
6 49.63631057739258 79.03045654296875 90.0450439453125 102.75910949707031
5 10.035661697387695 15.336294174194336 33.395687103271484 28.75254249572754
2 8.038310050964355 22.724407196044922 39.09462356567383 41.99838638305664
0 6.048650741577148 16.938928604125977 32.31976318359375 31.03123664855957 3 6.53467321395874 5.862853050231934 32.0622673034668 20.044246673583984
8 7.9653143882751465 26.651826858520508 32.30671310424805 39.523353576660156 3 6.5013532638549805 17.35356330871582 31.44741439819336 30.11942481994629
6 22.2437801361084 38.28538131713867 58.895931243896484 61.82047653198242 8 27.798057556152344 37.59553909301758 58.436588287353516 57.403926849365234
0 3.5349583625793457 14.136528015136719 27.199966430664062 29.74300193786621 5 2.692075490951538 2.848968982696533 26.36091423034668 15.547135353088379
0 6.422387599945068 19.645139694213867 31.66759490966797 34.9231071472168 5 5.797134876251221 4.267693519592285 30.802852630615234 18.740535736083984
6 30.157135009765625 75.88941955566406 86.5472412109375 103.780517578125 1 47.12481689453125 81.30863952636719 90.16083526611328 102.68082427978516

2 8.700926780700684 6.360362529754639 39.94717788696289 25.42092514038086

9 12.678760528564453 19.212587356567383 41.18003845214844 39.597354888916016
1 76.21004486083984 90.17205810546875 140.69964599609375 116.97171783447266 2 43.46104431152344 7.094973564147949 147.561767578125 55.2482795715332
1 55.65964126586914 35.838130950927734 95.39583587646484 55.951168060302734
2 121.41736602783203 92.55984497070312 166.5104217529297 121.62422180175781 1 117.72084045410156 57.595252990722656 179.06529235839844 87.54192352294922

2 10.33126163482666 36.00959014892578 51.753509521484375 55.411766052246094
2 19.710451126098633 26.307941436767578 87.66264343261719 49.630794525146484 6 20.15583610534668 63.2978630065918 85.53548431396484 92.14810180664062
8 59.352989196777344 51.359588623046875 84.97003173828125 68.26446533203125
6 34.85301971435547 13.102302551269531 69.32608032226562 32.223907470703125

2 5.565944671630859 18.616588592529297 32.279537200927734 34.13668441772461


2 48.2184944152832 6.1444926261901855 113.2579345703125 52.242156982421875 5 22.763212203979492 86.87706756591797 91.154541015625 139.01266479492188 3 44.2484245300293 14.832341194152832 108.40506744384766 62.76896286010742 5 37.06129455566406 58.25943374633789 100.64167022705078 104.66165924072266
7 62.289798736572266 78.0344467163086 121.7900161743164 113.11253356933594

4 31.45630645751953 37.118019104003906 84.80179595947266 68.83450317382812 5 23.442380905151367 4.311584949493408 73.18843841552734 31.24422836303711
1 11.88397216796875 72.67420959472656 54.675479888916016 92.70574951171875 7 19.005281448364258 50.93804931640625 63.7079963684082 72.57716369628906
0 36.86376953125 57.508155822753906 81.759765625 84.04580688476562 3 34.14107894897461 88.6671371459961 76.12791442871094 111.98176574707031 5 40.27996826171875 31.82273292541504 82.32886505126953 56.626468658447266
9 11.588665008544922 13.487260818481445 38.695796966552734 34.025535583496094 4 30.26778221130371 37.000221252441406 60.86052322387695 55.59674835205078 4 10.564144134521484 38.46961975097656 41.05137252807617 59.46840286254883
4 25.661598205566406 20.177536010742188 57.417423248291016 38.10799789428711 4 25.093936920166016 30.356977462768555 58.25605773925781 50.58333969116211
1 7.768580436706543 1.2990916967391968 39.758705139160156 15.861120223999023
2 18.19705581665039 9.574913024902344 47.20138931274414 24.972980499267578
3 33.338714599609375 27.744705200195312 90.88123321533203 50.85063171386719 3 27.190959930419922 52.082767486572266 75.58759307861328 76.31178283691406 5 37.69746017456055 54.041194915771484 91.89720916748047 78.80082702636719 3 36.6537971496582 5.849366188049316 86.583984375 31.301170349121094
6 29.235132217407227 8.08590030670166 73.00079345703125 22.9676456451416
4 16.954540252685547 40.786231994628906 59.617427825927734 57.613956451416016 9 24.231164932250977 36.97240447998047 64.58124542236328 57.19207763671875
8 66.70744323730469 39.15083312988281 103.83026123046875 57.309757232666016 6 26.318222045898438 18.73751449584961 75.10304260253906 40.74148178100586
9 20.10043716430664 54.050418853759766 73.39482116699219 77.88107299804688 1 22.280155181884766 34.139949798583984 70.78927612304688 58.36351776123047
4 121.75926208496094 98.88804626464844 150.0547332763672 116.58108520507812 1 32.63540267944336 56.32355499267578 117.5257797241211 86.2311782836914
7 8.943169593811035 48.58550262451172 45.88650131225586 63.57917022705078 0 16.312170028686523 30.526185989379883 50.4350700378418 45.477333068847656

1 12.840869903564453 28.468547821044922 45.17107009887695 42.98417282104492 4 11.515077590942383 48.7801513671875 42.633079528808594 63.33793640136719
5 32.83795166015625 68.71005249023438 96.59611511230469 104.8604507446289 5 47.31684875488281 22.54466438293457 106.6654281616211 57.78706741333008


1 25.93983268737793 26.148900985717773 92.51517486572266 40.75391387939453 1 21.0357723236084 30.29616928100586 85.06668853759766 51.77193069458008 0 17.527067184448242 53.309356689453125 87.7457275390625 85.83454132080078 1 20.092195510864258 8.886335372924805 86.8386459350586 32.66718292236328
7 6.236574172973633 3.8918488025665283 32.58174133300781 23.621318817138672
2 4.915369510650635 0.8833279013633728 33.260498046875 19.04901885986328
1 11.951240539550781 17.78536033630371 44.1452522277832 31.37095832824707
6 6.753183364868164 4.34401798248291 44.32196044921875 23.446386337280273
4 121.6366958618164 206.97967529296875 150.62184143066406 223.09034729003906
2 7.827197074890137 9.693305015563965 36.62947082519531 25.522533416748047 5 8.734474182128906 29.20801544189453 36.49417495727539 42.57862854003906
8 17.88780403137207 58.695350646972656 46.68638229370117 74.42528533935547
6 21.36250114440918 32.088623046875 43.265071868896484 45.57576370239258 2 19.84673309326172 23.981931686401367 38.27763748168945 36.34925842285156 2 17.319843292236328 11.510951042175293 42.63117218017578 24.501205444335938
4 30.21200180053711 37.95646286010742 62.63279724121094 58.86492919921875 4 26.28286361694336 3.5329036712646484 59.49760437011719 20.67438316345215 4 30.171375274658203 26.696060180664062 60.883968353271484 42.10063934326172
2 57.184844970703125 77.64288330078125 121.01980590820312 126.03507995605469 7 49.095943450927734 73.93429565429688 120.12621307373047 114.83479309082031
2 14.821270942687988 19.10390281677246 43.45344161987305 34.26321029663086 2 13.76503849029541 43.72346496582031 45.718170166015625 59.80365753173828 1 18.007644653320312 34.17043685913086 48.92987060546875 47.77716827392578
9 4.958775520324707 20.853721618652344 32.8084831237793 36.0711669921875 5 5.270960330963135 4.918376445770264 32.05580139160156 20.3377628326416
7 7.659142017364502 10.943863868713379 44.8801383972168 33.67010498046875 8 7.823289394378662 31.436952590942383 46.61505126953125 53.46077346801758
4 53.82738494873047 64.7165756225586 114.71694946289062 89.79215240478516 1 78.77706909179688 88.42161560058594 114.56932067871094 111.03659057617188
6 51.74342346191406 27.288623809814453 90.9795150756836 43.3847770690918 6 52.00273513793945 48.165279388427734 89.80170440673828 65.9453125 6 22.911365509033203 33.23483657836914 65.32703399658203 50.89727020263672
3 6.865902423858643 5.522478103637695 27.195676803588867 19.365074157714844
2 13.128254890441895 21.054826736450195 54.07683563232422 47.29026794433594 2 14.571407318115234 31.333717346191406 47.41482925415039 46.81981658935547
3 21.38321304321289 60.94975662231445 77.85971069335938 91.75833892822266
5 24.96931266784668 58.769222259521484 55.47658920288086 73.22608947753906 3 24.689680099487305 40.69877624511719 49.87826919555664 52.980812072753906
9 3.645493745803833 17.482248306274414 31.512306213378906 28.603225708007812 2 3.842589855194092 4.64985466003418 31.498334884643555 21.124120712280273
7 23.644977569580078 49.60258102416992 48.08045196533203 61.037418365478516 4 26.666990280151367 34.388187408447266 52.490970611572266 47.01680374145508
5 90.94645690917969 69.98361206054688 126.91590118408203 91.6489486694336
3 71.91088104248047 23.895490646362305 114.95260620117188 53.738250732421875 7 83.4673080444336 50.666107177734375 121.38506317138672 78.94164276123047
4 11.559401512145996 27.35785675048828 41.48780059814453 45.6286506652832 1 12.84831714630127 18.709835052490234 43.005130767822266 33.58782196044922 4 10.918440818786621 34.35565948486328 39.067466735839844 49.478172302246094
4 38.559112548828125 56.511661529541016 69.08734893798828 70.03125762939453
1 41.25485610961914 39.66109848022461 111.24071502685547 62.482269287109375 1 29.52665901184082 25.512367248535156 116.14373016357422 58.41082763671875 0 52.79669189453125 112.3917236328125 119.69664764404297 151.5321807861328 0 30.77252960205078 68.73729705810547 112.47817993164062 102.43705749511719
1 101.23336791992188 78.09632873535156 200.87640380859375 119.66937255859375 2 48.43309020996094 108.81179809570312 104.46417236328125 148.2381134033203
6 13.671178817749023 35.0526237487793 35.74664306640625 45.84678268432617 4 10.734968185424805 21.599609375 36.18470764160156 34.28950119018555
9 31.988372802734375 83.38391876220703 67.33364868164062 100.04997253417969 9 30.361600875854492 64.40424346923828 56.65605163574219 77.75682067871094
4 14.494170188903809 12.172124862670898 46.2187614440918 28.617727279663086 5 13.897343635559082 1.0203148126602173 44.04088592529297 16.183696746826172
1 44.553585052490234 22.18061637878418 85.3551025390625 42.30314636230469 0 50.72990417480469 41.08475875854492 87.12786865234375 59.51988983154297 9 55.13276672363281 50.67938995361328 91.59844970703125 68.99231719970703
4 18.31458282470703 83.7947006225586 61.45452880859375 107.94342041015625 3 50.37358856201172 62.75286865234375 95.77352905273438 83.4361572265625
7 20.852825164794922 26.622804641723633 85.80722045898438 60.203880310058594
2 4.5387492179870605 3.0857183933258057 25.908340454101562 16.062532424926758 1 3.865192413330078 15.803844451904297 25.569610595703125 26.44776725769043
2 17.351947784423828 45.47291564941406 55.272972106933594 62.40446090698242 1 25.74264144897461 26.732221603393555 58.951942443847656 44.9056396484375
5 1.5180906057357788 21.215761184692383 42.359283447265625 43.426124572753906 1 3.7074499130249023 4.893483638763428 44.851898193359375 23.003175735473633
4 8.671900749206543 4.39351749420166 35.88838577270508 19.7548828125 2 7.234487533569336 20.405176162719727 35.64452362060547 35.01081085205078
7 14.259408950805664 24.437074661254883 40.1001091003418 41.967247009277344
2 5.318141937255859 18.205530166625977 28.693017959594727 31.141462326049805
2 6.770479202270508 25.65195655822754 36.57756423950195 43.49980163574219 4 13.901627540588379 8.276662826538086 38.46263122558594 25.351390838623047 2 7.204646110534668 6.294327735900879 37.71666717529297 22.593244552612305
7 4.507942199707031 1.4363912343978882 27.491981506347656 15.737025260925293


2 8.55142593383789 9.406477928161621 32.254310607910156 22.911609649658203 1 8.252617835998535 0.8367027640342712 32.54505920410156 10.025541305541992
4 2.4055445194244385 19.56014633178711 32.63489532470703 34.95005416870117 4 2.9218831062316895 2.567319869995117 34.259883880615234 17.782161712646484
3 36.6622200012207 35.297080993652344 70.41804504394531 50.47524642944336 5 38.43045425415039 43.050479888916016 69.2223892211914 56.79784393310547
3 87.6589584350586 90.34883880615234 109.9363021850586 101.27153015136719 5 31.077611923217773 47.78200912475586 82.18885803222656 72.35139465332031
5 8.58311939239502 8.194172859191895 31.873350143432617 20.236906051635742 1 10.35463809967041 24.541975021362305 34.50960159301758 34.85164260864258
0 16.690656661987305 33.97538375854492 65.2127685546875 61.89777755737305 3 14.933164596557617 10.33693790435791 68.44989013671875 33.609500885009766
4 9.16644287109375 0.684664249420166 50.785797119140625 28.701751708984375 4 9.11974811553955 10.697349548339844 48.503578186035156 37.71152114868164 4 9.492576599121094 39.74307632446289 46.07154083251953 64.87779998779297
3 39.185508728027344 50.74675369262695 68.42022705078125 68.81333923339844 4 43.20000076293945 67.14368438720703 62.656089782714844 78.08318328857422
1 41.80812454223633 141.6122589111328 72.97491455078125 154.7492218017578 1 33.42182540893555 136.493896484375 78.07919311523438 157.42092895507812 3 39.1602668762207 155.24545288085938 75.51789093017578 172.31085205078125 6 31.77411651611328 141.78692626953125 72.1148910522461 154.33554077148438 6 34.09171676635742 151.686279296875 84.24092864990234 179.36428833007812 3 22.989805221557617 150.9794158935547 62.43279266357422 172.4171905517578
1 10.725709915161133 17.116979598999023 44.48089599609375 33.413448333740234 8 10.332071304321289 22.707286834716797 44.941829681396484 41.4438362121582
2 15.674129486083984 15.818436622619629 45.765865325927734 34.34852981567383 2 14.819025039672852 34.12548828125 45.9013786315918 52.639434814453125
3 10.579194068908691 46.74968338012695 43.0526237487793 64.61091613769531
4 6.502138137817383 10.617506980895996 30.85580825805664 22.882034301757812 6 7.304316997528076 21.841625213623047 32.545555114746094 33.587501525878906
1 44.232059478759766 40.19156265258789 79.50753784179688 58.15985107421875
4 13.988066673278809 10.392661094665527 50.135231018066406 31.986770629882812 1 22.602924346923828 2.2494091987609863 59.631141662597656 22.756851196289062
6 9.840799331665039 2.880782127380371 41.96116256713867 20.397808074951172

5 150.05267333984375 67.65855407714844 185.37442016601562 94.06129455566406 4 47.56315994262695 -4.44285249710083 120.2125244140625 53.22075653076172

4 10.596845626831055 26.022319793701172 37.27338409423828 38.781917572021484 4 12.977984428405762 10.011297225952148 40.63286590576172 22.27176284790039
2 86.69212341308594 83.70089721679688 140.365966796875 125.46013641357422
3 3.822028160095215 1.3484501838684082 49.619667053222656 18.733802795410156 0 6.512470245361328 17.451181411743164 52.90358352661133 35.50080108642578 0 7.0903496742248535 41.78137969970703 57.13467025756836 63.68452072143555
1 17.289257049560547 25.089344024658203 51.04003143310547 42.77107238769531 1 14.556943893432617 30.858657836914062 49.30680847167969 51.492576599121094
2 11.937503814697266 46.652748107910156 49.431697845458984 62.64107894897461 1 13.58773422241211 60.908348083496094 49.66964340209961 80.84827423095703
5 43.32331466674805 28.547651290893555 79.58975219726562 53.46812438964844 5 25.426538467407227 7.508944034576416 69.86090087890625 31.801965713500977 1 44.54389572143555 53.975528717041016 79.9094009399414 74.48707580566406

1 8.521536827087402 36.50516891479492 39.86238098144531 51.5820198059082 1 33.687191009521484 1.3382920026779175 61.91017532348633 14.674651145935059
5 18.954387664794922 34.03716278076172 92.25897979736328 77.1776351928711 5 32.53312301635742 18.830045700073242 90.45411682128906 55.997947692871094 8 30.716716766357422 4.682417392730713 97.3408203125 42.0163688659668 9 23.42292594909668 2.018502712249756 95.05302429199219 44.228939056396484
3 42.20791244506836 0.02243117056787014 84.15653228759766 18.45315933227539 1 18.770126342773438 78.19942474365234 69.3075180053711 99.32173156738281
1 57.26905059814453 117.99747467041016 118.73733520507812 146.43527221679688

5 5.557448863983154 6.60934591293335 33.45859146118164 25.649036407470703
6 14.201862335205078 -0.9733811616897583 48.16271209716797 13.352079391479492 2 14.533801078796387 15.25076675415039 48.232994079589844 34.741065979003906

5 22.2307186126709 29.959760665893555 69.85350799560547 56.34489059448242 2 38.1400032043457 1.4514954090118408 89.68377685546875 24.664634704589844 3 6.838113307952881 55.94511413574219 53.28903579711914 85.1817626953125
2 45.60732650756836 50.03134536743164 83.54915618896484 76.03514862060547 1 44.22008514404297 84.44781494140625 81.6976318359375 106.47794342041016 6 40.890892028808594 29.80303955078125 84.29756927490234 55.30767059326172 2 43.59296798706055 67.5268325805664 83.08428192138672 91.82464599609375
2 7.669188022613525 9.850537300109863 59.35209655761719 38.74584197998047 8 8.307271003723145 40.66542434692383 55.010955810546875 64.6622085571289
0 12.410492897033691 35.391666412353516 46.32715606689453 45.926002502441406 4 11.913381576538086 11.500089645385742 50.4017448425293 26.332717895507812
5 10.448965072631836 4.011185646057129 61.06731033325195 34.13191223144531 6 10.924789428710938 29.651304244995117 61.51258087158203 55.73891830444336 3 11.049914360046387 1.1064270734786987 60.483089447021484 32.16777801513672
0 11.947070121765137 17.428787231445312 54.889976501464844 40.50124740600586 1 10.381597518920898 0.1315818727016449 50.0166015625 15.33731746673584 3 12.4789457321167 33.31359100341797 54.55352783203125 60.364994049072266

2 25.567819595336914 21.052379608154297 82.17611694335938 59.714019775390625
6 9.902039527893066 0.9879251718521118 36.91334533691406 16.710174560546875 7 8.483735084533691 26.482852935791016 36.0567741394043 44.02424621582031 7 11.39244270324707 11.881175994873047 38.091854095458984 29.492752075195312
4 15.251848220825195 23.254322052001953 99.5261001586914 77.0380630493164
3 143.57447814941406 6.91466760635376 189.36529541015625 26.0947265625 2 152.47821044921875 140.10093688964844 183.81094360351562 158.16236877441406 3 83.34374237060547 7.439170837402344 160.0304412841797 44.72858810424805 6 136.245849609375 18.014015197753906 190.01759338378906 56.26271057128906
2 5.927631855010986 2.9632394313812256 24.97087860107422 15.531394004821777
2 9.348359107971191 23.946090698242188 31.420597076416016 36.7086296081543 5 8.372387886047363 8.01938533782959 28.561817169189453 20.11159324645996
4 12.716177940368652 15.701292037963867 38.19415283203125 28.221895217895508 8 11.188705444335938 25.810802459716797 38.06476974487305 37.362831115722656
9 31.391124725341797 30.300460815429688 54.88713073730469 44.973854064941406 3 33.182518005371094 27.826454162597656 56.53660583496094 42.14142608642578 3 30.82183074951172 46.61083221435547 57.543670654296875 64.16201782226562
6 19.213119506835938 14.493523597717285 42.96747589111328 26.977109909057617 3 17.394989013671875 14.321939468383789 42.36863708496094 27.361026763916016
9 8.44753360748291 19.502208709716797 42.95349884033203 39.94996643066406 5 8.927648544311523 1.6822408437728882 42.02177429199219 17.553760528564453
2 152.03082275390625 102.3843994140625 197.7042999267578 133.57908630371094 7 153.70628356933594 124.98631286621094 193.9794921875 145.76150512695312

2 12.531649589538574 14.807165145874023 39.54494857788086 37.156009674072266
7 22.015941619873047 43.08626174926758 74.05518341064453 80.16105651855469
2 12.554939270019531 46.87417984008789 48.687156677246094 66.60476684570312 3 17.81439208984375 47.77632141113281 49.175113677978516 65.34697723388672
6 19.068988800048828 34.31587219238281 44.61073684692383 49.3428955078125
3 104.90239715576172 62.439369201660156 156.4027557373047 95.69229888916016
7 4.749466896057129 7.723998546600342 36.07302474975586 21.97600555419922 4 5.944020748138428 24.454599380493164 36.813602447509766 40.16351318359375
0 10.432877540588379 15.162961959838867 26.748233795166016 24.030189514160156 4 10.73668098449707 8.429147720336914 27.176742553710938 17.85609245300293
1 27.423137664794922 44.21567153930664 55.9180793762207 57.166778564453125
8 19.576438903808594 2.690892219543457 54.73040771484375 23.837099075317383
6 14.140663146972656 39.00266647338867 64.43940734863281 59.98563766479492 1 31.860517501831055 19.1354923248291 75.98172760009766 36.403072357177734

0 6.449487209320068 17.96738052368164 30.901296615600586 32.191986083984375 2 6.069960594177246 2.6635665893554688 30.123329162597656 17.546689987182617
4 7.559276103973389 8.014503479003906 28.131010055541992 20.402236938476562
1 26.906404495239258 6.863317489624023 104.7767105102539 43.50345230102539 6 30.80694007873535 48.53956985473633 105.5929946899414 88.210693359375
4 98.98615264892578 91.78408813476562 146.93963623046875 110.13384246826172 4 89.2989273071289 63.78933334350586 130.78871154785156 85.4902572631836
5 18.62868309020996 27.31306266784668 38.061790466308594 38.371681213378906 3 16.697282791137695 17.318729400634766 40.21507263183594 35.46980285644531
2 16.39459228515625 40.797119140625 48.90095901489258 59.982261657714844 1 14.04859733581543 20.34895133972168 48.51011657714844 40.84507369995117
6 20.942785263061523 21.514257431030273 46.42864227294922 36.91741943359375 2 19.66145896911621 28.088733673095703 44.56269836425781 40.19248580932617 5 22.84864616394043 47.24761199951172 49.89814758300781 62.977439880371094
4 13.045611381530762 19.353675842285156 44.13394546508789 34.78848648071289 4 15.390729904174805 2.7984776496887207 48.77212142944336 19.207399368286133
3 12.15158462524414 15.326825141906738 44.963069915771484 34.58502197265625 1 8.45284652709961 37.05758285522461 46.262916564941406 52.57441329956055 2 8.917520523071289 16.307584762573242 41.876949310302734 33.48014831542969

5 10.247191429138184 32.686031341552734 53.09115982055664 55.7509880065918 1 5.33271598815918 2.9086437225341797 49.786102294921875 18.875164031982422 3 7.985293388366699 12.283085823059082 52.70397186279297 32.61824035644531
2 7.72314453125 6.862206935882568 28.666034698486328 18.885562896728516
2 10.39310073852539 29.578140258789062 39.046016693115234 42.89267349243164
4 26.928936004638672 18.30269432067871 59.31969451904297 41.133060455322266 5 29.57558822631836 3.983701229095459 59.96764373779297 23.652679443359375
3 31.804311752319336 15.991279602050781 78.26458740234375 45.1490364074707 8 17.855987548828125 52.77912139892578 58.86419677734375 75.19034576416016
5 7.044544219970703 35.03956985473633 49.88936233520508 54.83530807495117

5 26.639888763427734 64.01309967041016 67.95127868652344 86.85372161865234 4 45.65586471557617 33.54765701293945 81.83551025390625 64.22220611572266 5 38.92560577392578 58.76993942260742 82.06761932373047 89.7367172241211
8 11.852547645568848 -0.12575125694274902 36.02657699584961 16.62976837158203 8 11.808911323547363 15.608136177062988 33.47000503540039 29.655447006225586 1 14.042525291442871 27.198532104492188 38.787960052490234 43.59939193725586
7 61.8714485168457 60.29304885864258 149.91477966308594 101.1136245727539
8 17.091691970825195 16.637189865112305 48.029815673828125 41.092044830322266
4 37.9327507019043 44.574832916259766 63.90583419799805 63.469905853271484 6 23.484952926635742 22.685728073120117 52.741024017333984 41.27876663208008 5 14.30440902709961 2.3543741703033447 46.07595443725586 18.47132110595703
2 11.107629776000977 33.18381881713867 42.14076232910156 47.969512939453125 1 12.288175582885742 14.129467964172363 42.56947708129883 30.024019241333008
0 5.7696051597595215 21.408761978149414 32.74202346801758 33.1150016784668 1 5.266315460205078 1.2796392440795898 32.72080612182617 13.202423095703125 0 5.9072699546813965 12.575807571411133 32.816314697265625 24.45452880859375
2 4.601688385009766 9.903635025024414 26.301536560058594 24.784358978271484 4 4.9529266357421875 11.116174697875977 24.67245101928711 25.53407859802246
4 2.2767646312713623 2.5320982933044434 19.58123779296875 13.067404747009277
9 24.22464370727539 63.21827697753906 48.65228271484375 75.94255828857422 6 22.200702667236328 46.9829216003418 49.177520751953125 61.594207763671875
6 60.96303939819336 38.014652252197266 88.55923461914062 53.77531814575195 4 61.27109909057617 27.039398193359375 88.51852416992188 42.42790222167969
2 25.666000366210938 38.82359313964844 46.8255500793457 48.81217575073242
5 19.24327278137207 34.0286750793457 44.738094329833984 46.08234405517578 5 18.576751708984375 39.21889114379883 46.11723327636719 52.187782287597656
6 7.897548675537109 22.28705596923828 35.024566650390625 39.179588317871094 1 6.336432933807373 11.324660301208496 33.19099426269531 22.77849578857422
4 32.62379837036133 91.86888122558594 64.85445404052734 107.13787078857422 4 53.73619079589844 94.11141204833984 83.40777587890625 108.4739990234375
5 7.649784088134766 -0.008947509340941906 32.635536193847656 13.752605438232422
9 20.026012420654297 3.3822951316833496 71.38555908203125 35.43830108642578 2 19.71106719970703 38.71095657348633 68.2076644897461 67.28060913085938
9 34.88206100463867 12.180559158325195 56.5208740234375 25.876216888427734 5 31.372608184814453 20.0113468170166 54.372928619384766 35.519020080566406
1 34.71706008911133 12.487186431884766 103.2500991821289 44.90538024902344 6 35.5264892578125 41.69880294799805 99.93537902832031 73.470947265625
3 29.5009822845459 73.3066177368164 104.07205200195312 118.13011932373047

3 9.898590087890625 22.066551208496094 37.815208435058594 35.1044807434082 2 10.51107406616211 16.478145599365234 38.74211883544922 28.835037231445312
7 17.053852081298828 52.519752502441406 47.07676315307617 72.9087905883789 7 19.61622428894043 41.14855194091797 49.694305419921875 53.85963821411133
8 18.241580963134766 32.452125549316406 46.861968994140625 52.17400360107422

8 84.98424530029297 40.519596099853516 106.24958801269531 58.38853454589844
9 126.31011199951172 82.27139282226562 158.2811279296875 99.16416931152344 3 119.37562561035156 82.93708038330078 162.55824279785156 104.18248748779297 5 107.35379028320312 68.54849243164062 156.5423583984375 98.65779113769531
1 22.90324592590332 9.404702186584473 122.29277038574219 55.50277328491211 9 24.560274124145508 61.144222259521484 125.1463623046875 120.08651733398438
5 6.727252960205078 1.4652433395385742 46.078636169433594 24.58704948425293
6 22.09878158569336 24.338634490966797 52.95650100708008 42.953277587890625 9 22.949316024780273 34.11623764038086 53.37339401245117 59.483314514160156
7 32.950294494628906 40.02602767944336 75.61589050292969 55.034053802490234 6 31.20699119567871 53.07688522338867 70.67613983154297 76.43223571777344
7 15.488448143005371 13.857527732849121 41.5821647644043 27.677074432373047 4 18.449064254760742 2.275271415710449 46.581363677978516 19.07310676574707 7 19.974870681762695 24.200664520263672 43.15629196166992 36.39509963989258
3 16.962724685668945 56.174530029296875 54.383567810058594 75.2423095703125 1 16.6016788482666 43.67869186401367 54.306888580322266 66.67610168457031 5 25.25706672668457 48.55486297607422 64.80926513671875 65.9288330078125
2 11.334329605102539 9.485518455505371 30.275127410888672 22.157264709472656 5 6.071162223815918 24.536157608032227 28.601137161254883 36.605735778808594
2 5.274083137512207 6.260669708251953 38.52339553833008 22.330461502075195 5 5.3805975914001465 23.392074584960938 37.53059768676758 41.746376037597656
5 4.370632171630859 16.628177642822266 31.952552795410156 32.582420349121094
8 10.050670623779297 16.65113639831543 34.321083068847656 31.139846801757812 5 11.036556243896484 30.571697235107422 35.486454010009766 43.6154899597168 5 12.554314613342285 1.5853636264801025 35.43550109863281 16.73465919494629
4 73.8184585571289 37.469608306884766 105.96143341064453 55.103031158447266 3 74.7591552734375 54.05858612060547 109.09521484375 73.36984252929688

1 4.759946823120117 2.647538423538208 35.08521270751953 15.823372840881348 9 4.810848712921143 17.761688232421875 35.96921157836914 35.59443283081055
6 5.180606842041016 13.964627265930176 33.841941833496094 28.042051315307617
0 6.116123676300049 17.550668716430664 35.70609664916992 33.58237075805664 5 4.63606071472168 2.7585463523864746 34.929603576660156 19.25399398803711
1 47.785118103027344 11.0146484375 72.7164535522461 22.139976501464844
6 10.864812850952148 12.201150894165039 40.714561462402344 33.08640670776367
2 62.10969161987305 115.73924255371094 95.76641082763672 131.990478515625 2 58.31330871582031 133.68365478515625 88.14567565917969 149.4132537841797 2 107.04606628417969 86.87244415283203 139.21542358398438 115.56613159179688
1 11.895009994506836 41.771141052246094 59.00505065917969 63.376869201660156
3 27.852144241333008 1.4942387342453003 54.070152282714844 19.704715728759766 0 9.846570014953613 42.197078704833984 38.271690368652344 61.56779098510742 0 24.4718074798584 18.41228485107422 49.27423858642578 36.162410736083984
5 5.987985134124756 7.397906303405762 37.375 29.364246368408203 7 6.758235454559326 31.07160186767578 35.595157623291016 45.170780181884766
8 25.328920364379883 28.68648338317871 49.00922393798828 38.80335998535156
2 12.868833541870117 22.116561889648438 54.969940185546875 43.72960662841797 4 18.078580856323242 19.996349334716797 52.72111892700195 41.45602798461914
4 18.28461265563965 23.23581886291504 54.242977142333984 39.1082878112793 2 21.96668243408203 13.810811042785645 58.954227447509766 34.79732894897461
3 35.75496292114258 19.89585304260254 59.09773635864258 38.82720947265625
1 9.810128211975098 6.69081974029541 34.329071044921875 18.236726760864258 1 7.833409309387207 28.431005477905273 32.247474670410156 44.04753875732422 8 13.473548889160156 19.987695693969727 35.191612243652344 31.057130813598633
3 27.460947036743164 37.75334167480469 55.4554443359375 56.90521240234375 2 29.170242309570312 17.583337783813477 62.562225341796875 41.724361419677734
1 9.908658027648926 14.416383743286133 40.354652404785156 27.553560256958008 5 8.495054244995117 30.346473693847656 39.501976013183594 45.56639862060547
7 12.425162315368652 26.83165168762207 39.62577819824219 41.764583587646484
7 7.916033744812012 20.504398345947266 32.09017562866211 34.466217041015625 3 9.260355949401855 6.88127326965332 31.740585327148438 21.533836364746094 6 6.8190016746521 27.23876953125 30.952482223510742 41.279754638671875
3 12.06159496307373 22.615924835205078 33.84172058105469 36.84995651245117 0 11.238754272460938 34.86577224731445 35.20444869995117 47.73664093017578
6 6.633121967315674 0.26798856258392334 24.012325286865234 11.010232925415039
3 6.638040065765381 28.138938903808594 52.55061340332031 47.56938171386719 6 7.819753170013428 8.22457218170166 52.638668060302734 29.039766311645508
6 9.80189323425293 13.599560737609863 34.8329963684082 32.58995819091797 5 14.264883041381836 31.738962173461914 39.06729507446289 44.962554931640625
2 9.493785858154297 13.161069869995117 31.040868759155273 27.2139892578125 9 9.645936965942383 28.725120544433594 34.779441833496094 44.848106384277344
4 10.853218078613281 0.5784702301025391 37.82694625854492 13.767465591430664
7 20.30032730102539 33.32164001464844 51.82090377807617 50.97575378417969 2 16.69894027709961 36.7144775390625 46.16551208496094 56.3343620300293
4 10.692841529846191 5.569864749908447 31.298885345458984 17.899499893188477 8 10.156890869140625 19.54726219177246 30.304126739501953 32.340911865234375 9 10.761175155639648 17.87574005126953 31.115270614624023 31.396629333496094
2 4.771058559417725 16.131393432617188 25.505271911621094 29.74457550048828
1 7.89964485168457 33.841590881347656 39.49835968017578 54.01850509643555
2 10.9796781539917 11.8306303024292 55.00673294067383 47.961509704589844
4 24.51654624938965 90.56785583496094 70.84706115722656 108.36664581298828

5 19.145299911499023 31.25050163269043 57.270790100097656 53.949214935302734 2 19.31854248046875 4.952406883239746 56.47767639160156 26.028085708618164 5 18.677541732788086 19.109933853149414 54.94546127319336 39.35436248779297 5 24.856033325195312 13.284808158874512 59.89431381225586 32.63726806640625
6 109.35702514648438 66.976806640625 161.15628051757812 83.89107513427734
4 36.979061126708984 24.77508544921875 67.19523620605469 43.02968978881836
2 2.966247320175171 2.8773739337921143 34.820030212402344 20.187118530273438 6 4.5938920974731445 20.755870819091797 35.00544738769531 37.64177703857422
2 15.192248344421387 14.981033325195312 44.002525329589844 34.600547790527344 1 12.022279739379883 43.378414154052734 43.33362579345703 58.43316650390625 2 14.617264747619629 25.203336715698242 44.9781494140625 42.56619644165039
9 4.182802677154541 15.292136192321777 27.83553695678711 29.273698806762695 2 2.9298713207244873 0.47870978713035583 26.24606704711914 14.559518814086914
6 8.249662399291992 14.535816192626953 33.050025939941406 29.36309814453125 5 9.189960479736328 25.493104934692383 35.32526779174805 38.35205078125
3 96.84532165527344 116.83612823486328 174.8870849609375 160.70053100585938 3 90.2100830078125 159.51487731933594 176.2621307373047 198.86512756347656
6 18.594144821166992 38.10991668701172 56.26823806762695 64.97687530517578
0 9.6908597946167 41.74790954589844 60.51113510131836 68.26642608642578 5 9.94609260559082 15.51500129699707 59.26925277709961 40.569427490234375
4 15.36078929901123 2.6366236209869385 45.69330978393555 16.3551082611084 3 16.26587677001953 13.75113582611084 49.79654312133789 28.991064071655273 6 21.969806671142578 19.70768928527832 52.380287170410156 34.762332916259766
1 8.810341835021973 37.947750091552734 39.83397674560547 48.909976959228516 3 9.315624237060547 22.062715530395508 39.92587661743164 35.2921142578125 1 9.781028747558594 10.380525588989258 40.61003112792969 21.776655197143555
3 2.6111011505126953 0.23421382904052734 22.796598434448242 11.600042343139648
1 25.749237060546875 72.47185516357422 75.93362426757812 104.29067993164062 0 41.35418701171875 58.662418365478516 91.93157196044922 89.27520751953125
2 4.700115203857422 3.5680270195007324 25.614213943481445 15.516716957092285
8 19.12314796447754 11.078522682189941 91.4462890625 56.69924545288086
8 69.49669647216797 76.95272827148438 104.9665298461914 94.07335662841797 2 80.01911926269531 57.675682067871094 111.22383117675781 73.43780517578125 8 78.41476440429688 68.38732147216797 107.2818832397461 83.78080749511719
6 110.31734466552734 111.34648895263672 154.38153076171875 140.70826721191406 9 105.16586303710938 100.29424285888672 159.3486785888672 139.0234832763672
1 42.51148223876953 33.00266647338867 92.27095794677734 52.83055114746094 2 13.275869369506836 74.58940124511719 68.36058044433594 106.41813659667969 6 25.456850051879883 58.13043975830078 76.80681610107422 85.6338119506836
5 14.431259155273438 21.819272994995117 37.05485534667969 35.76321029663086 2 14.480209350585938 10.339332580566406 37.714988708496094 27.104267120361328 6 10.79965591430664 18.30256462097168 37.49604797363281 33.491722106933594

2 32.411598205566406 35.89553451538086 58.74560546875 52.7570915222168 7 35.387142181396484 15.657068252563477 63.115413665771484 31.610807418823242

4 5.900676250457764 11.138528823852539 40.039772033691406 32.51124572753906
5 24.092941284179688 48.200626373291016 56.10154724121094 66.27995300292969 0 25.062355041503906 34.392066955566406 59.165191650390625 51.21982192993164 2 24.80698585510254 16.64868927001953 56.54419708251953 32.51475524902344
5 5.1484479904174805 1.7651667594909668 33.03350067138672 21.14375877380371
1 14.169438362121582 15.591808319091797 35.243553161621094 27.573871612548828 7 14.612595558166504 31.7355899810791 31.341920852661133 41.684444427490234
5 25.339765548706055 29.967069625854492 64.3106689453125 56.13050079345703

1 3.815134048461914 5.680716514587402 26.8935489654541 17.49297332763672 6 3.723599910736084 17.97910499572754 26.274364471435547 31.31068229675293
2 27.51607322692871 37.58051300048828 51.01852798461914 51.16005325317383 2 21.794357299804688 30.217443466186523 47.71599197387695 43.89398193359375 1 28.17525863647461 25.89177894592285 56.33833694458008 40.313480377197266
0 18.716339111328125 24.75592613220215 48.78218460083008 47.50254821777344 3 19.826797485351562 10.902900695800781 50.245906829833984 30.897357940673828

3 12.882495880126953 21.111907958984375 48.39212417602539 38.905941009521484
6 12.948294639587402 27.431167602539062 48.440120697021484 49.45600128173828 8 11.488031387329102 4.982792854309082 46.205322265625 28.422380447387695
6 54.47146987915039 95.01656341552734 95.80034637451172 123.46229553222656 6 92.6272964477539 99.80811309814453 123.78775024414062 115.46355438232422 2 104.47709655761719 95.15605926513672 138.89398193359375 119.01930236816406
2 20.153675079345703 1.1156433820724487 52.92627716064453 14.793187141418457
3 8.764625549316406 1.2546221017837524 42.89696502685547 17.059982299804688 2 8.370574951171875 14.466568946838379 42.495914459228516 32.49386978149414

3 9.940035820007324 27.096755981445312 43.08301544189453 40.998130798339844 3 8.667572021484375 15.789167404174805 42.477657318115234 29.10982322692871 2 9.306949615478516 0.9982937574386597 42.859127044677734 16.10959815979004
2 41.086204528808594 74.15982818603516 75.36713409423828 93.87408447265625
7 11.028223991394043 1.513168215751648 51.3768424987793 24.337116241455078 1 10.397136688232422 24.30097198486328 50.61241912841797 42.497066497802734 9 10.163788795471191 42.36589813232422 51.05615234375 62.211509704589844
9 7.721371173858643 0.6173856854438782 28.62564468383789 11.977965354919434
7 9.497199058532715 28.33685874938965 46.12385940551758 52.002891540527344
3 34.73421859741211 19.084800720214844 64.92644500732422 34.30195236206055 2 41.346256256103516 35.82917404174805 66.9654541015625 47.52544403076172
3 18.707260131835938 30.36570167541504 62.77440643310547 57.729488372802734 2 23.323688507080078 48.953330993652344 53.635589599609375 70.39799499511719 5 12.380074501037598 57.65213394165039 63.52821731567383 82.06299591064453
3 5.149514198303223 15.271592140197754 26.410757064819336 28.60451889038086 2 5.6627655029296875 0.33967092633247375 26.84436798095703 12.850499153137207
2 13.568008422851562 25.71074676513672 39.69431686401367 40.326995849609375 6 14.44814395904541 13.091008186340332 39.14236831665039 24.610849380493164 6 14.396031379699707 1.9681167602539062 39.891597747802734 13.971271514892578
7 27.40833282470703 175.6947021484375 145.4371795654297 224.36569213867188 4 37.06203079223633 133.39537048339844 150.72348022460938 176.66905212402344
7 9.928218841552734 19.497303009033203 37.12093734741211 32.41293716430664 2 9.693740844726562 0.13681650161743164 37.85133361816406 15.69761848449707
6 5.072821140289307 13.822417259216309 23.768096923828125 26.684642791748047
8 29.031476974487305 46.31771469116211 52.8671875 63.171138763427734
9 11.286456108093262 42.827125549316406 66.48428344726562 67.65409088134766
6 26.670286178588867 12.874467849731445 48.25602340698242 27.047386169433594 3 23.598588943481445 1.7317454814910889 45.39511489868164 14.065625190734863
3 18.13820457458496 48.219783782958984 46.73195266723633 69.5430908203125 1 21.114093780517578 74.75003814697266 54.84555435180664 89.28112030029297 1 40.98540496826172 77.56131744384766 76.32614135742188 88.27216339111328
1 27.314363479614258 13.140591621398926 58.528594970703125 28.73333168029785 4 11.281821250915527 35.904258728027344 40.84899139404297 53.2418212890625

3 20.928062438964844 17.813919067382812 41.044559478759766 27.967016220092773 5 21.41594886779785 27.140302658081055 43.51565933227539 36.51958084106445 5 24.616790771484375 19.085359573364258 46.525978088378906 28.4378662109375 1 22.021175384521484 10.109247207641602 44.568153381347656 20.050029754638672
9 44.558570861816406 66.72850799560547 79.87387084960938 81.4553451538086
4 10.471244812011719 36.57969284057617 48.421566009521484 57.1474609375 2 12.827838897705078 16.50271987915039 47.49303436279297 36.661224365234375
1 15.148037910461426 52.0090217590332 59.03409194946289 72.19584655761719 5 62.806243896484375 46.709590911865234 88.24315643310547 62.459266662597656
1 44.6235466003418 40.87819290161133 102.22227478027344 72.53313446044922
3 22.748153686523438 40.138431549072266 81.63996124267578 77.53596496582031 1 22.237415313720703 15.982903480529785 79.43618774414062 32.65968704223633
1 98.7750015258789 28.28186798095703 148.74803161621094 49.35186767578125 3 95.52019500732422 47.667137145996094 141.65609741210938 67.55451965332031
0 41.170860290527344 42.31006622314453 97.00169372558594 69.35107421875 5 41.44573211669922 8.04150390625 100.93122100830078 36.98517990112305 5 69.22160339355469 11.604778289794922 120.31674194335938 37.57193374633789
3 9.505797386169434 18.010913848876953 25.40654754638672 30.412925720214844 5 8.848664283752441 4.352986812591553 26.047460556030273 17.358922958374023 5 11.32568359375 1.0031888484954834 29.957355499267578 10.633342742919922

6 8.286739349365234 26.259004592895508 31.442577362060547 43.5111198425293
8 8.979186058044434 21.433589935302734 40.232025146484375 38.55922317504883
1 32.04770278930664 32.53668212890625 87.76056671142578 58.16635513305664
7 8.950376510620117 23.433441162109375 44.486915588378906 46.12648010253906
9 9.795625686645508 26.199369430541992 39.43918228149414 41.928367614746094 2 7.836715221405029 14.235071182250977 38.757598876953125 31.588790893554688
8 16.22425079345703 52.32797622680664 73.9073257446289 91.2231674194336
1 15.710533142089844 66.40142822265625 95.26921844482422 115.25508880615234
1 8.93947696685791 19.803773880004883 31.08363151550293 30.68439292907715 2 8.930753707885742 0.7647150158882141 32.308841705322266 17.13677406311035
1 4.8225555419921875 3.347022533416748 28.040132522583008 16.81806755065918

5 30.86290740966797 37.88133239746094 80.85355377197266 56.49522399902344
2 18.761598587036133 31.474266052246094 50.48605728149414 51.749839782714844
2 15.068709373474121 11.392572402954102 51.76039123535156 34.39923858642578 0 14.029709815979004 30.73126220703125 49.157901763916016 48.3549690246582
9 31.50592613220215 13.733292579650879 86.28616333007812 42.11024856567383
6 9.668123245239258 49.875038146972656 52.72938537597656 79.0284194946289 5 15.600703239440918 16.43610382080078 59.62763977050781 45.256717681884766
2 5.925870895385742 4.2962541580200195 26.004596710205078 16.436906814575195 0 6.707912445068359 18.35129165649414 26.576324462890625 30.944656372070312
5 6.942497253417969 23.520435333251953 24.44843864440918 35.263980865478516
6 22.134672164916992 41.66776657104492 66.25764465332031 70.26420593261719 5 17.54325294494629 3.414370536804199 63.489620208740234 31.66273307800293
2 28.987268447875977 64.64791870117188 56.61102294921875 80.7909927368164 2 28.447612762451172 50.37373352050781 59.421287536621094 66.38990020751953
4 16.373048782348633 28.758075714111328 44.658023834228516 44.15311813354492 1 10.554676055908203 14.102599143981934 43.37605285644531 28.198780059814453
3 20.844459533691406 4.174650192260742 48.392478942871094 18.206912994384766 6 102.57829284667969 24.49188995361328 138.55926513671875 41.00434112548828 2 20.7503719329834 23.897756576538086 47.81657028198242 42.72138214111328 5 124.18904113769531 23.883668899536133 156.3828887939453 45.45933532714844
1 16.17405891418457 5.220739841461182 44.607154846191406 20.28282928466797 9 19.0675106048584 18.75593376159668 43.47877502441406 34.1982421875
3 38.35210037231445 10.96840763092041 63.8370361328125 27.167253494262695
8 17.11884880065918 79.06688690185547 102.1267318725586 120.3206558227539 3 25.73917579650879 40.076988220214844 109.74374389648438 68.2524642944336 6 28.493955612182617 20.091686248779297 118.58618927001953 51.88917922973633
5 12.391069412231445 25.012819290161133 77.76477813720703 61.562137603759766
2 25.827354431152344 13.571240425109863 64.19412231445312 34.58505630493164 9 7.552961349487305 48.70038604736328 41.69892501831055 67.8891372680664 1 15.015275001525879 32.82944869995117 47.78752517700195 51.43246841430664
3 22.620656967163086 2.5920424461364746 66.6720962524414 25.848983764648438 1 24.68609619140625 53.50783157348633 68.29544067382812 76.46186828613281 4 27.326663970947266 55.25078582763672 65.57980346679688 75.15769958496094
0 24.08695411682129 29.940542221069336 45.68879318237305 45.34079360961914 3 27.151884078979492 12.465787887573242 48.58839416503906 24.697309494018555
1 13.383808135986328 11.270435333251953 41.991756439208984 24.329652786254883 1 16.195167541503906 -0.06694244593381882 45.56319046020508 12.840577125549316 6 14.001884460449219 0.8078671097755432 43.744606018066406 15.143881797790527
4 17.084728240966797 17.58692169189453 54.387447357177734 33.136932373046875 5 15.702167510986328 40.21102523803711 52.65806579589844 53.59742736816406
4 11.687923431396484 1.943611741065979 52.075416564941406 17.847715377807617 0 11.938764572143555 22.744356155395508 52.003746032714844 45.9626579284668
8 6.567399501800537 20.399856567382812 32.349143981933594 34.2366943359375 4 6.126352310180664 4.971216201782227 30.995895385742188 19.23274040222168
6 10.870909690856934 9.906204223632812 49.22523880004883 36.58552932739258
1 28.09328269958496 18.631805419921875 63.516029357910156 34.70834732055664 6 26.911270141601562 55.27244567871094 66.10726165771484 81.68732452392578 3 28.856502532958984 37.16353988647461 64.19334411621094 58.042030334472656
4 9.711926460266113 20.674949645996094 33.87272644042969 38.62336349487305 2 8.802043914794922 14.8926362991333 33.16666030883789 29.45344352722168
1 5.861796855926514 7.8331146240234375 36.46129608154297 20.112079620361328 0 8.363699913024902 22.39395523071289 36.58385467529297 39.9986457824707
2 35.38863754272461 56.743446350097656 80.47769927978516 80.94903564453125
5 7.231320381164551 24.184614181518555 26.19948387145996 35.712120056152344 2 6.527821063995361 12.45048999786377 28.135892868041992 24.237077713012695
2 3.7102270126342773 4.837721347808838 21.641090393066406 16.875852584838867 0 3.7904186248779297 15.81827163696289 20.713945388793945 26.778438568115234
9 14.96801471710205 34.71867752075195 37.635894775390625 49.30828094482422 2 16.63739776611328 19.500041961669922 38.03250503540039 34.882110595703125
7 58.41780471801758 97.64486694335938 91.47312927246094 109.13011169433594 7 56.180023193359375 84.05188751220703 89.4632339477539 97.92059326171875 7 69.5328140258789 95.75726318359375 102.37500762939453 108.13330078125 7 67.34896087646484 84.62691497802734 99.01492309570312 98.77883911132812
0 14.437024116516113 40.28815460205078 50.55279541015625 58.74989700317383
3 7.273279190063477 17.147958755493164 33.05400466918945 30.669055938720703 2 10.584699630737305 16.82883071899414 29.2648983001709 28.702409744262695
1 15.2387113571167 39.605628967285156 63.691612243652344 57.10691833496094 5 12.448080062866211 24.7288818359375 60.99193572998047 46.28083419799805
9 33.273685455322266 125.55616760253906 78.72374725341797 151.32945251464844 1 28.52932357788086 93.76512145996094 72.03880310058594 117.4423599243164
2 23.872398376464844 23.56036376953125 53.2313117980957 40.64655303955078
5 13.249123573303223 13.736541748046875 32.40724563598633 25.023527145385742 1 11.110724449157715 3.266772985458374 32.909332275390625 15.658406257629395
8 5.801366806030273 5.717193603515625 27.278104782104492 17.041458129882812
2 11.538891792297363 16.676870346069336 58.601654052734375 40.12868118286133 5 7.8860063552856445 37.93605041503906 51.74985885620117 63.67881393432617
3 14.89742374420166 27.481203079223633 40.30661392211914 46.24851608276367
1 7.050801753997803 25.833587646484375 28.670421600341797 37.70242691040039 3 8.050826072692871 19.331451416015625 28.051530838012695 34.522090911865234
2 6.009157657623291 14.930845260620117 31.04742431640625 30.39690589904785 4 7.136302947998047 1.5740660429000854 33.10542678833008 14.23093032836914
4 59.656288146972656 91.23607635498047 92.65452575683594 109.94902038574219 1 62.98377990722656 58.25484085083008 93.32442474365234 74.40469360351562
2 10.040411949157715 23.958683013916016 28.699169158935547 35.61040496826172
1 44.99212646484375 95.35539245605469 89.98367309570312 113.52224731445312 6 45.031768798828125 60.214988708496094 91.64570617675781 78.55964660644531
3 22.253740310668945 44.1475715637207 41.552162170410156 53.817893981933594 2 23.115629196166992 32.518402099609375 41.47374725341797 41.20683670043945

2 28.0570011138916 34.82432174682617 57.44719314575195 49.38859176635742 7 31.336503982543945 29.672395706176758 58.14618682861328 44.62045669555664
5 33.068111419677734 19.15435791015625 67.83218383789062 45.0193977355957 1 38.68272018432617 8.676337242126465 81.26866912841797 33.6234245300293 3 32.971134185791016 14.362653732299805 72.8133544921875 33.06425857543945 1 28.562793731689453 48.048484802246094 68.52143859863281 76.42913818359375
4 8.32967472076416 24.63191795349121 38.69307327270508 39.535484313964844 3 7.670699596405029 5.565277576446533 36.372432708740234 23.016206741333008 1 7.667093276977539 32.04001998901367 38.12918472290039 46.646339416503906
1 33.82357406616211 23.808168411254883 79.93251037597656 45.60108184814453 8 22.617998123168945 48.51043701171875 74.71189880371094 75.00642395019531 3 19.575538635253906 70.85929870605469 68.36024475097656 102.59160614013672
7 19.305286407470703 15.776127815246582 47.861915588378906 32.34794235229492 3 18.527915954589844 34.331809997558594 46.517704010009766 51.86561965942383
2 24.15750503540039 33.74184799194336 99.4287109375 72.78620910644531 4 22.15056037902832 82.04857635498047 90.1978759765625 122.09040832519531
4 5.244794845581055 24.15082359313965 33.98025131225586 42.96658706665039 3 4.2514424324035645 4.960196495056152 32.11054229736328 24.39357566833496
3 28.365184783935547 22.337236404418945 66.648681640625 46.884586334228516 4 18.26242446899414 46.11699676513672 56.6912841796875 73.1498794555664 4 10.65808391571045 55.695743560791016 52.93054962158203 82.89665985107422
2 9.898102760314941 9.798036575317383 28.092859268188477 19.36735725402832 2 8.257018089294434 1.311087965965271 27.12930679321289 11.583029747009277 3 12.456008911132812 2.1075057983398438 30.086896896362305 12.526276588439941
2 23.310062408447266 53.672874450683594 50.84788131713867 67.81864166259766 3 24.711381912231445 25.269445419311523 50.84075927734375 40.652565002441406 9 22.2330265045166 43.85547637939453 47.833221435546875 54.41880798339844
1 16.292747497558594 13.373443603515625 43.02406692504883 30.302705764770508 9 22.825647354125977 30.004425048828125 56.43703079223633 48.66594314575195
1 51.97356414794922 11.153665542602539 150.6146240234375 46.71024703979492 6 131.8831024169922 21.90816879272461 187.27456665039062 47.08613204956055 4 41.5433464050293 37.024147033691406 140.96250915527344 81.14518737792969 1 49.601661682128906 166.41441345214844 137.34432983398438 205.61021423339844 4 88.95279693603516 13.253089904785156 185.38104248046875 40.99736785888672

8 105.66143798828125 167.37973022460938 144.0655517578125 195.94284057617188
3 13.434382438659668 8.824067115783691 36.630210876464844 23.9637508392334
9 3.915651321411133 3.379380226135254 48.61182403564453 28.902446746826172
7 3.3501226902008057 11.113815307617188 22.841524124145508 22.290241241455078
5 10.70956039428711 10.605908393859863 40.29350662231445 27.72757339477539
5 7.313004493713379 24.648900985717773 36.525611877441406 42.39250946044922 7 7.835361003875732 9.058451652526855 36.11664962768555 23.420635223388672
4 0.3983854353427887 1.8318208456039429 16.09420394897461 11.568422317504883
7 36.69377517700195 134.49302673339844 92.92057800292969 162.0863800048828
2 21.4554443359375 2.0999557971954346 43.13117980957031 16.54759979248047 6 20.80365753173828 24.4656925201416 41.006404876708984 37.26791000366211
2 54.66128158569336 64.06021881103516 108.991943359375 86.11246490478516
5 38.7041130065918 45.25077438354492 83.1328353881836 64.80180358886719 2 43.605655670166016 18.415578842163086 82.18104553222656 40.756595611572266
1 54.66817092895508 64.81372833251953 106.26207733154297 83.48126983642578 6 37.28326416015625 46.33310317993164 114.56587219238281 79.89744567871094 8 58.384647369384766 40.00295639038086 113.1598892211914 67.32488250732422 1 56.986053466796875 11.077897071838379 120.4013442993164 41.764564514160156
5 20.141767501831055 16.758159637451172 45.726444244384766 30.79181671142578 3 24.10536766052246 8.151223182678223 45.80330276489258 20.300559997558594 5 21.851882934570312 0.7751846313476562 44.845638275146484 16.877174377441406
2 13.94766902923584 23.85469627380371 41.4427490234375 39.50780487060547 2 12.215465545654297 9.763345718383789 40.55087661743164 23.4615421295166
9 61.17762756347656 28.30960464477539 92.1936264038086 51.88279342651367 5 44.227848052978516 29.55674934387207 72.62422180175781 43.916500091552734 6 22.517335891723633 31.285249710083008 62.18762969970703 55.678306579589844
1 11.113107681274414 1.3900920152664185 55.31612777709961 19.91134262084961 2 12.369529724121094 21.825559616088867 55.921627044677734 44.90558624267578 9 12.045757293701172 43.872032165527344 55.516963958740234 67.1484603881836
7 5.016994953155518 5.662782192230225 31.893157958984375 23.216535568237305
2 202.6629180908203 70.60069274902344 243.6138153076172 90.79403686523438
8 4.514595031738281 15.352173805236816 24.377973556518555 27.455368041992188
6 12.912848472595215 25.55208396911621 50.05997848510742 48.46274948120117 3 11.303199768066406 1.8115209341049194 46.796165466308594 21.765674591064453
8 9.88492202758789 36.123538970947266 38.2852897644043 52.78655242919922 8 11.396717071533203 22.394901275634766 38.925289154052734 42.75920104980469 6 7.992916107177734 11.643013954162598 39.019989013671875 30.001310348510742

0 8.563189506530762 12.969446182250977 36.40130615234375 26.94582176208496
7 6.576695442199707 15.313056945800781 27.89312744140625 28.38324546813965 8 5.919914245605469 1.1230844259262085 27.939176559448242 14.387714385986328
2 59.16596984863281 94.3276596069336 135.64085388183594 143.23341369628906
2 6.395191192626953 2.9371652603149414 32.78645324707031 19.7445011138916 2 10.486711502075195 19.6350040435791 34.531463623046875 35.498592376708984
5 12.025652885437012 10.699862480163574 34.36715316772461 25.043487548828125 7 6.2035017013549805 19.911884307861328 31.39284324645996 36.62778091430664
6 19.392789840698242 86.18724060058594 49.41290283203125 101.40314483642578 3 12.906033515930176 86.11692810058594 47.270652770996094 104.15576171875 4 29.10268783569336 44.31117630004883 64.35841369628906 69.98210144042969 3 26.311304092407227 72.57958984375 56.552207946777344 91.74044036865234
7 11.2273588180542 40.3498649597168 36.1602897644043 51.90273666381836
1 41.35047149658203 77.0532455444336 73.04337310791016 89.90792846679688 1 44.81581115722656 91.64066314697266 73.02411651611328 103.9118423461914
2 31.911266326904297 149.7832489013672 140.25180053710938 193.90350341796875
0 6.88742208480835 11.05597972869873 31.218515396118164 25.125211715698242
5 117.00882720947266 66.00244140625 166.6932373046875 93.06790924072266 2 112.04309844970703 75.57283782958984 154.62088012695312 96.70368194580078 5 118.26483154296875 96.6700210571289 158.65939331054688 120.26725769042969
1 16.467910766601562 46.14741897583008 50.828369140625 61.26286315917969
5 3.263057231903076 9.542529106140137 21.745656967163086 22.51663589477539
3 11.91586685180664 3.5183560848236084 34.180625915527344 16.248443603515625
1 15.364323616027832 33.431182861328125 46.40684509277344 50.75986862182617 0 13.677953720092773 58.5965690612793 43.500667572021484 74.37674713134766

9 10.251263618469238 17.533906936645508 32.29990005493164 29.187164306640625
3 55.314292907714844 0.7117414474487305 98.22991180419922 20.92849349975586 1 49.21403503417969 35.10478591918945 94.302001953125 53.342071533203125
3 1.0730139017105103 3.709533929824829 19.265125274658203 14.58508586883545
1 34.08417892456055 25.708084106445312 62.38829803466797 40.785491943359375
6 6.806403160095215 39.12712478637695 43.92195129394531 58.53449630737305 1 18.340694427490234 25.98935317993164 58.07333755493164 38.53117752075195
1 5.548643112182617 28.709447860717773 37.4608268737793 43.27204513549805 7 5.02726411819458 30.50171661376953 37.70375442504883 44.980010986328125
8 8.627583503723145 10.944864273071289 51.66250228881836 39.198917388916016
1 9.068684577941895 10.678071022033691 36.76350402832031 25.371997833251953 2 9.006021499633789 25.282564163208008 35.09296798706055 39.29802703857422
2 9.382906913757324 3.6672327518463135 26.88447380065918 15.321708679199219
9 35.57879638671875 20.45570182800293 66.28050994873047 34.83351516723633 1 31.8895263671875 11.677727699279785 71.0941390991211 29.309762954711914 6 29.042020797729492 25.74534034729004 60.75244903564453 47.26555252075195
9 26.71192169189453 5.796541690826416 59.42432403564453 26.674917221069336
7 11.757713317871094 14.249820709228516 41.6451530456543 35.64561462402344
4 29.672578811645508 4.266727924346924 84.33274841308594 39.71321105957031 0 28.771076202392578 40.83258819580078 78.68170928955078 70.2015380859375
1 8.920811653137207 0.7149251699447632 37.739585876464844 14.2543363571167 5 9.488645553588867 12.85496711730957 37.58436965942383 29.156003952026367 3 9.1959867477417 28.639942169189453 36.667179107666016 46.145538330078125 6 12.445002555847168 14.472402572631836 37.63291549682617 30.64852523803711
2 61.9270133972168 213.111328125 117.26029205322266 251.77047729492188 2 84.46251678466797 190.2733612060547 132.0148468017578 215.06033325195312
5 48.61924362182617 2.810770034790039 85.3507308959961 24.979398727416992
6 62.4462890625 91.40631103515625 98.14754486083984 115.65559387207031 5 56.534202575683594 90.2867660522461 101.31706237792969 115.86793518066406
4 9.080434799194336 17.4365291595459 31.075931549072266 29.76211929321289
1 7.6326165199279785 5.848815441131592 37.796470642089844 18.307048797607422
1 17.421764373779297 68.69025421142578 62.620018005371094 86.99854278564453 2 16.49156379699707 58.00188064575195 62.17176055908203 81.66464233398438


8 6.832014083862305 18.49444007873535 37.7158317565918 35.374080657958984 4 6.464900493621826 3.2812304496765137 38.940399169921875 21.44733428955078
9 24.68604278564453 88.11060333251953 95.59716033935547 125.83541870117188
9 11.2972412109375 1.824558973312378 37.7481689453125 19.399076461791992
1 15.845663070678711 100.49295806884766 57.84809112548828 117.61321258544922 6 33.798274993896484 107.1324234008789 84.04625701904297 139.7019805908203
1 13.098138809204102 11.445415496826172 48.00264358520508 24.95888328552246 7 12.146723747253418 27.900070190429688 45.88737487792969 47.60584259033203
7 5.098477363586426 16.788894653320312 30.5054931640625 31.856821060180664
1 12.420063018798828 48.81113815307617 51.77873611450195 71.08116912841797
7 6.865841388702393 21.44834327697754 35.95509338378906 38.78298568725586 1 6.418803691864014 0.8709614276885986 36.17670822143555 16.696239471435547 4 12.97082233428955 1.4263181686401367 36.85561752319336 17.141977310180664
2 9.415360450744629 36.431968688964844 48.73857116699219 58.4608268737793 7 10.960491180419922 14.527752876281738 53.642860412597656 37.617225646972656
2 155.63729858398438 24.976757049560547 187.76004028320312 49.12555694580078 8 116.13096618652344 7.717437744140625 178.07473754882812 44.32633972167969
4 4.475623607635498 15.663372993469238 23.587650299072266 25.901044845581055 5 3.5824928283691406 3.9903972148895264 22.924787521362305 15.004572868347168
0 66.3267593383789 60.22479248046875 117.84754943847656 83.0576400756836 0 67.67588806152344 77.43651580810547 103.73504638671875 100.4006576538086 1 71.43646240234375 44.50690460205078 114.39022064208984 68.17599487304688

9 49.83523941040039 67.88151550292969 81.09745025634766 86.47386932373047 2 39.38161087036133 52.00139236450195 73.94639587402344 71.25740051269531 0 42.61347198486328 77.49185943603516 76.24784088134766 95.502685546875
3 61.69918441772461 110.53862762451172 99.14000701904297 131.14285278320312 5 50.96936798095703 95.15528106689453 108.55184936523438 116.59069061279297 5 34.65409851074219 70.55419921875 91.98253631591797 95.96351623535156 5 73.28819274902344 96.65301513671875 115.50920104980469 119.92236328125 3 62.143341064453125 67.11951446533203 98.26306915283203 86.96672821044922 0 62.77607345581055 91.35888671875 96.67463684082031 107.59330749511719

7 7.69599723815918 21.270599365234375 29.914714813232422 33.8776741027832 3 8.284152030944824 8.516439437866211 30.87264060974121 22.787717819213867 2 9.123401641845703 5.646759033203125 32.42398452758789 25.012022018432617
5 51.32510757446289 19.532102584838867 91.68468475341797 46.74549102783203
9 6.307365417480469 23.601913452148438 28.929271697998047 34.6827392578125
8 15.385684967041016 111.12183380126953 52.63180923461914 130.90867614746094
3 8.338630676269531 69.65178680419922 45.64429473876953 85.45398712158203 7 8.966971397399902 45.8503532409668 46.421234130859375 68.54554748535156
1 63.77055740356445 59.550621032714844 147.5454864501953 88.04945373535156
7 4.936054229736328 13.551602363586426 24.559019088745117 25.991249084472656 3 3.781383991241455 1.9883558750152588 24.631940841674805 13.247541427612305 5 3.3386127948760986 0.04973018541932106 24.65869140625 11.937432289123535
9 23.688426971435547 16.538938522338867 47.784915924072266 29.589506149291992
5 12.412330627441406 9.65040397644043 39.42013931274414 28.263776779174805 7 12.54526138305664 18.31330108642578 40.48891830444336 33.38407516479492 5 10.146461486816406 1.8527169227600098 38.7737922668457 17.545909881591797
6 8.774885177612305 42.9094123840332 39.53099822998047 59.591182708740234 2 10.815352439880371 43.20037078857422 33.875614166259766 55.567665100097656
7 9.46687126159668 26.376033782958984 38.939876556396484 43.20088195800781 6 14.782418251037598 6.873998165130615 42.41305160522461 26.296781539916992
9 16.601940155029297 20.88540267944336 43.43064880371094 39.03253936767578 3 10.424707412719727 21.852800369262695 39.76612854003906 38.88732147216797
8 23.551292419433594 69.3469009399414 69.95199584960938 97.89326477050781

0 16.41762924194336 10.790017127990723 44.7348747253418 29.085887908935547
7 16.681358337402344 36.842933654785156 92.02689361572266 57.38078308105469
3 24.13411521911621 52.39260482788086 55.08430480957031 65.82875061035156 8 29.739004135131836 41.98356246948242 66.30044555664062 59.59412384033203 1 16.703676223754883 65.50953674316406 51.04454803466797 83.59550476074219
8 18.083189010620117 36.9606819152832 51.164730072021484 59.29380798339844 9 15.698993682861328 19.637521743774414 51.368865966796875 37.89249801635742 1 19.157169342041016 3.792595624923706 55.6479377746582 21.33446502685547
3 14.862541198730469 2.810889482498169 38.70076370239258 18.80283546447754
7 9.092533111572266 24.32103157043457 36.51353454589844 41.23110580444336 3 7.971317291259766 8.544334411621094 37.8891487121582 23.93545150756836 3 7.2594523429870605 1.0462745428085327 40.18224334716797 18.703174591064453

5 4.4366888999938965 8.984902381896973 27.819181442260742 22.69729232788086
2 9.482722282409668 7.265845775604248 36.24034881591797 20.369182586669922 2 8.473348617553711 16.374576568603516 37.571197509765625 31.263723373413086
2 23.647859573364258 113.75006866455078 199.2030029296875 184.0390625 7 19.361604690551758 180.65478515625 193.83221435546875 247.10482788085938 4 162.0869598388672 105.41494750976562 225.4553680419922 139.058837890625
2 15.473841667175293 25.860610961914062 78.20072174072266 52.639862060546875 1 19.018220901489258 58.57795715332031 77.41049194335938 80.44232177734375 1 13.343521118164062 4.456426620483398 79.32547760009766 27.721141815185547 1 20.769454956054688 12.100025177001953 71.15234375 30.741806030273438
9 45.41904830932617 24.18567657470703 75.34916687011719 39.98350143432617
5 12.025952339172363 25.375085830688477 37.69541931152344 39.75358200073242
2 53.70822525024414 31.848299026489258 159.2397003173828 110.61113739013672

0 19.79886245727539 53.62159729003906 71.76546478271484 77.72420501708984 7 11.359769821166992 72.79356384277344 63.05060958862305 95.29414367675781 9 26.845094680786133 25.24185562133789 68.82217407226562 51.8321418762207
3 32.1815071105957 39.94856262207031 57.86394119262695 54.489540100097656 5 22.654085159301758 31.26443862915039 49.793033599853516 42.49848175048828
3 77.00505065917969 59.32196044921875 119.0362319946289 75.64240264892578
9 23.208269119262695 34.11045455932617 52.22854232788086 55.452613830566406 1 14.315895080566406 1.46671724319458 54.86931610107422 16.86884307861328
2 16.78694725036621 21.74594497680664 80.14495849609375 51.94761276245117 2 15.972620010375977 56.642845153808594 80.46748352050781 78.2895278930664
3 11.314522743225098 43.18855285644531 39.9369010925293 53.12667465209961
1 2.47637939453125 21.781797409057617 25.956052780151367 33.076419830322266
5 20.655872344970703 40.053897857666016 57.1201171875 62.593299865722656
8 9.96735668182373 25.320236206054688 36.54606246948242 36.22678756713867 8 10.189756393432617 35.43925094604492 38.96337890625 50.411293029785156
5 51.60523986816406 64.70341491699219 91.2431869506836 82.72314453125 5 39.68260955810547 37.39015579223633 98.39328002929688 64.15547943115234
2 8.142889022827148 3.963315010070801 47.739784240722656 25.35457992553711
6 28.795867919921875 23.357959747314453 68.28018951416016 43.83330154418945
5 9.878928184509277 32.15874099731445 34.275821685791016 47.7220458984375 8 13.195123672485352 15.95201587677002 38.19364929199219 29.03183937072754
4 58.69023132324219 80.50611114501953 100.16622924804688 102.5603256225586
8 21.870441436767578 40.980751037597656 58.33835220336914 57.70764923095703 1 28.931711196899414 26.39814567565918 65.97021484375 45.938777923583984 0 28.122718811035156 41.79658889770508 66.98763275146484 62.15287399291992
2 9.309812545776367 1.3033089637756348 50.273704528808594 23.031982421875
3 28.79725456237793 10.428506851196289 50.312469482421875 23.55354118347168 4 22.46558380126953 25.168031692504883 50.274837493896484 39.31293487548828
1 22.819252014160156 57.43138122558594 59.12970733642578 69.59576416015625 1 27.130247116088867 74.40109252929688 62.32979965209961 89.9877700805664
1 46.537315368652344 73.76388549804688 103.99954223632812 98.32313537597656 0 56.609962463378906 33.07869338989258 107.3997573852539 54.807106018066406
2 13.49547290802002 33.12443542480469 34.55300521850586 46.48371887207031
8 15.289422035217285 23.491817474365234 58.99283981323242 42.9633674621582 2 21.407546997070312 -0.8483889698982239 59.731876373291016 22.542997360229492
1 21.661502838134766 20.669124603271484 61.4296875 39.166236877441406 1 29.10846519470215 41.26032257080078 62.62232208251953 57.69133758544922 1 35.31735610961914 29.241344451904297 67.15486145019531 48.78914260864258 1 36.452816009521484 63.37232208251953 70.44978332519531 79.61630249023438
5 55.143489837646484 117.63751220703125 150.01780700683594 171.84706115722656 6 58.796627044677734 121.86895751953125 150.1752471923828 171.7610626220703 0 73.61079406738281 168.39129638671875 131.93832397460938 194.6551971435547
4 12.608195304870605 22.604053497314453 61.305721282958984 49.94279479980469 4 15.558496475219727 35.676612854003906 59.88064193725586 59.2446174621582
2 5.879308700561523 13.94066047668457 26.49513053894043 26.49159812927246
1 11.698718070983887 17.23492431640625 48.70825958251953 34.15888214111328 6 11.544549942016602 28.28207778930664 52.000736236572266 50.27660369873047 7 17.300199508666992 17.45460319519043 50.39040756225586 34.01637649536133


4 44.544822692871094 97.75975799560547 88.17168426513672 115.09476470947266 2 40.11532974243164 71.64875793457031 86.72720336914062 99.38937377929688
1 6.598717212677002 13.025788307189941 63.83046340942383 31.51033592224121
5 9.9642915725708 21.652860641479492 29.294933319091797 34.67690658569336 2 9.238250732421875 10.407768249511719 27.146453857421875 23.116029739379883
3 59.86744689941406 38.95471954345703 134.3800811767578 67.00423431396484 4 135.1820526123047 80.59767150878906 225.425048828125 141.6337432861328
4 30.535356521606445 74.967041015625 82.0462417602539 109.34307861328125 1 74.89181518554688 29.387374877929688 126.30519104003906 55.84923553466797 7 23.155607223510742 110.28278350830078 74.85476684570312 134.35357666015625
7 5.5856122970581055 15.40686321258545 29.5631160736084 29.31546974182129
6 36.53794479370117 63.1219596862793 103.05461120605469 105.33425903320312
3 5.721386432647705 10.041007995605469 26.896453857421875 23.740419387817383
1 8.467445373535156 30.07000732421875 46.16435241699219 50.824798583984375
3 41.311676025390625 54.7636833190918 111.85001373291016 99.05741882324219
2 28.739391326904297 26.297534942626953 63.683502197265625 41.67507553100586 7 27.475357055664062 46.06370162963867 57.00564956665039 61.157386779785156
6 5.556518077850342 0.7364342212677002 24.31410789489746 12.4045991897583 5 5.4838457107543945 12.772306442260742 23.243362426757812 23.592510223388672
3 16.67255401611328 37.15597152709961 51.06312561035156 52.52337646484375 1 14.479561805725098 17.81206703186035 50.371559143066406 34.6129035949707 4 14.393945693969727 54.39983367919922 50.52227020263672 71.66402435302734
3 66.61434173583984 12.755416870117188 94.84009552001953 26.830181121826172
1 23.705995559692383 8.193099975585938 48.746253967285156 19.29792022705078
4 48.387367248535156 28.417497634887695 84.74185180664062 46.20252227783203 4 22.658946990966797 38.57651901245117 53.60240936279297 56.45664978027344
1 5.69683837890625 18.371183395385742 30.09174156188965 30.98493003845215
3 10.943977355957031 7.646023750305176 43.41083526611328 23.632041931152344 3 9.449549674987793 20.638561248779297 42.72158432006836 37.26471710205078
0 13.011863708496094 21.547529220581055 37.15360641479492 39.984710693359375 2 11.010093688964844 3.8086588382720947 36.098087310791016 20.817153930664062
6 19.044179916381836 60.68455505371094 49.8179817199707 76.90491485595703 1 17.778268814086914 39.26547622680664 48.04094314575195 54.26530075073242
5 14.489883422851562 11.977540016174316 41.44367599487305 27.019264221191406 6 15.493252754211426 27.835601806640625 42.29237365722656 40.10966873168945 5 11.222729682922363 27.29757308959961 43.267215728759766 41.28151321411133
9 21.4775333404541 20.958642959594727 62.716880798339844 44.84114456176758
4 27.082895278930664 44.32696533203125 54.181087493896484 59.262481689453125
2 22.8626766204834 70.36288452148438 89.08029174804688 114.52970886230469
9 3.572683811187744 13.0747652053833 22.1497859954834 24.7088623046875 1 2.998073101043701 1.926329493522644 22.189891815185547 11.726216316223145
7 11.077865600585938 32.49030685424805 69.53392028808594 60.421844482421875 6 8.539023399353027 2.278700590133667 70.3774185180664 33.131874084472656
0 25.080991744995117 58.515621185302734 60.5499382019043 74.83403778076172 9 25.046337127685547 59.514461517333984 60.660728454589844 78.60028076171875
5 17.054222106933594 43.19790267944336 51.81158447265625 57.57449722290039 3 17.327974319458008 22.965984344482422 52.22450256347656 37.89181900024414
2 8.2635498046875 8.890996932983398 34.754913330078125 22.398405075073242 6 9.260026931762695 20.397472381591797 35.41527557373047 31.874269485473633 6 12.419753074645996 31.575618743896484 38.2470588684082 44.62953186035156
1 13.239696502685547 29.802534103393555 35.51374435424805 42.963130950927734 1 17.6921329498291 10.780008316040039 39.16399383544922 25.70509910583496
3 21.29703140258789 41.69356918334961 65.24539947509766 70.21349334716797
0 10.00614070892334 17.345945358276367 24.788738250732422 27.831619262695312 5 8.965333938598633 5.584519386291504 23.92890167236328 17.056720733642578 1 7.911961555480957 1.4682018756866455 24.41286849975586 12.07131290435791
4 29.59415054321289 2.85736083984375 72.45204162597656 29.358957290649414

2 42.43630599975586 42.71669006347656 62.51527404785156 57.056182861328125 3 36.84166717529297 71.02518463134766 63.17911911010742 87.48397827148438 3 46.48101043701172 68.97624969482422 64.59434509277344 80.8625717163086 3 35.88298416137695 47.8108024597168 63.17487716674805 62.59477615356445
1 20.248676300048828 43.025936126708984 46.58183288574219 53.63050842285156 1 27.94231605529785 34.90956497192383 48.22702407836914 47.66371536254883
6 11.497413635253906 19.802101135253906 57.68595886230469 42.566566467285156 0 10.399972915649414 40.789066314697266 57.72706604003906 61.620330810546875 2 12.265893936157227 49.44200897216797 58.64936447143555 69.05094146728516
4 10.434491157531738 10.185503959655762 36.525535583496094 21.369735717773438 4 7.559228897094727 1.7442376613616943 34.60783004760742 14.610875129699707
1 18.06000518798828 27.88045883178711 66.90486145019531 43.43677520751953 5 28.576623916625977 54.4205207824707 69.1771011352539 70.23859405517578 2 21.584190368652344 15.108680725097656 61.42116165161133 31.46415138244629
3 11.176752090454102 19.831562042236328 89.07696533203125 58.07510757446289 2 16.896602630615234 51.426841735839844 84.31001281738281 92.43781280517578
9 7.619882583618164 39.40602493286133 32.289031982421875 55.754695892333984 2 22.3891658782959 15.184237480163574 47.033592224121094 33.99705123901367
2 17.967866897583008 9.481598854064941 35.990718841552734 21.45728874206543
2 9.691301345825195 43.120662689208984 42.80731201171875 63.41132736206055 2 15.715086936950684 28.685558319091797 44.68281936645508 57.492095947265625
8 10.514205932617188 21.68991470336914 32.2767219543457 35.602474212646484
2 26.158985137939453 59.8830451965332 156.14535522460938 130.74684143066406 5 21.782123565673828 126.72994995117188 153.32911682128906 190.44497680664062 3 32.16644287109375 66.39410400390625 150.40000915527344 136.94561767578125
4 4.200417518615723 5.686905384063721 30.48012351989746 22.283000946044922
3 37.63410949707031 123.83816528320312 65.52033996582031 140.2611846923828 0 43.74015426635742 136.79241943359375 72.67118835449219 151.41455078125 1 53.880287170410156 133.95643615722656 115.01182556152344 154.2502899169922 2 37.14888381958008 118.32921600341797 65.64920806884766 132.3488006591797
7 29.62578010559082 25.52013397216797 60.2980842590332 43.9427604675293 3 39.19048309326172 61.577354431152344 67.43732452392578 73.71040344238281 7 45.972259521484375 63.8463020324707 75.37571716308594 76.49691772460938 7 17.071081161499023 40.626312255859375 51.75828170776367 57.66862869262695
1 59.43534469604492 94.27735137939453 150.48379516601562 126.94696044921875
2 19.84832191467285 15.408266067504883 52.86975860595703 34.9666862487793 4 21.349945068359375 38.47643280029297 54.70462417602539 54.901405334472656 1 22.882734298706055 54.42869567871094 54.2066650390625 65.96890258789062 4 19.9973087310791 55.097923278808594 52.56602478027344 73.74996948242188
9 56.682552337646484 61.17317581176758 78.26348114013672 73.6685791015625


0 10.225860595703125 32.68332290649414 44.075077056884766 55.122581481933594 5 9.468818664550781 12.032044410705566 47.20285415649414 33.87277603149414
9 29.203533172607422 40.83067321777344 80.88601684570312 70.19208526611328
5 7.640619277954102 2.602358102798462 41.894630432128906 27.7777042388916
3 68.20594787597656 3.535870313644409 103.23595428466797 21.740684509277344 3 17.962865829467773 1.575742483139038 94.85292053222656 39.54485321044922 4 18.87674903869629 38.4580078125 93.3655014038086 65.53813934326172
5 24.893869400024414 30.657012939453125 56.23202133178711 50.89921188354492 1 61.32103729248047 68.58514404296875 105.27482604980469 97.46266174316406 6 20.500974655151367 68.34544372558594 65.01858520507812 94.4541244506836
1 8.369024276733398 1.4536168575286865 62.921836853027344 22.939842224121094
1 5.310803413391113 3.2612202167510986 31.19626808166504 19.428264617919922

5 37.67037582397461 59.9507942199707 60.56954574584961 70.25149536132812 9 41.964176177978516 78.93848419189453 69.41131591796875 90.95887756347656 4 37.41857147216797 56.960609436035156 60.31232833862305 69.62966918945312
6 7.482635974884033 20.880508422851562 31.23924446105957 39.65949249267578
2 25.013643264770508 26.601131439208984 73.40752410888672 58.993980407714844 1 27.983867645263672 5.411335468292236 78.50791931152344 32.6154670715332
8 16.13351821899414 42.59885025024414 44.409873962402344 59.816162109375 1 13.335502624511719 12.878968238830566 38.43934631347656 26.66140365600586 8 18.00706672668457 28.632774353027344 41.92163848876953 44.69541931152344
1 23.22791290283203 44.05592346191406 54.33186721801758 55.629634857177734 1 24.137863159179688 56.307857513427734 52.422245025634766 70.53776550292969
7 11.759324073791504 51.68573760986328 78.29625701904297 86.61396789550781 4 17.56179428100586 18.460330963134766 87.47932434082031 50.58829116821289
2 15.31113338470459 13.31146240234375 43.19184494018555 29.226375579833984
5 10.42421817779541 35.823707580566406 61.009830474853516 60.34001541137695 1 17.106246948242188 16.26936149597168 71.88309478759766 37.21430969238281
0 20.207826614379883 26.62261199951172 45.13656234741211 41.532073974609375 6 11.077127456665039 28.28846549987793 40.22025680541992 41.491878509521484 3 18.292268753051758 9.291854858398438 44.889549255371094 24.809755325317383
1 7.615865230560303 7.185178279876709 32.30492401123047 21.902971267700195 4 11.870946884155273 21.46776008605957 33.95064926147461 40.25154113769531
9 69.05534362792969 40.79372787475586 98.8517837524414 55.87089538574219 4 78.36468505859375 8.708015441894531 107.47610473632812 22.837249755859375
1 12.616016387939453 20.103979110717773 48.30547332763672 36.21826934814453 8 13.210090637207031 32.150474548339844 48.121463775634766 51.693180084228516 9 13.22159481048584 35.462345123291016 48.6479606628418 52.86532974243164
3 7.371674537658691 6.5564446449279785 38.50780487060547 28.519514083862305
1 13.229859352111816 33.70949935913086 47.68605041503906 49.73285675048828
2 48.947391510009766 4.760490894317627 99.85140228271484 39.85123062133789 4 24.32646369934082 67.07418823242188 72.02254486083984 96.72386932373047 4 22.469575881958008 82.0218734741211 65.21727752685547 102.93842315673828
4 28.09154510498047 35.80963897705078 54.67915344238281 54.62733840942383
3 6.419637680053711 2.547863483428955 26.53626251220703 15.605522155761719
8 45.27030563354492 57.79945755004883 84.46917724609375 78.57339477539062 7 27.256113052368164 43.51095199584961 82.40296936035156 70.74736785888672
3 23.60218620300293 1.5696760416030884 55.89128112792969 18.24876594543457
4 6.266149997711182 1.4341691732406616 27.76896095275879 16.331682205200195
0 33.739097595214844 47.040000915527344 81.57240295410156 79.52822875976562 8 21.353416442871094 74.15255737304688 76.48023986816406 106.27127838134766 8 18.669178009033203 40.86996078491211 73.67373657226562 76.54965209960938
9 12.006570816040039 8.863615036010742 41.81523513793945 29.26962661743164 4 17.837875366210938 32.551979064941406 48.805206298828125 52.6484260559082
1 63.6093635559082 142.9051513671875 183.71832275390625 193.08726501464844
2 6.209883213043213 28.697799682617188 48.92330551147461 54.4043083190918
1 33.43864822387695 32.4001579284668 75.21961212158203 53.16488265991211 3 35.295623779296875 55.555599212646484 75.71525573730469 72.29791259765625
3 9.902843475341797 11.113850593566895 35.052330017089844 25.295364379882812 3 11.999320983886719 17.323936462402344 32.131561279296875 30.84760856628418
3 27.586942672729492 85.19041442871094 111.49259948730469 119.83635711669922 1 33.02835464477539 48.75171661376953 116.94889831542969 87.30220794677734
3 47.31944274902344 31.726865768432617 72.38050842285156 44.73556900024414 8 42.68275451660156 26.579885482788086 70.44213104248047 43.6672248840332
9 11.555862426757812 27.261056900024414 32.05218505859375 37.93077850341797
9 9.1453218460083 11.342981338500977 44.42392349243164 31.049104690551758
5 7.537195205688477 26.149158477783203 36.132266998291016 42.766788482666016
3 10.17940902709961 0.11854784935712814 48.8713264465332 21.5425968170166

2 62.41051483154297 26.828632354736328 123.5135269165039 62.36164474487305 5 64.80449676513672 65.51469421386719 122.59121704101562 98.1651382446289
7 23.07347869873047 18.30729103088379 49.6076774597168 38.44063949584961 6 22.487323760986328 60.57735061645508 48.002479553222656 74.46013641357422
2 12.52833080291748 19.67206382751465 39.701133728027344 34.558082580566406 9 8.794994354248047 16.226795196533203 39.929847717285156 37.7226448059082
5 6.695235252380371 12.743145942687988 26.167295455932617 25.662336349487305
2 7.550877571105957 18.954099655151367 39.647071838378906 39.73666000366211
3 11.756379127502441 14.621734619140625 46.47997283935547 30.550838470458984 3 10.645607948303223 -1.5430811643600464 46.656986236572266 13.757662773132324 0 28.285964965820312 57.88397216796875 57.045352935791016 73.7524185180664
7 84.35065460205078 69.58771514892578 133.38900756835938 95.47953796386719 1 68.4283447265625 43.05105972290039 116.93342590332031 67.37763214111328
5 47.99753952026367 41.45184326171875 147.12423706054688 92.31968688964844 1 38.643802642822266 5.520540714263916 144.13809204101562 42.994991302490234
2 59.90656280517578 27.797422409057617 103.92633056640625 50.251487731933594
2 32.71207809448242 108.13095092773438 69.84906768798828 125.54106140136719

6 12.645359992980957 4.7090582847595215 50.02356719970703 29.035385131835938

3 88.77919006347656 121.44703674316406 175.0016326904297 165.61996459960938
9 7.644685745239258 21.097293853759766 31.23952865600586 35.32173156738281
3 28.52462387084961 36.390167236328125 60.784461975097656 53.192569732666016 8 21.534292221069336 39.30308532714844 55.405113220214844 59.250911712646484
6 28.688297271728516 21.537565231323242 54.493736267089844 38.49937057495117 6 30.922414779663086 10.86225700378418 55.19615936279297 24.282154083251953 9 34.72107696533203 25.21903419494629 56.44749450683594 37.8552131652832
2 2.7821474075317383 9.258235931396484 19.699113845825195 20.74323272705078
0 20.111202239990234 35.1277961730957 54.0465087890625 49.76096725463867
3 12.603581428527832 27.325170516967773 38.916080474853516 45.01100540161133 1 13.311810493469238 3.192136526107788 40.844085693359375 20.30612564086914
4 32.41142272949219 14.914534568786621 66.30909729003906 32.59230422973633
5 19.59825897216797 26.0440616607666 76.27627563476562 58.14665985107422 0 17.25145721435547 59.679500579833984 72.38783264160156 89.25062561035156 5 24.94771385192871 14.830798149108887 84.11543273925781 44.30244445800781
1 51.96729278564453 6.541723728179932 89.17068481445312 23.733274459838867 8 63.0361328125 34.096946716308594 93.75838470458984 51.23987579345703
1 7.827115058898926 14.521811485290527 36.4890022277832 27.69725799560547 7 6.316516876220703 28.079769134521484 37.06363296508789 43.920345306396484
0 5.773465633392334 16.707958221435547 26.004541397094727 30.17496109008789 2 5.36111307144165 5.328923225402832 26.05229377746582 17.342802047729492
8 5.915550231933594 3.746677875518799 37.51091384887695 17.970441818237305
1 8.07465934753418 38.3760871887207 44.33061599731445 52.67554473876953 2 24.36166763305664 0.801112174987793 57.69153594970703 18.183929443359375 3 13.704300880432129 18.4445858001709 51.79651641845703 36.3815803527832
9 11.77099895477295 9.046924591064453 42.74351501464844 22.936521530151367
4 10.771615028381348 37.10260772705078 41.00954818725586 50.17038345336914
1 73.05119323730469 71.95201110839844 106.17980194091797 90.0277328491211 7 50.815696716308594 53.34028244018555 102.73531341552734 77.36395263671875 3 67.72193908691406 91.21880340576172 108.8116226196289 109.2481918334961
2 58.81498336791992 71.69538879394531 104.25161743164062 106.10047912597656 3 59.63957977294922 39.54757308959961 101.82011413574219 62.17932891845703 2 22.338132858276367 74.11572265625 88.05366516113281 101.99728393554688
3 11.235245704650879 31.159576416015625 44.0999870300293 44.50734329223633 3 9.424342155456543 14.68547248840332 40.84701919555664 27.79189109802246
3 38.615074157714844 61.74074172973633 72.31883239746094 83.40901947021484 1 35.37214660644531 42.128997802734375 71.0636978149414 64.99237823486328
4 14.041683197021484 8.921042442321777 37.32535934448242 24.138460159301758 9 15.648430824279785 15.615434646606445 38.3760871887207 29.48642921447754
7 10.211459159851074 9.37120532989502 52.19957733154297 31.26827049255371
8 78.4154281616211 80.06399536132812 132.23318481445312 125.7210922241211
4 5.362792015075684 4.135125160217285 25.22032928466797 14.249591827392578 6 6.0488739013671875 14.54411506652832 26.867080688476562 25.355697631835938
1 52.28763961791992 64.56819152832031 91.53325653076172 83.18229675292969

6 11.083394050598145 19.133832931518555 36.18041229248047 33.52651596069336 2 10.976639747619629 6.495429515838623 34.91120529174805 22.389698028564453
5 22.693523406982422 9.873924255371094 44.25926971435547 27.529836654663086
2 15.486006736755371 10.089717864990234 34.14402389526367 23.344335556030273 8 8.824014663696289 27.791677474975586 29.47209358215332 41.16386032104492
2 103.69487762451172 120.1737289428711 145.67832946777344 140.07449340820312 6 92.54560852050781 132.00511169433594 135.25479125976562 162.31105041503906 1 101.01180267333984 100.68348693847656 155.26425170898438 118.09912109375
9 28.440433502197266 30.879283905029297 80.9256591796875 52.79325485229492 9 37.16469192504883 37.69217300415039 80.51773071289062 59.67832946777344
3 22.87788963317871 29.552297592163086 87.59258270263672 62.28035354614258 8 17.883285522460938 59.807498931884766 80.62994384765625 95.30339050292969
2 8.219343185424805 13.288506507873535 31.19586944580078 25.541305541992188 2 7.766214847564697 1.0273000001907349 29.1455078125 11.49330997467041
6 6.556934356689453 18.241409301757812 44.98470687866211 39.63752746582031 4 10.422880172729492 1.7342559099197388 39.30370330810547 14.813092231750488
2 14.109640121459961 1.0863901376724243 37.197696685791016 10.239273071289062

2 6.209825038909912 20.642824172973633 32.718833923339844 39.02360916137695
2 16.404943466186523 83.5425033569336 75.91854858398438 105.20968627929688
2 10.780012130737305 10.27470588684082 38.55585861206055 24.744239807128906
4 5.125568866729736 18.728116989135742 26.736772537231445 31.253215789794922 7 5.083766460418701 7.645321846008301 26.784204483032227 20.419660568237305
4 8.726162910461426 13.19482135772705 43.107017517089844 29.34299087524414 2 8.206158638000488 31.26195526123047 41.2558708190918 46.11912155151367 1 13.937298774719238 13.976938247680664 43.31968307495117 28.638206481933594
8 47.740501403808594 47.2902946472168 90.61727142333984 73.48405456542969
3 51.78709411621094 93.67259216308594 128.3468475341797 144.2554931640625 3 90.40397644042969 77.55758666992188 150.9607696533203 111.66545104980469


2 5.86699104309082 9.070926666259766 24.799985885620117 19.977872848510742
7 10.388556480407715 8.851064682006836 31.779666900634766 22.410024642944336 5 10.389814376831055 26.19671058654785 32.21998977661133 39.10078430175781
5 5.594875335693359 8.48093032836914 31.15462303161621 22.74062728881836 7 7.416622161865234 24.139728546142578 30.096784591674805 37.08529281616211
6 121.9071044921875 84.26525115966797 167.96481323242188 114.65684509277344
3 9.778730392456055 -0.3157193064689636 43.33965301513672 18.050981521606445 6 9.899720191955566 18.110164642333984 41.46554946899414 38.87483215332031
3 8.190593719482422 10.69290828704834 40.16048049926758 27.254579544067383 9 7.38686466217041 32.7645149230957 37.21678924560547 47.18100357055664
4 69.3269271850586 77.90680694580078 97.27806091308594 99.71803283691406
4 12.427261352539062 1.096585988998413 34.02656555175781 11.046523094177246
2 12.456048011779785 37.42986297607422 59.1386833190918 62.76884841918945 3 15.07508373260498 2.6045024394989014 61.752044677734375 25.078405380249023 3 15.809667587280273 9.58213996887207 59.37138748168945 33.941131591796875
2 59.506629943847656 74.47013092041016 118.79002380371094 110.04763793945312 2 51.520606994628906 62.238197326660156 110.3761978149414 95.14140319824219 2 53.274574279785156 38.08618927001953 115.80973815917969 72.89136505126953
4 68.85494232177734 73.6430892944336 187.32757568359375 138.31959533691406 2 47.38664627075195 133.19932556152344 167.3438262939453 201.20753479003906 2 160.83995056152344 112.28828430175781 226.00823974609375 141.0708770751953
4 44.013797760009766 122.32597351074219 84.74560546875 150.38088989257812
7 2.4129860401153564 11.974982261657715 21.195518493652344 22.365095138549805 4 2.4221174716949463 1.992557406425476 20.448293685913086 13.616961479187012
5 6.833099365234375 9.816228866577148 25.25636863708496 18.906557083129883 3 6.385261535644531 13.620149612426758 24.57236099243164 22.646434783935547
1 42.19199752807617 84.83738708496094 127.05326080322266 114.62265014648438 5 33.21310806274414 133.76031494140625 117.66520690917969 163.20474243164062
3 19.397558212280273 96.50694274902344 40.83931350708008 109.49305725097656
3 12.503355026245117 12.925272941589355 31.716989517211914 27.157289505004883 0 13.52256965637207 24.426912307739258 30.422019958496094 33.684539794921875

6 7.073232173919678 8.850627899169922 37.788909912109375 28.414575576782227
1 5.6963653564453125 15.650528907775879 34.07096481323242 28.515674591064453 3 5.678033828735352 1.2429139614105225 32.183982849121094 14.076272010803223
7 19.715314865112305 42.50086975097656 48.4809455871582 56.065757751464844

9 25.02016830444336 40.50680160522461 56.694862365722656 55.65731430053711 4 25.148334503173828 34.79435348510742 48.52880096435547 45.71510314941406
5 36.07720184326172 48.86907958984375 79.82498168945312 65.26605987548828 5 43.67965316772461 72.10125732421875 75.13202667236328 91.47299194335938 1 46.381072998046875 51.687137603759766 117.27274322509766 73.74708557128906 1 38.27082443237305 54.009525299072266 81.53466796875 74.021484375 0 36.878482818603516 82.56525421142578 71.77649688720703 108.37696075439453
5 6.182141304016113 7.813385009765625 30.556676864624023 22.807058334350586 1 5.222807884216309 25.748889923095703 30.163209915161133 38.42741775512695
6 7.00228214263916 0.6399688124656677 38.80730438232422 18.54920768737793 9 7.847688674926758 20.77640151977539 39.439796447753906 38.32101058959961
1 36.65671920776367 6.2980146408081055 75.97566986083984 24.539228439331055 6 12.216864585876465 20.619733810424805 59.55451202392578 37.73695373535156
8 6.77873420715332 24.550867080688477 33.395572662353516 38.128173828125 9 7.15501070022583 10.790349960327148 33.33287048339844 24.024682998657227
8 17.675718307495117 16.611316680908203 78.98365020751953 56.21012496948242 7 17.683063507080078 51.37356948852539 81.0873031616211 96.00786590576172
7 3.863896131515503 6.860053062438965 30.119592666625977 23.965839385986328
1 15.875619888305664 16.169620513916016 59.51982116699219 33.827362060546875 1 15.845122337341309 36.3964729309082 48.145999908447266 46.28630828857422
6 9.0838623046875 15.488680839538574 46.67033386230469 44.85514831542969
1 27.050565719604492 130.4110870361328 97.67282104492188 166.05760192871094 5 37.788978576660156 156.8512420654297 77.80010223388672 179.37330627441406
7 36.36594009399414 59.854148864746094 68.80887603759766 74.60224914550781
0 36.8123779296875 77.95762634277344 70.90673828125 92.75984954833984
2 31.203617095947266 3.0291240215301514 80.95077514648438 31.155040740966797 3 35.48345947265625 29.919736862182617 82.39867401123047 53.785404205322266
3 11.423429489135742 9.79764175415039 44.78106689453125 30.895326614379883 3 20.39321517944336 14.677469253540039 49.66953659057617 36.18503189086914
1 36.50228500366211 17.582651138305664 77.08782196044922 38.362030029296875 9 17.980440139770508 54.05451583862305 56.03961944580078 78.97949981689453 2 30.556615829467773 36.284767150878906 71.41667938232422 60.64274597167969
3 16.792118072509766 51.72666549682617 38.1879768371582 65.2237548828125 6 15.898292541503906 49.63207244873047 38.040653228759766 60.48938751220703 1 16.318374633789062 35.94136047363281 37.55645751953125 50.07863998413086
9 8.502442359924316 37.3894157409668 35.75667953491211 52.353309631347656
7 131.01773071289062 157.92982482910156 182.12632751464844 187.04891967773438
6 44.23888397216797 31.231107711791992 78.43183135986328 46.20460510253906
3 6.557759761810303 2.136451005935669 63.095455169677734 28.781679153442383 3 7.407318592071533 29.097301483154297 62.185028076171875 61.66931915283203
5 23.4991397857666 25.56208038330078 79.79421997070312 47.75778579711914 1 23.56101417541504 5.897033214569092 80.8853759765625 25.895341873168945 6 29.658912658691406 13.742470741271973 74.3404541015625 31.856029510498047
8 19.105327606201172 33.49956130981445 58.37313461303711 55.61494827270508 1 19.377016067504883 19.06087303161621 55.31622314453125 37.71640396118164 6 20.05217742919922 17.775835037231445 55.9664306640625 42.03618621826172
2 49.7520866394043 56.11883544921875 88.27257537841797 82.03941345214844 5 34.49971008300781 43.814170837402344 95.55157470703125 76.2475814819336 0 38.85420227050781 76.45944213867188 94.08441925048828 102.3002700805664
8 72.95085906982422 102.2652587890625 154.64199829101562 135.4916534423828
2 7.449311256408691 0.4338904917240143 32.29004669189453 14.019532203674316
2 112.36060333251953 -0.2822140157222748 174.17816162109375 29.59398651123047
2 7.219784736633301 6.960121154785156 28.542030334472656 20.881574630737305 4 6.361593246459961 21.682537078857422 28.61096954345703 36.155128479003906
3 3.9147181510925293 0.6229425072669983 24.025327682495117 14.147843360900879 7 4.93752908706665 3.4503486156463623 24.104761123657227 14.650362968444824
3 16.557010650634766 50.91860580444336 66.6669692993164 69.44065856933594 1 42.84831237792969 28.502878189086914 89.82377624511719 44.87199020385742
5 8.134397506713867 20.45947265625 29.485490798950195 33.507301330566406 6 6.675962448120117 8.62204647064209 28.02647590637207 20.204017639160156 1 5.849989414215088 0.6201667785644531 26.76643943786621 9.767923355102539
5 6.778283596038818 13.317124366760254 34.38533020019531 28.846450805664062 1 7.181601524353027 1.3923532962799072 36.8309440612793 14.989969253540039 2 7.128851890563965 29.640823364257812 35.50376892089844 45.53404998779297
2 20.799440383911133 2.162724733352661 45.49229049682617 17.418123245239258 0 21.27225685119629 17.772396087646484 46.88764953613281 32.61650848388672
3 16.904943466186523 46.28984069824219 73.0040283203125 74.82521057128906 5 13.524970054626465 29.34769058227539 77.43147277832031 66.11495971679688 4 15.094799041748047 70.13108825683594 77.51885986328125 93.9037857055664
3 18.903987884521484 33.69795227050781 52.66172409057617 58.63640213012695
7 12.471800804138184 9.935137748718262 32.99226760864258 19.87889862060547
1 6.116388320922852 5.998241424560547 37.9073600769043 20.343902587890625
1 7.539079189300537 8.116228103637695 34.09524917602539 18.840486526489258 5 7.879209041595459 19.18659019470215 33.56612777709961 31.89708709716797
0 15.114358901977539 13.77478313446045 38.945594787597656 25.624977111816406 3 15.422769546508789 25.39904022216797 39.787776947021484 41.70045471191406 3 14.364468574523926 0.40424826741218567 37.79221725463867 13.31497573852539
5 78.67012786865234 49.228633880615234 118.04861450195312 83.766845703125 9 99.33338928222656 62.84383773803711 134.21725463867188 85.16120147705078
5 17.507217407226562 31.497905731201172 45.67609786987305 46.91374206542969 5 20.385560989379883 13.524972915649414 48.328636169433594 29.1328067779541
2 13.1115083694458 27.910226821899414 64.77151489257812 49.45747756958008 1 10.855987548828125 48.001564025878906 60.532264709472656 71.17860412597656
7 14.735023498535156 26.13445281982422 40.108158111572266 43.64413070678711
7 19.399526596069336 17.490127563476562 47.702972412109375 33.842098236083984 7 26.29237174987793 12.474040985107422 52.935428619384766 31.597900390625
0 6.738468170166016 29.779109954833984 32.28315353393555 42.82459259033203 3 7.615964412689209 18.649099349975586 32.685264587402344 31.435527801513672 3 9.38527774810791 7.739831447601318 34.253456115722656 19.553674697875977
8 8.377483367919922 32.89540481567383 48.39775466918945 57.65879440307617

9 7.080560207366943 22.061870574951172 31.597131729125977 37.34061813354492 3 7.681230545043945 8.1398286819458 32.5334587097168 23.113075256347656
3 14.242765426635742 18.59508514404297 54.31167984008789 33.51940155029297 2 12.690385818481445 0.6333116888999939 52.45307922363281 18.10074806213379
5 17.179649353027344 31.738502502441406 49.34211349487305 48.7396240234375
4 41.85150146484375 48.78122329711914 94.9971923828125 77.41874694824219 1 46.416412353515625 32.85182189941406 101.93728637695312 56.05500793457031
4 58.09258270263672 34.62466049194336 101.7249984741211 56.815650939941406 4 25.210674285888672 38.081871032714844 95.57482147216797 68.7199478149414
8 5.904747009277344 20.735328674316406 26.055646896362305 33.11932373046875 2 4.772695541381836 5.010311126708984 26.690406799316406 19.138879776000977

7 35.9204216003418 101.75894927978516 74.2671127319336 119.126953125 9 54.42876434326172 1.9021550416946411 112.04914855957031 34.534820556640625
9 5.6615424156188965 22.232473373413086 25.60664176940918 34.11359405517578 2 6.003824234008789 1.065865159034729 27.692035675048828 12.212169647216797 4 5.986766815185547 10.175790786743164 26.295421600341797 22.060165405273438 0 5.465636253356934 19.830337524414062 24.536760330200195 30.443729400634766
2 7.719898700714111 23.984020233154297 33.09621810913086 40.77467727661133 6 7.746235370635986 10.51278305053711 36.680213928222656 24.3907413482666
8 18.615022659301758 19.151222229003906 43.1772346496582 36.04595947265625
6 9.434494972229004 8.500157356262207 36.52569580078125 24.01301383972168 9 13.330655097961426 18.612276077270508 38.430416107177734 37.44746780395508
9 5.395832061767578 17.17176055908203 27.880008697509766 32.42477035522461 1 3.921600580215454 4.482368469238281 27.45570182800293 17.5953369140625
5 8.40601921081543 18.160839080810547 35.507652282714844 33.60070037841797 9 11.87352180480957 2.237264633178711 38.390289306640625 16.97507095336914 5 9.139723777770996 4.06842041015625 37.059417724609375 18.072113037109375

2 13.368216514587402 0.11284048855304718 46.869346618652344 16.175329208374023
8 6.325652599334717 18.48465919494629 32.696903228759766 36.97447967529297 6 4.6732563972473145 -0.05461011826992035 31.877883911132812 19.735454559326172
2 15.505179405212402 39.01876449584961 50.712440490722656 62.46811294555664 7 15.31268310546875 17.688297271728516 55.020816802978516 39.71157455444336 1 14.017292976379395 2.862719774246216 55.15628433227539 23.75827980041504
2 21.781658172607422 23.159452438354492 57.412559509277344 42.895263671875 2 21.53694725036621 33.11069107055664 56.859596252441406 50.79747009277344 1 25.103496551513672 47.84685134887695 58.380496978759766 62.893463134765625
4 7.795226573944092 6.860959529876709 35.77724838256836 24.659799575805664 1 6.6180949211120605 23.757965087890625 34.919036865234375 37.31925964355469
7 34.8326416015625 4.266169548034668 63.788665771484375 22.57611846923828 5 35.39099884033203 20.159250259399414 64.23572540283203 37.50844955444336 1 25.980077743530273 21.047903060913086 47.81153106689453 38.189632415771484 2 29.72311782836914 19.542110443115234 51.84258270263672 31.043899536132812
4 13.472506523132324 14.373258590698242 33.8627815246582 26.76116371154785 9 15.273176193237305 25.28080940246582 32.941165924072266 37.1583366394043
3 80.73173522949219 87.56887817382812 128.40097045898438 112.59618377685547

0 20.01728630065918 26.24441909790039 46.6226692199707 41.32957077026367 3 19.368982315063477 7.212588310241699 42.72706604003906 19.968360900878906 8 16.339889526367188 14.410712242126465 43.618202209472656 27.358266830444336

1 24.18109130859375 47.0521125793457 53.99041748046875 58.32140350341797 6 20.33158302307129 56.70039367675781 53.84272384643555 75.7439956665039 0 23.82353973388672 60.28396987915039 55.460365295410156 75.1117172241211
1 21.376272201538086 5.36039400100708 55.43836212158203 20.13252067565918

7 32.919612884521484 41.70630645751953 59.12821578979492 58.393455505371094 7 36.33610916137695 28.063711166381836 58.516700744628906 39.87539291381836 3 33.746826171875 19.969423294067383 60.661128997802734 36.68288803100586 2 33.358787536621094 9.673357963562012 59.942325592041016 22.813302993774414

1 7.671252727508545 16.438514709472656 42.759681701660156 33.81257629394531 1 8.330821990966797 23.598726272583008 41.795841217041016 43.607425689697266
0 10.573724746704102 13.594403266906738 46.71440887451172 33.87186050415039 1 10.066996574401855 0.9885448217391968 46.73966598510742 15.042084693908691
7 11.701375961303711 5.083911418914795 33.42741775512695 19.23143768310547
2 27.242273330688477 57.13885498046875 53.91305160522461 70.5299072265625 3 24.096790313720703 62.716007232666016 62.73223114013672 81.55868530273438
0 9.71432113647461 29.845417022705078 53.40735626220703 51.67390060424805 2 8.001016616821289 6.00101375579834 50.839900970458984 29.715349197387695
5 18.871410369873047 29.329208374023438 54.57897186279297 58.30122756958008 3 24.85389518737793 3.292402982711792 61.45528793334961 29.71826171875 6 27.272804260253906 17.833454132080078 60.17066955566406 34.65143585205078
4 6.931479454040527 5.890723705291748 31.034320831298828 19.577388763427734
7 5.975648403167725 8.992517471313477 28.878856658935547 25.33000946044922 6 7.412319183349609 23.08976173400879 29.25403594970703 36.461273193359375
7 29.31709861755371 29.115873336791992 73.23786926269531 48.149085998535156 5 30.150606155395508 3.113234758377075 73.48566436767578 29.272863388061523
1 27.51941680908203 60.20547103881836 69.97950744628906 76.7403335571289
2 107.1576919555664 116.99612426757812 141.81704711914062 135.42930603027344
4 33.35618591308594 20.10132598876953 58.47773742675781 42.43373107910156 1 32.96601104736328 31.206409454345703 59.08821105957031 49.28378677368164
4 25.087465286254883 -0.7262692451477051 47.46269607543945 10.673617362976074 7 10.26773452758789 15.130728721618652 28.914464950561523 27.729795455932617
3 35.389163970947266 111.92500305175781 67.88827514648438 132.30250549316406 9 37.64985275268555 91.6564712524414 77.3763656616211 109.48616027832031 5 39.298099517822266 85.40497589111328 69.06732940673828 100.9263916015625

3 28.18454360961914 11.744895935058594 62.020050048828125 27.333465576171875 1 22.67906951904297 51.68807601928711 57.968017578125 68.23973083496094 7 31.334518432617188 49.09372329711914 53.623443603515625 60.55359649658203 2 28.103565216064453 49.875457763671875 51.56296157836914 60.58107376098633
0 41.91310501098633 53.998046875 66.44532012939453 69.19290924072266 0 47.363487243652344 56.71492004394531 75.91822814941406 70.31016540527344 3 17.922134399414062 50.15913772583008 62.529502868652344 70.66673278808594
6 4.934718132019043 17.940832138061523 32.515830993652344 36.7980842590332
0 8.680096626281738 32.858333587646484 43.65085220336914 52.53944778442383 5 8.856143951416016 7.164362907409668 45.02219009399414 29.022705078125
1 14.06890869140625 86.83661651611328 68.91385650634766 109.40518951416016 1 30.459209442138672 58.83478546142578 81.26007080078125 78.98238372802734 6 33.31050109863281 34.18706512451172 93.10249328613281 60.555747985839844
5 75.61148071289062 105.33663940429688 113.84416198730469 132.00613403320312 3 61.60257339477539 123.20851135253906 97.51410675048828 141.47776794433594
2 38.44453811645508 51.22964859008789 63.37550735473633 65.2929458618164 1 35.30165481567383 30.64242172241211 67.20753479003906 40.99470138549805
2 24.185853958129883 34.01961135864258 55.431610107421875 52.23786926269531 8 27.140705108642578 17.832324981689453 58.247859954833984 32.86582565307617 2 27.257221221923828 50.61143493652344 60.725120544433594 70.05623626708984
5 12.5048189163208 18.759418487548828 45.68406677246094 36.26096725463867 9 11.721457481384277 37.77486801147461 45.37590026855469 58.65131378173828
4 2.740428924560547 13.383118629455566 23.005508422851562 27.67251968383789 2 3.0160951614379883 1.1152706146240234 23.046894073486328 14.367610931396484
8 7.554548263549805 16.038005828857422 29.983728408813477 29.916492462158203 5 6.771775722503662 4.455850601196289 31.156721115112305 17.60645866394043
8 4.784659385681152 16.676475524902344 29.051414489746094 31.78402328491211


7 8.999028205871582 8.337821960449219 30.623828887939453 20.86578941345215 1 10.307687759399414 2.1352899074554443 32.11563491821289 13.59225845336914

1 25.213523864746094 109.56157684326172 52.8099365234375 125.32242584228516 9 35.98875427246094 133.05987548828125 86.2374038696289 155.93724060058594 1 72.83543395996094 95.61967468261719 122.30538940429688 118.3652114868164
4 11.082902908325195 46.91940689086914 59.53339767456055 75.22725677490234 6 44.96405029296875 27.20148468017578 73.89012145996094 55.091251373291016
2 22.229795455932617 12.762188911437988 58.52471160888672 30.102535247802734 4 25.433170318603516 35.43889617919922 57.39809036254883 52.66542434692383
1 28.799345016479492 31.275482177734375 80.63834381103516 51.0712890625 9 21.056570053100586 57.36343002319336 73.71516418457031 80.59342193603516 1 34.591060638427734 41.55315017700195 72.96562957763672 54.18745803833008 8 13.87779426574707 75.52735137939453 69.68476104736328 97.95894622802734
2 9.444783210754395 8.984783172607422 47.72753143310547 29.61853790283203
5 17.455678939819336 20.111248016357422 48.58430862426758 38.15565872192383 2 22.521320343017578 31.173717498779297 46.72227478027344 46.410491943359375
5 20.791912078857422 47.78185272216797 51.66181945800781 65.6229019165039 4 14.322576522827148 11.910534858703613 46.810272216796875 30.41758155822754
1 24.655746459960938 1.3752700090408325 65.11932373046875 18.532421112060547 7 24.630891799926758 22.829345703125 64.25486755371094 40.7564697265625 2 33.39130783081055 41.47431945800781 61.37934112548828 59.294979095458984
0 41.03773880004883 42.24309539794922 94.04603576660156 70.05912780761719 4 51.64246368408203 19.602813720703125 100.20509338378906 40.39479446411133


8 42.68425750732422 46.58049392700195 89.56341552734375 67.9188232421875 2 45.492427825927734 33.112213134765625 86.18404388427734 56.69375228881836 6 47.896766662597656 68.77999114990234 90.64984893798828 91.96331787109375
1 41.416770935058594 139.22222900390625 81.94471740722656 164.22979736328125
2 7.657889366149902 22.83685302734375 39.19877243041992 38.73872756958008 1 9.597254753112793 35.61343765258789 41.51084518432617 49.80842208862305 3 6.638561248779297 5.902607440948486 37.10165786743164 24.315954208374023
7 10.334319114685059 28.098342895507812 43.68463134765625 42.462974548339844 1 10.451095581054688 7.345792770385742 44.85528564453125 23.684600830078125
5 12.008803367614746 38.44720458984375 51.99135208129883 62.28133010864258 9 12.360173225402832 1.7610529661178589 54.16847610473633 27.527502059936523 5 10.644590377807617 47.03697967529297 50.86787796020508 67.58512115478516
3 8.460382461547852 26.029037475585938 29.54038429260254 38.12509536743164 6 11.525856018066406 11.57044792175293 30.613428115844727 25.59379005432129
2 16.03679656982422 7.524688720703125 39.799049377441406 21.461891174316406
5 11.204174995422363 18.75864028930664 36.42539978027344 33.41671371459961 8 13.129544258117676 37.09160232543945 39.18522262573242 50.79744338989258 6 14.059667587280273 36.4212760925293 39.02560806274414 51.65010452270508
9 18.82474708557129 51.42442321777344 51.908905029296875 72.7541275024414
7 33.5156364440918 52.561805725097656 74.08126831054688 68.63714599609375 7 32.76053237915039 57.94668960571289 64.64244079589844 73.65863800048828
1 28.641666412353516 25.262088775634766 61.09307098388672 40.47632598876953 4 55.99410629272461 38.93049240112305 90.96373748779297 52.43686294555664
7 124.81546783447266 34.78496551513672 164.70074462890625 61.22953796386719
9 13.05654239654541 38.252376556396484 52.2051887512207 59.60334777832031
0 21.09569549560547 43.97041702270508 71.92622375488281 60.777099609375 1 15.348481178283691 3.223752498626709 65.27326202392578 23.638887405395508
4 6.953547954559326 0.8458367586135864 28.97372817993164 12.749035835266113 4 6.380876541137695 10.522845268249512 29.03879165649414 25.91661834716797
3 41.08171844482422 77.7753677368164 86.05545043945312 93.73150634765625
6 40.97834777832031 45.86217498779297 66.0306167602539 61.239051818847656 1 41.36302947998047 35.82197189331055 61.797603607177734 49.248878479003906
1 126.30528259277344 17.198421478271484 161.4095916748047 51.01432800292969
4 15.241437911987305 13.724739074707031 38.294307708740234 26.612211227416992 9 17.03469467163086 27.9576473236084 40.02172088623047 40.183868408203125

2 19.649194717407227 17.287729263305664 45.56550979614258 32.218345642089844 2 20.88431739807129 30.263242721557617 45.42139434814453 41.8785400390625 2 17.07802391052246 31.941999435424805 43.37032699584961 47.67216491699219 5 19.485246658325195 30.618432998657227 44.126434326171875 43.09965896606445

5 59.22284698486328 16.972558975219727 98.626953125 40.968502044677734

2 29.636262893676758 49.19318389892578 73.90523529052734 67.43721008300781 6 35.47233963012695 27.596736907958984 74.93897247314453 50.22831726074219
5 7.851362228393555 8.341410636901855 29.96763801574707 22.20643424987793 5 11.740233421325684 4.051579475402832 33.72865295410156 17.146059036254883
6 39.69292449951172 69.7055435180664 65.03684997558594 85.55352020263672 5 17.6864013671875 54.08622741699219 65.04935455322266 70.08048248291016 1 42.496524810791016 50.625152587890625 73.08279418945312 72.2314224243164
8 21.837539672851562 71.58393859863281 68.660400390625 101.42543029785156
6 7.105904579162598 36.8747673034668 46.864662170410156 57.94109344482422 8 10.95921802520752 14.1068115234375 49.49445724487305 33.957740783691406

5 133.8020782470703 213.16696166992188 188.69224548339844 253.44004821777344
7 70.06997680664062 126.47911834716797 133.06756591796875 153.8206024169922

5 25.302457809448242 25.40692710876465 56.1074333190918 43.53641891479492
1 18.155935287475586 1.531661033630371 49.46583938598633 14.983362197875977 0 16.352994918823242 12.029851913452148 47.61714553833008 28.78152847290039
6 14.5394287109375 35.146427154541016 43.18044662475586 53.509193420410156 2 14.543681144714355 10.776597023010254 45.71491241455078 31.12505531311035
1 10.943100929260254 1.3244026899337769 44.907249450683594 16.902803421020508 2 10.912585258483887 18.934860229492188 44.152809143066406 32.72681427001953 3 9.70740795135498 34.58871078491211 43.89915466308594 51.916378021240234

3 3.7821061611175537 -0.2907201647758484 27.323339462280273 15.273367881774902
8 45.223567962646484 -1.4733436107635498 76.14207458496094 19.313356399536133 5 22.369918823242188 19.363271713256836 56.72426986694336 42.8843879699707 0 43.85558319091797 24.587387084960938 76.15069580078125 40.26267623901367
2 36.179656982421875 8.696869850158691 76.32415771484375 25.701217651367188 2 38.87311553955078 15.038881301879883 74.98625946044922 29.651784896850586 3 29.296058654785156 28.404399871826172 70.0815658569336 46.527103424072266

2 74.73851776123047 54.350650787353516 111.45193481445312 73.41081237792969
5 16.087486267089844 11.745121002197266 39.64982604980469 27.266420364379883 0 9.124382019042969 24.6478214263916 32.14842987060547 36.96672821044922 6 18.133642196655273 0.9452199339866638 42.12671661376953 16.326763153076172
3 36.5556640625 27.414730072021484 74.07179260253906 48.91344451904297
3 90.67308044433594 146.91932678222656 128.65989685058594 170.1509552001953
1 19.001230239868164 21.09527587890625 46.94920349121094 34.188514709472656
5 11.691265106201172 29.300891876220703 47.388336181640625 45.019752502441406 1 11.558660507202148 11.874975204467773 49.441490173339844 27.234912872314453
2 20.795331954956055 81.75646209716797 91.08586120605469 116.57698822021484 1 30.74088478088379 17.708953857421875 102.0324478149414 39.512516021728516 1 25.109495162963867 29.3497371673584 92.22611236572266 52.419368743896484
2 29.844860076904297 22.98535919189453 55.522212982177734 36.747650146484375 2 22.88165283203125 22.621973037719727 56.77560806274414 45.3704833984375
6 17.295318603515625 21.53771209716797 60.645233154296875 45.239044189453125 8 18.726160049438477 53.40206527709961 59.84958267211914 78.59388732910156 8 27.253551483154297 43.873714447021484 68.47525024414062 74.49845123291016
5 16.603801727294922 33.492523193359375 53.238548278808594 56.28591537475586 1 26.76235580444336 17.484729766845703 59.86003112792969 38.69159698486328
4 14.844757080078125 38.4040412902832 57.085540771484375 63.511878967285156 1 13.998411178588867 13.786201477050781 55.14789581298828 30.899696350097656

1 7.9402570724487305 14.812350273132324 44.49503707885742 36.665008544921875 4 19.740331649780273 41.81603240966797 55.21269989013672 62.61140060424805
9 10.170673370361328 15.448180198669434 52.914276123046875 49.618682861328125 1 29.552526473999023 59.674598693847656 66.98211669921875 76.33511352539062

4 15.455497741699219 38.819114685058594 42.31761169433594 52.197139739990234 7 20.159221649169922 54.88312911987305 41.87478256225586 66.33441162109375
1 85.93762969970703 142.8153533935547 188.1417999267578 172.68446350097656 7 56.32694625854492 195.94976806640625 156.86668395996094 247.13296508789062 3 166.26901245117188 199.32025146484375 214.36729431152344 226.0511016845703 8 153.06524658203125 179.42645263671875 203.88685607910156 208.2042999267578
8 17.14098358154297 32.628238677978516 54.03754425048828 53.989322662353516
1 10.375609397888184 27.241350173950195 37.80790328979492 40.3571891784668 5 11.386809349060059 41.551422119140625 38.069923400878906 53.328819274902344
4 63.75950622558594 71.29534912109375 94.53446960449219 90.84612274169922 4 31.715852737426758 84.40584564208984 76.6036148071289 113.46067810058594
5 17.184917449951172 29.83003807067871 53.68416213989258 50.4951171875
3 11.409332275390625 7.630856513977051 39.11628341674805 25.14962387084961
3 19.412853240966797 34.33981704711914 64.17436218261719 55.63107681274414 9 17.26702880859375 15.38661003112793 66.30677032470703 36.329307556152344
1 5.297651290893555 19.31371307373047 44.47954559326172 36.817657470703125 3 7.677493095397949 40.90312576293945 45.80104064941406 58.428131103515625
1 18.841520309448242 31.559934616088867 44.04991912841797 45.11532211303711 2 14.836353302001953 10.527789115905762 42.195316314697266 25.567852020263672
2 9.488897323608398 7.322204113006592 58.53099060058594 36.906742095947266 9 13.850607872009277 34.793495178222656 60.4234733581543 60.615081787109375
7 38.09634017944336 25.72162628173828 84.56828308105469 51.952003479003906 2 41.45293426513672 1.707564353942871 91.53482818603516 30.540695190429688
1 19.72369384765625 20.693767547607422 44.14992141723633 31.44655990600586
6 12.713749885559082 23.643007278442383 55.990482330322266 57.0944938659668
9 12.1031494140625 35.148597717285156 58.1370735168457 64.92223358154297 1 7.120309352874756 5.848428726196289 56.20636749267578 32.107913970947266
3 115.07058715820312 142.55934143066406 143.05320739746094 162.76246643066406 8 101.11985778808594 156.22743225097656 122.3564682006836 168.8380126953125
2 24.62736701965332 29.229333877563477 96.9961929321289 69.56339263916016
2 8.414077758789062 6.510666847229004 27.63456916809082 19.83100128173828
8 5.449077606201172 0.7604440450668335 33.23741149902344 19.564565658569336
6 17.678688049316406 25.48324203491211 53.250362396240234 46.44183349609375 1 14.622086524963379 52.7707405090332 55.519256591796875 67.8584976196289
5 14.713050842285156 53.96111297607422 83.06269836425781 88.79849243164062 2 13.750541687011719 5.347288131713867 76.11576843261719 49.60260772705078
3 3.466799736022949 8.009065628051758 25.391357421875 21.7629451751709

9 37.477020263671875 44.91401672363281 144.56935119628906 86.80204772949219 1 39.58317565917969 9.446993827819824 153.59173583984375 48.12608337402344
1 26.91580581665039 50.93361282348633 59.74633026123047 64.72122192382812 0 26.08972930908203 66.474365234375 60.6492805480957 82.81529235839844

1 23.98763656616211 -0.4316367506980896 55.69085693359375 11.092846870422363 3 25.952760696411133 18.199201583862305 55.65518569946289 32.117679595947266
3 15.287321090698242 48.449283599853516 46.91988754272461 70.70328521728516
1 7.427463054656982 21.862476348876953 46.15671157836914 37.701236724853516
9 11.544476509094238 22.10375213623047 39.38478469848633 36.92546463012695 1 11.022333145141602 7.05587911605835 37.94197463989258 19.588706970214844
7 15.894556999206543 94.73831939697266 60.795555114746094 115.50384521484375 3 19.66707420349121 42.94980239868164 64.30277252197266 74.06896209716797 1 49.900821685791016 36.941749572753906 101.87442779541016 61.104801177978516
3 6.263730525970459 7.704133033752441 26.36248016357422 21.659847259521484
6 115.71497344970703 125.00691223144531 156.95887756347656 145.13272094726562 0 113.15666961669922 127.306396484375 158.33056640625 145.7677459716797
2 4.482107162475586 7.162288665771484 25.373170852661133 22.461017608642578
9 3.4428372383117676 5.265490531921387 25.500314712524414 18.824462890625
2 115.68455505371094 13.988594055175781 222.5330047607422 62.54092025756836
1 9.189695358276367 42.07197952270508 39.533721923828125 58.21968078613281 2 13.168892860412598 63.41690444946289 43.2352409362793 81.64730072021484
1 15.45418643951416 3.1031243801116943 39.36833953857422 17.000520706176758 6 15.68224048614502 15.7684965133667 37.822628021240234 28.271894454956055
7 22.62075424194336 9.643486022949219 44.74346923828125 25.716663360595703
8 20.78944969177246 27.849519729614258 63.84996032714844 49.318946838378906 3 20.08613395690918 51.85555648803711 61.73353958129883 75.78559112548828 6 25.360057830810547 24.34354019165039 70.85135650634766 47.507755279541016
1 43.754234313964844 106.69116973876953 107.62145233154297 130.26171875 7 110.32791900634766 139.1292266845703 142.52719116210938 158.3999481201172 1 77.81527709960938 103.82549285888672 133.84622192382812 124.44703674316406 2 112.52891540527344 122.29056549072266 140.65975952148438 134.9545135498047
1 22.47495460510254 21.18326187133789 41.80795669555664 31.6121768951416 1 29.350845336914062 19.946666717529297 52.60829162597656 31.964902877807617
2 34.35847473144531 38.198158264160156 56.3972053527832 52.23257064819336 8 38.095252990722656 20.664785385131836 59.87929916381836 33.47783660888672
7 5.130495071411133 2.948579788208008 29.2789363861084 15.80446720123291 5 4.719383716583252 15.343165397644043 29.150474548339844 28.847789764404297
7 4.5439863204956055 16.41592025756836 27.701038360595703 29.396625518798828 4 6.060319900512695 2.186842441558838 27.911544799804688 16.45322036743164
9 5.834626197814941 9.841848373413086 27.093528747558594 24.7261962890625
4 8.610307693481445 10.29563045501709 61.257476806640625 36.084625244140625 7 8.778247833251953 38.18877410888672 58.21148681640625 63.17096710205078
4 6.16562557220459 3.898329257965088 26.306396484375 13.472527503967285 9 5.584306716918945 13.495988845825195 26.105066299438477 25.513635635375977
6 20.61612319946289 117.12657928466797 80.00270080566406 153.74880981445312
3 87.5809555053711 158.2142333984375 130.18914794921875 180.0401611328125 6 85.181884765625 176.48550415039062 130.16432189941406 202.99822998046875

1 21.64670753479004 15.390682220458984 50.33073425292969 30.10964584350586
2 17.045618057250977 13.036018371582031 40.560523986816406 27.263683319091797 6 17.853120803833008 39.075252532958984 43.226409912109375 55.5719108581543 3 13.87778091430664 42.39399719238281 38.99176025390625 55.802215576171875 5 16.473224639892578 25.25667953491211 38.98190689086914 39.51616287231445

2 12.197667121887207 23.5388126373291 42.265869140625 39.48721694946289 1 17.2017879486084 37.2056999206543 42.314231872558594 48.10194778442383
9 5.584579944610596 5.0956220626831055 24.412212371826172 16.000795364379883 2 6.289658069610596 17.58161163330078 26.481632232666016 29.549043655395508 4 8.814571380615234 17.431018829345703 26.51137924194336 29.05043601989746
3 6.786482334136963 3.617906093597412 29.00947380065918 15.740326881408691 3 6.032925605773926 13.73396110534668 29.713645935058594 26.70078468322754 5 6.344778060913086 0.9980826377868652 30.69900131225586 14.918062210083008
7 59.2691535949707 35.49819564819336 83.05443572998047 48.923622131347656 4 58.16133117675781 21.214597702026367 81.51057434082031 35.28973388671875
9 105.34693908691406 45.23696517944336 134.45223999023438 55.33552169799805 0 99.0582504272461 57.96947479248047 134.1492462158203 73.1094741821289 5 107.37263488769531 30.313594818115234 135.0839080810547 46.705772399902344 1 38.87063980102539 105.67144012451172 104.97901916503906 131.9845733642578
8 10.354324340820312 19.883834838867188 39.254119873046875 38.614444732666016
7 4.71859073638916 18.011295318603516 24.925180435180664 29.01465606689453 6 5.536559104919434 7.121933460235596 27.074270248413086 17.917346954345703
6 32.64735794067383 55.163360595703125 73.2359848022461 71.5040512084961 8 37.181610107421875 69.31352996826172 75.00122833251953 86.278076171875
1 11.034547805786133 1.5186548233032227 46.48412322998047 18.425968170166016 5 14.435309410095215 47.173095703125 51.20550537109375 64.68865966796875 2 13.553598403930664 27.622516632080078 48.75546646118164 44.01402282714844 1 16.166574478149414 18.86906623840332 49.709877014160156 34.468326568603516
1 5.250267505645752 15.779621124267578 32.1965446472168 33.33646774291992
2 8.388094902038574 6.2775797843933105 38.80976867675781 21.516332626342773 5 8.838968276977539 21.509092330932617 37.91778564453125 37.23845291137695
6 19.366334915161133 58.31620407104492 79.3494644165039 81.38607025146484 3 20.900041580200195 77.69670867919922 78.69884490966797 100.68140411376953 5 19.139497756958008 43.4566650390625 72.7308349609375 67.63966369628906
2 4.959308624267578 10.170882225036621 29.137094497680664 23.053030014038086
4 23.149641036987305 20.386119842529297 58.78580856323242 41.67790222167969
1 16.221092224121094 72.52618408203125 42.61551284790039 84.43177795410156 6 19.163692474365234 57.408592224121094 38.6913948059082 70.03437042236328

2 18.76370620727539 33.51333236694336 45.19521713256836 48.90306854248047 1 9.006051063537598 13.0526762008667 40.063358306884766 25.847383499145508
7 66.47179412841797 45.375938415527344 97.65486907958984 63.247093200683594
1 14.165210723876953 22.832447052001953 57.79703140258789 41.24441909790039
4 10.710027694702148 7.703415393829346 42.351356506347656 22.927047729492188 7 9.243894577026367 24.098224639892578 41.25763702392578 37.69003677368164
6 8.084081649780273 17.251813888549805 23.364734649658203 27.95586585998535 5 10.024127006530762 17.14590072631836 25.01218605041504 29.326282501220703
1 7.215353488922119 15.498750686645508 42.107906341552734 30.86898422241211

6 11.275496482849121 75.91582489013672 40.94025421142578 92.22277069091797 7 17.32991600036621 26.70481300354004 56.23317337036133 58.51236343383789 6 17.68829917907715 58.76035690307617 54.46661376953125 77.01237487792969 8 13.830632209777832 72.13497924804688 41.06496047973633 87.5519790649414
9 15.805834770202637 32.5196533203125 41.85698699951172 46.04253387451172
1 24.04497718811035 5.529382705688477 66.7984390258789 21.04391860961914 3 23.2576961517334 15.88533878326416 63.650272369384766 39.52897262573242
2 9.699654579162598 11.90743637084961 30.744565963745117 24.033790588378906 2 9.660368919372559 0.6377020478248596 31.859575271606445 12.975051879882812
3 30.724042892456055 80.30416107177734 88.0190200805664 126.17211151123047
4 9.217120170593262 20.799724578857422 34.856788635253906 32.84341812133789 5 7.931416988372803 10.975810050964355 34.81157302856445 22.42885398864746
2 9.46153450012207 7.648862361907959 31.42730712890625 19.235580444335938 9 12.911788940429688 27.585739135742188 35.27397537231445 40.0654182434082 5 9.270556449890137 2.235931873321533 31.43768310546875 14.000920295715332 2 11.305636405944824 11.924708366394043 34.44989013671875 23.172760009765625
8 13.855290412902832 52.02077102661133 74.2217025756836 82.7488784790039 5 19.495548248291016 21.460350036621094 79.31329345703125 55.56623077392578
4 8.345458984375 2.0099847316741943 40.2112922668457 20.861783981323242
2 14.52721881866455 33.399173736572266 47.962364196777344 53.02979278564453 1 16.48900032043457 16.15254020690918 51.63458251953125 30.082304000854492

2 6.127902507781982 6.936716079711914 32.6425666809082 21.52522850036621
9 61.71519088745117 108.89754486083984 157.4867706298828 152.7163848876953
4 25.422266006469727 64.99829864501953 67.66526794433594 93.3701171875 4 25.01561737060547 26.561784744262695 69.57427215576172 51.009727478027344
8 23.533174514770508 64.45877075195312 62.618263244628906 85.19819641113281

9 14.588290214538574 1.7416027784347534 39.894493103027344 18.770448684692383
7 40.60356140136719 55.11722183227539 99.09217834472656 89.57516479492188 4 47.959232330322266 5.754773139953613 111.71995544433594 39.80870819091797 0 45.904518127441406 32.45180130004883 105.0989761352539 63.72517776489258 7 22.03085708618164 81.08781433105469 74.78707885742188 115.14199829101562

1 14.573936462402344 0.0702669695019722 75.45153045654297 17.99155044555664 3 14.811325073242188 18.735950469970703 77.24872589111328 49.63895034790039 7 14.635733604431152 50.410125732421875 79.91354370117188 82.89051055908203
4 19.360891342163086 84.45651245117188 49.14739227294922 100.52469635009766
8 23.46955680847168 32.9913330078125 60.699398040771484 58.23902130126953 3 21.70172691345215 4.770284175872803 64.41645812988281 29.80746078491211
3 4.442857265472412 8.691009521484375 43.06328582763672 31.19707679748535
9 21.50770378112793 33.51148223876953 50.61672592163086 48.04257583618164
4 43.973670959472656 11.1976900100708 118.71945190429688 49.02841567993164
9 5.931831359863281 4.416125774383545 26.002113342285156 16.355321884155273
2 16.180204391479492 16.480854034423828 64.83637237548828 46.61911392211914 3 14.259405136108398 47.14203643798828 66.18952178955078 75.42678833007812
2 112.461181640625 25.167724609375 150.2987823486328 53.34619140625 5 94.96216583251953 46.47596740722656 140.2037353515625 76.48472595214844
7 4.1690287590026855 22.939598083496094 30.964792251586914 36.03704833984375 0 4.677966594696045 16.479719161987305 30.2995548248291 28.692161560058594 3 6.358372211456299 4.870156764984131 30.545753479003906 16.988807678222656 5 6.109518527984619 2.123237371444702 30.51995849609375 14.838438034057617
9 14.117624282836914 1.731895923614502 43.194374084472656 18.76439094543457 9 15.09925651550293 8.308725357055664 43.93879699707031 23.981670379638672
2 13.465713500976562 0.7243660092353821 59.71614074707031 23.685558319091797
7 6.362226486206055 28.48196029663086 52.47159957885742 54.852210998535156 1 8.582042694091797 8.309440612792969 54.20493698120117 25.919029235839844
6 11.665007591247559 99.30093383789062 41.11614990234375 114.29197692871094
1 7.285304069519043 10.668201446533203 36.74057388305664 22.23517608642578 9 10.400242805480957 20.7390193939209 40.546180725097656 37.005157470703125 6 14.303033828735352 33.72569274902344 44.39533996582031 52.45793151855469
0 51.68399429321289 53.757083892822266 79.61157989501953 74.27696228027344
1 10.766335487365723 39.20030975341797 36.247222900390625 49.0511360168457 1 12.541630744934082 54.63386535644531 36.916019439697266 64.98540496826172
5 9.752346992492676 24.93438720703125 43.954280853271484 38.12130355834961 8 20.29500389099121 12.93053913116455 46.97905731201172 24.667755126953125
1 78.70996856689453 89.8792724609375 146.8370819091797 118.78265380859375 1 79.15206909179688 130.71725463867188 140.8087921142578 155.63351440429688 1 74.013916015625 139.077392578125 140.1678924560547 174.416748046875
0 6.670628547668457 30.766029357910156 39.22176742553711 48.888153076171875
0 8.113917350769043 25.258895874023438 42.37582778930664 48.4595947265625 2 9.127302169799805 1.8616446256637573 44.22250747680664 23.68086814880371
1 65.69522094726562 104.71051788330078 100.44489288330078 124.44213104248047
9 10.394076347351074 35.49568176269531 48.52440643310547 55.682334899902344 4 10.278037071228027 13.100870132446289 48.694847106933594 31.025348663330078
1 22.990690231323242 2.5998828411102295 57.09724426269531 21.103668212890625 0 20.670482635498047 18.66183090209961 53.327938079833984 39.10713195800781
9 7.064749717712402 29.21969223022461 39.37474060058594 50.16926193237305
6 17.233341217041016 57.91731262207031 48.681678771972656 73.06211853027344 2 18.369779586791992 33.1088752746582 49.17122268676758 54.229408264160156
6 37.620765686035156 1.337476372718811 70.53751373291016 27.08733558654785 9 45.416255950927734 2.0992915630340576 85.39468383789062 25.126039505004883
5 7.462348937988281 9.813267707824707 36.171119689941406 25.36513900756836
7 6.4689507484436035 9.559762001037598 30.85980224609375 24.537860870361328
3 86.21469116210938 12.310256958007812 173.60792541503906 47.45504379272461 2 140.94056701660156 172.5810546875 179.8448486328125 192.75979614257812
4 7.959624290466309 5.3624067306518555 28.888195037841797 18.902484893798828 0 6.97275447845459 16.579347610473633 28.678112030029297 29.377412796020508
5 9.517467498779297 6.789216041564941 44.46281051635742 29.550338745117188
3 4.747345924377441 22.2587890625 37.65354919433594 41.75091552734375
7 21.7182674407959 36.839195251464844 59.130592346191406 63.13269805908203
3 15.451698303222656 11.98816967010498 52.827945709228516 30.200960159301758 1 16.61957359313965 33.02210235595703 52.74030303955078 49.19148635864258 7 13.730445861816406 30.799854278564453 53.87664031982422 58.471866607666016
1 26.325584411621094 12.828826904296875 62.698875427246094 32.51288604736328 3 10.678476333618164 42.901756286621094 43.17220687866211 64.62754821777344 3 21.715015411376953 25.688982009887695 56.18226623535156 45.82160186767578
4 12.565593719482422 18.924219131469727 41.599517822265625 32.82891845703125 7 2.8657567501068115 11.917896270751953 40.85296630859375 31.881345748901367 4 13.019742965698242 34.29087448120117 42.19326400756836 47.841773986816406


4 10.6254301071167 27.64194679260254 37.60575485229492 46.111961364746094
2 5.64063024520874 25.66602897644043 30.355966567993164 39.40669250488281
4 5.7520318031311035 13.448195457458496 27.576717376708984 25.94729995727539 6 9.3123779296875 13.484027862548828 27.937421798706055 25.120580673217773
8 72.42172241210938 167.22671508789062 116.74552917480469 194.7852325439453 7 74.89756774902344 126.95753479003906 115.82791137695312 160.548583984375
0 9.240163803100586 26.509475708007812 43.23752975463867 47.05324935913086 1 10.309049606323242 10.040879249572754 44.72238540649414 26.361757278442383
8 10.482069969177246 23.586666107177734 35.13482666015625 36.30677795410156 3 15.40615463256836 9.569533348083496 38.669281005859375 21.777803421020508 6 12.984003067016602 24.652685165405273 37.31662368774414 37.33903884887695
1 16.179031372070312 4.078489303588867 50.26517105102539 19.308134078979492
1 155.1011199951172 31.205034255981445 202.81100463867188 56.40359115600586 2 116.2352523803711 66.3042984008789 184.4601593017578 98.21763610839844 2 156.5756378173828 59.20452880859375 203.56341552734375 82.12887573242188

5 102.56028747558594 98.12281036376953 135.03993225097656 116.18749237060547 2 -1.9486535787582397 -3.4058823585510254 43.14230728149414 25.796672821044922 2 100.38800048828125 82.54811096191406 131.617919921875 99.3901138305664
3 10.307762145996094 9.92145824432373 35.19866943359375 25.054264068603516 9 9.453856468200684 23.078845977783203 34.30479049682617 38.66051483154297
7 15.704352378845215 14.851641654968262 38.786869049072266 27.584802627563477 3 13.589848518371582 7.277500152587891 38.87105941772461 17.261808395385742 5 16.666622161865234 3.397386074066162 38.88167953491211 15.608132362365723
4 9.879076957702637 0.3503720760345459 49.69469451904297 26.240093231201172 1 14.081196784973145 30.802370071411133 52.663326263427734 49.36540603637695 7 17.285987854003906 24.155879974365234 55.986881256103516 49.404666900634766
8 6.398723602294922 4.727689743041992 22.278635025024414 15.48441219329834 2 4.509319305419922 15.052664756774902 21.386207580566406 24.443937301635742 4 6.265157222747803 14.201483726501465 21.9658203125 24.089208602905273
3 11.15351676940918 17.23893165588379 34.164058685302734 33.08329391479492
8 18.007572174072266 37.15559387207031 35.658103942871094 47.0047607421875 3 17.999948501586914 26.368541717529297 33.92558288574219 35.37062072753906
0 15.260608673095703 39.40717315673828 60.31169509887695 68.53419494628906 7 20.659584045410156 20.346155166625977 64.51696014404297 42.950523376464844 9 19.676240921020508 38.37077713012695 67.47801208496094 61.5569953918457
4 17.225555419921875 30.75836181640625 43.718196868896484 45.57130813598633 2 18.826391220092773 16.46599006652832 46.47453689575195 32.27663803100586
8 2.214554786682129 16.862144470214844 42.69288635253906 36.90463638305664
1 26.77981948852539 34.228675842285156 107.21165466308594 54.107913970947266 3 -2.564452648162842 19.596511840820312 21.598434448242188 35.35822296142578
8 58.71718978881836 36.99752426147461 87.1051025390625 51.70912551879883
1 21.416425704956055 17.0301456451416 50.23061752319336 31.9434757232666 5 24.105297088623047 27.444686889648438 47.45412826538086 37.72808837890625 5 16.951580047607422 27.53372573852539 45.4926872253418 44.473487854003906



8 57.055458068847656 74.32595825195312 122.15249633789062 101.8713607788086

9 5.667538166046143 18.091894149780273 27.86702537536621 33.92913818359375
6 40.12046813964844 126.07770538330078 104.12059020996094 162.1500701904297
8 3.905649423599243 3.70511794090271 33.124942779541016 17.140743255615234
0 34.83247756958008 43.92893981933594 65.50459289550781 60.344566345214844 1 34.47959899902344 32.953468322753906 64.33951568603516 46.8867301940918
2 37.9823112487793 0.43858733773231506 69.02623748779297 17.471986770629883 9 15.892782211303711 35.07125473022461 47.65291213989258 62.44129180908203 4 18.57656478881836 21.06595802307129 52.07118606567383 40.884521484375
2 22.851892471313477 7.087166786193848 45.899784088134766 21.399110794067383 2 16.59267807006836 11.28447151184082 45.73002243041992 26.25944709777832
6 7.202917098999023 14.20128059387207 36.686553955078125 26.792573928833008 4 6.423624515533447 1.3784409761428833 36.64303207397461 14.113301277160645
4 40.058353424072266 31.877178192138672 71.34735870361328 49.067344665527344 3 35.761356353759766 46.863426208496094 69.63278198242188 70.52323150634766
3 17.854793548583984 1.2405611276626587 63.08973693847656 22.36960220336914 4 23.472902297973633 46.2935905456543 74.34910583496094 77.21794128417969 8 25.392169952392578 20.88616943359375 74.14749145507812 45.07712936401367
5 8.45509147644043 12.112968444824219 49.95041275024414 35.92884826660156
9 10.993786811828613 35.470428466796875 39.73775100708008 52.8504524230957
2 13.240523338317871 2.1958136558532715 51.47797393798828 27.75705909729004
6 3.7372360229492188 -0.267749547958374 25.830320358276367 13.01877498626709
1 106.2357177734375 47.4200439453125 143.87318420410156 66.9412841796875
4 16.85808753967285 40.336402893066406 53.37560272216797 55.47246170043945
2 3.620410919189453 13.59414291381836 20.51382827758789 23.608863830566406 2 3.1462883949279785 2.3194961547851562 19.90202522277832 13.249183654785156
4 61.201602935791016 13.813761711120605 90.71878051757812 29.533811569213867 1 55.53081512451172 9.28976821899414 92.96649932861328 29.260347366333008 3 56.55338668823242 25.866472244262695 90.7332534790039 42.727989196777344
7 7.310697555541992 26.884187698364258 38.59938049316406 42.899539947509766
3 10.950601577758789 2.5184993743896484 44.926414489746094 19.624658584594727 6 10.346338272094727 25.411815643310547 41.29033660888672 38.70699691772461 1 11.153045654296875 10.813201904296875 42.372230529785156 22.612449645996094 7 16.99716567993164 8.161165237426758 43.790748596191406 19.030643463134766
2 14.770004272460938 6.925662517547607 37.18511199951172 22.691110610961914 8 7.404247283935547 24.15690803527832 34.38514709472656 40.62025833129883
2 24.270402908325195 1.8221051692962646 60.84058380126953 21.777069091796875 9 21.912715911865234 48.304569244384766 58.18344497680664 67.94384002685547 7 15.711407661437988 32.483089447021484 51.8895263671875 55.48035430908203 6 21.32145881652832 31.58225440979004 58.331626892089844 53.48823165893555
1 65.08037567138672 116.89934539794922 127.56818389892578 140.62498474121094
7 31.569602966308594 37.3081169128418 55.68083953857422 50.30224609375
4 7.426657199859619 26.62079429626465 42.815547943115234 46.007911682128906 7 7.677455902099609 9.852749824523926 43.04012680053711 26.901975631713867
0 4.829555034637451 16.54568099975586 28.205360412597656 31.30147361755371
0 37.07147979736328 61.64905548095703 61.6547737121582 75.73479461669922 2 11.13158893585205 33.98666000366211 48.76999282836914 52.28725051879883 5 11.528865814208984 22.9831485748291 45.490997314453125 42.6540412902832 4 29.32094383239746 38.314266204833984 54.42375183105469 52.63253402709961
2 21.18751335144043 7.861659049987793 50.384464263916016 26.76060676574707 0 11.709273338317871 34.14362716674805 41.20806884765625 51.122802734375 0 16.038564682006836 19.772953033447266 46.1445426940918 35.71146774291992
2 82.85243225097656 43.65788650512695 105.68724822998047 56.033817291259766

0 14.828365325927734 72.61857604980469 65.0369873046875 97.23407745361328 1 18.703367233276367 24.346593856811523 65.81236267089844 50.20612716674805 1 14.670336723327637 45.18912887573242 63.62401580810547 70.8984146118164
4 7.659499645233154 18.203256607055664 30.059001922607422 30.70290756225586 2 8.215359687805176 8.693984031677246 29.435298919677734 19.088645935058594
1 18.056638717651367 4.769575119018555 68.94233703613281 23.37230110168457 9 18.8333797454834 67.00076293945312 68.07003784179688 88.26620483398438
2 18.751415252685547 70.94194793701172 68.05852508544922 105.3357162475586 1 22.319133758544922 78.32610321044922 56.30868911743164 92.68195343017578 0 17.719701766967773 79.99187469482422 43.66148376464844 96.21855926513672
8 10.994637489318848 23.11962890625 31.367538452148438 33.886924743652344 6 11.106953620910645 22.881771087646484 30.54014778137207 34.585426330566406
6 10.060449600219727 37.443031311035156 41.255577087402344 53.45439147949219 6 10.764423370361328 29.758214950561523 45.826560974121094 43.68515396118164
0 15.03689193725586 33.51234817504883 57.01774597167969 51.19401550292969 2 13.787919044494629 10.507575988769531 60.575538635253906 32.330230712890625
6 8.534659385681152 9.49107837677002 46.51066207885742 30.76811981201172 0 6.348904609680176 31.487459182739258 43.40460205078125 51.48662567138672
4 10.809860229492188 20.971500396728516 41.221920013427734 36.87604904174805 1 10.317506790161133 32.23808288574219 38.14799880981445 48.37628936767578 1 9.730254173278809 2.0339081287384033 41.18227767944336 15.238136291503906
7 6.069164276123047 13.868227005004883 26.424983978271484 27.899803161621094 7 5.3666582107543945 22.92049789428711 28.01568603515625 34.088523864746094
5 8.227675437927246 8.344252586364746 37.81147766113281 25.247447967529297
4 70.52495574951172 52.72123718261719 142.64730834960938 95.76799011230469
7 23.556896209716797 58.86095428466797 86.27234649658203 97.908203125 1 35.45716857910156 12.06484317779541 88.06501007080078 30.632198333740234 0 36.146812438964844 28.0476131439209 87.65389251708984 56.90327453613281
2 8.116765975952148 28.961902618408203 35.05147171020508 44.436676025390625
6 5.76524019241333 14.28402328491211 27.277353286743164 25.885412216186523
9 7.979579448699951 0.02593873254954815 35.38237380981445 12.007719039916992
6 20.861804962158203 38.09609603881836 50.418907165527344 53.62415313720703
7 5.438412189483643 7.21376895904541 31.729263305664062 21.85456657409668
3 21.914321899414062 42.86478042602539 53.62495040893555 61.247314453125
3 12.235662460327148 11.4716796875 37.39231491088867 25.917749404907227 5 15.248954772949219 11.537399291992188 37.12641906738281 24.35643196105957
7 10.86256217956543 1.7736567258834839 32.87969207763672 14.410822868347168 1 11.416670799255371 6.494227409362793 33.35832977294922 18.203262329101562
2 33.95892333984375 96.67803192138672 75.70564270019531 116.64234161376953 7 27.752098083496094 75.94341278076172 73.7112045288086 98.06427764892578 2 19.616546630859375 101.6278076171875 61.056278228759766 129.02708435058594
7 17.35797882080078 31.625476837158203 38.96549606323242 45.94936752319336 4 17.472957611083984 15.85959529876709 40.6614875793457 30.879329681396484 4 18.455486297607422 23.781354904174805 38.80934143066406 32.712074279785156
9 70.59188842773438 118.85477447509766 113.2520980834961 135.63470458984375
3 4.27155876159668 15.814523696899414 23.69626808166504 28.166841506958008
8 12.866852760314941 28.040184020996094 62.39460372924805 54.65327453613281 4 14.973393440246582 2.932265043258667 61.57477951049805 26.49681282043457 1 12.988983154296875 8.703768730163574 60.0769157409668 29.75180435180664
4 48.79362487792969 27.55221939086914 98.90754699707031 51.468345642089844 4 48.802024841308594 7.607932090759277 98.81080627441406 35.10700988769531

2 30.94126319885254 41.02418518066406 75.91995239257812 65.37467193603516 4 31.513992309570312 35.61920166015625 80.09561157226562 59.325740814208984
6 20.6236629486084 67.27149200439453 71.29590606689453 99.83831024169922 2 14.978694915771484 25.210481643676758 60.490291595458984 66.6020736694336 6 46.60575866699219 66.1298828125 83.74169921875 87.77056121826172 1 25.316301345825195 100.22893524169922 86.72176361083984 120.30054473876953
3 3.7814769744873047 6.229830741882324 39.910728454589844 26.038122177124023
2 4.505990028381348 4.492659568786621 33.27302932739258 21.0482120513916
0 83.22950744628906 112.9788589477539 119.60558319091797 130.2188720703125 5 70.68154907226562 87.87631225585938 110.55402374267578 110.72395324707031
5 40.74560546875 19.49635124206543 76.63152313232422 39.80549621582031
5 11.872106552124023 3.8538057804107666 41.60182571411133 24.949520111083984
9 7.256878852844238 13.025886535644531 36.01591491699219 28.650468826293945
2 19.51018714904785 0.3516257703304291 46.85773468017578 13.826149940490723
4 44.16604232788086 31.886632919311523 95.91969299316406 64.2891845703125 6 20.55241584777832 63.471439361572266 72.8064193725586 101.30706787109375
9 17.52882957458496 61.7639274597168 52.95094680786133 75.75969696044922 4 15.680347442626953 43.43819808959961 51.485660552978516 58.58806228637695
2 5.330648899078369 18.190311431884766 28.81059455871582 31.770626068115234
1 25.957578659057617 50.64494323730469 73.70411682128906 72.8699951171875
9 10.376440048217773 16.60816764831543 31.627431869506836 29.285058975219727 1 6.739779472351074 4.265286445617676 30.09220314025879 15.889972686767578
2 38.5258674621582 1.172207236289978 65.63279724121094 19.22051429748535 1 30.56222152709961 9.8522310256958 57.86009979248047 23.453929901123047
3 30.711894989013672 26.940000534057617 63.706459045410156 44.1474494934082 8 30.54191780090332 42.27326965332031 65.82546997070312 63.10386657714844

5 9.188858985900879 26.242568969726562 34.46217727661133 45.24272918701172 4 9.965667724609375 31.025941848754883 35.452476501464844 47.15566635131836
3 7.510274410247803 15.46670913696289 27.464038848876953 29.752779006958008
5 3.9487717151641846 4.5883283615112305 25.742639541625977 14.368964195251465 6 4.524448394775391 13.531832695007324 27.588077545166016 23.102880477905273
9 14.902101516723633 33.14483642578125 42.41368865966797 45.605594635009766 4 10.39877700805664 40.42238235473633 39.13127517700195 52.86297607421875 7 16.18256378173828 39.47446823120117 45.919586181640625 51.35901641845703
2 19.75692367553711 16.388607025146484 74.87618255615234 50.533935546875 1 20.796613693237305 59.682159423828125 76.73552703857422 81.55230712890625
2 18.40143585205078 26.641990661621094 53.25910949707031 49.28164291381836 5 16.5540714263916 56.651371002197266 53.9804573059082 77.81875610351562
2 12.985727310180664 25.03545379638672 51.86952209472656 49.560482025146484
6 24.32013511657715 13.100130081176758 61.08684539794922 41.20198440551758 2 29.679697036743164 10.663793563842773 55.08243942260742 30.478252410888672
6 69.73307800292969 42.210880279541016 102.06353759765625 65.71788787841797 5 86.5024185180664 31.909832000732422 114.3043212890625 50.73162078857422


6 5.152524948120117 17.821866989135742 26.516883850097656 31.43927574157715 4 5.331707000732422 6.913472652435303 26.914953231811523 18.60498809814453
3 6.270633697509766 16.788108825683594 30.552581787109375 33.794593811035156
8 24.70284652709961 18.73964500427246 52.04322814941406 32.10345458984375 0 29.74964141845703 27.09001350402832 50.68180847167969 40.11896514892578 6 16.829465866088867 20.500965118408203 43.047584533691406 32.961334228515625
5 14.528217315673828 34.78407287597656 37.1474494934082 47.075626373291016
2 13.088006019592285 34.9200553894043 58.85485076904297 62.13578796386719
1 86.43000793457031 137.72369384765625 143.35386657714844 158.61483764648438 3 121.3089828491211 71.52388000488281 152.9074249267578 90.99036407470703 1 111.47701263427734 87.90005493164062 146.76010131835938 105.51814270019531
3 16.711313247680664 70.01048278808594 47.607269287109375 87.44400024414062
0 25.034433364868164 28.238462448120117 68.25272369384766 46.333709716796875 1 31.591066360473633 11.77808952331543 67.8601303100586 29.27549171447754 0 29.09025764465332 19.032629013061523 72.98062133789062 36.90449142456055 0 23.758089065551758 46.45872116088867 67.67837524414062 66.83274841308594
3 11.35851764678955 0.9829581379890442 64.08760833740234 33.73530578613281 5 36.50531005859375 63.62344741821289 89.98213958740234 103.89166259765625 5 11.353092193603516 70.38105773925781 70.30818939208984 102.26302337646484 7 19.685842514038086 21.09256935119629 73.15345764160156 47.71022033691406
2 38.26974868774414 11.323477745056152 65.3204116821289 26.846420288085938 3 32.49430465698242 22.325204849243164 64.16577911376953 38.71133804321289 1 34.82299041748047 9.275689125061035 66.04143524169922 25.049707412719727
2 6.327029228210449 15.658394813537598 30.40410041809082 31.172767639160156
5 29.289342880249023 60.69862747192383 56.13893127441406 71.5134048461914 6 22.738080978393555 45.71338653564453 59.05142593383789 62.67967987060547
4 7.228227615356445 11.107275009155273 48.89894104003906 28.021259307861328 0 7.556842803955078 40.457767486572266 50.10115051269531 59.16324234008789 4 7.355766296386719 26.363821029663086 49.458740234375 44.913814544677734
3 11.007326126098633 17.479873657226562 73.47639465332031 50.5684814453125 1 15.135534286499023 51.6786003112793 76.78073120117188 79.50818634033203
7 9.106451034545898 1.4303151369094849 36.067771911621094 14.44864273071289 8 9.720505714416504 13.304117202758789 39.53440856933594 26.572803497314453
6 6.174906253814697 0.3346473276615143 27.729402542114258 11.125134468078613
4 19.16684913635254 14.39062213897705 43.92139434814453 26.94991111755371

3 23.065818786621094 85.21269989013672 46.48322677612305 94.98365020751953
8 13.970968246459961 26.599803924560547 34.8331184387207 40.970497131347656
9 25.349950790405273 62.08675003051758 62.175880432128906 79.41620635986328 9 22.893064498901367 45.27346420288086 57.775386810302734 60.3501091003418 8 24.485260009765625 62.02528381347656 59.37222671508789 81.01563262939453
2 19.19765281677246 10.593460083007812 41.2072639465332 24.730958938598633
1 40.68970489501953 22.842262268066406 84.29138946533203 46.04153060913086 0 38.02114486694336 49.26033020019531 78.69673919677734 69.9610824584961 0 24.901350021362305 54.753013610839844 64.49642944335938 75.371337890625
1 13.058959007263184 23.401264190673828 41.215187072753906 36.29856872558594 8 12.63109302520752 15.203460693359375 41.121185302734375 28.292919158935547 2 12.189230918884277 2.133028030395508 42.5068359375 15.221807479858398
2 18.74614143371582 9.46066951751709 51.99170684814453 26.499799728393555 4 14.177213668823242 28.223421096801758 49.04177474975586 47.94868850708008
7 33.56214904785156 77.6593017578125 62.04099655151367 93.1621322631836 5 14.619782447814941 59.57236862182617 59.33210372924805 84.42656707763672 3 21.673664093017578 57.23520278930664 54.85523223876953 77.52902221679688 7 47.61992645263672 86.51472473144531 85.24979400634766 108.23287200927734
2 34.769474029541016 12.466111183166504 68.23169708251953 29.953798294067383 2 37.32613754272461 4.42293643951416 94.3980484008789 32.341041564941406
1 51.51579284667969 105.7419662475586 109.98920440673828 153.0391082763672
4 4.840297222137451 12.840516090393066 23.299617767333984 25.016109466552734 2 4.198651313781738 6.939972877502441 22.90749740600586 18.048986434936523
2 8.401044845581055 1.4150255918502808 28.434335708618164 13.517504692077637 7 8.006802558898926 17.5568790435791 27.296566009521484 28.101409912109375
2 72.96393585205078 150.27842712402344 105.86943817138672 170.9929962158203 1 60.9228515625 107.75099182128906 108.8530502319336 128.66822814941406 1 70.8104248046875 129.37118530273438 106.67716217041016 150.87791442871094
6 10.481245040893555 2.3101398944854736 61.3330192565918 26.865724563598633 7 10.228562355041504 26.197185516357422 66.6198501586914 62.46968078613281
1 24.654645919799805 96.63054656982422 56.65534591674805 109.80736541748047 6 15.724164962768555 106.91437530517578 56.30753707885742 137.82801818847656
4 13.909286499023438 46.43264389038086 39.876033782958984 64.3336181640625 9 14.976186752319336 39.3315315246582 41.21955490112305 56.54574203491211

2 5.971466541290283 14.887737274169922 39.134124755859375 31.15519905090332 2 5.954239368438721 30.192737579345703 38.51552963256836 47.018341064453125
8 4.316407203674316 3.005331516265869 28.2015380859375 17.61105728149414
7 66.62083435058594 19.64579200744629 97.46126556396484 35.101219177246094 2 57.741756439208984 38.25202941894531 108.8495101928711 61.22891616821289
5 34.02527618408203 46.432186126708984 66.08650970458984 80.92613983154297
1 11.40085506439209 1.7452824115753174 36.40800857543945 14.09934139251709
9 17.966781616210938 36.695472717285156 44.24460983276367 51.3251838684082 6 17.4605770111084 23.4650821685791 45.67547607421875 38.681941986083984
4 26.23227882385254 87.77079772949219 76.58324432373047 123.15071868896484
2 5.684487342834473 6.930472373962402 23.2926025390625 18.77307891845703
2 41.243614196777344 49.75437927246094 68.47010040283203 65.42768859863281 0 43.425384521484375 60.80350875854492 69.55067443847656 75.3187484741211 8 34.422855377197266 57.456092834472656 60.259647369384766 70.53871154785156

9 8.180567741394043 27.335195541381836 37.870147705078125 44.07616424560547 4 6.9262213706970215 8.354412078857422 38.478336334228516 25.349565505981445
5 4.214013576507568 3.3824682235717773 26.801597595214844 17.413875579833984
6 7.3706793785095215 24.719831466674805 34.96076202392578 42.79661560058594 4 10.486294746398926 15.530220985412598 34.31085968017578 29.070058822631836
1 100.1403579711914 67.46232604980469 134.2443389892578 86.02235412597656 8 101.98518371582031 95.17740631103516 133.7025146484375 112.03801727294922
8 10.148954391479492 16.506345748901367 38.783931732177734 35.12322235107422
9 3.2370262145996094 12.524335861206055 22.788875579833984 24.363954544067383

5 15.613587379455566 32.07698059082031 51.1490478515625 47.105899810791016 5 17.525663375854492 11.673670768737793 53.05801773071289 27.886199951171875
3 5.6949462890625 19.532405853271484 26.84615707397461 32.68133544921875

6 19.426441192626953 43.40372085571289 51.11764144897461 57.71208953857422
2 6.726456165313721 13.61863899230957 35.23191452026367 28.424114227294922 5 6.569801330566406 0.912085235118866 34.086097717285156 12.958696365356445
1 34.02139663696289 2.6868538856506348 63.349700927734375 17.091663360595703 1 28.977880477905273 7.838427543640137 58.40066146850586 19.652925491333008
1 5.174666404724121 24.79510498046875 27.658367156982422 33.555015563964844 2 5.253113746643066 13.82014274597168 27.36156463623047 25.80521583557129
1 33.11464309692383 2.8117501735687256 57.550819396972656 16.650043487548828 1 31.92205810546875 8.503364562988281 59.599510192871094 18.868520736694336
6 12.915057182312012 14.732298851013184 75.5698013305664 44.11250686645508 3 12.326656341552734 50.04072189331055 73.794921875 75.94410705566406
2 39.97953414916992 40.5894889831543 62.642574310302734 54.108985900878906
5 13.824872970581055 29.694438934326172 47.731075286865234 49.162532806396484
1 13.003795623779297 -0.2651240825653076 55.825538635253906 18.39813232421875
2 7.67051887512207 21.773330688476562 36.00735855102539 38.12209701538086 5 9.082253456115723 4.875507831573486 36.490928649902344 23.638370513916016

7 6.076120376586914 10.879922866821289 25.994068145751953 21.852617263793945 6 9.559569358825684 8.591410636901855 30.83505630493164 20.473451614379883
9 24.12339210510254 23.923131942749023 55.016456604003906 40.717002868652344
3 16.19302749633789 10.437568664550781 56.36555480957031 33.093421936035156
2 24.46867561340332 61.15581130981445 48.87046432495117 72.64217376708984 5 19.306825637817383 76.40001678466797 45.767066955566406 90.64241790771484 3 21.427467346191406 76.94094848632812 42.7159538269043 90.27823638916016
4 6.262895107269287 4.221626281738281 25.99140739440918 16.319856643676758
0 39.373756408691406 34.07927703857422 79.68512725830078 59.42500686645508 4 35.5939826965332 5.229438304901123 78.66608428955078 33.634132385253906 0 47.42064666748047 34.1789665222168 88.32405090332031 50.57823181152344 2 47.308738708496094 55.95588684082031 89.71089172363281 75.57943725585938
1 31.332828521728516 18.857744216918945 52.5362663269043 30.840576171875 0 31.79591178894043 34.431556701660156 51.76252365112305 46.58958053588867 9 31.07614517211914 35.03511428833008 53.64360427856445 47.66231918334961
4 90.09992980957031 81.30536651611328 133.5672607421875 100.47257232666016 0 91.84162902832031 47.221553802490234 127.43568420410156 66.68276977539062 5 96.38788604736328 41.51507568359375 128.0325927734375 61.393802642822266
3 70.60792541503906 130.9450225830078 140.60609436035156 166.58030700683594
6 31.42306137084961 22.355579376220703 72.17082977294922 44.121639251708984 6 19.091421127319336 19.88669776916504 56.97837448120117 46.93717956542969
0 3.6616697311401367 35.06035614013672 57.68465042114258 58.3348388671875 9 10.454693794250488 21.555076599121094 60.82402038574219 42.228065490722656 1 18.512922286987305 2.666707754135132 65.94668579101562 20.08014488220215
2 6.009627819061279 4.683587551116943 22.882984161376953 17.50334930419922
2 10.080044746398926 20.7386474609375 33.52769470214844 34.113712310791016 3 7.783334255218506 22.185449600219727 35.047698974609375 35.5727424621582 7 10.233253479003906 8.104848861694336 34.896942138671875 21.21634864807129
1 12.286845207214355 34.81724548339844 37.53034591674805 46.46397399902344 2 9.067275047302246 24.4599552154541 34.97454833984375 41.342308044433594
2 19.407434463500977 2.217993974685669 42.00525665283203 12.612733840942383 2 19.16147804260254 12.723005294799805 39.059391021728516 22.311967849731445
4 45.489322662353516 74.75041198730469 82.24867248535156 95.16683959960938
2 84.26806640625 75.1334457397461 129.57325744628906 92.15172576904297
3 31.05829429626465 45.231170654296875 62.37291717529297 60.28141784667969
7 10.452658653259277 12.367433547973633 37.25736999511719 25.266508102416992
0 35.071231842041016 49.23076629638672 65.48851776123047 64.08151245117188 3 41.1677360534668 35.83470153808594 64.84175109863281 47.20023727416992
4 13.15965747833252 4.19242525100708 35.683624267578125 21.620874404907227 6 10.363615036010742 24.643192291259766 35.03053283691406 40.13788604736328
4 10.824376106262207 8.050581932067871 35.21068572998047 21.22974967956543 1 23.678220748901367 23.937728881835938 42.85334396362305 33.22545623779297
1 11.32186222076416 5.044097900390625 48.96257400512695 23.1933650970459 4 19.51080894470215 24.196287155151367 55.27517318725586 40.9118766784668
0 11.321582794189453 21.704755783081055 37.38059997558594 36.023963928222656 1 13.405524253845215 7.139453411102295 36.934715270996094 17.81393051147461 5 12.408906936645508 33.333213806152344 37.69284439086914 47.04939270019531
4 14.503509521484375 5.384610176086426 32.49017333984375 15.840455055236816 5 11.296651840209961 8.159942626953125 34.46080780029297 22.734167098999023
1 14.85636043548584 22.46969223022461 54.378440856933594 42.10124588012695
3 3.7943193912506104 15.515755653381348 26.33580780029297 29.683063507080078
3 37.869014739990234 87.0309829711914 74.19855499267578 104.166015625 5 46.05107116699219 81.58647155761719 85.13481140136719 99.31655883789062 6 37.84324645996094 88.55216979980469 73.22601318359375 109.60701751708984 6 35.829833984375 68.44501495361328 80.4019546508789 89.79361724853516
1 31.185256958007812 89.56474304199219 83.99732971191406 109.85590362548828 5 31.556406021118164 41.58249282836914 79.8145751953125 64.18565368652344 3 34.03603744506836 41.68449783325195 81.18327331542969 63.97957992553711 3 35.64011001586914 55.99770736694336 84.02864074707031 79.28826141357422
5 11.613412857055664 39.14434814453125 43.772483825683594 54.949371337890625 3 11.906295776367188 23.362403869628906 43.99280548095703 40.32217025756836
3 12.906166076660156 10.624364852905273 39.35708236694336 23.820098876953125 4 14.370366096496582 1.6550559997558594 39.14483642578125 16.562864303588867 1 13.89909553527832 3.1078152656555176 40.513423919677734 17.98886489868164 3 11.899484634399414 25.796615600585938 39.569068908691406 37.86511993408203

2 19.961584091186523 5.855493545532227 68.92940521240234 27.9051456451416 8 13.014303207397461 28.69944953918457 61.885581970214844 52.03318786621094
7 5.6096577644348145 15.696478843688965 26.409269332885742 27.75516128540039 4 5.943996906280518 2.400573253631592 26.688814163208008 14.414009094238281
9 7.930591583251953 27.592697143554688 32.926063537597656 41.52680206298828 7 8.921958923339844 17.316085815429688 31.731401443481445 29.699325561523438 7 10.555628776550293 10.685447692871094 33.33942794799805 23.872190475463867
1 34.72539520263672 22.2857723236084 75.1143798828125 39.92888641357422 8 18.050315856933594 48.97661590576172 59.94495391845703 72.70775604248047 7 25.926437377929688 35.3045539855957 70.39836883544922 57.003475189208984
2 19.822166442871094 70.20606231689453 49.79846954345703 88.28349304199219
6 25.667001724243164 49.893768310546875 48.528812408447266 61.62593078613281 2 26.465791702270508 36.93349075317383 47.15584945678711 49.92543029785156 3 20.533994674682617 37.986366271972656 44.17359924316406 56.01499938964844
2 23.982383728027344 26.467435836791992 43.65099334716797 43.894588470458984 1 25.72924041748047 22.087200164794922 47.08993911743164 38.789268493652344
4 7.179004669189453 7.997280597686768 45.707828521728516 23.025806427001953 0 7.092491149902344 28.31270980834961 46.357017517089844 45.95174789428711
6 29.534250259399414 102.31578063964844 80.39881134033203 126.55029296875 2 21.735530853271484 74.9598159790039 76.01622009277344 100.54996490478516 2 39.097320556640625 67.36427307128906 78.14838409423828 92.40467071533203
7 13.861674308776855 33.68876266479492 56.79514694213867 55.34702682495117 2 15.392573356628418 12.802872657775879 57.517181396484375 35.26137161254883
2 37.79935836791992 47.02775192260742 70.69152069091797 67.04420471191406
2 73.1941146850586 130.86720275878906 100.036376953125 146.28555297851562 2 50.19816589355469 150.7652130126953 101.0927963256836 174.8555908203125 5 72.2789077758789 145.12855529785156 101.8038330078125 163.1532745361328
5 7.4502482414245605 14.606221199035645 22.815977096557617 23.87157440185547
6 16.02621841430664 23.681385040283203 70.51472473144531 43.65230941772461
5 26.370084762573242 4.367403507232666 58.62826919555664 21.271244049072266 5 25.655595779418945 9.151000022888184 48.777957916259766 21.19231414794922

1 10.079028129577637 8.003405570983887 30.67569923400879 19.320175170898438 0 8.578221321105957 19.109539031982422 30.76500701904297 34.9284782409668
1 21.25578498840332 43.39165115356445 51.88444900512695 57.769859313964844 1 17.344478607177734 22.465192794799805 48.88948440551758 39.434783935546875 8 21.274799346923828 55.297977447509766 55.486209869384766 77.76026153564453
3 5.691532611846924 3.5919077396392822 28.58794593811035 19.884119033813477 9 6.379334449768066 17.39316177368164 27.948833465576172 31.238605499267578
2 29.245285034179688 18.180599212646484 54.634849548339844 35.176490783691406 3 29.427404403686523 34.61032485961914 60.42573928833008 50.4378776550293
9 7.206581115722656 16.405235290527344 27.24616813659668 27.458261489868164 6 7.834796905517578 6.282337188720703 26.89276123046875 15.450343132019043
9 52.880558013916016 81.1048583984375 90.9350814819336 95.46630096435547
2 81.39600372314453 79.5378189086914 133.6862335205078 112.97319793701172 6 83.97357940673828 120.01106262207031 134.61428833007812 143.2863006591797
0 42.46380615234375 49.285980224609375 69.5567626953125 66.41786193847656 8 44.75959396362305 33.37751007080078 71.57099151611328 53.11637878417969
4 67.66839599609375 56.192508697509766 170.42938232421875 97.0873794555664 1 81.07994842529297 6.294154644012451 139.86720275878906 29.210052490234375
1 11.522674560546875 12.842080116271973 37.185264587402344 26.243532180786133 3 14.75162410736084 2.1248855590820312 39.10126876831055 15.8009672164917
0 22.82758331298828 24.23406982421875 69.19681549072266 45.61867904663086
3 25.792600631713867 39.47173309326172 55.96644973754883 59.22593307495117
2 5.626170635223389 -0.7655710577964783 28.365169525146484 14.381816864013672
2 3.788135051727295 17.3762264251709 24.790130615234375 29.988994598388672

7 35.95402145385742 50.80885696411133 80.03047180175781 68.72467803955078 2 39.04340362548828 32.79816818237305 88.43171691894531 58.55459213256836
1 49.188140869140625 5.612316131591797 102.07890319824219 31.241044998168945
5 7.927333831787109 25.94716453552246 38.7446174621582 41.49381637573242 8 9.472180366516113 6.802182674407959 38.67703628540039 23.614377975463867 3 8.262200355529785 0.5001826286315918 37.884395599365234 21.426292419433594
7 46.84917068481445 36.466705322265625 90.76029205322266 58.75511169433594
0 27.856569290161133 81.82679748535156 93.7481689453125 112.26732635498047 3 54.03340530395508 34.46763229370117 113.49024200439453 75.83009338378906 6 18.928123474121094 110.8904800415039 92.3775863647461 154.53367614746094
1 46.531707763671875 25.742643356323242 81.60066986083984 45.130157470703125 1 51.63797378540039 13.793402671813965 76.96317291259766 28.793516159057617 1 43.54860305786133 8.702381134033203 78.51366424560547 25.724754333496094
8 16.096437454223633 10.006669998168945 37.61486053466797 23.946252822875977 4 16.42498016357422 25.98352813720703 35.463382720947266 38.31996154785156
6 86.25349426269531 57.15025329589844 131.27549743652344 81.76622772216797 3 45.760101318359375 76.25527954101562 86.34793853759766 92.0771255493164 1 94.93907165527344 30.981266021728516 126.58534240722656 56.76737976074219
0 52.41383743286133 42.547672271728516 90.06011962890625 65.8293228149414

9 4.681130409240723 4.891987323760986 22.642208099365234 17.493818283081055
7 38.39654541015625 66.04630279541016 67.23981475830078 81.12615966796875 5 40.393798828125 41.74595260620117 69.61011505126953 56.71105194091797 6 40.02196502685547 33.58887481689453 69.4077377319336 50.30836486816406
0 15.588650703430176 63.0828971862793 82.19963073730469 90.4247055053711 3 12.340510368347168 31.06188201904297 78.82414245605469 58.912139892578125
2 11.244078636169434 4.441277027130127 32.16457748413086 18.56349754333496 4 8.13480281829834 28.68970489501953 28.76532554626465 39.66719436645508 9 10.319772720336914 16.22370147705078 30.909677505493164 30.072540283203125

9 5.6478986740112305 15.996914863586426 26.034677505493164 30.809656143188477 4 5.085081100463867 2.4577465057373047 25.365079879760742 15.177970886230469

2 18.113798141479492 58.90277862548828 47.90347671508789 75.0050277709961 4 17.79053497314453 37.21326446533203 47.30259323120117 55.19086456298828
7 3.6027724742889404 18.280899047851562 26.141674041748047 31.97848129272461
6 55.663246154785156 43.704166412353516 102.2933578491211 67.49884033203125 6 48.355648040771484 38.512210845947266 90.0811538696289 57.080013275146484
3 15.466109275817871 26.026567459106445 37.32314682006836 40.37331771850586 4 15.03847599029541 12.275350570678711 37.24555206298828 24.422405242919922
8 23.692291259765625 17.94331932067871 56.23059844970703 32.79727554321289 3 26.39091682434082 30.715036392211914 52.335819244384766 43.06966781616211
2 10.768738746643066 20.03959846496582 27.53068733215332 31.95895004272461 4 10.293455123901367 30.540536880493164 29.32544708251953 42.88724136352539 2 11.136219024658203 13.736481666564941 28.181211471557617 26.668527603149414
2 6.2169036865234375 18.706220626831055 31.34918212890625 33.38641357421875 2 6.660001277923584 0.327025830745697 31.907079696655273 18.315855026245117
1 9.245224952697754 27.375879287719727 40.396705627441406 42.77005386352539 1 8.822853088378906 37.00504684448242 40.621246337890625 50.136474609375 1 13.581249237060547 18.863235473632812 43.298885345458984 34.338191986083984

4 6.323972702026367 16.372133255004883 30.044496536254883 30.00040054321289 4 7.1058125495910645 6.451122283935547 30.26079559326172 17.60293197631836 4 7.34364128112793 0.3946230709552765 31.83139991760254 14.27375602722168
2 6.923387050628662 12.39586353302002 33.993892669677734 25.264236450195312 7 8.976804733276367 26.56638526916504 34.658782958984375 40.40370178222656
2 24.317035675048828 61.941654205322266 108.85289001464844 114.93891906738281
2 14.667214393615723 11.251279830932617 54.848506927490234 36.85755920410156 1 15.281830787658691 35.36726379394531 53.49238586425781 53.0234489440918
1 27.5347957611084 23.801427841186523 46.95376968383789 35.46794891357422
4 20.314661026000977 23.701107025146484 38.16862106323242 34.290138244628906 1 20.283994674682617 31.28929328918457 39.417179107666016 41.09806442260742
6 9.564557075500488 30.393234252929688 40.82037353515625 45.42428207397461 0 12.785223007202148 19.43461799621582 44.7554931640625 31.048828125
1 51.95663833618164 5.545332908630371 114.14727783203125 26.431509017944336 9 42.27239990234375 9.472782135009766 100.52184295654297 32.63542175292969 1 57.48609161376953 3.3987860679626465 92.77143096923828 18.32988166809082
0 15.454084396362305 21.936521530151367 52.603675842285156 44.94066619873047 1 12.437172889709473 5.174590110778809 51.91463088989258 25.392261505126953
2 9.419341087341309 15.786520957946777 49.023990631103516 37.45851516723633 1 11.49346923828125 34.45204162597656 49.16101837158203 55.763389587402344 4 12.33168888092041 39.17035675048828 48.18099594116211 61.70505905151367
1 9.283690452575684 1.0773893594741821 33.688419342041016 12.496180534362793 0 8.95964241027832 12.698443412780762 32.64688491821289 26.964218139648438
2 83.76667785644531 23.87039566040039 113.94928741455078 39.765281677246094 1 79.3139419555664 46.089683532714844 147.36048889160156 69.87275695800781
5 26.930395126342773 16.723526000976562 55.395057678222656 40.35822677612305 8 15.697500228881836 21.43693733215332 48.25090408325195 41.90864181518555
4 19.556499481201172 20.181577682495117 43.77577590942383 33.76619338989258 4 21.344633102416992 27.421680450439453 51.04740524291992 43.21044158935547 7 14.884486198425293 2.059000015258789 45.50928497314453 19.87537956237793
4 29.270957946777344 3.3874289989471436 46.50258255004883 17.896942138671875 2 21.006771087646484 1.0149604082107544 45.156063079833984 18.47509765625
4 53.645912170410156 10.987872123718262 79.38424682617188 28.589576721191406 3 43.91923522949219 7.713450908660889 73.33267974853516 21.467252731323242 3 48.11507797241211 30.560537338256836 78.28286743164062 45.14823532104492
1 5.350091457366943 23.206493377685547 27.024869918823242 34.682037353515625
3 20.829669952392578 14.884578704833984 45.6047477722168 27.997520446777344
5 13.05478572845459 7.214512348175049 53.633201599121094 33.10145568847656 4 11.809094429016113 37.54887390136719 52.466529846191406 63.624942779541016
7 164.3726043701172 76.5307846069336 193.6542205810547 89.91496276855469 4 62.212345123291016 66.3847427368164 132.05044555664062 116.23700714111328 5 60.64078140258789 122.91790771484375 124.5557861328125 166.8481903076172
6 20.750545501708984 19.572885513305664 52.936893463134766 41.89664077758789
5 6.1330060958862305 20.87601661682129 39.326969146728516 42.49614715576172
1 28.90923500061035 26.83176040649414 54.078338623046875 41.47987747192383 8 13.271129608154297 50.01891326904297 39.40841293334961 66.8003921508789 9 19.50528335571289 40.9077033996582 46.427276611328125 54.75300216674805
7 17.231822967529297 18.943859100341797 94.74434661865234 60.238460540771484 2 16.109243392944336 61.510799407958984 91.0730209350586 101.91016387939453
2 25.867109298706055 41.25867462158203 93.3027572631836 80.6859130859375 4 18.13149642944336 18.14537239074707 73.64049530029297 48.314231872558594 4 47.608116149902344 136.96688842773438 119.41063690185547 164.50527954101562
9 12.677714347839355 42.581932067871094 35.429290771484375 57.133670806884766 6 12.964929580688477 37.453857421875 37.110450744628906 53.12498092651367
1 6.836984634399414 9.750999450683594 37.30863952636719 21.44610023498535 2 10.11430835723877 22.639707565307617 36.3099250793457 35.44390869140625
2 34.94784927368164 91.08989715576172 79.97653198242188 113.17964172363281 1 21.000492095947266 82.63739013671875 60.057029724121094 102.89193725585938 4 65.52141571044922 86.52237701416016 128.03602600097656 117.16685485839844
2 1.7817771434783936 7.556792259216309 30.797929763793945 26.345844268798828
2 15.137575149536133 25.369279861450195 62.36555099487305 47.77007293701172 9 15.945420265197754 44.9574089050293 62.81007385253906 66.21276092529297 9 14.013586044311523 62.52482986450195 64.71321868896484 83.39703369140625
3 4.866978645324707 3.055652379989624 37.19130325317383 22.849288940429688
6 11.600752830505371 48.29237747192383 66.71949005126953 77.35855102539062 4 13.479928016662598 15.73831558227539 63.02880096435547 46.32314682006836
6 9.425150871276855 55.1447868347168 52.35639190673828 77.75594329833984
2 40.74469757080078 58.87575149536133 83.1879653930664 86.1722412109375 2 42.20623016357422 88.5530776977539 78.81741333007812 108.8053207397461 2 43.37321090698242 80.8902816772461 75.99282836914062 97.3504867553711
9 16.34831428527832 37.943946838378906 43.647544860839844 54.51875686645508 9 12.665609359741211 46.798736572265625 42.598934173583984 62.10462951660156
0 30.91033363342285 18.64296531677246 63.18478775024414 35.740516662597656 9 30.136510848999023 4.407919406890869 62.3189811706543 23.623931884765625 8 29.137306213378906 9.032073020935059 62.29571533203125 24.108858108520508
2 12.56046199798584 36.41926956176758 39.28281784057617 51.28596496582031
1 26.759313583374023 58.55634307861328 72.70125579833984 81.57268524169922 5 20.548751831054688 77.76087188720703 68.11345672607422 106.81144714355469 2 34.01166915893555 38.627471923828125 79.5057373046875 66.67302703857422

6 7.71537971496582 24.865760803222656 37.455406188964844 44.00858688354492
2 13.380675315856934 10.816904067993164 38.21040344238281 27.998212814331055 8 21.921375274658203 27.326946258544922 46.588863372802734 45.24410629272461
2 8.394031524658203 20.946035385131836 33.9804801940918 35.48614501953125
4 10.346146583557129 43.71858215332031 46.311946868896484 60.07733154296875 4 31.853471755981445 37.65629577636719 59.54067611694336 49.18577575683594 4 28.478483200073242 18.73271369934082 64.52198028564453 37.56546401977539
3 6.655743598937988 8.355024337768555 38.04962158203125 24.725563049316406 3 7.200013160705566 2.0375683307647705 38.52583312988281 18.981794357299805
4 102.24697875976562 42.93171691894531 133.5612030029297 59.06910705566406
2 35.497859954833984 9.78327751159668 72.2569808959961 34.5828857421875 6 19.095712661743164 43.72412872314453 53.13211441040039 67.49333190917969 8 25.343162536621094 38.62126541137695 60.195457458496094 55.47816467285156
6 24.53549575805664 56.53542709350586 95.49293518066406 102.28385925292969
1 15.908919334411621 19.048219680786133 45.74863052368164 32.62538146972656 1 14.348474502563477 4.789570331573486 47.530094146728516 21.16889190673828 1 19.448715209960938 12.318403244018555 55.24703598022461 28.50189781188965 1 15.75144100189209 35.41561508178711 47.02460479736328 48.93397521972656

0 19.619909286499023 41.97745132446289 45.9302864074707 54.3996467590332 2 21.949012756347656 26.351173400878906 47.0889778137207 40.83040237426758
3 17.29746437072754 1.726550817489624 42.26701736450195 19.79655647277832 0 8.32919692993164 30.101781845092773 32.31531524658203 44.82804489135742


1 40.524356842041016 17.980186462402344 71.93504333496094 37.2735595703125
1 21.34842300415039 5.240007400512695 61.305259704589844 25.278764724731445
5 5.3406171798706055 17.6242618560791 27.661489486694336 31.26717185974121 2 5.7083353996276855 4.320866584777832 28.638181686401367 17.1695556640625
1 12.780403137207031 11.293493270874023 43.01677703857422 23.39226722717285 7 11.056171417236328 19.675222396850586 42.59001922607422 33.63714599609375 0 11.725582122802734 20.079057693481445 39.33702850341797 35.89335250854492 1 10.932473182678223 3.0063929557800293 40.146175384521484 16.965517044067383 7 10.666074752807617 34.65925979614258 42.149105072021484 48.59488296508789
7 3.7006947994232178 16.085155487060547 30.61204719543457 30.057514190673828
4 9.805610656738281 13.810718536376953 38.28618621826172 25.464887619018555
7 19.645845413208008 42.47350311279297 41.742366790771484 53.02409362792969
5 8.158517837524414 22.127355575561523 35.94774627685547 41.28843307495117
9 7.392577648162842 14.314376831054688 31.093996047973633 31.32037353515625
6 1.9505891799926758 4.537903308868408 21.470870971679688 19.449058532714844
0 7.044735908508301 14.491673469543457 24.019927978515625 23.852251052856445 7 8.60550594329834 6.982072353363037 25.532358169555664 17.483428955078125
2 14.441153526306152 50.72575378417969 52.98925018310547 71.32506561279297
0 74.63409423828125 75.56082916259766 102.19214630126953 96.06820678710938

1 30.688718795776367 52.57899475097656 59.260196685791016 66.5868911743164 6 32.61820983886719 42.46660614013672 62.89017868041992 56.821502685546875
1 6.785994052886963 8.58482837677002 45.27326202392578 26.970623016357422 4 5.196042537689209 27.24929428100586 45.131561279296875 45.710514068603516
2 6.582190036773682 4.271137714385986 29.688907623291016 20.304967880249023 1 7.664095401763916 20.39122200012207 31.17904281616211 29.797565460205078
8 31.811431884765625 37.26762390136719 58.35472106933594 51.91733932495117 6 39.82956314086914 25.099044799804688 61.07394790649414 40.296226501464844
2 29.18463706970215 115.61975860595703 72.0721664428711 142.4326934814453 0 39.12635040283203 152.16033935546875 82.73271942138672 175.72622680664062 6 31.964069366455078 154.34178161621094 77.082763671875 175.6858367919922 1 48.289920806884766 217.40673828125 164.53025817871094 260.0638122558594
0 4.568787574768066 31.00204849243164 57.002559661865234 58.38581466674805 2 4.028428554534912 0.8421100378036499 52.37089920043945 28.667978286743164
2 15.718652725219727 60.46004104614258 72.49755859375 92.68743133544922 5 27.116504669189453 30.47287368774414 75.64302062988281 55.61603546142578
3 30.34792709350586 37.29204559326172 81.42256164550781 68.72691345214844 5 63.4449348449707 71.2032699584961 111.2706069946289 101.8154525756836
4 5.852980136871338 18.208351135253906 31.99298667907715 33.64037322998047
7 17.217710494995117 0.4704236090183258 43.25751495361328 15.286489486694336
4 5.3933868408203125 3.4057650566101074 37.29410934448242 22.06080436706543 1 5.204197883605957 22.225629806518555 38.081687927246094 38.48652267456055

3 30.62633514404297 13.874574661254883 63.77613067626953 34.659515380859375 4 23.357858657836914 60.06814193725586 63.348388671875 80.77652740478516 6 27.903635025024414 25.436424255371094 65.0536880493164 47.83098220825195
4 29.110828399658203 61.227169036865234 51.84814453125 76.29821014404297 2 51.295188903808594 27.194360733032227 83.03652954101562 53.81133270263672
9 8.809418678283691 13.300287246704102 46.05369186401367 33.711978912353516 1 10.184823989868164 2.03182315826416 45.19595718383789 16.820554733276367
9 41.07902908325195 42.844154357910156 61.51333236694336 54.8327522277832
1 13.72681999206543 22.402477264404297 60.14059829711914 40.18305969238281 1 10.361311912536621 2.0842201709747314 60.04469299316406 18.515838623046875
1 15.689543724060059 17.63633918762207 43.082122802734375 31.909038543701172 5 17.160764694213867 30.415943145751953 45.13276672363281 52.43896484375
7 7.352642059326172 1.027641773223877 32.54078674316406 15.042383193969727 2 6.333585739135742 15.02121639251709 31.03775405883789 30.664844512939453
2 33.981746673583984 13.760123252868652 95.24344635009766 65.30365753173828
6 37.473697662353516 43.150299072265625 63.0618896484375 59.00298309326172 4 38.19514846801758 20.93538475036621 65.55371856689453 42.88206481933594
3 5.731022357940674 -1.0798429250717163 36.36023712158203 16.395450592041016
9 4.962428569793701 18.86016845703125 33.54484939575195 36.81915283203125
3 25.50016975402832 -1.544594407081604 59.963287353515625 17.31273078918457

6 8.657739639282227 16.161739349365234 26.566478729248047 27.385929107666016 1 6.504426002502441 7.308528423309326 25.162567138671875 16.908159255981445
4 3.382617473602295 -0.7737181782722473 26.627779006958008 16.272079467773438
4 11.866352081298828 6.935882091522217 31.46140480041504 18.65960693359375 0 6.4433393478393555 21.4874324798584 30.40093994140625 35.30968475341797
2 102.20791625976562 177.5454559326172 161.068115234375 200.2641143798828 1 79.889404296875 37.8763427734375 150.036376953125 67.8811264038086

2 29.70125389099121 33.19059753417969 52.591087341308594 47.210121154785156
2 9.007570266723633 10.386223793029785 31.213268280029297 22.890779495239258
7 3.5376904010772705 15.181877136230469 27.343236923217773 27.97863006591797 2 4.054374694824219 2.266866445541382 27.263830184936523 15.251537322998047
7 5.637227535247803 5.87391471862793 30.893630981445312 21.35406494140625
1 9.813102722167969 29.416593551635742 39.902584075927734 43.32004928588867 9 12.418737411499023 14.148688316345215 40.81239700317383 31.366004943847656
6 13.143342971801758 2.7813544273376465 35.067710876464844 20.017459869384766 2 6.310255527496338 21.034997940063477 30.789396286010742 38.07387924194336
4 30.06239891052246 33.8937873840332 53.8652229309082 45.75706481933594 7 29.850662231445312 18.323062896728516 51.898799896240234 34.91176986694336
6 103.62952423095703 36.23128890991211 134.95530700683594 54.313743591308594
1 42.73492431640625 101.29396057128906 111.2502670288086 125.91879272460938
5 16.781774520874023 -0.5175535678863525 44.068321228027344 19.4982852935791
2 6.985328197479248 6.095055103302002 33.46854782104492 21.40896987915039 6 6.646371364593506 22.283023834228516 33.978275299072266 36.571048736572266
0 8.856270790100098 29.682384490966797 25.619186401367188 38.46210479736328
6 6.817502975463867 10.937374114990234 25.16726303100586 23.250829696655273 9 5.835154056549072 11.856668472290039 24.259815216064453 23.950254440307617
1 61.72928237915039 9.331399917602539 107.9755630493164 29.782934188842773

2 7.711981773376465 20.920204162597656 28.626388549804688 33.69192886352539 1 9.056463241577148 11.820599555969238 29.309709548950195 21.418155670166016
8 47.81892776489258 46.828086853027344 90.24606323242188 72.26950073242188
2 85.63626098632812 101.98283386230469 133.39236450195312 124.56822204589844 8 72.3547134399414 80.91632080078125 128.45327758789062 109.56317138671875
8 6.494151592254639 15.145468711853027 31.86593246459961 30.685182571411133
4 27.64693260192871 46.14649200439453 54.9512939453125 56.523094177246094 3 19.73150634765625 63.01243209838867 46.20085906982422 74.65396881103516 7 23.320819854736328 22.380151748657227 54.31536865234375 40.98272705078125
7 10.68177604675293 31.97022819519043 54.32714080810547 55.83519744873047 6 11.206493377685547 2.27563738822937 53.104713439941406 27.15581703186035
6 26.86224365234375 114.62287139892578 60.55575942993164 131.05581665039062 4 29.76140022277832 96.5099105834961 67.56780242919922 117.06950378417969
2 6.34546422958374 12.38526725769043 44.65660095214844 30.654836654663086
0 39.62916946411133 21.00722885131836 83.92301940917969 42.9429931640625
1 11.199337005615234 17.395320892333984 51.53706359863281 35.457496643066406 1 10.763738632202148 7.576272010803223 42.99429702758789 19.02528190612793 1 8.73037338256836 2.971778392791748 52.559814453125 20.35811424255371
3 9.653386116027832 24.67076301574707 33.748111724853516 36.03501510620117
8 11.537997245788574 30.37699317932129 38.264461517333984 48.64350509643555 3 23.322324752807617 8.500574111938477 51.54741287231445 27.252315521240234 6 16.575044631958008 21.785552978515625 44.35645294189453 37.996063232421875
6 3.0049476623535156 0.5722153782844543 21.45261001586914 12.961654663085938
1 22.448562622070312 4.6868486404418945 101.55472564697266 28.230371475219727 1 17.648223876953125 28.480621337890625 103.73804473876953 56.430572509765625
8 31.447147369384766 49.18160629272461 70.84596252441406 69.4814224243164 4 10.01393985748291 5.2045464515686035 54.94365310668945 33.48331069946289
9 6.630826950073242 11.21866226196289 33.15848159790039 28.1230525970459
5 6.3634934425354 21.372621536254883 29.618406295776367 35.949214935302734 1 6.918604850769043 11.19237232208252 30.100204467773438 21.846385955810547
4 4.807559013366699 7.301430702209473 26.09406089782715 18.868833541870117 5 5.140155792236328 0.2651122212409973 26.11918830871582 10.761018753051758 8 4.89717960357666 13.186179161071777 25.21854019165039 24.58173370361328
1 123.05510711669922 158.26036071777344 216.76785278320312 216.5536651611328
8 2.7296833992004395 1.5585346221923828 20.348806381225586 13.830880165100098
5 5.250014305114746 16.95039939880371 26.504993438720703 29.246658325195312
6 6.548487186431885 17.72229766845703 32.043758392333984 34.881439208984375
1 112.95809936523438 149.02847290039062 166.45437622070312 175.59361267089844
0 8.48243236541748 23.31857681274414 38.665409088134766 38.48384094238281 3 8.402031898498535 5.968458652496338 36.33140563964844 21.817378997802734
7 56.86204528808594 33.52577590942383 97.89898681640625 56.40298843383789 2 134.73394775390625 33.60244369506836 185.51385498046875 65.23783111572266
9 4.142475605010986 13.899364471435547 27.32158851623535 30.38153839111328
5 24.06291961669922 6.579884052276611 73.59492492675781 26.324169158935547 3 21.384166717529297 41.54597091674805 61.6455078125 59.930789947509766 3 22.695005416870117 15.093771934509277 72.93628692626953 30.88954734802246
9 43.34456253051758 32.719722747802734 87.96109771728516 64.49506378173828
0 6.364859104156494 22.459571838378906 31.48295783996582 38.41154098510742 4 7.774250507354736 4.02950382232666 32.92416000366211 22.06163215637207
6 46.20502471923828 22.817163467407227 88.77190399169922 48.5003662109375
2 12.946887969970703 1.540408730506897 34.59187698364258 15.074294090270996 7 9.888715744018555 24.612987518310547 31.69631576538086 36.65257263183594 0 14.404585838317871 10.744401931762695 33.815574645996094 24.31026268005371 6 12.370012283325195 14.337899208068848 33.51630783081055 25.380834579467773
4 8.975881576538086 24.022340774536133 32.238216400146484 37.36698913574219 4 9.667818069458008 7.007870197296143 31.28517723083496 23.492372512817383
3 3.5069875717163086 2.5782058238983154 19.111055374145508 12.74268913269043
7 25.28998374938965 1.3358277082443237 70.4177474975586 21.790071487426758
6 113.73609161376953 14.390002250671387 155.01748657226562 46.950660705566406
6 36.987369537353516 70.38191986083984 61.62885284423828 84.27751159667969 1 37.3890495300293 58.06898498535156 61.05204772949219 72.87174224853516
6 5.829221248626709 0.9669100046157837 32.221920013427734 14.717052459716797
7 13.968777656555176 21.156049728393555 38.00331497192383 34.75028991699219 3 12.525741577148438 5.74417781829834 37.902000427246094 21.47079086303711 5 7.9563469886779785 0.9465637803077698 35.53480911254883 17.168222427368164
5 7.025198459625244 3.7602977752685547 31.48863410949707 19.493484497070312
5 6.065638542175293 15.796297073364258 28.740549087524414 32.2772216796875
3 4.685481071472168 7.83428430557251 38.87366485595703 28.751256942749023
0 34.107486724853516 59.3916130065918 70.32424926757812 75.240234375 1 25.751510620117188 34.099273681640625 70.9672622680664 54.62378692626953
6 51.648780822753906 87.90635681152344 95.06299591064453 110.0802230834961 3 45.54719543457031 97.70686340332031 95.0419921875 115.547607421875

4 21.52024269104004 52.03009033203125 40.25990295410156 62.608394622802734 4 17.440479278564453 58.13856506347656 43.363807678222656 66.7503433227539 4 20.344135284423828 40.4541130065918 46.87145233154297 54.57868957519531 7 19.993200302124023 46.716766357421875 42.50170135498047 58.20967102050781
9 14.478753089904785 20.42978858947754 41.73421859741211 37.1070442199707 5 9.778178215026855 -0.04704840108752251 43.22353744506836 17.876420974731445 5 14.993389129638672 14.08287239074707 42.35575866699219 29.09992790222168 3 12.933396339416504 1.3881645202636719 41.93821716308594 18.400264739990234
6 7.701375961303711 7.972438812255859 37.9850959777832 25.721393585205078

4 4.689068794250488 18.45248794555664 27.204879760742188 32.47615432739258 9 5.179486274719238 4.851557731628418 26.95629119873047 18.515329360961914
4 76.28903198242188 14.345020294189453 101.92449188232422 29.892303466796875
1 17.17460060119629 15.971137046813965 83.17395782470703 42.82831573486328 0 28.306371688842773 43.222782135009766 90.24543762207031 77.38797760009766
7 5.263589382171631 30.707229614257812 52.87082290649414 60.7891731262207
6 17.979656219482422 36.64060592651367 56.090431213378906 55.363529205322266 3 16.430797576904297 56.55805587768555 53.44354248046875 73.94664764404297
6 5.2811079025268555 23.386693954467773 32.8086051940918 36.55876922607422 7 4.922303676605225 9.2293701171875 34.43563461303711 22.981746673583984
4 16.635677337646484 42.334190368652344 49.7874870300293 59.41736602783203 5 20.031530380249023 16.117948532104492 52.446720123291016 36.92148208618164
4 10.010546684265137 21.668642044067383 39.22453308105469 43.95231246948242
3 4.09077787399292 26.496509552001953 42.816566467285156 48.86570358276367
5 7.730457782745361 19.38146209716797 38.88889694213867 38.067474365234375
1 31.986560821533203 31.114158630371094 62.71004867553711 47.66176986694336 3 21.727540969848633 43.744903564453125 59.910919189453125 66.0949478149414
5 8.871323585510254 0.3956315219402313 36.97654342651367 18.170787811279297
4 4.93034029006958 17.952301025390625 26.31078338623047 30.017833709716797 6 4.6864471435546875 5.965065956115723 27.738492965698242 17.251489639282227
7 7.424386024475098 18.63105583190918 31.22783660888672 32.478145599365234
3 9.244454383850098 18.836400985717773 27.975143432617188 31.132568359375 1 8.862458229064941 9.984200477600098 27.846160888671875 20.699472427368164
3 27.53389549255371 27.08378028869629 52.75270080566406 39.651649475097656 0 24.44046401977539 39.713050842285156 52.405426025390625 52.53247833251953
1 18.181163787841797 24.489166259765625 72.92938995361328 41.8893928527832 3 28.60318374633789 51.36637496948242 70.41438293457031 78.39418029785156
5 27.429372787475586 78.79159545898438 106.42408752441406 119.96851348876953 1 31.20989418029785 43.181396484375 110.10557556152344 85.01223754882812
2 28.34254264831543 18.949237823486328 82.37247467041016 45.82273864746094 2 38.31535339355469 4.288306713104248 86.32061004638672 30.136295318603516 7 18.718524932861328 30.21727180480957 74.53446197509766 56.717552185058594
1 7.833174228668213 49.062252044677734 56.32881164550781 74.47306060791016 2 10.617563247680664 2.004138946533203 62.254634857177734 32.160675048828125
4 16.330854415893555 13.639816284179688 70.81800842285156 58.898162841796875
8 10.277878761291504 37.195709228515625 47.205162048339844 61.788291931152344 6 15.378718376159668 17.349239349365234 52.64405059814453 40.924076080322266
1 20.02813720703125 2.1173925399780273 42.712257385253906 14.343549728393555


2 17.009965896606445 52.79759979248047 40.8647575378418 67.43739318847656
4 13.158387184143066 11.49798583984375 37.14765930175781 29.122373580932617 9 17.427453994750977 43.14216995239258 47.22377014160156 60.01164627075195
7 6.3216552734375 28.138803482055664 28.602869033813477 40.5863037109375 2 9.878626823425293 5.765435695648193 30.473844528198242 17.934343338012695 5 8.33806324005127 17.807668685913086 28.925491333007812 29.692628860473633
2 74.55577087402344 52.24284744262695 103.15040588378906 70.26289367675781
6 25.293262481689453 9.404603004455566 63.4632682800293 36.96259689331055 0 16.304340362548828 56.535762786865234 58.38560485839844 77.89095306396484 2 25.218799591064453 4.630430698394775 66.52338409423828 29.98523712158203
4 35.03169250488281 66.57121276855469 87.3197250366211 102.81465148925781 1 27.710094451904297 30.429670333862305 79.43898010253906 54.12367630004883 4 79.61039733886719 49.44105529785156 107.65615844726562 63.69050216674805
5 10.581805229187012 4.108541488647461 61.61700439453125 32.32291793823242
2 7.098333835601807 2.9192278385162354 30.393692016601562 19.249658584594727
2 7.29672908782959 9.904287338256836 34.71794891357422 30.143251419067383
9 72.9744873046875 46.826908111572266 101.61408996582031 65.15538024902344
9 15.224161148071289 11.96065616607666 73.19075012207031 44.41260528564453 1 18.01949119567871 67.03213500976562 66.76004028320312 83.37451171875
9 6.769750595092773 23.200225830078125 30.190011978149414 35.97554397583008 2 7.984353065490723 5.731283664703369 31.065698623657227 19.360240936279297
2 14.3321533203125 25.06650733947754 32.49175262451172 34.41994857788086 4 13.509410858154297 16.45330810546875 31.820241928100586 25.3342227935791
2 7.88749361038208 5.218493461608887 24.396873474121094 15.494675636291504
7 68.72810363769531 118.5390396118164 101.71802520751953 133.96591186523438
7 71.8865737915039 90.4151611328125 102.80736541748047 111.6536865234375 2 73.14388275146484 74.04524993896484 106.52056121826172 89.92366027832031
7 22.105195999145508 30.002473831176758 50.13969039916992 45.659542083740234 2 22.2568359375 14.470866203308105 48.92082595825195 32.320526123046875
3 14.552675247192383 33.55406951904297 39.23649978637695 47.799095153808594 4 16.48604965209961 19.798480987548828 38.86750411987305 33.18080139160156 2 16.90160369873047 15.180049896240234 39.950950622558594 31.436969757080078
0 6.769232273101807 16.76791000366211 29.872928619384766 29.182838439941406 3 8.909890174865723 4.135550498962402 30.44355583190918 16.405298233032227
3 22.017057418823242 2.31577730178833 50.73722839355469 15.26830005645752 8 19.622758865356445 17.149564743041992 50.044456481933594 29.150400161743164
2 12.98509693145752 16.459835052490234 42.66310119628906 33.28022766113281
1 30.99547004699707 19.870473861694336 60.65874481201172 31.603803634643555
3 10.869060516357422 59.26932907104492 58.18927764892578 83.8227767944336
3 8.176671028137207 24.32672691345215 28.112756729125977 38.239967346191406 2 9.792271614074707 6.886218070983887 30.48355484008789 23.78961181640625
3 34.0826301574707 15.647407531738281 63.46578598022461 31.782581329345703
1 15.80283260345459 33.573360443115234 44.198299407958984 48.70428466796875

9 27.291982650756836 50.773582458496094 69.28783416748047 86.0192642211914
7 29.091899871826172 27.057987213134766 76.86258697509766 48.51963806152344 7 39.69429397583008 25.242725372314453 77.18533325195312 41.011817932128906 1 38.41346740722656 48.9968147277832 76.849365234375 64.9419174194336
2 33.29970932006836 21.078489303588867 67.35218048095703 41.657676696777344 2 15.074624061584473 15.429574966430664 57.28219223022461 44.5761604309082
2 16.493803024291992 7.99550724029541 44.94321060180664 23.137954711914062 6 12.33821964263916 27.569419860839844 42.13933563232422 42.09969711303711
5 17.354331970214844 19.375247955322266 77.62120819091797 48.76332092285156 8 12.801694869995117 54.68348693847656 74.40864562988281 86.78150939941406
1 28.860721588134766 84.20378112792969 84.75889587402344 105.86467742919922
2 19.738393783569336 25.02644920349121 45.24350357055664 40.03345489501953 7 19.654605865478516 40.92998123168945 46.663692474365234 54.901546478271484
4 2.52380108833313 2.656935691833496 17.38870620727539 11.501880645751953
0 28.71368980407715 77.24103546142578 51.76633071899414 89.47496795654297 4 28.735355377197266 60.55617141723633 57.31279754638672 75.9605712890625
8 19.72096824645996 54.28519821166992 65.07514190673828 74.82762908935547 0 18.102455139160156 23.636211395263672 60.6367301940918 40.310585021972656 1 18.20807456970215 4.272575855255127 62.55331039428711 21.576894760131836
2 5.80869722366333 2.5450515747070312 24.151906967163086 14.68981647491455 9 4.877415180206299 12.528691291809082 23.567956924438477 23.322233200073242
3 45.16552734375 58.028472900390625 129.5198516845703 104.26873779296875 3 55.57047653198242 24.149341583251953 118.11808776855469 59.63430404663086
6 14.947937965393066 16.573589324951172 104.39507293701172 90.36299896240234 4 79.45255279541016 147.82858276367188 159.55535888671875 178.59715270996094
6 3.5736145973205566 6.037593364715576 19.262632369995117 18.51015281677246
4 73.58683013916016 81.20455932617188 94.9922103881836 91.82188415527344 3 29.86934471130371 92.79235076904297 64.25416564941406 107.6120376586914
4 6.655954837799072 5.341533660888672 32.22627258300781 20.38905906677246
2 3.4866130352020264 2.255873441696167 27.920717239379883 17.293777465820312 1 3.6362099647521973 16.770416259765625 30.50872802734375 28.65621566772461
2 8.619470596313477 1.7640641927719116 42.24274826049805 16.750499725341797 2 8.339319229125977 17.916399002075195 42.245689392089844 30.686073303222656
2 24.581876754760742 31.43112564086914 51.90192794799805 43.386558532714844 4 25.984407424926758 12.994829177856445 54.900203704833984 27.941574096679688
3 10.225641250610352 10.862505912780762 41.30636215209961 27.944469451904297 0 9.484426498413086 28.1523494720459 42.22972869873047 42.15454864501953

1 35.45840072631836 16.085554122924805 62.260833740234375 27.725191116333008 0 37.02473449707031 30.00373649597168 64.72570037841797 42.72084426879883 1 34.66999435424805 6.438453674316406 64.87399291992188 20.18528938293457
9 48.98028564453125 27.788959503173828 84.00556182861328 45.59996032714844 5 49.71607971191406 15.371023178100586 78.22815704345703 31.414907455444336
3 6.499122619628906 17.90117645263672 32.73735046386719 34.221675872802734
2 72.17913818359375 73.89537811279297 106.20781707763672 94.85972595214844 2 80.0012435913086 60.08430862426758 115.15938568115234 79.98980712890625
4 23.161060333251953 18.57332992553711 53.62788772583008 31.984813690185547 1 22.318363189697266 3.783799648284912 54.67898178100586 18.73674964904785 4 25.78081703186035 33.26104736328125 56.180240631103516 48.32160186767578 4 23.358539581298828 25.320281982421875 50.042625427246094 34.65827178955078
3 9.696300506591797 29.68743896484375 32.53086853027344 40.82766342163086 5 9.858973503112793 20.49300765991211 31.02985954284668 33.42744827270508 5 9.234418869018555 14.409628868103027 31.91059684753418 29.56858253479004
3 33.804283142089844 37.89287567138672 59.69266128540039 51.43375778198242 3 32.85696029663086 23.40176773071289 65.10964965820312 40.79417419433594
7 60.820499420166016 58.702701568603516 99.4512710571289 83.90044403076172
4 17.89362144470215 17.03538703918457 67.9781265258789 47.2901725769043
7 22.511327743530273 69.52137756347656 78.36119079589844 101.38519287109375 1 34.92414093017578 24.68607521057129 86.07779693603516 51.16021728515625 7 27.90519142150879 31.243221282958984 83.90300750732422 58.96730422973633 7 32.57789993286133 58.898616790771484 84.97244262695312 84.62641143798828
2 46.11683654785156 60.15971374511719 80.85431671142578 79.87828826904297 6 46.8026123046875 89.11333465576172 82.28507232666016 107.20654296875 2 34.4039192199707 62.38024139404297 81.01616668701172 89.72618865966797
2 15.06165599822998 44.156837463378906 49.13801193237305 71.89937591552734
4 44.086429595947266 52.06517791748047 104.69905090332031 78.10891723632812
6 9.571733474731445 22.882919311523438 44.9398078918457 44.87872314453125
3 30.280162811279297 46.7442626953125 70.69316864013672 71.52867126464844 3 30.16356658935547 63.743438720703125 65.04949188232422 82.14196014404297
3 31.51377296447754 36.99323654174805 108.30084991455078 80.69742584228516 5 20.672794342041016 86.6683349609375 104.39659881591797 129.873779296875 5 20.456579208374023 27.824268341064453 117.00562286376953 78.17671203613281
0 89.47868347167969 41.18947982788086 140.92796325683594 76.16724395751953 1 95.65850067138672 44.017608642578125 126.36166381835938 66.53953552246094 0 92.48603057861328 66.69041442871094 128.15228271484375 88.81172943115234
1 25.92778968811035 32.402015686035156 63.53630828857422 49.333656311035156 1 49.205326080322266 53.745399475097656 79.2698745727539 73.32884979248047

2 2.0290045738220215 2.2475616931915283 27.601762771606445 17.645069122314453 2 2.9377050399780273 16.86515235900879 27.250930786132812 29.597719192504883

5 28.755268096923828 0.9121556282043457 59.63471603393555 17.980985641479492 9 31.608734130859375 20.230159759521484 62.29175567626953 38.820465087890625
1 100.85082244873047 58.9937629699707 132.50184631347656 84.12793731689453 6 41.89664840698242 31.383102416992188 90.1307373046875 60.52632522583008 7 77.83330535888672 32.450172424316406 124.85939025878906 58.993125915527344
1 18.410097122192383 26.316028594970703 56.42416763305664 45.844791412353516
8 9.309630393981934 10.483654022216797 35.394012451171875 24.816781997680664 6 8.182061195373535 28.706157684326172 34.20777130126953 44.13753128051758
0 10.75629711151123 36.51607894897461 43.494384765625 53.3198127746582 9 10.761370658874512 19.85787582397461 41.356964111328125 36.42862319946289 9 10.730146408081055 4.508767127990723 41.50065994262695 20.017051696777344 8 8.303308486938477 1.887445330619812 39.94544982910156 18.914451599121094
3 13.226283073425293 11.916050910949707 42.59748840332031 27.083106994628906
8 14.770769119262695 23.815786361694336 44.102996826171875 43.493804931640625
2 25.44236183166504 49.851646423339844 48.200408935546875 60.42835998535156
1 25.25311851501465 9.947543144226074 46.03765869140625 22.78940773010254 1 17.49654197692871 23.229209899902344 41.724769592285156 39.08921813964844
2 8.813695907592773 23.024492263793945 40.87607955932617 40.01787185668945 6 10.046581268310547 -0.4094160199165344 42.512020111083984 22.52786636352539
5 5.147906303405762 -0.2843513786792755 34.57465362548828 13.919151306152344
7 10.367554664611816 12.593945503234863 44.130775451660156 33.98826217651367
6 18.693740844726562 24.109542846679688 45.07078170776367 43.95556640625 6 13.673429489135742 3.9226715564727783 44.57329559326172 27.705738067626953 9 18.74444007873535 32.55044174194336 41.59967803955078 48.94641876220703
7 11.69800853729248 28.79036521911621 49.24555587768555 43.76597595214844 7 13.451327323913574 42.876651763916016 46.52858352661133 55.07924270629883
1 77.34378814697266 81.27057647705078 103.27626037597656 99.43350219726562
8 8.979399681091309 12.751372337341309 61.27968978881836 44.391273498535156 1 9.952605247497559 44.04393005371094 61.28197479248047 67.83549499511719
5 10.388084411621094 -0.6944763660430908 29.181480407714844 11.467560768127441
8 7.711129188537598 25.52362823486328 37.90895462036133 42.16798400878906 2 7.784559726715088 3.0891146659851074 38.83964157104492 22.915555953979492
7 15.402624130249023 16.48527717590332 41.90611267089844 29.009122848510742 7 19.276662826538086 22.41860008239746 36.7639045715332 32.71029281616211 7 11.798873901367188 10.920694351196289 36.607295989990234 22.77935791015625
5 29.76738739013672 37.407737731933594 86.3557357788086 63.84507369995117 1 27.213233947753906 63.567100524902344 83.10126495361328 85.50206756591797 2 44.10246658325195 28.60390281677246 93.6567153930664 57.355567932128906
2 18.123090744018555 2.6429646015167236 67.90401458740234 23.530649185180664
3 10.568434715270996 34.95307922363281 36.99081039428711 46.20164108276367 4 15.259647369384766 19.473493576049805 35.534732818603516 29.86975860595703

2 15.869524002075195 38.18561935424805 41.57670593261719 57.15803146362305 3 37.41543960571289 21.045024871826172 62.48336410522461 33.392574310302734
4 6.48324728012085 17.049121856689453 35.47753143310547 33.138675689697266
6 6.200067043304443 13.587614059448242 31.200464248657227 27.92989730834961
9 8.876569747924805 7.065104007720947 42.64986801147461 29.59684181213379 2 6.055514812469482 33.74321746826172 42.43959426879883 53.25077819824219
6 7.300200939178467 0.7617817521095276 31.273378372192383 15.72376537322998 9 7.853941917419434 16.07425880432129 31.973031997680664 31.06795310974121
2 12.402247428894043 19.53866958618164 55.4129524230957 40.76819610595703 3 12.062832832336426 38.287967681884766 56.2096061706543 53.32609558105469
2 11.98282241821289 2.0711934566497803 36.019657135009766 16.00706672668457 0 10.535001754760742 8.947754859924316 35.57046890258789 20.674312591552734
1 12.308826446533203 36.081443786621094 45.29282760620117 50.4578971862793 8 18.10516357421875 16.206218719482422 51.17722702026367 43.46833419799805

4 22.135799407958984 39.3054084777832 48.56586456298828 53.437320709228516
8 7.062333583831787 21.174842834472656 34.14304733276367 41.70223617553711 3 9.0081148147583 6.588442325592041 36.642948150634766 23.448970794677734
1 11.078703880310059 29.096757888793945 35.82455825805664 43.59127426147461 4 6.313198566436768 16.618288040161133 35.85637664794922 30.83519172668457 3 9.10694408416748 43.213478088378906 35.40358352661133 58.05073928833008
5 27.112022399902344 39.483219146728516 55.99979782104492 61.43845748901367
8 5.312683582305908 12.679634094238281 27.33300018310547 26.015113830566406
3 93.14151000976562 32.89231872558594 117.30352783203125 53.88776397705078 3 68.15564727783203 39.12091064453125 113.0394287109375 63.07060623168945 2 33.41463851928711 -1.6220124959945679 98.17585754394531 35.54978942871094
3 5.766925811767578 22.88018798828125 32.6219482421875 34.5500373840332 7 3.9008090496063232 0.7083156704902649 31.474767684936523 12.748241424560547
1 15.54375171661377 15.755922317504883 42.76382827758789 27.400402069091797
5 8.107865333557129 28.625003814697266 36.06038284301758 46.402366638183594 2 9.244477272033691 0.06188226118683815 36.94862365722656 15.0245943069458 3 8.42502498626709 14.710159301757812 37.523799896240234 28.9716739654541
1 11.945599555969238 25.86880111694336 56.586814880371094 42.25602340698242 7 10.515620231628418 39.38468551635742 56.74018096923828 61.747039794921875

2 6.283260345458984 12.950448036193848 31.301151275634766 28.96918296813965
8 20.916162490844727 18.609928131103516 56.15238952636719 33.9735221862793 0 19.833051681518555 31.351770401000977 56.811607360839844 54.12894821166992 1 20.43385887145996 5.785739898681641 58.034690856933594 26.057880401611328
3 21.5650691986084 97.24073791503906 83.2718734741211 119.02909851074219 6 20.041942596435547 62.592613220214844 83.42623138427734 92.0225830078125
3 73.08716583251953 90.32904052734375 117.83406829833984 113.34942626953125
5 11.554715156555176 21.31745719909668 57.252132415771484 39.07371139526367 7 9.320859909057617 39.77381134033203 52.560604095458984 61.67274475097656
2 4.903022766113281 10.708203315734863 24.33197784423828 21.79799461364746

3 16.355575561523438 14.7957124710083 53.996883392333984 31.411436080932617 7 14.470588684082031 33.186424255371094 53.12421798706055 51.949825286865234
2 7.45375919342041 9.275461196899414 29.56165885925293 24.049991607666016
1 9.075865745544434 11.250277519226074 38.120357513427734 21.373456954956055 1 16.280399322509766 15.480868339538574 41.507530212402344 25.73150062561035
5 9.621233940124512 25.91777801513672 37.721492767333984 42.23846435546875 1 19.398395538330078 1.7384519577026367 46.59201431274414 15.115221977233887 6 16.66281509399414 13.396869659423828 43.02616500854492 33.27819061279297 4 8.475041389465332 38.60206604003906 37.72731018066406 56.3978271484375
6 7.913110256195068 41.294124603271484 72.83357238769531 85.61456298828125
4 5.915293216705322 19.84707260131836 30.40336036682129 33.518192291259766
6 10.37710189819336 16.850439071655273 53.49162673950195 35.71538543701172 5 9.452503204345703 37.65544509887695 55.14504623413086 57.66021728515625 1 8.057064056396484 4.250771999359131 51.52210998535156 21.329317092895508
4 32.5851936340332 0.47956424951553345 55.64097213745117 13.539525985717773 4 33.00154495239258 12.478043556213379 55.33586120605469 27.2468204498291

4 22.815441131591797 54.61988067626953 51.16469955444336 73.25448608398438
4 19.579435348510742 19.78060531616211 47.67919921875 40.76054763793945 4 19.952144622802734 38.96849060058594 47.59623336791992 52.103233337402344
3 24.242244720458984 1.1644814014434814 58.397884368896484 19.576852798461914
9 6.605395317077637 24.21753692626953 31.669187545776367 37.71635818481445



7 13.715362548828125 35.828712463378906 72.3985366821289 70.80601501464844
3 48.648048400878906 17.566221237182617 105.56053924560547 39.07615661621094 3 28.388046264648438 22.395957946777344 95.65526580810547 47.42760467529297
8 7.331017971038818 42.81480026245117 44.319217681884766 65.2625732421875 1 27.233592987060547 8.638261795043945 63.13419723510742 24.293960571289062 1 29.188222885131836 2.1693575382232666 65.94310760498047 18.635984420776367
1 8.763763427734375 18.57509422302246 54.32918930053711 36.4224967956543 4 10.866501808166504 34.94115447998047 49.22262954711914 57.81498718261719
9 18.54265785217285 19.616897583007812 56.00715255737305 41.59927749633789 3 23.681007385253906 28.479494094848633 47.17800521850586 43.89771270751953
2 5.468667984008789 13.537043571472168 27.45444107055664 25.856107711791992 5 5.489099025726318 2.9245083332061768 27.081947326660156 15.246493339538574
1 37.09070587158203 67.98502349853516 83.73258209228516 85.58406829833984 1 33.059898376464844 48.79138946533203 80.24436950683594 64.88961029052734 5 31.394887924194336 88.33313751220703 80.46766662597656 107.21732330322266 3 38.40357208251953 86.65721130371094 81.12796783447266 110.36962890625
2 4.479701519012451 4.397822380065918 25.371564865112305 20.47439193725586
2 11.916169166564941 34.135093688964844 42.67489242553711 48.06632614135742
8 4.338617324829102 2.7664952278137207 26.478111267089844 14.101204872131348 0 4.959053993225098 13.269596099853516 27.515287399291992 24.84929084777832 6 4.573607444763184 0.3172081708908081 26.804903030395508 12.034463882446289
1 28.767789840698242 7.403118133544922 81.86690521240234 30.581186294555664 7 36.25932312011719 66.2143325805664 86.88370513916016 95.49381256103516 5 30.474985122680664 21.38268280029297 80.82098388671875 51.2584342956543 4 35.68531036376953 52.98161697387695 86.07634735107422 79.7217788696289
5 14.410832405090332 33.70834732055664 46.211769104003906 50.222957611083984
4 22.284013748168945 23.690107345581055 56.37731170654297 43.351707458496094 1 19.953502655029297 4.18400239944458 55.01066970825195 21.730928421020508
1 41.116905212402344 17.871135711669922 75.54142761230469 39.56240463256836 8 16.317672729492188 45.35511779785156 52.75010681152344 70.38896179199219
2 48.69719314575195 40.093177795410156 81.15931701660156 57.99688720703125 4 44.2032356262207 51.42132568359375 78.9828872680664 66.47046661376953 6 44.86423110961914 37.057708740234375 77.33586883544922 55.73573684692383
3 59.79678726196289 153.66917419433594 122.12806701660156 177.6615753173828 1 59.38947677612305 190.81362915039062 125.63607025146484 230.5678253173828 3 144.36585998535156 118.61542510986328 189.5047607421875 165.75657653808594
3 28.598569869995117 51.065696716308594 67.11193084716797 68.53998565673828 3 37.81382369995117 47.49353790283203 65.14631652832031 63.370296478271484 1 35.80348205566406 39.21852111816406 89.93240356445312 70.87570190429688
7 18.69063949584961 27.50826072692871 44.0742073059082 38.74171447753906 7 13.04276180267334 29.834463119506836 43.420108795166016 44.35182571411133 3 12.810076713562012 16.97524070739746 44.35905456542969 32.3197021484375 5 16.700849533081055 16.653263092041016 42.40139389038086 32.35468673706055
6 6.052464485168457 23.87318229675293 35.118499755859375 39.639217376708984 4 7.250290393829346 8.70508861541748 34.773765563964844 22.638633728027344
9 7.528072834014893 4.246408462524414 33.4561653137207 20.04960823059082
2 29.90299415588379 93.73028564453125 72.70584869384766 123.51932525634766
8 10.982647895812988 32.16484451293945 41.056453704833984 50.458492279052734 7 21.82892417907715 5.009028911590576 52.512630462646484 24.06675148010254
5 7.052079200744629 15.379617691040039 31.172405242919922 33.19384765625 9 8.143880844116211 0.4880358576774597 32.421138763427734 14.638158798217773
9 15.526751518249512 31.30669403076172 41.65657043457031 42.55949020385742 6 16.831405639648438 33.52434539794922 41.47652053833008 47.2965087890625
2 5.546891689300537 7.313342571258545 28.681072235107422 20.272214889526367 2 5.846960544586182 20.616992950439453 29.548540115356445 33.25193786621094
4 9.404275894165039 27.409128189086914 42.114383697509766 46.78574752807617
8 6.286055564880371 12.815814971923828 27.816110610961914 28.91836929321289 7 6.490325450897217 0.4133394658565521 29.845212936401367 13.15993595123291 7 6.501002311706543 6.687166213989258 27.999004364013672 19.218570709228516
8 40.31553649902344 49.56854248046875 71.55050659179688 64.29631042480469 7 22.9361515045166 48.92299270629883 59.207237243652344 63.712913513183594 2 43.025634765625 58.34414291381836 69.73712158203125 68.42644500732422 1 48.00358200073242 67.75163269042969 70.88562774658203 76.55174255371094 0 41.1567497253418 68.81394958496094 71.21318817138672 80.65039825439453
3 16.270851135253906 8.221063613891602 35.12224578857422 21.571453094482422
0 14.017349243164062 33.21896743774414 36.50590515136719 44.1042366027832 6 13.990737915039062 21.15260124206543 36.94392013549805 34.83245086669922
1 9.79410171508789 0.8528363108634949 50.52328872680664 15.525907516479492 1 8.798446655273438 15.354918479919434 46.45570755004883 29.33498764038086
7 73.97930145263672 80.68450927734375 117.6415023803711 101.26087951660156 3 49.86024475097656 83.13378143310547 94.39323425292969 103.71192932128906
4 7.935987949371338 9.356050491333008 33.33776092529297 22.90970802307129
3 38.437957763671875 26.627601623535156 91.33104705810547 46.900936126708984 1 117.97389221191406 39.5795783996582 151.46682739257812 60.737464904785156 4 52.1374397277832 47.63938522338867 90.96732330322266 71.37540435791016
8 33.92354202270508 141.22470092773438 83.5877685546875 163.85403442382812 1 92.6501693725586 104.60076141357422 126.30826568603516 123.94292449951172 8 85.85029602050781 128.29380798339844 119.19409942626953 149.58102416992188
3 25.083372116088867 19.808757781982422 93.42889404296875 70.1235122680664
5 21.12935447692871 39.01591873168945 48.29955291748047 53.90700149536133
6 43.10072708129883 31.049461364746094 71.74414825439453 46.015106201171875
4 11.058931350708008 16.101377487182617 48.17627716064453 35.5863151550293 4 9.410663604736328 28.12195587158203 50.192317962646484 50.65922927856445 2 8.443414688110352 1.0937553644180298 48.046512603759766 17.861234664916992
7 6.085168838500977 12.379526138305664 38.34290313720703 30.762407302856445
1 105.24185180664062 126.58100128173828 189.6425323486328 161.47601318359375 5 57.56683349609375 145.53968811035156 110.74852752685547 186.4362335205078 6 26.085533142089844 160.44837951660156 72.59672546386719 178.82032775878906
1 65.84513854980469 41.09553146362305 130.05458068847656 80.40249633789062 5 38.357933044433594 89.79853820800781 91.396728515625 125.16349029541016 7 53.414249420166016 65.28807830810547 108.3457260131836 94.657470703125
5 4.8934712409973145 15.089388847351074 36.76316452026367 37.32896041870117
7 33.23698806762695 41.956180572509766 62.356876373291016 56.820560455322266
0 11.805927276611328 37.85523223876953 36.63982009887695 50.91397476196289 2 11.856653213500977 16.75962257385254 35.46378707885742 30.28035545349121 4 11.718462944030762 26.55419921875 35.026241302490234 39.47924041748047
5 29.64957046508789 22.12238311767578 66.21294403076172 45.45687484741211 2 15.932662010192871 56.01950454711914 47.696537017822266 71.92000579833984
8 25.235013961791992 50.557254791259766 53.866737365722656 63.59142303466797 1 10.511075019836426 20.299314498901367 41.12751007080078 35.752540588378906
6 7.486854553222656 18.625568389892578 31.959218978881836 32.41702651977539 5 8.181845664978027 5.0440802574157715 31.105968475341797 18.42369842529297 2 9.772531509399414 5.599377632141113 31.002832412719727 18.382152557373047
2 51.003841400146484 60.9737548828125 94.96074676513672 84.1767807006836
3 76.1438217163086 24.341766357421875 110.20093536376953 42.90579605102539 8 70.98271942138672 108.35779571533203 107.10547637939453 128.13729858398438
5 7.151259422302246 12.622533798217773 43.032779693603516 29.667325973510742 1 6.867105960845947 1.0449881553649902 43.18693161010742 14.037689208984375
2 4.753509521484375 3.5085418224334717 25.347551345825195 15.593218803405762
1 10.947608947753906 3.514030933380127 51.45075607299805 21.001144409179688 5 31.136211395263672 50.430973052978516 67.70642852783203 70.87848663330078
2 110.92211151123047 88.87846374511719 144.11805725097656 107.75041961669922 2 80.61732482910156 90.725341796875 136.03460693359375 135.06478881835938
1 8.496986389160156 19.792240142822266 43.05701446533203 37.898990631103516
5 65.2524185180664 50.60707473754883 103.47097778320312 69.53028869628906
5 23.597272872924805 62.900089263916016 76.78128051757812 95.64059448242188 5 35.72782516479492 16.72869110107422 91.38233947753906 44.80698776245117
5 11.643628120422363 26.835729598999023 43.74448776245117 47.71525955200195 2 8.633964538574219 6.2181549072265625 44.191993713378906 27.26525115966797
5 49.51570129394531 28.982891082763672 90.13481140136719 48.77750778198242 8 48.527618408203125 58.05458450317383 88.30706787109375 76.86284637451172
4 41.28127670288086 110.13943481445312 105.33068084716797 152.2808074951172
3 7.499350070953369 21.92315673828125 30.733375549316406 38.278778076171875
4 45.13689422607422 49.305946350097656 78.70587921142578 65.73960876464844
3 1.6673437356948853 20.324525833129883 28.01881980895996 37.37126922607422 2 4.311836242675781 5.466447353363037 32.3515510559082 21.78986930847168
6 8.94351577758789 29.558218002319336 36.9427490234375 43.663761138916016 1 8.015393257141113 9.511070251464844 35.591949462890625 23.47101402282715
5 16.968698501586914 61.00877380371094 51.63538360595703 76.11380767822266 3 16.267385482788086 41.8568000793457 51.983970642089844 58.333255767822266
5 5.5005903244018555 3.332956552505493 27.648557662963867 21.410329818725586
0 26.50188446044922 20.274642944335938 64.59779357910156 37.2573127746582 1 25.18546485900879 3.5399537086486816 61.43901443481445 17.391366958618164 6 27.57611083984375 55.230201721191406 64.09113311767578 80.59984588623047 6 23.790142059326172 44.601593017578125 64.31800842285156 66.8083267211914
1 2.848667860031128 3.1061320304870605 24.45122528076172 14.163899421691895 0 3.213977336883545 15.205660820007324 26.3691463470459 29.123760223388672

9 13.52724838256836 21.805904388427734 32.516239166259766 32.24464797973633 7 10.574699401855469 22.059858322143555 31.234243392944336 32.735496520996094
2 14.128450393676758 49.676517486572266 49.28553771972656 67.2101058959961 2 12.267000198364258 38.04340362548828 45.06820297241211 56.330684661865234
7 17.09134864807129 31.335407257080078 39.446502685546875 45.79316711425781
1 94.9489974975586 5.369032382965088 140.0449676513672 30.21110725402832
4 3.7498888969421387 8.491962432861328 25.437877655029297 21.486783981323242
4 7.02131986618042 8.256343841552734 33.933021545410156 24.28466796875 4 5.523155212402344 23.746068954467773 31.518638610839844 37.46842956542969
1 51.37023162841797 36.42823791503906 87.9849853515625 52.50457763671875 0 66.1860122680664 50.52242660522461 91.68927764892578 66.35409545898438 5 51.82793045043945 65.29739379882812 87.69869995117188 82.95683288574219
1 37.746192932128906 25.82081413269043 60.54656219482422 36.68820571899414 5 30.655427932739258 33.37903594970703 58.2889404296875 41.586952209472656
4 5.502903938293457 20.889692306518555 32.15536880493164 36.89253234863281 8 5.30324125289917 2.149951934814453 33.04698944091797 19.589296340942383
2 6.178744316101074 14.967595100402832 44.8159294128418 36.69461441040039
4 12.568896293640137 13.72329330444336 43.96183395385742 32.271583557128906 4 19.456539154052734 35.63426208496094 50.696990966796875 50.08945083618164

6 5.200927257537842 3.564758777618408 26.563291549682617 16.421146392822266 0 5.297293663024902 16.24686050415039 26.06673812866211 28.906877517700195
9 8.396638870239258 25.555160522460938 37.05868911743164 42.77867126464844

1 83.13707733154297 42.16853332519531 148.94418334960938 77.1321792602539 7 34.34727478027344 91.54656219482422 98.04898071289062 135.6909942626953
0 68.34573364257812 146.46902465820312 101.31609344482422 161.3134002685547 6 48.942840576171875 127.34907531738281 95.32601165771484 143.4499053955078 7 18.0811767578125 104.06710815429688 68.33472442626953 122.29023742675781
2 11.572232246398926 1.3187211751937866 35.023521423339844 15.154739379882812 4 12.306665420532227 13.68625259399414 35.026859283447266 27.112367630004883 5 14.60897159576416 24.103694915771484 37.42959976196289 40.122005462646484 3 13.9862060546875 26.030792236328125 37.55253219604492 40.74997329711914
1 25.154664993286133 48.91822052001953 75.98836517333984 76.29607391357422
3 8.397310256958008 16.716894149780273 27.058837890625 28.804128646850586 4 8.886768341064453 13.451567649841309 27.239147186279297 25.454544067382812
8 6.808444499969482 20.9044246673584 34.11572265625 37.589317321777344 8 7.620386600494385 3.2062387466430664 35.45847702026367 20.83295249938965
8 4.64193868637085 17.076868057250977 32.87401580810547 30.9383544921875
8 16.06694793701172 43.202213287353516 62.911216735839844 76.24164581298828

8 8.121020317077637 7.402063369750977 36.72211837768555 22.1561222076416 3 8.072941780090332 21.222869873046875 35.09709930419922 37.155174255371094
1 56.543670654296875 71.28394317626953 116.7510986328125 93.7314682006836 7 55.6016960144043 98.3717269897461 120.47441101074219 122.00514221191406
9 7.061508655548096 12.509699821472168 34.7556037902832 27.26535987854004 5 8.980264663696289 22.361841201782227 38.17210006713867 39.98284912109375
6 26.920923233032227 58.22946548461914 58.28736877441406 73.91664123535156 9 25.238880157470703 37.06173324584961 57.07591247558594 51.68718719482422
1 14.26046085357666 21.73663330078125 64.95469665527344 44.41532516479492 7 12.601426124572754 45.580108642578125 64.58891296386719 61.90843200683594

8 12.943594932556152 17.703882217407227 47.99488067626953 35.198387145996094 3 17.069580078125 1.872056245803833 49.786712646484375 15.747323989868164
1 60.297019958496094 96.0486831665039 115.6604995727539 118.53943634033203
2 77.84317016601562 89.4984130859375 139.43690490722656 118.20966339111328 3 65.01123046875 46.74643325805664 139.19273376464844 93.70729064941406
1 13.154402732849121 3.8167483806610107 51.575374603271484 20.94743537902832 5 16.43570899963379 19.553882598876953 52.48586654663086 40.52906799316406
0 10.719844818115234 35.29281997680664 54.135902404785156 58.87006378173828 1 15.804726600646973 13.72869873046875 53.88987350463867 30.30752944946289 4 12.069564819335938 15.85929012298584 54.64396667480469 38.36610794067383
9 22.107341766357422 1.5633057355880737 49.10245132446289 12.847058296203613
5 35.500762939453125 48.66073226928711 69.8422622680664 61.50511169433594 0 36.225982666015625 31.665864944458008 68.8841552734375 47.29253387451172 2 40.14522171020508 26.865615844726562 69.47673034667969 40.34462356567383
2 6.386370658874512 0.2460247278213501 25.430767059326172 11.861720085144043 3 5.3431010246276855 13.704071998596191 26.765546798706055 29.381561279296875 2 8.618318557739258 5.658482551574707 27.067893981933594 17.186023712158203
3 37.629329681396484 61.29928970336914 80.10616302490234 80.27178955078125
0 23.72989273071289 25.778303146362305 59.35042190551758 41.80955123901367 2 21.50609016418457 1.6916576623916626 54.20396041870117 16.002811431884766
4 10.528218269348145 24.880481719970703 35.34461212158203 35.133445739746094 9 10.252309799194336 36.46479415893555 38.05257797241211 47.59000778198242 0 8.912506103515625 35.26958465576172 38.6389045715332 47.346405029296875

3 19.271923065185547 85.29969787597656 148.74290466308594 156.7373504638672 3 5.067743301391602 21.08144187927246 146.33607482910156 81.81537628173828
6 10.569585800170898 1.3771377801895142 34.452457427978516 16.837242126464844 4 9.176138877868652 5.321783542633057 34.57937240600586 20.669118881225586 9 13.446675300598145 2.3254289627075195 38.02476501464844 17.52770233154297
0 7.759471416473389 25.356826782226562 42.45761489868164 42.24724578857422 2 7.819746017456055 5.4838104248046875 41.124900817871094 24.314895629882812
4 18.82622528076172 7.014641761779785 42.71116256713867 27.486881256103516
3 8.72579574584961 26.178998947143555 37.58684158325195 43.977291107177734 2 7.460111618041992 6.433532238006592 37.20379638671875 24.412616729736328
4 21.65622901916504 20.618061065673828 45.72458267211914 33.542057037353516 2 21.255096435546875 36.03001403808594 49.88602066040039 48.8055419921875

9 83.91646575927734 60.3761100769043 122.26832580566406 76.56304931640625 2 98.236083984375 26.450040817260742 123.1324462890625 45.27341842651367 6 95.82783508300781 39.434974670410156 119.93238067626953 58.3814811706543
7 7.329420566558838 17.883455276489258 34.71366500854492 34.68019485473633 5 6.259442329406738 1.6581439971923828 34.001617431640625 19.19952392578125
5 12.357893943786621 54.09551239013672 43.75029754638672 72.16578674316406 2 9.610374450683594 43.7741813659668 43.86677932739258 57.3828010559082
4 16.81332015991211 2.5251739025115967 45.97818374633789 20.395275115966797
1 80.61397552490234 13.417898178100586 109.84069061279297 34.87517547607422 1 24.438100814819336 2.6313068866729736 78.95121002197266 23.09027099609375
2 21.166566848754883 10.811356544494629 65.25450897216797 36.27333068847656 7 13.19446086883545 52.42483139038086 62.51102066040039 79.39576721191406
0 7.268599510192871 32.99939727783203 31.937532424926758 41.501216888427734 2 10.12845230102539 20.215810775756836 31.476200103759766 30.56757354736328
5 21.005863189697266 26.446866989135742 46.18223190307617 41.59923553466797
7 17.883747100830078 24.056840896606445 95.14291381835938 74.53404235839844
9 18.85358428955078 51.13925552368164 59.99167251586914 70.14705657958984 1 23.87983512878418 30.43255615234375 60.1729736328125 50.3067741394043
2 66.62728118896484 83.64948272705078 89.05919647216797 96.8475112915039
9 25.179025650024414 14.93343448638916 67.68416595458984 39.997615814208984
2 22.41716766357422 22.373470306396484 51.62348556518555 40.13547134399414 3 22.325271606445312 39.22261047363281 49.026275634765625 52.34889221191406 2 26.306222915649414 27.68266487121582 49.148460388183594 38.27672576904297
2 2.0117993354797363 9.457056999206543 21.698326110839844 23.170917510986328
4 20.764814376831055 18.174522399902344 50.40950012207031 31.828018188476562 5 22.19975471496582 2.754249095916748 51.40956497192383 20.171533584594727
8 97.40693664550781 122.21595764160156 154.18435668945312 153.17355346679688 8 79.29634857177734 97.59104919433594 149.86947631835938 135.40911865234375
9 66.52000427246094 29.280004501342773 91.14665985107422 44.31911087036133
0 24.96961212158203 22.486787796020508 61.59459686279297 43.34375 2 34.02067565917969 40.31007766723633 64.29082489013672 57.13795471191406 9 31.799575805664062 29.404956817626953 75.6825942993164 45.61540985107422
9 7.6381635665893555 8.44865894317627 33.30997848510742 23.60294532775879 6 6.303134441375732 23.650741577148438 32.98518371582031 40.4439697265625
1 7.5974249839782715 10.611703872680664 32.38911437988281 22.35011100769043 7 9.116658210754395 20.772958755493164 33.78245162963867 37.130252838134766
0 12.347286224365234 30.774368286132812 33.18009567260742 41.20111846923828
3 15.806568145751953 38.61016845703125 44.331607818603516 53.05937194824219 4 6.039458274841309 16.144426345825195 36.51617431640625 31.358001708984375 4 8.60135555267334 26.152217864990234 39.22933578491211 40.726219177246094
6 10.861710548400879 38.31413650512695 48.009342193603516 60.863006591796875 2 13.28637981414795 1.411240577697754 52.95897674560547 25.940298080444336 4 12.099455833435059 20.626846313476562 50.81333923339844 42.58832550048828 4 17.064369201660156 12.505721092224121 53.67864990234375 34.21601867675781
9 5.592311382293701 20.58949851989746 33.67982482910156 37.863426208496094
7 5.4181952476501465 9.491262435913086 17.622386932373047 17.498292922973633
6 13.937637329101562 28.89040184020996 51.98307800292969 46.52427291870117 3 12.120444297790527 19.053083419799805 45.97325134277344 36.130008697509766 0 23.4722957611084 32.14243698120117 52.346920013427734 45.0377197265625
3 53.53501510620117 13.426041603088379 89.9525146484375 32.76883316040039
2 10.37316608428955 18.681182861328125 34.984371185302734 34.111690521240234
2 12.941843032836914 36.23664855957031 37.51013946533203 52.957130432128906
9 18.16762351989746 39.253658294677734 67.83212280273438 63.194881439208984
2 8.59684944152832 25.814006805419922 40.219974517822266 45.841915130615234 7 7.018455505371094 1.5627728700637817 38.571624755859375 19.637903213500977
0 88.49116516113281 16.359769821166992 114.93659210205078 30.102760314941406
3 22.199142456054688 45.686729431152344 49.141082763671875 60.60438919067383

4 5.952839374542236 10.128819465637207 31.535001754760742 26.375450134277344 7 7.763324737548828 23.560211181640625 31.13794708251953 36.0061149597168

5 13.253387451171875 4.73814058303833 36.66075134277344 16.85961151123047 3 8.978306770324707 18.531105041503906 32.08494186401367 32.780208587646484
3 18.316205978393555 -0.5005806684494019 50.06306457519531 19.1727294921875
7 8.714507102966309 17.683147430419922 35.65933609008789 32.443389892578125 3 8.900507926940918 1.0789753198623657 36.5853385925293 15.600540161132812
7 10.234882354736328 20.65528106689453 36.781951904296875 42.12727737426758 7 13.954496383666992 37.369140625 43.806331634521484 51.69234085083008
2 6.715385913848877 3.5576772689819336 25.552152633666992 20.883928298950195 8 12.23806095123291 17.507600784301758 30.676591873168945 31.5037784576416
4 52.47730255126953 39.89656066894531 99.44486999511719 67.16468811035156
4 6.7257280349731445 14.559917449951172 25.358051300048828 27.140689849853516
6 9.59958553314209 8.288200378417969 38.74366760253906 23.057588577270508 9 14.059893608093262 22.898656845092773 43.673553466796875 37.20066833496094
1 11.20745849609375 1.3287650346755981 41.728599548339844 14.423210144042969 0 11.136590957641602 13.69968032836914 42.16598129272461 28.027606964111328 0 9.789301872253418 29.435543060302734 42.046607971191406 46.15653610229492
0 6.32357931137085 33.73595428466797 32.67677688598633 45.843807220458984 1 7.512291431427002 5.016467094421387 40.10246276855469 18.301706314086914
5 31.45675277709961 57.622955322265625 57.57615661621094 70.46784210205078
2 36.98427963256836 19.47068977355957 67.47840881347656 37.584529876708984 1 31.12177085876465 109.35248565673828 68.83457946777344 133.1680908203125 2 31.925094604492188 3.977224826812744 77.36661529541016 30.399126052856445
1 17.856704711914062 19.92259407043457 47.37004852294922 39.44838333129883 7 20.17684555053711 20.4256591796875 50.12961196899414 36.786563873291016

2 21.752534866333008 43.749305725097656 57.47809982299805 68.61510467529297 2 14.97964859008789 65.08773040771484 48.18000411987305 83.27763366699219
5 10.287723541259766 44.082672119140625 49.09754180908203 63.240013122558594 1 10.130135536193848 19.030183792114258 49.91072082519531 35.148406982421875 1 12.593960762023926 35.55214309692383 48.61602020263672 51.42715072631836
3 4.604334831237793 4.4427971839904785 28.96235466003418 21.423866271972656
1 4.155323505401611 22.19100570678711 38.1240119934082 37.801246643066406 2 3.42500638961792 32.30604934692383 36.1210823059082 46.084266662597656
9 5.027381896972656 12.303176879882812 24.063682556152344 26.165170669555664 6 5.128379821777344 9.587502479553223 24.565034866333008 26.570659637451172
2 5.525394439697266 9.018835067749023 41.04633331298828 26.57772445678711 8 6.340480327606201 28.466442108154297 41.15354537963867 45.336578369140625
0 14.18498706817627 11.593009948730469 36.086063385009766 25.20467185974121 4 10.125837326049805 9.105323791503906 35.86830520629883 24.619522094726562


3 5.445858955383301 5.795826435089111 33.42661666870117 26.7943172454834
6 18.082542419433594 41.54231262207031 39.761653900146484 51.98358154296875
2 7.79844856262207 8.775691986083984 40.52351760864258 29.642967224121094 3 7.050177574157715 30.804790496826172 40.7592887878418 48.84511947631836
7 17.039541244506836 14.526517868041992 52.92361068725586 34.877071380615234
7 13.640493392944336 20.56207275390625 36.78995132446289 35.67862319946289
5 91.35649871826172 86.62344360351562 141.9681854248047 106.51740264892578 7 92.34979248046875 122.22797393798828 154.59622192382812 142.29051208496094
1 17.483308792114258 5.922054767608643 97.54158782958984 36.797279357910156 1 16.399076461791992 32.32217788696289 99.0340347290039 82.14257049560547
1 23.08367347717285 27.638996124267578 79.05650329589844 50.26338195800781 6 50.063499450683594 92.22599792480469 100.61287689208984 115.19929504394531
6 15.659810066223145 57.73408889770508 88.58467864990234 91.21127319335938 4 13.727235794067383 20.502315521240234 93.65518188476562 57.528953552246094
0 8.628900527954102 23.204648971557617 38.840091705322266 37.38389587402344
0 14.119217872619629 53.47642135620117 75.69618225097656 83.04021453857422 1 13.80176830291748 3.1685562133789062 76.70816802978516 26.787641525268555
5 30.989992141723633 104.8006362915039 203.4832305908203 169.9672088623047
2 5.9489569664001465 18.264535903930664 34.11530685424805 34.850189208984375 2 3.633223056793213 0.18687091767787933 32.181983947753906 17.618328094482422
7 7.692543983459473 41.568546295166016 30.64148712158203 51.332828521728516 1 7.562310695648193 30.512649536132812 32.01066207885742 38.97716522216797
2 23.09980583190918 24.43065071105957 78.00467681884766 50.41340637207031 7 19.771596908569336 88.08711242675781 78.94078826904297 120.48312377929688 6 24.38918685913086 64.80318450927734 77.09396362304688 87.26365661621094
8 10.677081108093262 17.51453399658203 38.70660400390625 35.72840118408203 8 13.675649642944336 31.158294677734375 44.19102096557617 47.04098892211914
9 21.189441680908203 81.84521484375 93.84711456298828 111.86226654052734
9 27.971050262451172 12.411822319030762 70.19915771484375 32.930206298828125 1 25.53561019897461 33.32719802856445 60.95056915283203 48.52446746826172 7 25.956445693969727 39.7450065612793 66.00582885742188 57.46666717529297
3 11.189451217651367 48.22254943847656 35.63209915161133 60.49723434448242
7 44.5822639465332 6.481762409210205 109.72235107421875 36.737693786621094 6 31.26439666748047 14.967667579650879 71.23121643066406 40.52779006958008
4 10.814797401428223 39.497745513916016 51.75969696044922 54.69333267211914 5 12.162416458129883 17.151044845581055 57.5733757019043 37.68231964111328 5 18.26918601989746 52.986602783203125 56.30900192260742 67.93685913085938 3 18.345279693603516 18.83578109741211 54.651092529296875 37.76101303100586
1 7.549378871917725 32.177162170410156 42.193931579589844 53.58293533325195
2 73.73072814941406 129.16880798339844 177.78634643554688 157.9846649169922
0 129.52589416503906 174.987060546875 185.06488037109375 204.8779754638672 6 99.13861846923828 157.4185333251953 187.27561950683594 180.71974182128906
4 15.752556800842285 34.15801239013672 55.17820739746094 57.26129150390625
1 39.154510498046875 35.2674446105957 101.08758544921875 63.46647262573242
9 30.248048782348633 53.94010925292969 78.47593688964844 82.38724517822266
2 32.59849548339844 61.943092346191406 56.732879638671875 75.68021392822266 2 23.646400451660156 50.46123123168945 59.397464752197266 66.335205078125 4 19.291481018066406 68.11573791503906 59.357975006103516 84.60364532470703

3 181.61630249023438 115.72943115234375 245.23521423339844 151.15676879882812 6 156.39358520507812 110.47027587890625 227.87957763671875 151.04684448242188 6 70.77332305908203 105.32565307617188 176.6492156982422 151.7095947265625
3 8.678894996643066 9.334856033325195 33.04619598388672 22.68851089477539 9 8.742411613464355 21.913537979125977 31.32046127319336 36.36325454711914

3 107.48711395263672 40.66046905517578 148.1074981689453 64.71315002441406 8 87.43236541748047 135.08132934570312 124.72274017333984 153.43740844726562 1 89.10611724853516 64.93746185302734 127.051513671875 88.92816925048828
9 8.981101036071777 14.357680320739746 41.790531158447266 30.538188934326172 1 9.000853538513184 0.8092862367630005 41.40815353393555 11.809354782104492 0 13.11857795715332 33.614959716796875 43.047828674316406 49.12528610229492
2 7.891834735870361 4.333497047424316 25.528390884399414 16.576702117919922 0 5.174633979797363 17.114526748657227 25.981645584106445 29.759841918945312
3 34.33750915527344 7.761074066162109 55.35490036010742 21.034515380859375
1 12.806666374206543 6.820903778076172 37.94060516357422 16.846343994140625 6 9.69705867767334 18.685855865478516 43.15505599975586 35.579063415527344
7 6.886384010314941 19.00113296508789 35.190589904785156 36.45488739013672
0 16.902725219726562 37.51044464111328 41.07008743286133 49.78248596191406 4 16.224285125732422 24.977500915527344 39.21162033081055 35.48843765258789
5 1.5258451700210571 3.851487874984741 19.697269439697266 16.639753341674805
8 10.403319358825684 26.151765823364258 38.61832046508789 41.8600959777832 4 12.955163955688477 12.291136741638184 39.536354064941406 24.84243392944336 2 10.54238224029541 0.20628421008586884 38.65494918823242 17.25531005859375
2 18.470680236816406 56.07410430908203 70.92218780517578 84.98617553710938 4 20.511423110961914 25.679792404174805 72.65359497070312 61.29819869995117 2 17.52821922302246 3.357973337173462 72.82360076904297 27.841676712036133
2 6.475074768066406 9.492215156555176 33.53856658935547 22.902376174926758 1 6.293370246887207 2.6762218475341797 38.1816291809082 18.854169845581055
1 44.79279327392578 83.49838256835938 94.3034896850586 115.60822296142578 1 118.74646759033203 82.42010498046875 172.62071228027344 101.88169860839844
2 10.817486763000488 11.563311576843262 30.531936645507812 22.846927642822266
1 53.60837173461914 8.672306060791016 118.16258239746094 35.142879486083984 1 40.709205627441406 37.625003814697266 110.62384033203125 63.67344284057617 3 30.67952537536621 57.8401985168457 91.1788558959961 84.96746826171875
1 28.27357292175293 74.14859008789062 97.61405181884766 100.86589813232422 9 41.01532745361328 97.06073760986328 111.94010162353516 133.93284606933594
3 16.22311782836914 19.651819229125977 42.539344787597656 33.355499267578125 2 18.82813262939453 33.79038619995117 48.42306137084961 51.7744140625 5 21.487558364868164 16.109403610229492 48.812904357910156 30.060914993286133 3 15.598678588867188 2.8023197650909424 42.20800018310547 18.156646728515625
1 12.743939399719238 9.453751564025879 41.913246154785156 24.781538009643555 1 11.03628158569336 4.087470054626465 41.03218460083008 19.472623825073242
6 6.185025691986084 16.378740310668945 33.359500885009766 33.303489685058594 1 10.586539268493652 5.724181175231934 34.96842575073242 18.458202362060547
3 4.1783671379089355 17.052261352539062 23.29244613647461 28.8709659576416 4 4.664781093597412 19.51804542541504 24.497861862182617 30.296546936035156
3 18.51067543029785 126.10274505615234 49.423667907714844 146.87646484375 1 55.76176452636719 127.26803588867188 133.83404541015625 151.89773559570312
8 28.968942642211914 24.208110809326172 65.42522430419922 47.24991989135742
2 81.11972045898438 81.79975891113281 112.49085235595703 100.06978607177734 4 43.57504653930664 117.93437194824219 95.28936004638672 145.64552307128906
1 5.666921615600586 18.863401412963867 32.57539749145508 32.703147888183594 2 6.1890668869018555 0.08579564839601517 33.20710754394531 16.05448341369629
3 4.896696090698242 12.024175643920898 37.236881256103516 26.89773178100586
6 11.131662368774414 22.580656051635742 36.986595153808594 37.26508331298828 4 12.598489761352539 7.8827924728393555 37.836509704589844 19.871734619140625
0 15.010246276855469 33.03118133544922 49.880306243896484 51.11357116699219 6 21.36998176574707 8.697760581970215 60.17578125 31.110502243041992
5 101.41077423095703 122.17599487304688 135.72573852539062 138.06167602539062 6 102.76242065429688 103.83708953857422 135.90293884277344 116.72058868408203 5 98.08943176269531 111.6612548828125 144.96511840820312 135.84689331054688 1 101.03145599365234 79.36605834960938 132.2533721923828 95.7137222290039
6 20.270048141479492 17.26934051513672 41.96943664550781 31.786754608154297
8 12.828276634216309 8.804353713989258 37.171531677246094 22.191625595092773
2 16.56348991394043 51.65342712402344 51.27146911621094 71.92679595947266
7 55.35976028442383 38.01186752319336 80.6695556640625 49.29119110107422 7 54.041709899902344 26.890865325927734 80.57353973388672 37.85552215576172
3 7.12197732925415 4.567001819610596 25.845565795898438 15.909139633178711 8 7.168334007263184 15.742501258850098 25.126291275024414 25.490161895751953
6 16.23223304748535 19.99591064453125 32.60068893432617 32.052040100097656 7 12.712902069091797 8.56503963470459 35.164215087890625 22.42892074584961 4 15.308125495910645 9.422622680664062 36.44895553588867 21.728004455566406
8 7.052090644836426 1.1540451049804688 32.59559631347656 14.093379020690918
6 17.170989990234375 63.45646667480469 75.3555679321289 93.57614135742188 2 18.635677337646484 38.5727424621582 74.58773803710938 68.43779754638672
1 26.553842544555664 13.591630935668945 106.51295471191406 38.19194412231445 9 26.180097579956055 42.95546340942383 100.43376159667969 75.58153533935547
0 49.112640380859375 47.5244140625 74.7037353515625 60.877716064453125 5 44.65324783325195 63.399131774902344 72.24832153320312 78.04379272460938 7 54.12602233886719 35.2757568359375 87.31991577148438 54.50384521484375 1 47.67727279663086 25.20496368408203 75.64583587646484 41.82004165649414
7 13.19847583770752 30.151803970336914 51.4085578918457 52.216129302978516 5 11.317541122436523 3.6881654262542725 51.18415069580078 26.39632225036621
8 13.921049118041992 23.561534881591797 43.29679870605469 38.22211456298828 3 9.982946395874023 8.638324737548828 37.22407531738281 22.053224563598633
6 6.503177165985107 24.178781509399414 33.30525207519531 42.96653747558594
6 7.40142822265625 7.497370719909668 28.22179412841797 21.548215866088867 5 5.909396171569824 0.8516496419906616 27.931610107421875 11.347899436950684

4 7.0390119552612305 24.508481979370117 33.70797348022461 44.52217483520508

4 13.791410446166992 18.360841751098633 44.038326263427734 33.425315856933594 8 14.13258171081543 0.26582983136177063 44.0208740234375 17.505929946899414
3 25.17334747314453 16.289020538330078 50.40387725830078 30.9923152923584 1 26.86246681213379 34.05149841308594 53.96443176269531 46.40631103515625
2 11.707138061523438 21.558313369750977 51.56145477294922 42.087947845458984 7 12.571560859680176 42.42723846435547 49.2887077331543 60.3884391784668 3 42.547542572021484 37.566322326660156 69.51702117919922 49.3375129699707
3 25.500911712646484 48.456295013427734 88.96656799316406 97.7041244506836 5 41.22975540161133 47.61308670043945 97.80245208740234 89.11024475097656
6 36.254844665527344 85.25348663330078 89.84172821044922 109.47450256347656
4 80.73789978027344 87.1507339477539 113.51365661621094 106.0712661743164
0 79.43907165527344 64.17160034179688 108.49032592773438 80.04907989501953
2 42.79103088378906 52.33055877685547 78.23957824707031 71.69589233398438 1 47.54056167602539 35.907371520996094 84.81883239746094 52.61686706542969
2 6.819906234741211 5.78381872177124 30.1938533782959 21.290613174438477
3 16.6951961517334 15.156898498535156 48.4655876159668 34.54041290283203
1 25.946247100830078 13.774360656738281 67.92716979980469 39.436336517333984
8 5.233576774597168 14.86231803894043 30.216888427734375 28.866716384887695 4 5.6746826171875 0.9811698794364929 30.029253005981445 13.389049530029297
3 7.597794055938721 23.339305877685547 31.91158676147461 39.04478454589844 6 9.134444236755371 29.358428955078125 33.78478240966797 44.19695281982422
4 25.235454559326172 39.6910514831543 52.058719635009766 53.03330612182617 2 13.803391456604004 18.378368377685547 45.486202239990234 36.39293670654297 2 9.749815940856934 1.3386038541793823 41.03559112548828 18.83915901184082
5 10.999566078186035 8.304729461669922 67.93661499023438 47.16536331176758
2 68.08241271972656 118.20053100585938 119.17918395996094 150.00704956054688 3 66.7476806640625 96.09818267822266 118.48516082763672 119.40300750732422
2 4.528559684753418 8.479964256286621 38.149169921875 24.62710189819336
4 8.24124813079834 7.031724452972412 30.776094436645508 22.640151977539062 5 9.160813331604004 19.93180274963379 32.0684700012207 33.77351760864258 3 10.790616989135742 16.475749969482422 32.81332778930664 32.04106521606445
6 20.648941040039062 15.291603088378906 41.87085723876953 30.90346908569336
5 25.18817138671875 26.21656036376953 60.52123260498047 48.77973937988281 0 30.647920608520508 37.62496566772461 56.9786262512207 49.91584777832031 1 29.891508102416992 26.782392501831055 66.44215393066406 48.5853271484375
5 17.744924545288086 20.62074851989746 70.70769500732422 50.01117706298828 4 19.538448333740234 2.2096657752990723 70.69815063476562 23.638004302978516
1 17.619102478027344 76.1184310913086 59.150455474853516 96.13386535644531 1 27.747276306152344 55.95012664794922 68.62882232666016 78.00039672851562
3 10.06379508972168 23.746244430541992 29.97956657409668 34.82129669189453
9 72.10456848144531 35.5419807434082 118.08918762207031 66.61722564697266 4 27.415197372436523 71.24449920654297 107.73699188232422 112.4866714477539
3 77.86040496826172 80.25843811035156 110.14530181884766 95.23243713378906 2 90.58493041992188 97.666259765625 115.76188659667969 112.11648559570312 1 91.98943328857422 77.7201156616211 117.2297592163086 91.48258972167969 6 25.25139808654785 19.748865127563477 74.18484497070312 40.373558044433594
1 31.355268478393555 38.827327728271484 75.75773620605469 59.72174835205078 0 32.121795654296875 56.269187927246094 74.43755340576172 73.07667541503906
9 34.936710357666016 82.3178482055664 61.181663513183594 99.88003540039062
3 5.587014198303223 7.5901336669921875 33.97846603393555 27.188610076904297
7 10.214648246765137 19.904870986938477 37.50751495361328 33.33810806274414 0 11.154895782470703 36.429283142089844 40.20943832397461 48.99714660644531 4 9.749701499938965 6.191756248474121 35.92247772216797 20.641773223876953
9 30.495990753173828 61.6865234375 54.07376480102539 75.65022277832031 5 31.18448829650879 51.28542709350586 56.2686653137207 63.076148986816406

9 5.719356536865234 10.709157943725586 44.42515182495117 32.645118713378906
3 27.260969161987305 17.33721160888672 70.8424072265625 43.861568450927734 4 24.386943817138672 7.485009670257568 68.80686950683594 31.944190979003906
1 11.085355758666992 10.382688522338867 31.818172454833984 19.204195022583008 4 10.711109161376953 2.6721603870391846 31.679166793823242 16.410001754760742
9 11.94788932800293 21.525705337524414 33.15199279785156 40.7219123840332
6 7.004173755645752 20.778778076171875 33.12944030761719 36.636940002441406
1 106.54084777832031 61.302490234375 138.616943359375 79.54474639892578 2 116.41634368896484 74.58265686035156 150.34532165527344 93.89612579345703
3 15.670902252197266 39.0751953125 46.88205337524414 53.66427230834961 7 14.778186798095703 50.212650299072266 45.58726119995117 64.31844329833984
0 6.645381450653076 23.240001678466797 38.39946365356445 38.46556854248047 2 5.552746295928955 0.7857018113136292 37.12353515625 17.01837921142578
2 7.9671101570129395 7.910264015197754 37.4354362487793 24.851512908935547
0 17.791057586669922 11.09666633605957 43.22515869140625 25.19019889831543
4 117.15300750732422 137.34197998046875 183.4292755126953 173.54150390625
8 20.493547439575195 28.641878128051758 47.23395919799805 43.394798278808594 6 17.596393585205078 20.432157516479492 44.211795806884766 35.34859848022461
3 103.33963012695312 20.242298126220703 139.72091674804688 48.5300178527832
6 6.951007843017578 5.157180309295654 44.93836975097656 26.844806671142578 1 6.386824607849121 26.950075149536133 41.55974197387695 46.776283264160156
5 7.893599033355713 13.18550968170166 30.120559692382812 29.2742862701416
2 54.57192611694336 105.8272933959961 120.01739501953125 135.53005981445312

4 13.953104019165039 13.13725471496582 35.12520217895508 27.277660369873047 7 18.705209732055664 28.585477828979492 36.641395568847656 43.54823303222656 7 17.898874282836914 28.039030075073242 34.5601806640625 36.89944076538086

1 34.68407440185547 25.625167846679688 68.73123931884766 45.57771301269531 6 32.151981353759766 43.135684967041016 67.72662353515625 58.872310638427734 3 18.71526527404785 41.8543701171875 59.47750473022461 68.37901306152344
7 34.81498336791992 24.35974884033203 95.75031280517578 60.3997917175293 6 49.632774353027344 20.208393096923828 89.89761352539062 39.06321716308594
6 4.721548080444336 8.57807731628418 21.710927963256836 18.67557716369629
2 56.22133255004883 61.53532791137695 90.39573669433594 77.82145690917969 2 70.27326965332031 61.95034408569336 97.8614501953125 78.0852279663086
4 14.924237251281738 17.758838653564453 37.26963806152344 33.173179626464844 8 17.76702308654785 40.38649368286133 39.50674819946289 53.89398956298828 5 14.610764503479004 31.954484939575195 37.610992431640625 42.97073745727539

2 58.19343948364258 103.73597717285156 86.250732421875 121.49352264404297 2 75.71493530273438 58.70743179321289 105.08634185791016 78.547119140625
1 32.92466735839844 19.537193298339844 55.25885009765625 32.854209899902344
5 9.56518840789795 7.943175315856934 32.31122970581055 22.98157501220703 0 9.713981628417969 21.844587326049805 33.9762077331543 38.328670501708984 1 7.431564807891846 2.0663578510284424 32.74648666381836 12.356435775756836
1 14.416414260864258 42.116668701171875 52.07749938964844 58.124351501464844 4 16.07343292236328 45.822509765625 46.18760299682617 63.217681884765625 2 15.27117919921875 39.22567367553711 46.25790786743164 62.038551330566406
1 8.269207954406738 49.28137969970703 49.270938873291016 64.80735778808594
6 12.192477226257324 39.9702262878418 50.8083610534668 62.385528564453125 3 11.36574935913086 20.073486328125 53.906368255615234 43.47769546508789
5 3.0463521480560303 3.4278838634490967 27.627323150634766 14.767789840698242
1 47.38264465332031 61.938873291015625 121.08447265625 85.01226043701172
1 47.05390548706055 28.0606632232666 68.34728240966797 37.439453125 1 46.17020797729492 42.10694885253906 67.9090576171875 53.98337173461914 7 44.55074691772461 32.51546096801758 67.76891326904297 44.9155158996582
4 28.19315528869629 67.67887878417969 81.40213775634766 107.75431060791016
8 85.48481750488281 100.12619018554688 153.11654663085938 125.98635864257812 4 83.12344360351562 45.13887405395508 139.9963836669922 75.59929656982422 7 21.64995765686035 143.38722229003906 54.41322326660156 160.49038696289062
2 22.928443908691406 9.075336456298828 58.62664794921875 30.818527221679688 1 10.224503517150879 30.03778076171875 54.84165573120117 49.2508430480957
4 6.676461696624756 0.6092822551727295 26.74252700805664 12.379158973693848
8 21.652099609375 11.347756385803223 51.33662033081055 30.18409538269043
2 11.689425468444824 10.608543395996094 88.44977569580078 53.711334228515625 6 16.017541885375977 59.18714904785156 93.34033966064453 100.13957977294922
5 12.668042182922363 38.84916305541992 52.914764404296875 62.35292434692383 5 11.76246452331543 15.511373519897461 52.54405212402344 38.44504928588867 6 17.513118743896484 18.28505516052246 52.28446960449219 40.68958282470703
4 7.489771366119385 15.189656257629395 26.25260353088379 30.64717674255371
8 30.547210693359375 50.10579299926758 52.230506896972656 60.34395217895508
4 23.002063751220703 17.90869140625 57.18585968017578 35.61888122558594
6 8.055039405822754 5.651225566864014 32.854156494140625 21.99037742614746
8 3.9681148529052734 3.074331283569336 30.705175399780273 19.995079040527344
9 10.917198181152344 18.298187255859375 31.748701095581055 31.03413200378418 2 8.094403266906738 4.6865715980529785 30.112377166748047 18.54723358154297
4 7.732602596282959 6.9229936599731445 38.90037155151367 27.50783348083496

5 30.296899795532227 16.23579978942871 60.663124084472656 37.06065368652344 3 27.43302345275879 38.67817306518555 60.56831741333008 54.87786102294922

2 9.906708717346191 6.587970733642578 69.0491943359375 49.86653137207031 1 11.11812686920166 45.39519500732422 69.21101379394531 77.3760986328125
0 34.623878479003906 54.88538360595703 77.63903045654297 82.9578857421875
4 7.443767547607422 23.753225326538086 41.59893035888672 40.297149658203125
2 7.813681602478027 16.491960525512695 39.27241897583008 36.026641845703125 4 12.602083206176758 14.930569648742676 40.42026138305664 29.811777114868164
2 32.88630294799805 17.374908447265625 53.937950134277344 29.907819747924805
5 13.349613189697266 8.309804916381836 52.852325439453125 29.655115127563477 1 15.870010375976562 0.1410234570503235 58.75633239746094 12.697772979736328
2 38.893924713134766 56.36337661743164 81.15131378173828 87.50244140625 7 29.520729064941406 89.3130111694336 71.91859436035156 108.7477035522461 1 41.091575622558594 83.18867492675781 84.66120147705078 106.39368438720703 2 44.15839767456055 34.62662124633789 81.8165283203125 64.66903686523438
2 8.506625175476074 0.4015025794506073 28.044565200805664 11.551257133483887 8 7.04501485824585 17.71849250793457 29.001976013183594 31.240020751953125 5 8.493117332458496 12.614090919494629 27.360286712646484 23.34121322631836
1 10.700653076171875 40.73354721069336 50.2267951965332 65.05802917480469 6 13.56154727935791 65.17160034179688 50.177364349365234 83.11506652832031 7 6.022599697113037 25.851261138916016 58.090145111083984 52.968017578125
3 142.45486450195312 158.6291046142578 197.7584991455078 191.32435607910156 2 149.27560424804688 178.44113159179688 204.58363342285156 212.2946014404297
4 4.668933391571045 9.884256362915039 27.551563262939453 25.293346405029297
9 36.68328857421875 112.98628997802734 110.45109558105469 143.63641357421875 1 125.41355895996094 87.27815246582031 163.49356079101562 106.99078369140625
1 11.362151145935059 24.44712257385254 39.66273498535156 40.584556579589844 5 12.4746732711792 41.21568298339844 40.97470474243164 58.199378967285156
2 26.6398983001709 17.69941520690918 54.75018310546875 32.731101989746094 7 23.235851287841797 28.173301696777344 53.18352127075195 48.96107482910156
2 24.848859786987305 50.74671173095703 49.72329330444336 64.22599792480469
2 21.320892333984375 35.57407760620117 53.69438934326172 56.727386474609375
7 85.26554870605469 41.724754333496094 124.50166320800781 64.52998352050781
4 10.106032371520996 22.95697593688965 39.97376251220703 42.74668502807617 7 10.764119148254395 6.244685173034668 38.26588439941406 22.43146514892578
1 17.8616943359375 28.484935760498047 50.527320861816406 43.50472640991211 4 14.061480522155762 14.263150215148926 47.50151824951172 31.711740493774414 2 14.164220809936523 3.3515713214874268 50.506858825683594 23.575191497802734
2 41.94192886352539 80.59513854980469 74.76432800292969 98.28421020507812 2 33.21115493774414 67.93183135986328 66.43309783935547 85.7427749633789
5 27.89594841003418 37.08014678955078 64.65218353271484 56.80421829223633
2 6.693862438201904 5.290072917938232 38.16517639160156 25.064302444458008 5 8.1051025390625 20.720394134521484 37.03627014160156 37.11772155761719 4 9.105372428894043 6.699685096740723 35.95608139038086 23.37489891052246
5 12.691390991210938 35.35674285888672 39.102577209472656 49.46177291870117 3 10.491321563720703 49.94935989379883 41.21465301513672 65.572509765625
1 12.924569129943848 12.074427604675293 34.95663833618164 26.029726028442383 7 12.879707336425781 27.38949966430664 35.32138442993164 42.3575553894043
5 4.298251628875732 5.502254962921143 29.643159866333008 21.94346809387207
3 37.89399719238281 51.98615264892578 79.087158203125 71.11542510986328
8 28.21657371520996 63.16204071044922 57.898719787597656 81.18103790283203 5 36.95278549194336 74.15380096435547 66.85022735595703 87.28588104248047
3 84.31377410888672 47.77352523803711 125.51612854003906 67.79496002197266 4 95.36280822753906 64.04253387451172 132.78546142578125 83.44721984863281 6 94.84033966064453 65.35499572753906 124.35834503173828 79.1798324584961 3 82.70866394042969 38.00296401977539 118.49146270751953 61.80497741699219

2 9.615097999572754 22.025846481323242 27.30076789855957 31.92803382873535
6 52.08498764038086 50.05257034301758 80.76115417480469 64.2286605834961
3 5.608821392059326 17.59381675720215 33.28115463256836 37.08359909057617
4 23.098068237304688 43.52372360229492 74.34249877929688 74.9952392578125 6 34.89966583251953 63.33747863769531 86.97647094726562 91.24978637695312
3 16.107702255249023 9.032885551452637 36.30088424682617 18.181350708007812 3 13.44282054901123 2.6612648963928223 41.17515182495117 17.807235717773438 4 12.130290031433105 20.05012321472168 41.22080612182617 34.683349609375
1 10.641243934631348 0.7939861416816711 34.368431091308594 10.707091331481934
8 24.378156661987305 29.835424423217773 54.22896194458008 47.791603088378906 4 20.982467651367188 38.82635498046875 55.3101806640625 59.203704833984375 1 20.326692581176758 14.863471031188965 54.40317153930664 33.77723693847656
1 23.064167022705078 34.85677719116211 46.112728118896484 47.28240966796875
1 42.041255950927734 31.12803077697754 69.82697296142578 44.92872619628906 5 47.04253387451172 40.22245407104492 72.56904602050781 54.34765625 1 43.2701416015625 50.594791412353516 73.64372253417969 64.9237060546875
4 39.45185852050781 41.38530731201172 64.56617736816406 60.30261993408203


5 30.123933792114258 44.91890335083008 52.84934616088867 57.28782272338867 5 22.323165893554688 48.5249137878418 50.63942337036133 67.02645111083984
8 7.985775947570801 18.744077682495117 31.09636688232422 33.784305572509766 1 6.261415481567383 0.9260174632072449 29.053998947143555 10.911092758178711
0 20.901508331298828 66.61206817626953 74.66905212402344 93.98065948486328
3 54.661460876464844 76.61651611328125 79.46965026855469 87.23043823242188 1 58.065277099609375 59.95795822143555 80.92728424072266 71.5213623046875
8 17.871414184570312 52.39338684082031 65.62420654296875 74.3170394897461 6 35.230892181396484 69.60624694824219 78.40522003173828 91.15298461914062
2 5.953489303588867 1.0533734560012817 32.03904724121094 18.735897064208984
6 7.394785404205322 10.634771347045898 31.737075805664062 26.047868728637695 5 7.567235469818115 -0.681515097618103 30.89089584350586 11.07579517364502
8 21.374099731445312 34.57073974609375 47.505245208740234 48.717281341552734 3 22.24196434020996 15.803730010986328 47.84243392944336 29.567920684814453
9 20.664735794067383 62.302467346191406 74.72563934326172 90.7998046875
1 25.830259323120117 16.776445388793945 59.228538513183594 39.65260696411133
0 37.32526397705078 46.77576446533203 59.490577697753906 58.77022171020508 0 41.9938850402832 54.012535095214844 60.6490478515625 64.20723724365234 4 39.10978698730469 62.20033645629883 59.884613037109375 72.62366485595703 6 33.259552001953125 65.27570343017578 56.54547882080078 76.80816650390625
4 6.280957221984863 17.5325927734375 26.035751342773438 31.040058135986328 6 6.605799674987793 4.3377251625061035 25.978967666625977 16.926136016845703
3 11.349076271057129 33.9146614074707 47.90799331665039 57.810081481933594 3 12.014387130737305 26.586381912231445 52.65738296508789 49.11483383178711
9 16.0406551361084 30.219253540039062 70.56472778320312 60.8743782043457
7 20.163206100463867 18.16362762451172 61.32645034790039 35.99985885620117
0 7.54603385925293 13.58028507232666 40.43385696411133 32.646419525146484 7 7.182435035705566 -0.3128618896007538 37.64722442626953 13.672135353088379
2 20.7105770111084 23.247615814208984 42.77290344238281 37.334754943847656 1 20.334415435791016 36.59675216674805 44.367393493652344 49.65380096435547
5 7.8319573402404785 11.70899772644043 52.44291305541992 32.39174270629883 7 9.168146133422852 50.64446258544922 56.02040100097656 68.42704010009766 3 8.854045867919922 30.88475799560547 54.07780456542969 48.3510627746582
4 7.14577579498291 26.775129318237305 32.975704193115234 39.903751373291016 4 6.726728916168213 20.2044734954834 33.218162536621094 33.975223541259766
6 5.106552600860596 17.658151626586914 26.138898849487305 30.901704788208008
7 6.564245700836182 14.431814193725586 23.355897903442383 23.058271408081055 7 7.294041633605957 6.828205585479736 23.94645118713379 16.880449295043945
6 55.23694610595703 128.56130981445312 80.87840270996094 145.48892211914062
1 12.094640731811523 11.459012985229492 56.148319244384766 34.50840377807617
0 57.48819351196289 15.934524536132812 83.8159408569336 30.209842681884766

6 93.73231506347656 185.52920532226562 136.88844299316406 205.00401306152344 2 104.5802001953125 190.8934783935547 138.8067169189453 211.06890869140625
5 21.343170166015625 30.82172393798828 54.748558044433594 47.49970245361328 1 14.312192916870117 29.098485946655273 51.55171203613281 46.361778259277344
7 8.49502182006836 17.539695739746094 36.45088195800781 35.455474853515625 2 8.886139869689941 0.28478461503982544 37.270565032958984 15.92285442352295
9 24.92625617980957 117.57764434814453 82.45903778076172 151.1595916748047
9 36.10287094116211 74.7916030883789 79.4911117553711 95.50926971435547
3 2.6815316677093506 4.562613487243652 20.60620880126953 18.696638107299805
6 8.69307804107666 25.700292587280273 40.47391128540039 42.087562561035156 0 14.491978645324707 27.1624755859375 40.33137512207031 42.53519058227539 1 9.616706848144531 14.648653984069824 41.99712371826172 27.995248794555664
5 18.348007202148438 34.653255462646484 65.32962036132812 56.08749771118164 8 22.776657104492188 50.473060607910156 60.67734909057617 71.16194915771484

5 4.277207851409912 2.226949691772461 25.43938636779785 14.997110366821289 2 4.533990383148193 14.735725402832031 26.150245666503906 27.035320281982422
0 7.245988845825195 25.243146896362305 35.261138916015625 40.916473388671875 3 7.223118305206299 9.410344123840332 35.60067367553711 24.414493560791016
4 12.984320640563965 1.8740335702896118 38.32862091064453 16.806852340698242 1 12.243108749389648 8.5238676071167 35.66647720336914 21.185874938964844
2 2.791912794113159 23.135265350341797 40.235252380371094 46.97933578491211
8 14.621085166931152 16.992876052856445 49.52037048339844 31.318078994750977 2 12.26181697845459 2.157444953918457 51.04473876953125 17.99025535583496
3 11.098917007446289 18.093952178955078 58.59757614135742 42.66313171386719 4 23.09084129333496 1.4989718198776245 59.33717346191406 19.200963973999023
2 24.81988525390625 47.768795013427734 61.68224334716797 82.68852996826172
5 12.380912780761719 18.44196319580078 58.51599884033203 38.75544738769531 8 9.718206405639648 30.21929931640625 55.484466552734375 49.35630798339844
5 4.490873336791992 13.970706939697266 26.127809524536133 28.082340240478516 1 4.3934149742126465 2.138723611831665 25.50180435180664 13.364580154418945
5 38.015689849853516 97.66307830810547 78.675537109375 116.80316162109375 8 33.57567596435547 81.858154296875 80.34709930419922 107.1318130493164 2 17.35947036743164 99.43429565429688 79.056640625 136.08941650390625
6 5.481942653656006 2.016401529312134 27.627403259277344 15.441757202148438 6 9.821974754333496 18.59674835205078 29.66929054260254 29.90206527709961
4 7.090786457061768 10.935724258422852 31.52031135559082 25.901229858398438 2 6.61794376373291 1.6176517009735107 31.274831771850586 15.058639526367188
9 16.86347198486328 7.260962963104248 95.80223846435547 45.59056091308594 8 33.911712646484375 24.641963958740234 79.10997772216797 63.43431854248047
8 5.80283784866333 15.723319053649902 30.124303817749023 28.460987091064453 6 6.127724647521973 -0.528752326965332 28.868457794189453 15.620964050292969
9 83.15071105957031 81.94984436035156 130.95030212402344 115.20738983154297
2 29.03435707092285 60.63037872314453 100.24388122558594 94.81713104248047 9 70.65715026855469 0.8134698867797852 118.39794921875 25.99797821044922 2 82.88337707519531 15.317495346069336 112.33709716796875 32.33317565917969
4 6.522700786590576 8.453010559082031 30.974401473999023 23.443878173828125
2 61.131866455078125 53.14939880371094 112.15870666503906 84.86673736572266 7 44.51620101928711 17.968955993652344 103.76437377929688 52.55330276489258 2 41.1898193359375 71.1366195678711 98.53646850585938 95.99598693847656
4 4.965615749359131 5.7846879959106445 36.02903747558594 24.714351654052734 9 12.88742733001709 17.838224411010742 39.14822006225586 32.900821685791016
2 7.473116874694824 7.237354278564453 44.50312805175781 31.400890350341797
2 12.490028381347656 18.172637939453125 48.04068374633789 37.03036880493164 7 11.009431838989258 29.733562469482422 48.47209167480469 44.53721237182617 7 11.284798622131348 45.43612289428711 48.57406234741211 62.90233612060547

6 17.960670471191406 39.69468688964844 51.524173736572266 58.463905334472656 7 16.533742904663086 15.183748245239258 52.36199188232422 35.32677459716797 6 11.759157180786133 2.0131783485412598 46.38573455810547 21.372005462646484
8 30.521615982055664 26.770702362060547 79.02314758300781 48.590248107910156 5 26.97230339050293 0.5120636820793152 76.7890853881836 20.49248695373535 8 29.45179557800293 35.36262130737305 78.93511962890625 59.77244186401367
2 11.642731666564941 13.620306968688965 60.77912521362305 44.48075485229492 8 17.480966567993164 44.79518127441406 63.130958557128906 69.44208526611328 4 11.888967514038086 3.8720602989196777 58.63044357299805 32.402435302734375
9 17.233652114868164 53.804264068603516 55.86635208129883 77.3823013305664 3 20.094860076904297 68.07207489013672 55.6548957824707 88.74246978759766
7 16.550737380981445 14.182716369628906 39.82621765136719 28.269893646240234
2 3.094703435897827 -0.09719140827655792 21.333484649658203 12.453634262084961 3 2.686586618423462 12.285043716430664 20.663972854614258 23.35753631591797
5 9.469928741455078 9.039287567138672 39.069942474365234 23.990053176879883 1 9.709985733032227 20.066343307495117 40.27821731567383 32.857452392578125
4 16.17313575744629 23.828514099121094 54.59639358520508 41.312957763671875 9 14.852417945861816 41.8350830078125 50.1688232421875 65.43465423583984

8 7.5901312828063965 16.60789680480957 26.08922576904297 29.1800594329834
2 41.002479553222656 68.37613677978516 78.74002075195312 83.35209655761719
1 20.64610481262207 15.219599723815918 53.60291290283203 29.894826889038086 2 7.658533573150635 37.297306060791016 40.321441650390625 58.89346694946289 2 9.966045379638672 30.73689842224121 41.204017639160156 48.87752151489258 1 12.56674575805664 19.408859252929688 49.46784973144531 36.04845428466797
1 6.486467361450195 3.5546016693115234 28.458452224731445 17.275432586669922
1 97.49614715576172 142.71298217773438 209.58474731445312 180.64126586914062 2 18.27711296081543 162.66354370117188 66.94654846191406 186.1787109375
7 9.853857040405273 3.805682420730591 47.03850555419922 23.8949031829834
5 8.470643043518066 24.260709762573242 32.50908660888672 36.873680114746094 3 8.733694076538086 25.982688903808594 32.605926513671875 40.422908782958984 4 8.399978637695312 5.678625106811523 32.50714874267578 20.547006607055664
9 24.440092086791992 20.678499221801758 67.41732788085938 37.95330047607422
2 10.115657806396484 -0.010845491662621498 42.11237335205078 14.34461784362793 4 7.141059398651123 22.52313232421875 39.62287521362305 45.647247314453125 2 6.565361976623535 6.031196117401123 42.20978546142578 24.680564880371094
0 5.226633071899414 18.99908447265625 29.67083168029785 35.4036979675293 1 5.50216007232666 6.723951816558838 29.748140335083008 19.723892211914062
3 110.29553985595703 3.617046356201172 160.6866912841797 33.55487060546875 3 91.41902923583984 34.091888427734375 136.53627014160156 64.1622085571289 2 108.42445373535156 61.76763153076172 174.51260375976562 95.2723617553711
5 9.337376594543457 25.503520965576172 31.257015228271484 37.00307846069336 3 10.049057960510254 15.351200103759766 33.616966247558594 27.827421188354492
2 68.82786560058594 90.81137084960938 93.98553466796875 104.99433898925781 8 60.544918060302734 90.50662994384766 92.89111328125 106.29344940185547
5 7.15302848815918 24.75710678100586 32.941307067871094 42.20736312866211 5 7.771860122680664 13.424870491027832 34.74048614501953 29.903953552246094
3 19.7841796875 13.007131576538086 46.32864761352539 24.600370407104492

5 106.81763458251953 88.91104888916016 142.8366241455078 104.14104461669922 0 39.30978012084961 88.31417846679688 82.71228790283203 117.68746948242188 7 76.89392852783203 88.62059020996094 120.47743225097656 112.41178894042969
8 12.15005874633789 23.0393009185791 34.967254638671875 38.542781829833984 1 21.752866744995117 44.77458190917969 48.20625305175781 55.187232971191406
5 16.833820343017578 20.160898208618164 36.54707336425781 31.92026710510254 2 15.57965087890625 34.17342758178711 36.1296501159668 44.73067855834961
2 25.842870712280273 32.219844818115234 52.2468376159668 45.10751724243164 3 24.557880401611328 12.395798683166504 47.33259582519531 26.07501220703125 8 24.273969650268555 28.226356506347656 47.7223014831543 38.21388244628906
6 23.401817321777344 50.466182708740234 108.01577758789062 100.89289093017578
2 67.23186492919922 35.129478454589844 127.48471069335938 73.05219268798828
5 6.279580593109131 -0.3945132791996002 29.33660888671875 11.077420234680176
2 33.983009338378906 54.84031295776367 65.52442169189453 70.99356842041016 2 41.93083190917969 52.521820068359375 63.05719757080078 63.6279182434082 2 38.49985885620117 58.74993133544922 57.48890686035156 69.81729888916016

5 23.135934829711914 45.155460357666016 66.1592788696289 65.5838623046875 3 29.568483352661133 62.17613220214844 61.88503646850586 77.86215209960938
6 22.673011779785156 58.062503814697266 71.73068237304688 95.83670806884766 9 48.41164779663086 58.46128845214844 88.57574462890625 89.81907653808594
6 16.520429611206055 37.38934326171875 49.99651336669922 52.42204284667969 6 16.179685592651367 25.85284996032715 50.0633659362793 39.23225402832031
1 33.32880783081055 74.287109375 76.00975799560547 94.06107330322266 2 29.05669593811035 53.8330192565918 84.5619888305664 84.84658813476562
7 4.417314529418945 39.360069274902344 38.272064208984375 54.024169921875
0 27.573299407958984 35.990699768066406 61.09854507446289 56.181732177734375 2 12.68019962310791 15.903433799743652 49.33881759643555 34.5451545715332
8 18.286975860595703 30.175289154052734 100.4066162109375 90.22004699707031
5 16.674785614013672 41.63193893432617 49.514549255371094 59.28489303588867 2 9.720117568969727 21.160940170288086 47.212249755859375 40.13623046875 3 11.771479606628418 41.81288528442383 51.11793518066406 61.15327072143555
1 7.663554668426514 7.157492160797119 40.44608688354492 27.02743911743164
9 17.77039337158203 66.85884094238281 66.80268096923828 90.79470825195312 2 15.344330787658691 100.02684783935547 68.0934066772461 122.9879150390625
8 6.918649196624756 25.372352600097656 33.14270782470703 37.23773193359375 6 6.829855918884277 11.622769355773926 32.62790298461914 24.963844299316406
1 13.654232025146484 11.462929725646973 40.08727264404297 26.39813232421875 5 11.101726531982422 26.526962280273438 39.016292572021484 42.670860290527344
6 57.16343307495117 93.06454467773438 88.84326171875 109.2358169555664 8 63.41373825073242 68.09273529052734 91.7793960571289 82.93582153320312 3 60.5578498840332 97.12930297851562 89.36190032958984 115.9473876953125 9 64.22955322265625 75.81916046142578 90.4345703125 87.69680786132812
5 5.051183223724365 1.6281453371047974 42.03158950805664 24.240928649902344 2 7.360902786254883 26.143903732299805 43.537967681884766 50.63725280761719
6 12.50806713104248 45.51750183105469 41.519351959228516 58.076019287109375 6 6.775023937225342 32.4471435546875 36.5698127746582 47.4222412109375
1 18.309829711914062 46.293975830078125 37.21702194213867 56.49958038330078 7 19.046701431274414 41.86501693725586 37.94015884399414 53.93878173828125 4 18.028278350830078 34.727298736572266 36.22430419921875 44.7525634765625 1 19.32904624938965 23.76718521118164 37.41181945800781 33.63290023803711
9 5.047391891479492 13.16342830657959 26.8050479888916 26.244976043701172 4 5.798311233520508 0.7419770956039429 30.16822052001953 11.456294059753418
0 7.298048973083496 40.188720703125 44.61140441894531 63.06465530395508 1 23.421642303466797 2.1903440952301025 61.98042678833008 22.55694580078125 7 13.515599250793457 18.997297286987305 51.06912612915039 37.358158111572266
0 15.103819847106934 40.01132583618164 66.91107940673828 62.22865295410156 1 12.544649124145508 12.431034088134766 65.58384704589844 34.64814376831055

5 8.68734073638916 33.6558837890625 47.429901123046875 52.76212692260742 4 8.12903118133545 11.67720890045166 46.83885192871094 30.811315536499023
2 33.52140808105469 1.0896188020706177 62.55344772338867 13.9310941696167 6 37.304988861083984 19.466480255126953 64.78074645996094 35.27682876586914
4 11.149230003356934 13.822837829589844 45.491878509521484 33.46522521972656 4 15.341044425964355 8.962579727172852 43.63637161254883 27.389604568481445
2 50.06498718261719 66.2356185913086 79.50068664550781 78.91098022460938 7 44.65935516357422 57.5270881652832 79.39114379882812 78.08649444580078
4 6.121752738952637 11.595056533813477 39.59565734863281 30.243534088134766
1 5.832140922546387 10.939225196838379 45.612796783447266 25.757617950439453 1 6.823774814605713 29.389244079589844 43.699344635009766 42.58008575439453
3 78.39005279541016 90.80326080322266 128.48541259765625 118.29476165771484
4 12.229066848754883 32.40021514892578 57.775672912597656 58.754947662353516 4 13.597783088684082 17.096298217773438 56.52590560913086 40.764225006103516 4 33.061275482177734 31.033191680908203 61.890621185302734 50.6868896484375
1 7.376465320587158 6.035588264465332 43.141536712646484 22.746963500976562
2 7.962625026702881 2.794370651245117 26.058216094970703 14.001492500305176
5 12.522829055786133 9.154065132141113 48.35356903076172 26.318952560424805
1 10.643375396728516 34.2400016784668 60.17372131347656 55.50258255004883 6 9.816534042358398 1.5471971035003662 58.33180236816406 29.188861846923828 5 10.715579986572266 4.731590747833252 55.138160705566406 33.818538665771484
6 16.26946449279785 25.300159454345703 45.80897903442383 47.449729919433594 4 10.460110664367676 6.838577747344971 45.58742904663086 25.072160720825195 1 19.9532470703125 3.3702948093414307 48.0217399597168 21.1915225982666
3 10.915146827697754 34.35289001464844 39.05213165283203 53.00303268432617 1 10.798548698425293 15.38182544708252 39.385746002197266 33.02671813964844
2 10.272018432617188 38.493431091308594 76.17156982421875 77.13274383544922
0 10.903799057006836 19.0576114654541 42.236785888671875 35.72372817993164
2 33.60551452636719 18.100177764892578 57.09709548950195 34.10685348510742
2 6.995255947113037 25.913545608520508 35.4909782409668 41.45658493041992 3 7.556690216064453 3.912118673324585 33.6319694519043 19.61290740966797

4 9.316139221191406 28.936960220336914 38.9857292175293 44.85333251953125 2 13.568682670593262 11.679061889648438 39.15278625488281 30.925634384155273
7 5.092593669891357 10.508474349975586 26.090633392333984 24.40522575378418
4 7.918281555175781 2.085170030593872 32.12232208251953 15.375648498535156 4 8.937353134155273 10.627656936645508 33.03493881225586 24.01439094543457
9 10.117223739624023 11.596221923828125 44.74421310424805 29.237957000732422
4 6.699549674987793 9.521673202514648 26.831146240234375 19.8510684967041 5 6.521979808807373 19.441213607788086 26.838655471801758 31.812009811401367
1 31.118759155273438 5.405481338500977 88.73497009277344 36.415592193603516 6 9.49178695678711 44.23549270629883 65.44768524169922 85.27918243408203 4 26.49985122680664 14.619220733642578 84.52767181396484 47.78196334838867
3 11.335561752319336 29.00058364868164 51.16035461425781 51.05136489868164 3 11.334894180297852 2.178340435028076 50.58726501464844 24.032012939453125 5 18.156539916992188 26.594663619995117 50.43377685546875 45.61249923706055
1 10.050637245178223 10.631333351135254 32.21753692626953 22.254695892333984
4 50.79627227783203 37.10053253173828 132.14324951171875 91.6494369506836
9 42.933135986328125 33.82854080200195 73.62886810302734 52.00114822387695 3 42.66832733154297 16.13492774963379 75.2855224609375 35.963008880615234 6 36.2206916809082 33.11391830444336 73.33141326904297 57.34172821044922
2 3.8615620136260986 0.3697901964187622 28.87934684753418 18.29916763305664 4 4.322183132171631 17.63189697265625 29.75945281982422 34.567317962646484
8 53.396087646484375 99.10078430175781 89.36172485351562 114.00007629394531
1 65.94666290283203 34.0890007019043 104.4868392944336 48.227256774902344 6 67.42817687988281 33.250213623046875 97.14457702636719 48.94412612915039
5 12.25051212310791 21.270462036132812 54.28502655029297 41.62397384643555 9 15.279438972473145 38.70344543457031 57.76807403564453 60.855621337890625
2 15.64503288269043 20.363561630249023 45.10740661621094 36.14270782470703

8 25.93224334716797 32.50606918334961 60.98060989379883 58.56721496582031 8 19.682289123535156 37.656959533691406 52.2608757019043 53.4434814453125 1 27.260135650634766 22.325271606445312 64.95025634765625 37.43819046020508
5 17.164018630981445 53.77815246582031 59.39529037475586 87.71170806884766 3 21.381629943847656 61.22952651977539 58.72820281982422 86.63788604736328
2 5.688770294189453 33.27951431274414 29.789121627807617 47.69001388549805 9 6.698427200317383 20.531963348388672 30.08834457397461 35.00564956665039
1 42.532779693603516 49.09700393676758 86.28228759765625 65.18313598632812 1 26.834354400634766 99.37742614746094 88.85994720458984 126.72084045410156 3 33.56039810180664 49.639347076416016 91.89081573486328 73.4642105102539
4 12.922873497009277 27.09925651550293 31.182878494262695 37.924190521240234 6 9.009973526000977 13.482856750488281 28.063562393188477 23.3177490234375
4 13.133326530456543 8.432398796081543 40.987030029296875 31.628889083862305 6 12.625969886779785 32.19084167480469 42.271141052246094 52.054386138916016
5 5.049283981323242 22.33490562438965 37.19770050048828 40.95015335083008

9 85.79627227783203 12.534307479858398 123.19438934326172 44.654396057128906 9 60.5237922668457 2.079648733139038 111.39263153076172 32.746742248535156

1 86.82289123535156 114.8488998413086 137.9129180908203 136.8189239501953 5 109.93763732910156 125.3778305053711 148.6007080078125 142.15748596191406
2 5.988506317138672 5.178689479827881 31.75528907775879 18.750776290893555 8 6.466126918792725 18.96092414855957 32.048583984375 33.1811637878418
7 12.347570419311523 45.342254638671875 48.22298049926758 65.54463958740234 1 14.522462844848633 1.730028510093689 52.51327896118164 17.37271499633789 2 13.621003150939941 21.466875076293945 49.778953552246094 41.012393951416016
8 21.126483917236328 17.044025421142578 70.05961608886719 50.94646072387695
3 4.481096267700195 2.7397096157073975 38.352569580078125 24.94635581970215 9 4.416335582733154 1.343557596206665 40.01297378540039 23.203174591064453
9 35.45430374145508 24.489652633666992 67.05828094482422 39.45266342163086
6 9.236498832702637 24.276796340942383 32.23240661621094 41.83590316772461
1 24.826847076416016 32.070682525634766 87.45984649658203 57.465858459472656 1 19.615135192871094 61.06843185424805 78.80054473876953 87.99727630615234
1 13.100242614746094 47.96281051635742 48.5759391784668 64.2543716430664
9 4.693477630615234 9.043986320495605 18.13227653503418 17.82469367980957 0 3.625922679901123 5.756824016571045 18.157760620117188 14.253804206848145
9 10.735845565795898 43.319881439208984 33.17781448364258 56.18511199951172 3 11.065608024597168 56.7620964050293 35.2861442565918 68.55581665039062
6 2.7061336040496826 2.164430618286133 34.11700439453125 21.468334197998047
4 12.168334007263184 26.762046813964844 81.5693359375 59.50795364379883

2 6.8038859367370605 18.85228729248047 34.15925216674805 31.41510009765625
2 26.036033630371094 27.698144912719727 49.59889602661133 41.68556594848633 2 15.4067964553833 30.747882843017578 48.69832992553711 51.556026458740234 1 12.984936714172363 6.868033409118652 49.4569091796875 20.675275802612305 5 14.600119590759277 54.000675201416016 49.495880126953125 74.5610122680664
0 53.70919418334961 88.68453216552734 81.20152282714844 104.29500579833984 9 56.795433044433594 80.2200927734375 80.39102935791016 92.20645141601562

1 54.83247375488281 106.86181640625 112.52254486083984 133.16184997558594 2 86.3071060180664 96.23883056640625 117.9019546508789 112.40401458740234 1 29.871826171875 66.8707504272461 108.29500579833984 106.40586853027344 4 88.741943359375 112.25669860839844 116.80341339111328 124.25439453125
1 14.677404403686523 1.7363771200180054 83.274169921875 28.252281188964844 1 14.70393180847168 73.35598754882812 85.3700180053711 102.89981079101562 1 15.31896686553955 37.677452087402344 80.51001739501953 73.06365966796875
8 15.972942352294922 43.71361541748047 59.34913635253906 64.60940551757812 9 20.65188980102539 38.77165985107422 62.48734664916992 65.9079818725586
3 8.364828109741211 5.251123905181885 34.80746841430664 22.60910987854004 2 9.890359878540039 28.436492919921875 34.488704681396484 43.54639434814453 1 11.542149543762207 21.841073989868164 34.89106750488281 35.627586364746094 5 12.150674819946289 6.61333703994751 35.86323928833008 20.065366744995117
9 20.366233825683594 46.54209899902344 58.62799072265625 62.74091720581055 2 25.53960609436035 32.64535140991211 56.27127456665039 49.001495361328125
1 23.68877601623535 24.842958450317383 90.53721618652344 59.330230712890625
2 24.035470962524414 2.66611647605896 48.94603729248047 19.48148536682129 6 14.608376502990723 47.422664642333984 39.714332580566406 64.17607116699219 6 14.674738883972168 30.46381378173828 40.731754302978516 46.195556640625
7 17.524749755859375 5.690489768981934 53.79302978515625 29.061954498291016
4 16.650739669799805 19.073047637939453 75.7969741821289 53.235206604003906 6 18.508310317993164 52.13341522216797 79.34600067138672 99.2822494506836 0 28.48052406311035 50.67344665527344 83.92731475830078 84.92533874511719
6 22.319971084594727 47.25065994262695 56.73656463623047 67.30582427978516
2 12.599806785583496 33.96182632446289 35.46312713623047 54.36521530151367
8 5.7128496170043945 0.504007875919342 26.501602172851562 12.29575252532959 3 6.254953861236572 2.5882515907287598 26.067943572998047 13.333247184753418

5 8.091353416442871 28.049283981323242 47.02373123168945 51.03060531616211 6 7.973933696746826 3.3765528202056885 47.87682342529297 28.51067352294922
9 16.570247650146484 20.397686004638672 43.016605377197266 36.91966247558594
2 22.708417892456055 18.058256149291992 47.686614990234375 34.398502349853516 7 21.60701560974121 41.872314453125 46.87137985229492 56.52066421508789

2 7.065131664276123 19.337709426879883 39.79642105102539 42.09804153442383
1 44.21333312988281 12.30533504486084 145.4285125732422 59.60822296142578 2 43.32838821411133 75.0027847290039 131.93679809570312 130.04469299316406 2 42.923179626464844 31.08778190612793 143.88597106933594 86.67656707763672
3 7.3258843421936035 8.374080657958984 26.059663772583008 22.478111267089844
9 6.803764343261719 15.415406227111816 23.377033233642578 29.62851905822754 4 5.982449054718018 5.441180229187012 22.514039993286133 15.77634334564209
0 24.0268497467041 43.64008712768555 60.03507614135742 59.416046142578125 3 24.618682861328125 32.014408111572266 53.67130661010742 47.69367599487305
2 27.787439346313477 11.930930137634277 64.40211486816406 40.75408935546875 2 24.263099670410156 40.2277717590332 61.059364318847656 65.70893859863281
7 60.413116455078125 80.41779327392578 100.7538833618164 107.99266052246094
1 8.910985946655273 23.325817108154297 36.236873626708984 36.51124954223633 3 9.811250686645508 36.92374038696289 37.42153549194336 52.0845947265625
6 6.591536045074463 29.737852096557617 31.88677978515625 43.20935821533203
1 89.22624206542969 105.17803955078125 138.78204345703125 126.82319641113281 3 84.0544662475586 142.68922424316406 118.8987808227539 167.12925720214844
0 21.158754348754883 39.390892028808594 68.00236511230469 63.2685546875 9 22.828632354736328 26.165620803833008 69.5989761352539 45.725730895996094
1 24.318355560302734 65.67212677001953 123.60779571533203 106.21969604492188 3 20.494062423706055 -0.3719806969165802 131.44561767578125 67.54662322998047
2 11.207338333129883 7.226864337921143 32.104862213134766 20.248842239379883
7 86.2938003540039 39.83949279785156 138.71942138671875 79.2101058959961 4 -15.221369743347168 2.9878649711608887 42.7748908996582 34.23713684082031
1 15.616353988647461 0.1887311041355133 38.79179763793945 11.563350677490234 6 14.153355598449707 13.284225463867188 37.641136169433594 28.548927307128906 0 14.646317481994629 29.80653953552246 40.101417541503906 48.761016845703125
4 6.358699321746826 18.1544132232666 26.77267074584961 29.797378540039062 7 6.089106559753418 5.448970794677734 27.35552406311035 17.160079956054688

3 42.57142639160156 35.68375778198242 65.36636352539062 49.88500213623047 3 37.62899398803711 51.99885177612305 63.91070556640625 67.11373138427734
7 100.56626892089844 44.361759185791016 146.4573974609375 81.8793716430664 1 91.57183074951172 26.301179885864258 155.7786407470703 50.49480438232422
7 8.578824996948242 11.607564926147461 36.762210845947266 28.6561336517334 7 8.040993690490723 26.33896827697754 34.86551284790039 42.43208694458008 1 12.936147689819336 1.5297648906707764 40.696189880371094 17.792970657348633
0 63.6655158996582 96.32670593261719 99.310791015625 120.02558898925781 1 22.01953125 60.08784103393555 115.72801971435547 89.52556610107422

4 12.257720947265625 85.80802154541016 48.5671272277832 108.1966552734375 3 60.71088409423828 87.15533447265625 91.9306640625 104.26092529296875

9 6.981490135192871 11.846240043640137 34.85490036010742 23.05912971496582
3 2.242514133453369 10.238103866577148 24.08875846862793 25.167604446411133
4 16.452281951904297 15.366362571716309 40.56198501586914 35.849609375 6 17.061460494995117 33.008277893066406 41.339683532714844 48.04667282104492
7 9.260848045349121 0.05397442728281021 34.61519241333008 14.980451583862305 5 10.72330379486084 15.94890308380127 36.335792541503906 30.180767059326172
4 25.016103744506836 28.118207931518555 53.69162368774414 48.75473403930664 5 17.723176956176758 4.246789932250977 47.91410446166992 18.65911865234375
8 23.156137466430664 17.45841407775879 55.13607406616211 34.738243103027344 8 26.40275001525879 5.594707012176514 72.41278839111328 25.693143844604492
6 7.3790693283081055 4.442084312438965 50.810279846191406 34.266944885253906
7 12.57436752319336 42.74263381958008 38.23926544189453 55.30574417114258 4 14.273544311523438 22.90776824951172 38.35690689086914 40.5976676940918
7 33.74821853637695 65.83428955078125 101.92803192138672 106.47039794921875
5 14.682409286499023 35.64262390136719 45.82093811035156 48.74782180786133 3 22.809232711791992 42.57554626464844 46.20656204223633 55.423702239990234
0 8.196640014648438 11.330024719238281 29.277786254882812 23.238943099975586
2 56.678951263427734 211.84400939941406 101.38862609863281 239.46331787109375 2 57.253387451171875 74.43766784667969 172.71102905273438 117.67105865478516
6 12.74234676361084 19.434938430786133 46.523590087890625 39.89189147949219
4 7.844315528869629 9.5852689743042 41.249637603759766 27.226924896240234 1 10.9653902053833 2.9579429626464844 44.42388916015625 19.48356819152832

3 7.375877857208252 0.18083281815052032 30.717864990234375 13.770513534545898

9 12.26607608795166 18.611858367919922 37.317405700683594 34.6917839050293 6 9.553140640258789 5.1668925285339355 34.808773040771484 19.98612403869629
7 7.446690082550049 10.399507522583008 48.8739013671875 43.63675308227539
4 27.854806900024414 29.517438888549805 50.10881042480469 43.75349426269531 1 19.974699020385742 18.319364547729492 42.59730911254883 29.275480270385742
3 18.95155143737793 15.566679954528809 46.10573196411133 32.14595413208008
9 16.457382202148438 30.696746826171875 45.69755172729492 46.127410888671875
2 9.639594078063965 32.580135345458984 50.48475646972656 57.27250671386719
0 5.13012170791626 18.43311309814453 28.39349365234375 31.681838989257812 2 4.357255935668945 4.3322272300720215 27.74602508544922 16.90560531616211
1 15.670117378234863 53.6334114074707 43.46282958984375 71.19438171386719
5 8.227176666259766 10.524036407470703 43.85445785522461 28.483936309814453 7 9.007692337036133 29.70840835571289 42.90126419067383 47.62141418457031
5 76.49626922607422 30.62586212158203 134.5454559326172 70.31011962890625
1 35.29351806640625 93.07001495361328 117.7559585571289 132.9561309814453 4 30.122114181518555 50.17868423461914 116.74873352050781 95.00884246826172
5 8.36988353729248 8.940589904785156 31.245119094848633 22.594905853271484
9 8.919951438903809 9.95538330078125 33.74679183959961 25.193044662475586 5 6.887386322021484 21.632699966430664 33.00748062133789 35.40811538696289
8 10.209936141967773 6.913443088531494 40.777530670166016 22.83648681640625 5 10.908982276916504 23.241024017333984 42.417686462402344 41.36314392089844
1 32.91654586791992 5.8136515617370605 70.97459411621094 24.936283111572266 2 24.122526168823242 25.790298461914062 60.73512268066406 48.03583908081055
4 4.740477561950684 1.406449556350708 23.213754653930664 11.693769454956055
1 62.30842971801758 49.99829864501953 120.32349395751953 74.11223602294922 1 55.06438064575195 55.7967414855957 101.5546875 75.7943115234375 3 53.77236557006836 68.48731231689453 109.31651306152344 91.2095947265625
3 3.342064619064331 11.993827819824219 40.4271240234375 28.49924659729004 2 3.500950813293457 17.536785125732422 38.172183990478516 36.15793991088867
9 46.1920166015625 1.5351581573486328 80.71217346191406 20.986722946166992
2 7.449835300445557 20.064233779907227 30.128507614135742 34.88853073120117 2 9.495096206665039 9.484185218811035 30.97240447998047 21.2717227935791 4 10.885516166687012 19.932601928710938 30.9725341796875 34.27710723876953
2 5.2399444580078125 17.401344299316406 28.737337112426758 29.995576858520508
8 22.24614143371582 51.002174377441406 64.69490814208984 76.1666030883789 7 21.99393653869629 25.126197814941406 65.63691711425781 45.865543365478516
6 53.88841247558594 27.140098571777344 95.58091735839844 52.42055892944336 3 55.008968353271484 16.22211456298828 102.79241180419922 43.27741622924805
4 10.520622253417969 10.160157203674316 56.82542419433594 33.48077392578125
3 25.23676109313965 11.011283874511719 44.96430206298828 24.954687118530273 1 26.436708450317383 2.5088350772857666 46.84446334838867 12.310222625732422 2 22.532371520996094 25.79117202758789 43.61258316040039 40.82225799560547
6 3.096630573272705 13.898691177368164 24.320772171020508 26.980167388916016
1 10.03180980682373 14.685541152954102 41.037715911865234 27.383718490600586 8 9.558170318603516 27.457942962646484 41.563941955566406 44.27073287963867
1 9.0174560546875 3.1010794639587402 47.206336975097656 17.541105270385742
5 9.786468505859375 -0.07791449874639511 40.61417770385742 20.078807830810547 4 9.154808044433594 18.787708282470703 41.48347854614258 38.84893035888672
2 38.1120719909668 62.45702362060547 98.26022338867188 97.31289672851562 3 40.84369659423828 38.77024841308594 96.77476501464844 65.57682037353516
7 46.042869567871094 63.562137603759766 83.55979919433594 81.15629577636719 0 41.44241714477539 72.22834014892578 69.96147918701172 89.888916015625
7 21.967933654785156 23.340545654296875 48.209075927734375 42.54719543457031 4 14.503678321838379 45.71929931640625 39.690521240234375 61.99876022338867
1 38.31471252441406 23.357776641845703 99.49568176269531 39.01063919067383 3 37.048343658447266 77.15858459472656 88.1949462890625 105.1572036743164
2 23.278654098510742 45.43938064575195 61.73186111450195 63.88916015625
2 35.17467498779297 38.98872756958008 67.02442932128906 64.90139770507812 2 18.971302032470703 45.44623947143555 68.49925994873047 68.82215881347656
1 18.26964569091797 4.470978736877441 50.69923400878906 19.458133697509766 7 17.68240737915039 16.99199867248535 49.26252365112305 29.904821395874023
1 76.4023208618164 103.95807647705078 111.16008758544922 124.20040130615234
9 4.918220043182373 1.5475130081176758 27.9422550201416 16.378538131713867
4 7.803672790527344 14.659381866455078 25.732851028442383 24.857866287231445 5 7.457762718200684 20.715932846069336 25.33939552307129 30.294139862060547
0 36.179481506347656 66.30261993408203 67.18472290039062 83.21810150146484 4 41.40603256225586 50.48300552368164 83.823974609375 71.89012908935547 5 29.565114974975586 83.4657974243164 72.54537200927734 116.58838653564453
0 18.076141357421875 80.61406707763672 89.37615203857422 115.98368835449219 2 18.934293746948242 25.128732681274414 92.35791015625 70.79654693603516 4 28.56979751586914 24.736438751220703 101.17325592041016 65.39649200439453
9 45.92838668823242 37.73274230957031 85.21049499511719 62.556907653808594 1 135.56199645996094 78.59524536132812 222.30677795410156 115.32777404785156 9 48.53404998779297 58.226009368896484 83.60271453857422 76.99172973632812
6 31.155038833618164 1.402483344078064 73.38455963134766 17.239768981933594
2 5.754207134246826 2.9627504348754883 26.880168914794922 17.667211532592773
7 27.765729904174805 65.86486053466797 83.42924499511719 94.01888275146484 2 40.57912063598633 38.78101348876953 90.39691162109375 71.8553695678711 1 41.86231231689453 66.50676727294922 87.25553894042969 92.26513671875
5 12.899458885192871 22.525802612304688 43.49522399902344 36.26948165893555 9 14.935284614562988 14.869462013244629 41.65361022949219 28.852930068969727 6 12.110658645629883 6.076937675476074 39.715187072753906 15.934321403503418

5 8.306224822998047 20.1384220123291 25.42823028564453 30.220443725585938
8 4.5041823387146 9.90539264678955 45.65610122680664 31.17235565185547

8 40.9367561340332 43.67706298828125 76.01326751708984 61.95378875732422 3 43.633148193359375 17.146141052246094 80.99290466308594 35.27120590209961
4 12.928972244262695 36.7232666015625 56.05411911010742 57.7620849609375 2 13.046786308288574 10.924461364746094 56.06588363647461 31.703779220581055
2 95.13203430175781 71.67990112304688 128.01092529296875 88.84568786621094 7 56.78532409667969 105.73470306396484 130.03213500976562 167.27468872070312
4 32.234981536865234 89.482666015625 69.49466705322266 104.84478759765625

6 17.835519790649414 45.32233810424805 42.415977478027344 59.74225997924805
4 15.524019241333008 29.284860610961914 50.889034271240234 47.935420989990234 2 13.543905258178711 12.52588939666748 50.00175857543945 33.490211486816406
4 5.925896644592285 18.79340171813965 25.718748092651367 30.935588836669922 2 4.368778228759766 24.463632583618164 24.647159576416016 34.43518829345703
5 4.053745269775391 10.914451599121094 22.022098541259766 21.563854217529297
1 13.795939445495605 39.37171173095703 63.685768127441406 63.26477813720703 1 27.67359733581543 43.55891036987305 64.88959503173828 57.98612976074219 1 20.070053100585938 19.445777893066406 67.48249053955078 46.94818115234375

3 11.095502853393555 21.652721405029297 51.49489974975586 43.873992919921875 6 12.235274314880371 45.163028717041016 52.095767974853516 64.96292877197266
8 6.652894973754883 15.167320251464844 37.07255554199219 33.132389068603516 5 8.047039985656738 0.25341957807540894 40.08796691894531 15.016744613647461 3 11.013681411743164 -0.17827743291854858 38.280086517333984 15.565814018249512
9 27.796977996826172 34.901649475097656 65.1998291015625 56.512149810791016

3 53.49649429321289 4.957190990447998 95.29671478271484 24.483518600463867 0 40.73899841308594 46.22553634643555 66.2738265991211 64.95390319824219
3 10.350420951843262 25.257966995239258 37.10294723510742 42.74334716796875 4 15.825138092041016 13.776825904846191 38.582481384277344 29.598066329956055
7 31.5391845703125 105.67105865478516 96.40023803710938 137.84352111816406
0 32.85989761352539 36.01638412475586 82.45744323730469 62.230709075927734 1 26.759355545043945 7.438546657562256 81.73965454101562 30.218795776367188
2 19.0847225189209 11.964216232299805 42.69951248168945 23.331750869750977 8 18.593978881835938 13.245433807373047 42.68564224243164 28.59503746032715
2 1.409042477607727 2.6226770877838135 18.91307258605957 13.527579307556152
7 7.588681221008301 16.551685333251953 39.42325973510742 34.1588134765625

2 42.13299560546875 79.30396270751953 82.61390686035156 106.94845581054688
5 6.819594860076904 14.018349647521973 43.52937698364258 37.272972106933594
2 12.486659049987793 10.50977897644043 38.38951873779297 28.959630966186523 8 9.459470748901367 25.874858856201172 38.89104461669922 44.63674545288086 3 8.083173751831055 29.72406768798828 37.55202865600586 46.508514404296875
3 48.50578308105469 22.660991668701172 81.34285736083984 47.09275436401367 7 50.30874252319336 10.418830871582031 83.65850067138672 35.044612884521484 3 51.41530990600586 43.408172607421875 85.60371398925781 61.86297607421875
8 10.229799270629883 28.18234634399414 34.29056167602539 42.959476470947266
5 28.19471549987793 64.72176361083984 71.79170989990234 84.80486297607422 2 27.051029205322266 29.32234764099121 66.33226013183594 48.929779052734375
3 8.518445014953613 24.437530517578125 54.90290069580078 53.66618347167969
4 5.1201934814453125 5.860140800476074 30.59966278076172 24.095197677612305
5 42.307708740234375 73.80979919433594 96.8050537109375 95.88447570800781 2 69.8108901977539 21.92718505859375 125.12763977050781 53.86924362182617
5 6.700522422790527 15.921907424926758 58.770294189453125 47.16432571411133
6 21.664783477783203 27.84473991394043 88.81282043457031 54.360633850097656
6 17.09680938720703 1.7562291622161865 56.0545539855957 37.94104766845703
1 49.660003662109375 15.043030738830566 77.89265441894531 27.90277862548828 3 56.20292282104492 26.39006805419922 83.85990142822266 41.578575134277344
3 27.975080490112305 1.0427881479263306 62.5850944519043 19.64109992980957 3 26.844287872314453 9.48090934753418 63.7774658203125 28.881999969482422
2 13.009750366210938 7.937977313995361 34.472740173339844 19.20211410522461 7 13.612595558166504 18.0661678314209 34.38105392456055 29.50408935546875
7 23.88555908203125 36.60867691040039 54.92269515991211 50.55390930175781 7 32.556907653808594 48.17702102661133 53.5568733215332 58.42036437988281
2 8.919428825378418 12.509037017822266 32.033878326416016 24.132469177246094 3 8.556807518005371 22.576562881469727 30.01849937438965 36.39316940307617
3 9.031573295593262 8.239727020263672 30.623281478881836 22.246763229370117 3 8.1040620803833 21.36180877685547 30.103527069091797 34.92133331298828

1 12.22799015045166 26.65408706665039 38.4572868347168 41.67943572998047 3 11.448700904846191 15.975001335144043 36.55659866333008 26.244285583496094
1 11.242709159851074 15.499580383300781 30.897197723388672 24.8408203125 0 9.791635513305664 24.172210693359375 30.437715530395508 37.61432647705078
3 8.753461837768555 0.8388651013374329 32.66451644897461 14.992850303649902
7 14.180603981018066 21.102571487426758 37.24986267089844 39.826568603515625
9 4.849134922027588 7.073441028594971 29.815052032470703 18.944194793701172 9 5.190663814544678 20.354358673095703 31.254610061645508 33.77116012573242
1 8.914217948913574 11.427810668945312 40.18653106689453 24.504249572753906 0 7.507452011108398 25.32369041442871 39.7547492980957 40.92280960083008

2 9.26972484588623 0.8079525232315063 32.833805084228516 12.762029647827148 2 11.853631019592285 10.3275728225708 34.96595764160156 24.466299057006836
6 10.691854476928711 17.072433471679688 45.38880920410156 32.622642517089844 0 9.487030029296875 30.653398513793945 44.527320861816406 45.758026123046875
4 59.65300750732422 38.29962158203125 102.40206909179688 58.90652847290039 6 38.09963607788086 55.45401382446289 98.78873443603516 82.86231231689453 3 57.49013137817383 46.57984161376953 93.88311767578125 68.8695068359375 3 62.806148529052734 55.50093460083008 103.16835021972656 73.28367614746094 1 64.35597229003906 36.196197509765625 98.99407958984375 58.85676193237305
8 23.543731689453125 2.3028385639190674 56.99274444580078 28.9958553314209

1 60.632110595703125 110.83888244628906 111.50675964355469 140.0877685546875 1 75.6517562866211 130.35940551757812 114.01478576660156 153.93870544433594 4 97.22184753417969 115.4211654663086 133.2145538330078 139.9242706298828
2 22.17211151123047 43.83563232421875 47.17494583129883 56.320152282714844 7 18.635581970214844 59.76416778564453 44.94229507446289 73.56478118896484
7 8.278705596923828 21.937313079833984 27.895273208618164 32.43178176879883 6 8.918261528015137 8.623041152954102 30.1026668548584 20.796785354614258
1 12.690295219421387 4.770017623901367 40.386470794677734 18.32308006286621 3 15.396890640258789 10.567436218261719 38.743717193603516 26.53311538696289
2 53.91444778442383 79.06845092773438 103.79966735839844 112.41548156738281 2 29.033031463623047 107.99385833740234 82.96253204345703 133.73365783691406 5 32.2495231628418 102.25743103027344 75.29476928710938 132.33294677734375
1 12.978286743164062 35.54617691040039 36.34087371826172 47.676002502441406 6 17.13064956665039 24.517780303955078 35.956790924072266 33.76152801513672
5 4.752768516540527 16.30773162841797 32.163291931152344 31.319122314453125 5 5.39501953125 4.741951942443848 33.23664093017578 16.3271484375
9 6.324347496032715 25.372100830078125 41.500823974609375 43.42997360229492 4 5.022632122039795 3.991117238998413 41.381038665771484 22.90790557861328
2 202.97503662109375 240.51531982421875 246.36585998535156 268.49993896484375
1 8.586119651794434 6.347586631774902 30.4448299407959 19.685266494750977
8 7.680786609649658 21.036535263061523 30.98765754699707 32.8816032409668 3 7.283537864685059 26.331708908081055 27.47848129272461 36.21143341064453
8 15.074319839477539 48.52603530883789 62.88816833496094 74.72540283203125
5 13.093198776245117 19.355432510375977 35.54168701171875 35.650047302246094 2 11.087387084960938 1.7190866470336914 35.41309356689453 16.111658096313477 2 9.220891952514648 9.470165252685547 33.5668830871582 31.46271514892578
3 72.24051666259766 39.145103454589844 121.8511962890625 65.8595962524414
3 16.447998046875 56.22075271606445 77.88532257080078 88.59259033203125 4 14.592389106750488 28.583871841430664 83.71317291259766 56.85625457763672 4 10.472381591796875 3.6192259788513184 85.93177032470703 37.110416412353516
8 5.939435005187988 16.183990478515625 29.73395347595215 29.286041259765625 4 4.491472244262695 1.6306573152542114 28.829727172851562 16.40508460998535
2 20.266765594482422 24.64521026611328 41.02773666381836 42.33243179321289 3 19.343952178955078 39.100032806396484 40.820926666259766 51.52174758911133 2 24.100269317626953 28.609512329101562 40.03083801269531 37.637149810791016
6 49.48088073730469 77.11616516113281 78.57271575927734 97.52107238769531
3 7.697699546813965 18.643596649169922 35.055946350097656 36.92238998413086 7 6.995747089385986 0.5144837498664856 35.54301071166992 15.223946571350098 7 7.726342678070068 6.2618303298950195 35.660343170166016 22.95732879638672
2 14.448456764221191 29.84372901916504 48.5473747253418 51.754547119140625 1 21.084575653076172 25.17580795288086 59.89689636230469 43.28907775878906
2 9.949898719787598 34.97444534301758 34.2108268737793 47.50027847290039 2 10.343585968017578 20.9212703704834 35.03447341918945 35.79778289794922

0 92.68584442138672 166.6087188720703 142.46844482421875 202.83966064453125
3 23.54353904724121 43.787593841552734 56.58240509033203 62.96028137207031 6 23.9422607421875 29.934951782226562 58.37631607055664 51.04780197143555
1 30.261449813842773 5.544508934020996 68.80537414550781 23.060945510864258
2 31.7122802734375 37.78328323364258 66.69819641113281 59.09467697143555 3 29.012720108032227 58.83306121826172 63.82269287109375 76.68107604980469 9 30.303865432739258 78.78421783447266 68.32748413085938 98.42756652832031
2 35.262290954589844 7.744235038757324 60.6260986328125 23.647024154663086 2 31.27095603942871 3.860971689224243 59.356658935546875 17.186494827270508
1 77.92964935302734 105.638427734375 133.43556213378906 123.66108703613281 9 64.61978912353516 135.34388732910156 123.99394226074219 157.97677612304688
8 32.93922424316406 34.05977249145508 82.66819763183594 68.165283203125 1 58.68846893310547 7.051734924316406 104.98896026611328 32.69624328613281 0 52.37666702270508 26.691181182861328 97.74097442626953 55.24715042114258
3 16.339662551879883 12.508624076843262 41.408451080322266 28.152719497680664
9 21.791854858398438 39.25593185424805 51.529884338378906 55.09383010864258 4 23.293991088867188 20.189828872680664 54.35908508300781 37.261207580566406
7 29.844654083251953 116.92083740234375 88.95284271240234 144.8439178466797
2 16.960901260375977 14.702805519104004 51.07961654663086 30.885467529296875 6 20.395931243896484 40.13246154785156 51.82035827636719 58.956695556640625
5 17.300979614257812 20.251253128051758 49.46145248413086 37.14968490600586 6 22.534276962280273 15.798600196838379 56.5514030456543 30.100027084350586 4 24.120866775512695 3.3325748443603516 54.22771453857422 18.051307678222656
4 3.7483069896698 12.971953392028809 22.028444290161133 24.072439193725586

2 9.692232131958008 3.8485281467437744 41.540470123291016 21.3227481842041 7 8.16592025756836 19.56967544555664 41.03587341308594 37.27000427246094 0 7.260811805725098 31.48480987548828 41.37089157104492 49.981781005859375
7 9.866808891296387 12.626313209533691 32.543617248535156 25.95030975341797 8 9.741693496704102 18.636478424072266 31.316619873046875 34.3358268737793 0 14.243982315063477 20.058523178100586 30.58820152282715 29.86631965637207
8 146.01519775390625 31.05500602722168 186.10740661621094 64.02033233642578
5 25.487197875976562 27.932191848754883 53.48649215698242 44.252010345458984 1 24.086820602416992 3.055290699005127 50.618492126464844 17.468631744384766
4 5.057778835296631 14.923255920410156 26.36615562438965 30.889902114868164
1 20.604354858398438 5.419397830963135 45.42400360107422 17.91529655456543 7 20.5758113861084 15.869701385498047 43.27091598510742 28.319326400756836 2 17.688133239746094 32.888729095458984 40.40301513671875 47.04007339477539

9 6.51957368850708 3.822256088256836 32.431156158447266 19.271053314208984 4 6.3015265464782715 19.617258071899414 32.9318962097168 35.146263122558594
3 7.9021687507629395 34.67729568481445 30.816844940185547 47.17512512207031 2 7.728212356567383 19.209524154663086 30.24626922607422 34.13236618041992
5 5.18481969833374 18.987075805664062 34.04349136352539 40.15099334716797
2 37.701107025146484 37.119049072265625 69.95545196533203 54.64078903198242 3 35.525665283203125 49.9722900390625 60.987640380859375 70.86812591552734
6 11.596487998962402 5.569782733917236 33.7271728515625 23.835351943969727
6 43.195098876953125 31.91060447692871 85.8227767944336 49.561893463134766
2 41.27318572998047 3.908766508102417 78.51384735107422 19.97494888305664 2 40.94281005859375 24.337278366088867 74.8045425415039 39.782466888427734
1 15.986051559448242 26.563352584838867 59.16379165649414 49.467140197753906
9 9.433818817138672 20.9435977935791 35.40078353881836 35.402496337890625 7 9.636797904968262 7.164829254150391 34.281982421875 21.76065444946289
2 12.760537147521973 17.978683471679688 36.86540222167969 33.802734375 2 11.837553024291992 3.428126811981201 39.05831527709961 18.145465850830078
3 3.4920382499694824 6.10459041595459 24.83061981201172 19.236814498901367
4 25.096893310546875 16.489591598510742 47.595401763916016 28.735857009887695 3 26.183908462524414 0.6385281085968018 49.675846099853516 14.774105072021484
5 7.695009231567383 0.3971342444419861 36.340152740478516 15.254981994628906 5 6.895350456237793 8.420336723327637 35.41849899291992 24.66920280456543
2 6.618686676025391 0.13527008891105652 33.942466735839844 13.626941680908203

5 5.632815361022949 15.484199523925781 26.28471565246582 30.269683837890625 6 5.732264041900635 0.11463427543640137 26.918373107910156 12.943912506103516
5 4.5689167976379395 16.762344360351562 26.007719039916992 31.035343170166016
2 5.438824653625488 2.107555866241455 27.812538146972656 16.700590133666992
8 19.878337860107422 22.489870071411133 46.15913772583008 41.79127502441406 4 57.33994674682617 61.512489318847656 77.01493072509766 73.64276885986328 4 22.877239227294922 46.257408142089844 49.229347229003906 65.60916137695312 6 44.13751983642578 44.36020278930664 70.64031219482422 59.21570587158203 3 41.93764877319336 10.971444129943848 68.24098205566406 25.55666160583496 1 56.900856018066406 36.95721435546875 76.12635803222656 49.26274871826172 3 47.41128158569336 22.13661003112793 74.33262634277344 41.96736145019531
7 25.15718650817871 27.324058532714844 53.05281066894531 43.94760513305664 6 37.433250427246094 22.89444351196289 67.47600555419922 45.25155258178711
3 89.38155364990234 102.00650024414062 174.3411407470703 143.8863525390625
2 26.900737762451172 19.766956329345703 62.71322250366211 39.309635162353516 0 24.67635154724121 58.353668212890625 58.434967041015625 77.26847839355469 4 28.187410354614258 45.18599319458008 61.8517951965332 61.889957427978516 7 22.93063735961914 43.8370361328125 55.33831787109375 60.99140548706055
2 29.185697555541992 26.573442459106445 60.593448638916016 41.683834075927734 8 23.63787841796875 43.17173385620117 57.02841567993164 60.0979118347168
5 62.06852340698242 72.34756469726562 136.34619140625 99.69415283203125
3 38.75913619995117 47.32498550415039 68.8523941040039 63.546634674072266 4 34.047752380371094 35.47674560546875 79.09529113769531 64.78971862792969
8 26.329177856445312 46.30344009399414 73.88093566894531 68.86971282958984 0 37.622501373291016 40.71028518676758 81.50579833984375 65.95602416992188
1 25.350555419921875 69.9447250366211 98.4751205444336 96.194091796875 1 17.181135177612305 17.47446632385254 79.65856170654297 38.059303283691406 2 18.578094482421875 32.465370178222656 78.8642349243164 57.69156265258789 1 26.942869186401367 50.840057373046875 81.13011932373047 71.69950866699219
0 61.35559844970703 58.163330078125 102.29100036621094 79.73263549804688 1 57.932525634765625 21.25326156616211 101.8149642944336 42.28594207763672 6 25.79395294189453 54.642234802246094 91.02226257324219 87.18113708496094
5 8.028709411621094 1.072235107421875 38.35780715942383 16.81966781616211
7 17.981931686401367 0.7669038772583008 44.33686065673828 12.499089241027832
1 18.089635848999023 29.641143798828125 44.19082260131836 42.42407989501953
1 10.155513763427734 19.949472427368164 40.888427734375 36.22197341918945 6 23.19873046875 45.2818489074707 54.483951568603516 66.73737335205078 8 40.19507598876953 68.37670135498047 74.81578826904297 86.43695068359375
6 25.807703018188477 47.891029357910156 53.53085708618164 63.277374267578125 2 20.298355102539062 67.63246154785156 52.718902587890625 82.55412292480469 2 28.484474182128906 62.90657043457031 49.22385787963867 72.88580322265625
0 36.40815353393555 51.72655487060547 70.0497055053711 68.63422393798828 2 55.947052001953125 36.175682067871094 81.17706298828125 54.57543182373047 1 36.33745574951172 67.1137924194336 62.854591369628906 81.0326156616211 5 37.11945343017578 44.154762268066406 69.45515441894531 59.99687576293945
1 51.452171325683594 36.86756896972656 78.962890625 50.345008850097656 5 19.345951080322266 42.882232666015625 59.533042907714844 68.34671020507812
6 33.169307708740234 64.67314910888672 65.6585464477539 88.47041320800781 3 40.055763244628906 63.909034729003906 66.90318298339844 75.81909942626953
2 52.801265716552734 59.119693756103516 95.15547180175781 85.71198272705078 1 51.30429458618164 120.07826232910156 87.35660552978516 140.53656005859375
1 18.558467864990234 21.359041213989258 44.413047790527344 34.484962463378906
9 13.874136924743652 45.08184814453125 59.74077224731445 68.06393432617188 7 12.532732963562012 18.556909561157227 57.77789306640625 42.82829666137695 6 11.972128868103027 42.34708023071289 60.1915283203125 67.85843658447266
3 21.780275344848633 42.86769104003906 49.54130935668945 60.709957122802734 2 25.742158889770508 31.54582977294922 53.47006607055664 50.0576286315918
5 9.1876859664917 25.503507614135742 38.538055419921875 42.68552017211914
6 63.51873779296875 31.312984466552734 111.71561431884766 58.14337921142578
3 9.235352516174316 59.95933532714844 45.09354782104492 74.08590698242188
7 52.22545623779297 43.101844787597656 79.3680191040039 56.53733825683594 4 55.059837341308594 29.316238403320312 86.9682846069336 52.06618118286133
1 6.694754123687744 5.2630486488342285 31.461685180664062 17.08597755432129 5 7.615946292877197 15.409490585327148 32.359527587890625 28.690998077392578
1 9.968250274658203 10.465500831604004 33.57539367675781 19.78777313232422 6 9.660079956054688 20.27462387084961 32.615718841552734 32.39939880371094
3 58.37879180908203 79.25289154052734 100.99224853515625 106.45706939697266

6 20.578563690185547 43.509769439697266 45.238746643066406 58.858245849609375 1 19.166276931762695 31.137086868286133 44.56749725341797 43.69819259643555
4 4.647797107696533 10.203816413879395 33.944252014160156 28.10504722595215 2 4.257988452911377 24.783451080322266 31.475696563720703 40.22317123413086
2 35.30736541748047 19.510183334350586 63.24064636230469 34.18794631958008
6 4.696122169494629 9.707423210144043 25.820650100708008 21.168338775634766
6 112.11276245117188 76.34083557128906 181.15353393554688 128.95114135742188 2 144.11436462402344 103.95581817626953 207.9955291748047 134.38327026367188 1 22.834074020385742 56.79969787597656 79.2581787109375 95.93506622314453
6 9.251708030700684 5.533578395843506 30.33869171142578 19.3112735748291
3 16.681184768676758 13.208895683288574 36.4334602355957 25.983047485351562 4 15.832880973815918 22.283960342407227 35.690650939941406 31.222272872924805 8 12.883503913879395 22.788908004760742 36.049957275390625 34.31964111328125
4 84.27474975585938 57.628780364990234 115.92039489746094 76.71080780029297 4 46.22157669067383 58.09231185913086 80.52848815917969 77.88541412353516 8 70.94581604003906 64.01776885986328 106.85507202148438 89.52869415283203
3 6.403748989105225 18.6146240234375 30.768571853637695 33.08968734741211
9 7.912374973297119 9.600147247314453 29.22600555419922 19.15187644958496
9 11.932600021362305 73.31200408935547 59.82878494262695 95.10995483398438 1 65.81326293945312 39.18333435058594 110.77485656738281 57.68646240234375
2 23.413646697998047 50.79544448852539 67.15182495117188 74.27027130126953
1 7.846663951873779 1.4723800420761108 33.87175369262695 13.310452461242676 2 10.855841636657715 28.859128952026367 35.3452033996582 41.86922836303711 9 8.023026466369629 13.84293270111084 31.89484977722168 25.077024459838867 6 7.174763202667236 23.544157028198242 31.632875442504883 37.85086441040039
3 25.70772933959961 43.26754379272461 59.65156936645508 68.79939270019531 3 22.72821617126465 37.711280822753906 50.92857360839844 54.852760314941406
2 13.039400100708008 39.75897979736328 46.474159240722656 55.78807830810547 3 13.913385391235352 27.324403762817383 46.465553283691406 42.6092414855957
5 8.647699356079102 7.002776622772217 35.050025939941406 20.603084564208984 6 14.869765281677246 6.1433610916137695 32.256656646728516 15.43298625946045
9 29.70782470703125 36.34833908081055 57.318359375 57.3807258605957 3 40.257606506347656 34.80076599121094 64.69820404052734 48.840965270996094 8 37.47400665283203 32.520225524902344 65.13964080810547 52.20414733886719
9 5.083975315093994 10.511073112487793 32.56003189086914 22.49289321899414
1 115.39872741699219 100.92244720458984 154.79774475097656 119.75324249267578 5 102.38140869140625 104.70694732666016 152.20445251464844 130.67507934570312 7 114.89399719238281 128.19009399414062 153.44497680664062 147.6730194091797
0 26.662094116210938 73.33377838134766 183.12579345703125 138.3251190185547 1 72.18805694580078 12.159152030944824 221.30499267578125 59.07034683227539
2 7.20822286605835 22.969776153564453 39.738059997558594 39.75947570800781 3 8.252124786376953 8.46148681640625 41.471466064453125 27.867263793945312
7 87.63465118408203 79.40294647216797 119.55339813232422 97.81829833984375
3 6.9257683753967285 7.467860698699951 25.26871109008789 17.669675827026367
1 67.5491943359375 11.210006713867188 112.95303344726562 34.943084716796875 0 75.81319427490234 35.686527252197266 117.11563873291016 54.696327209472656 2 71.18666076660156 22.19422149658203 109.67915344238281 40.64903259277344
2 20.87261199951172 20.113019943237305 49.967323303222656 33.68695831298828 2 22.85753059387207 9.672930717468262 52.80669403076172 22.188535690307617
1 23.98404884338379 31.134521484375 54.09379959106445 44.28449630737305 6 22.13037872314453 51.65557098388672 51.2026252746582 67.94923400878906
4 6.536608695983887 3.228283405303955 31.06670379638672 17.007558822631836 4 4.1812968254089355 15.245888710021973 30.32103729248047 31.516315460205078
6 5.019560813903809 14.602685928344727 22.517486572265625 25.06419563293457 2 4.471062660217285 4.039185523986816 23.376861572265625 14.459282875061035
4 76.06140899658203 109.1012954711914 126.59757232666016 134.7628173828125 2 75.34904479980469 120.95220947265625 117.1302719116211 146.5768280029297
2 12.562003135681152 57.95903778076172 41.960357666015625 71.57443237304688
4 5.317850112915039 18.078052520751953 28.5049991607666 31.61174964904785 2 3.8876497745513916 3.6502904891967773 28.602405548095703 17.7802677154541
8 92.1067886352539 84.36754608154297 139.71987915039062 112.37164306640625 4 56.2606315612793 90.33307647705078 131.6130828857422 107.13156127929688
8 5.0054216384887695 13.077203750610352 30.40836524963379 27.29327964782715
2 13.870038986206055 45.05553436279297 55.51213455200195 63.44742202758789 3 15.591733932495117 68.97928619384766 56.67783737182617 86.49518585205078
7 8.144948959350586 17.596527099609375 31.227001190185547 31.46759796142578
8 23.17764663696289 63.27589416503906 93.75405883789062 104.7000503540039 6 23.494142532348633 29.589887619018555 99.05908966064453 67.76090240478516
1 73.87017059326172 9.351466178894043 116.07049560546875 25.255945205688477 6 72.9913101196289 28.885433197021484 117.82634735107422 45.69962692260742
3 15.425100326538086 8.091106414794922 75.10746002197266 35.785133361816406 5 12.771240234375 31.331989288330078 68.64495849609375 63.46375274658203

9 5.392546653747559 6.412903308868408 30.165029525756836 20.085241317749023
3 44.9501838684082 3.207907199859619 96.64976501464844 30.491252899169922 1 37.084232330322266 23.923320770263672 92.90908813476562 51.118160247802734
7 45.48944091796875 70.47882843017578 80.0184555053711 84.6484603881836 7 40.899227142333984 72.32076263427734 83.65499114990234 95.55696105957031
2 4.989014148712158 0.4711133539676666 25.91312599182129 13.668121337890625
6 46.739540100097656 123.71965789794922 110.59168243408203 161.02047729492188 8 46.35563659667969 64.23321533203125 78.66696166992188 89.67843627929688 1 90.94378662109375 136.12014770507812 153.608642578125 168.58714294433594 6 43.29182434082031 76.51030731201172 74.1700439453125 93.47589111328125 0 62.8034553527832 158.4800262451172 115.64823150634766 186.79029846191406
1 29.192459106445312 22.161928176879883 54.38648986816406 36.3726806640625 4 23.33780288696289 38.407047271728516 54.08866882324219 51.68449401855469

3 49.21942901611328 40.441871643066406 126.90635681152344 87.15470123291016 4 29.59190559387207 84.21437072753906 106.9556884765625 147.14479064941406
6 7.6551008224487305 6.059913635253906 35.69624710083008 26.871124267578125
2 14.306439399719238 14.999943733215332 34.81262969970703 27.620983123779297
2 15.055782318115234 5.798003673553467 37.853458404541016 20.978269577026367 3 12.097634315490723 32.38014602661133 38.0212287902832 45.40737533569336
2 8.300435066223145 14.690045356750488 33.09084701538086 29.450416564941406 9 8.254753112792969 30.57509994506836 34.11526870727539 45.11259841918945
9 8.41168212890625 25.410959243774414 27.710538864135742 37.751312255859375 2 7.289398670196533 11.758003234863281 28.171958923339844 24.460908889770508 2 7.81222677230835 24.024341583251953 27.04704475402832 35.26738739013672
1 8.997356414794922 24.659406661987305 45.98295593261719 37.18785095214844
7 7.676045894622803 25.640390396118164 46.947898864746094 53.30694580078125
4 14.010684967041016 7.595719337463379 50.58658218383789 28.48129653930664 5 10.030397415161133 21.582223892211914 49.1937141418457 49.287227630615234 1 20.333106994628906 29.720645904541016 53.99272918701172 49.79165267944336
4 30.25460433959961 39.31247329711914 102.82659912109375 102.50650024414062 4 26.653987884521484 4.087520122528076 104.18013000488281 48.524627685546875 4 90.34422302246094 11.024787902832031 137.61294555664062 33.286373138427734
7 10.8267240524292 26.768156051635742 28.38399314880371 37.16715621948242 7 10.210809707641602 37.156768798828125 30.62251853942871 49.08174133300781 2 10.56514835357666 21.69244384765625 29.708967208862305 30.78116798400879
4 3.7058401107788086 5.226672649383545 20.644493103027344 15.943805694580078
3 50.43039321899414 60.63761520385742 95.21490478515625 80.12378692626953
8 23.86460304260254 44.46164321899414 64.33122253417969 65.97573852539062 1 20.012224197387695 16.344858169555664 61.73098373413086 36.68635559082031
9 12.928512573242188 11.236730575561523 45.990909576416016 31.71744728088379 6 15.80125617980957 13.929459571838379 46.05881118774414 31.383140563964844
4 8.261322021484375 14.048039436340332 33.077980041503906 27.39383316040039 4 9.756528854370117 27.930191040039062 33.605323791503906 41.09175491333008

8 10.080455780029297 24.52587890625 30.910810470581055 37.9364013671875 2 8.143345832824707 14.564387321472168 29.50930404663086 27.451679229736328

8 35.79234313964844 68.4065170288086 77.39411163330078 89.59447479248047
1 21.307180404663086 -0.4263586699962616 40.72190856933594 9.353766441345215 3 20.135517120361328 8.924467086791992 40.084144592285156 19.763925552368164

4 18.19734001159668 27.6939640045166 45.273258209228516 41.84682083129883 1 22.308639526367188 30.529399871826172 45.67655944824219 42.334476470947266 5 15.275829315185547 45.588714599609375 44.633872985839844 59.38106918334961
7 17.049610137939453 15.426366806030273 87.88671875 51.78839111328125
8 9.206701278686523 15.421053886413574 37.36357116699219 33.87223434448242
1 5.420296669006348 7.719028949737549 31.466922760009766 19.8826961517334 3 5.520567417144775 20.12638282775879 31.428958892822266 33.20343017578125
3 48.21339416503906 33.410926818847656 95.80376434326172 58.14838790893555 2 50.10547637939453 34.08103942871094 84.5544204711914 52.77903366088867
8 2.2671139240264893 13.278894424438477 28.29100227355957 26.10477066040039
2 22.700475692749023 48.58417892456055 52.02412796020508 64.64200592041016 2 30.555925369262695 63.225982666015625 58.61961364746094 85.47058868408203
5 79.27068328857422 16.34224510192871 120.7264404296875 50.00003433227539 0 50.473236083984375 42.26851272583008 103.83898162841797 69.23011016845703 3 59.4141731262207 3.551421880722046 111.4349365234375 32.21321105957031

6 8.113825798034668 34.84542465209961 41.14884948730469 51.03225326538086
8 25.99800682067871 24.58030128479004 52.33927536010742 51.52740478515625 5 50.14321517944336 40.11207962036133 74.59100341796875 57.66703414916992 1 48.9204216003418 14.819703102111816 71.27755737304688 27.845701217651367
1 47.63143539428711 29.150087356567383 108.82321166992188 56.25270080566406
8 7.340013027191162 11.0557222366333 25.28137969970703 22.960248947143555
3 16.595674514770508 38.56328201293945 48.02690887451172 58.08253860473633
5 6.924295425415039 -1.225216269493103 43.4921875 29.37504768371582
1 8.134992599487305 24.295490264892578 43.21346664428711 42.3328742980957 2 8.186015129089355 3.480950117111206 42.13613510131836 24.2937068939209
9 12.11342716217041 14.99866008758545 34.968563079833984 26.115875244140625
3 19.303064346313477 0.43826544284820557 42.52743148803711 20.008922576904297 8 18.28312110900879 17.18569564819336 41.938331604003906 32.39293670654297
5 63.21632766723633 5.262911319732666 114.73596954345703 29.860031127929688 9 66.98562622070312 27.03900146484375 108.79259490966797 49.631893157958984 4 -4.754776477813721 138.66505432128906 26.010522842407227 158.201171875
3 5.368124961853027 4.348074436187744 27.729280471801758 17.325969696044922 9 4.983307361602783 17.49136734008789 26.694881439208984 31.3813533782959
0 14.271842002868652 33.78138732910156 46.550559997558594 54.55852127075195 5 16.077573776245117 14.363829612731934 46.340354919433594 35.76762390136719

4 49.05598831176758 4.034365653991699 136.9097442626953 44.027809143066406 5 35.26133346557617 53.02304458618164 135.26223754882812 97.96106719970703 4 64.37947845458984 92.00965881347656 133.9450225830078 118.36693572998047 9 106.6305923461914 98.8573989868164 177.27188110351562 156.01499938964844
2 11.511736869812012 7.959525108337402 36.39710235595703 26.449909210205078 3 27.942461013793945 43.803279876708984 50.636932373046875 60.15948486328125
0 38.045108795166016 60.7770881652832 64.49398040771484 76.24646759033203
0 28.196949005126953 48.22990417480469 76.47733306884766 69.00287628173828 1 20.92995834350586 22.88827896118164 68.72512817382812 46.464515686035156
2 27.128923416137695 20.905118942260742 73.95977783203125 49.63473129272461 3 28.09821319580078 70.4467544555664 75.51052856445312 94.51997375488281 3 25.586050033569336 50.29849624633789 75.7352523803711 74.76502990722656
1 41.633750915527344 26.516334533691406 90.71075439453125 51.35616683959961 0 37.654296875 47.35127258300781 80.29008483886719 66.68209075927734 0 24.951313018798828 32.849063873291016 87.60379028320312 62.27276611328125 2 14.746520042419434 60.2731819152832 79.51565551757812 94.14165496826172
3 13.030133247375488 40.86575698852539 38.748287200927734 52.445247650146484
3 6.779230117797852 4.363667011260986 22.4823055267334 15.590447425842285 3 7.019180774688721 16.736356735229492 23.93584442138672 26.004995346069336
7 32.77043533325195 77.96733856201172 92.72161865234375 103.32791137695312 5 19.215412139892578 119.38330841064453 88.73031616210938 150.17227172851562 3 24.5617618560791 108.55602264404297 86.48450469970703 133.763427734375
9 3.205674409866333 11.591410636901855 25.18878746032715 29.369197845458984
5 9.565675735473633 33.76921081542969 33.61330032348633 46.51571273803711 2 9.799560546875 19.703582763671875 33.38252258300781 34.966678619384766
2 34.8516960144043 61.927825927734375 58.268829345703125 71.41048431396484 2 32.47140121459961 50.49382781982422 55.180519104003906 62.05836868286133
5 2.8997206687927246 28.871532440185547 41.453887939453125 52.19917297363281 1 5.231503963470459 1.5139816999435425 46.22694778442383 15.955607414245605 1 6.863275051116943 11.717695236206055 45.5865592956543 26.57954978942871
6 4.905862808227539 13.450560569763184 27.505889892578125 27.65732765197754
3 81.63020324707031 51.787513732910156 126.0386734008789 73.87977600097656 2 108.61474609375 36.662025451660156 135.64370727539062 51.4993782043457 2 85.9780502319336 140.9613494873047 142.2436065673828 170.70452880859375 4 114.08848571777344 45.19050598144531 142.2215576171875 64.00572967529297
6 8.187413215637207 26.847957611083984 58.23899841308594 61.103050231933594
1 16.70857810974121 14.606356620788574 61.8602294921875 33.98079299926758 7 8.511177062988281 35.05805969238281 56.83271408081055 59.88816452026367 1 10.601244926452637 20.791099548339844 58.568824768066406 37.111427307128906
4 6.504605293273926 5.619845390319824 39.52322006225586 23.40142822265625 3 12.598840713500977 25.504413604736328 39.53600311279297 43.09989929199219 1 13.510273933410645 8.953062057495117 40.27520751953125 23.003341674804688

4 10.47793960571289 34.844966888427734 52.289772033691406 57.77601623535156 1 10.344552993774414 18.471384048461914 52.02732849121094 36.388648986816406


0 5.305957317352295 12.575119972229004 20.562936782836914 22.871944427490234 2 4.522059917449951 0.9963930249214172 20.208223342895508 10.288409233093262
3 14.239869117736816 10.188493728637695 41.058433532714844 23.349756240844727 0 19.117679595947266 13.71838665008545 42.464088439941406 24.580204010009766
5 49.50931930541992 72.98858642578125 95.48810577392578 94.56873321533203 5 16.76669692993164 70.96438598632812 66.72657775878906 98.30094146728516

3 7.792547225952148 8.335893630981445 39.45719909667969 26.706735610961914
0 48.68037796020508 27.02884292602539 78.86444854736328 45.45558166503906 1 52.98091125488281 36.24906921386719 91.47408294677734 52.278358459472656
8 9.242877006530762 14.655147552490234 26.267532348632812 26.186351776123047
9 8.566654205322266 20.58278465270996 30.36000633239746 34.71500778198242 5 7.289687633514404 25.3946590423584 29.78929328918457 36.90841293334961
9 28.53369140625 67.17289733886719 62.256683349609375 86.86830139160156
5 16.110620498657227 46.48720169067383 36.165889739990234 59.76081085205078
5 5.587719440460205 29.74404525756836 52.63751220703125 50.419395446777344
7 24.350616455078125 45.51045227050781 54.51923751831055 62.68730163574219 5 25.096038818359375 40.300559997558594 51.758235931396484 56.885440826416016
0 23.071765899658203 28.957433700561523 56.330928802490234 46.317832946777344
2 13.110574722290039 9.103410720825195 39.79410934448242 24.271583557128906 8 14.11219310760498 29.54141616821289 43.240108489990234 42.6384391784668
8 19.164804458618164 23.274248123168945 47.221885681152344 39.61478805541992
4 34.09838104248047 20.66021728515625 121.44097137451172 72.94773864746094 1 47.86470031738281 9.947223663330078 127.22748565673828 52.118133544921875
2 10.21168041229248 31.693857192993164 48.12411880493164 53.85659408569336 3 10.557286262512207 8.315216064453125 47.26680374145508 28.607358932495117
1 8.523131370544434 32.925071716308594 34.53728485107422 44.87295150756836
5 23.558195114135742 35.470096588134766 47.2105598449707 51.34040069580078
6 60.113182067871094 86.96961212158203 112.05204010009766 118.18168640136719 6 48.02315902709961 100.09066772460938 104.2237548828125 124.46504974365234
9 36.99798583984375 37.297393798828125 65.85942840576172 53.97528839111328

5 11.150716781616211 27.945798873901367 44.32442092895508 48.691646575927734 1 9.485027313232422 17.520353317260742 46.08769607543945 36.36960983276367 1 16.316118240356445 13.356537818908691 52.567604064941406 30.939016342163086
4 7.60761022567749 1.0164393186569214 31.000551223754883 12.38047981262207 8 8.416471481323242 12.238360404968262 31.748138427734375 23.418153762817383
3 23.63389778137207 17.60986328125 53.788787841796875 34.92837142944336 3 23.326770782470703 1.5747605562210083 52.431087493896484 17.893653869628906

7 93.66011810302734 207.35406494140625 179.8275146484375 243.0330810546875
4 83.2058334350586 130.09970092773438 124.59654235839844 149.5653533935547 3 79.76335144042969 127.61560821533203 125.07142639160156 153.5042724609375
4 8.961106300354004 8.319694519042969 45.810028076171875 24.510299682617188
2 10.157025337219238 17.29036521911621 30.540761947631836 30.908279418945312 3 13.52794075012207 31.529603958129883 33.66667556762695 44.19589614868164
3 24.005632400512695 44.78919982910156 52.38570785522461 59.05485916137695
4 6.5182037353515625 33.1268196105957 41.50996780395508 58.517425537109375
2 8.105335235595703 5.9891157150268555 25.861249923706055 17.567583084106445 4 6.242828845977783 2.549494743347168 24.481534957885742 17.118549346923828 9 8.565887451171875 12.513859748840332 26.029050827026367 24.57476043701172
6 7.528391361236572 16.794662475585938 34.73044967651367 32.53949737548828
6 4.573007583618164 2.8158340454101562 31.46834945678711 19.86528778076172
1 17.128089904785156 31.690397262573242 45.81032943725586 45.500396728515625 1 18.640029907226562 15.31157112121582 46.0692138671875 29.112512588500977 7 14.933110237121582 28.59636688232422 43.749637603759766 43.435455322265625 7 11.947452545166016 44.38656234741211 43.223655700683594 61.10136413574219 4 18.67337417602539 41.7575798034668 48.86809158325195 59.97429275512695 0 16.437763214111328 16.929645538330078 44.21778869628906 32.787174224853516

6 2.979461908340454 4.542820930480957 26.882568359375 20.64395523071289
8 23.063209533691406 19.830848693847656 45.78860855102539 33.096675872802734
5 3.909193277359009 31.494733810424805 48.199581146240234 57.001285552978516
2 19.144746780395508 38.56230545043945 51.106998443603516 60.54863357543945 3 15.466687202453613 48.70364761352539 51.12560272216797 70.10355377197266 2 18.371545791625977 30.087337493896484 50.171051025390625 53.31031799316406 2 23.476728439331055 28.2479305267334 49.53112030029297 43.6927604675293
8 13.53412914276123 21.71043586730957 48.425262451171875 40.21072006225586 2 13.192251205444336 31.387067794799805 46.926212310791016 49.23756408691406 3 21.70003318786621 20.155168533325195 51.406455993652344 36.42295837402344
7 16.651973724365234 8.926336288452148 42.1445426940918 28.581195831298828 4 15.941396713256836 21.958154678344727 42.98701095581055 38.58708572387695 5 10.065351486206055 8.662259101867676 37.249019622802734 25.205163955688477

5 7.463685512542725 8.597447395324707 34.91620635986328 24.78225326538086 1 12.947361946105957 30.626813888549805 37.86064529418945 41.536109924316406
6 9.81774616241455 1.8090136051177979 40.361595153808594 17.60590362548828
1 11.96834945678711 19.455224990844727 66.85262298583984 42.937408447265625 1 20.03176498413086 6.097437858581543 70.49847412109375 28.888521194458008
4 16.821651458740234 28.579965591430664 43.45359420776367 44.67821502685547
1 9.707381248474121 9.891385078430176 38.924434661865234 23.317821502685547
1 23.75946044921875 20.104103088378906 74.11005401611328 36.34682846069336 0 16.364919662475586 52.589359283447266 67.04960632324219 74.94166564941406 1 19.64641761779785 29.17574119567871 72.92652130126953 49.4500846862793



8 5.366280555725098 13.44830322265625 31.176321029663086 30.556428909301758
2 48.87779998779297 52.123226165771484 84.94841766357422 68.93690490722656 1 55.44090270996094 33.02206802368164 84.04866790771484 50.25532913208008
4 8.214730262756348 0.5255599617958069 29.985197067260742 12.97854232788086 9 7.470035076141357 8.405523300170898 28.694271087646484 18.284473419189453
9 7.7053117752075195 27.037742614746094 47.21562957763672 52.979061126708984
8 41.76064682006836 48.11851119995117 67.01155853271484 61.65623092651367 6 38.95402526855469 25.88762855529785 65.04545593261719 42.64115524291992 5 41.69799041748047 35.29218292236328 65.679931640625 49.75473403930664
4 7.9486236572265625 9.19844913482666 48.89567565917969 30.383346557617188 4 8.878225326538086 31.106281280517578 47.06349182128906 49.40285873413086
5 3.7505505084991455 17.19277000427246 24.756221771240234 29.998979568481445
3 5.2078375816345215 5.001230716705322 34.48979568481445 20.61754608154297
2 103.82150268554688 4.9655070304870605 168.83604431152344 45.24464797973633 6 94.93800354003906 45.12297821044922 157.0381622314453 85.97354125976562
8 82.74038696289062 43.00239562988281 138.64056396484375 75.28909301757812 5 36.07795715332031 18.124099731445312 90.26428985595703 54.42049789428711
7 4.863678932189941 16.669567108154297 35.237735748291016 34.728363037109375

5 7.987595081329346 13.995503425598145 32.60301208496094 25.924989700317383 0 7.975963592529297 28.507413864135742 32.29634475708008 39.897911071777344 3 7.249337673187256 1.1133638620376587 31.567514419555664 13.473187446594238
7 13.289179801940918 12.763886451721191 37.30236053466797 26.48369026184082 7 12.340596199035645 1.8012150526046753 36.40855407714844 14.265843391418457
9 15.93407154083252 32.734493255615234 29.468017578125 41.24528503417969 2 56.14072036743164 30.478471755981445 89.98285675048828 52.851688385009766 0 16.50582504272461 47.23591995239258 32.357791900634766 59.517913818359375
8 24.35325813293457 23.41249656677246 63.92576599121094 52.67055130004883 3 24.12188148498535 47.27226257324219 63.022315979003906 64.96636199951172
2 36.75419998168945 4.337265968322754 114.57083892822266 41.30215835571289 1 29.375112533569336 106.36996459960938 108.12801361083984 148.7413787841797
5 9.51168155670166 13.637316703796387 26.31537437438965 23.111570358276367
4 17.986236572265625 36.25502395629883 44.15081024169922 51.30244827270508 4 27.067277908325195 36.036865234375 52.34291076660156 48.96388626098633 6 25.429946899414062 28.336301803588867 54.11513900756836 41.588443756103516 3 32.920658111572266 2.689915895462036 58.81560516357422 20.005918502807617
2 44.841766357421875 25.013322830200195 124.15245819091797 68.35456085205078 1 44.62153244018555 74.51139068603516 123.23759460449219 104.451171875
8 46.07683181762695 -0.8414629697799683 79.49179077148438 19.009138107299805


2 20.41092300415039 22.203214645385742 46.495765686035156 43.614994049072266 4 9.306005477905273 41.06180191040039 33.8696403503418 59.7340202331543 5 26.551685333251953 19.405954360961914 52.02958679199219 39.81065368652344
8 32.31177520751953 33.3917236328125 59.4074821472168 55.19173812866211
1 22.0439395904541 14.334189414978027 51.16427230834961 26.717222213745117
9 10.411664009094238 20.429475784301758 44.87010192871094 40.024166107177734 9 15.515730857849121 19.332979202270508 42.75030517578125 33.240238189697266
5 22.812795639038086 12.50390338897705 47.798828125 30.074440002441406
2 20.383609771728516 34.980987548828125 51.993492126464844 59.08717346191406 6 23.74526596069336 59.7939453125 57.30778121948242 75.93024444580078
2 27.89926528930664 39.692527770996094 55.988346099853516 59.175350189208984 2 33.094722747802734 60.45595169067383 56.26991653442383 72.65367889404297
3 3.889040946960449 0.8804714679718018 28.70062255859375 16.532306671142578
5 26.20703125 31.006996154785156 49.89763641357422 43.846405029296875 3 24.99216651916504 19.651203155517578 50.86526107788086 35.003379821777344
5 3.3207321166992188 5.757475852966309 33.65902328491211 22.606613159179688
1 14.010255813598633 37.232261657714844 39.49672317504883 50.62274932861328
5 56.77840042114258 36.72399139404297 84.98774719238281 56.548248291015625 5 41.801544189453125 43.967750549316406 63.797523498535156 57.44308090209961 1 26.845548629760742 38.14862060546875 56.07728958129883 58.04594421386719
5 8.866686820983887 0.11589067429304123 35.69764709472656 19.45054817199707 2 9.629691123962402 5.646578788757324 35.12226486206055 23.074491500854492
5 4.15553092956543 17.348773956298828 29.988985061645508 29.557750701904297 4 5.133886337280273 5.1639227867126465 29.170549392700195 18.022777557373047
0 56.98927688598633 90.31613159179688 90.0434799194336 107.76917266845703 0 67.17701721191406 92.56114959716797 91.79961395263672 103.91334533691406 1 56.24991226196289 58.88780975341797 89.18182373046875 77.61739349365234
4 20.88445281982422 2.5215587615966797 44.63783264160156 15.270063400268555 6 17.430580139160156 17.83930778503418 42.097042083740234 30.581851959228516 1 21.25352668762207 8.514484405517578 43.66286849975586 18.12996482849121 3 20.9158878326416 26.16629409790039 41.00946807861328 34.887550354003906
8 39.01946258544922 47.03170394897461 60.36787033081055 55.35604476928711 8 37.46430587768555 50.52090072631836 58.899314880371094 61.37238311767578
6 91.87186431884766 55.57892990112305 152.74134826660156 90.47367095947266 5 88.81024932861328 90.64258575439453 147.4239501953125 125.96675872802734
8 34.7371826171875 52.616485595703125 83.17943572998047 73.76829528808594 6 27.671104431152344 59.74752426147461 71.19343566894531 79.41140747070312
1 4.854761123657227 1.4510031938552856 32.0481071472168 14.100957870483398 1 5.994508266448975 6.380992889404297 30.850597381591797 19.200281143188477
5 4.800833702087402 21.01664924621582 49.290348052978516 47.699764251708984
9 7.2711896896362305 14.031437873840332 28.786584854125977 28.395465850830078
5 26.51899528503418 63.16965103149414 91.40382385253906 103.87753295898438 5 22.932016372680664 18.925771713256836 81.90938568115234 54.638736724853516
9 126.45104217529297 136.01568603515625 150.02932739257812 150.48114013671875
2 9.151212692260742 25.45163345336914 39.317481994628906 41.924808502197266 3 10.018624305725098 38.119102478027344 38.865848541259766 50.64188003540039
4 81.611572265625 61.766273498535156 162.93417358398438 95.64273071289062
3 17.631914138793945 37.39902877807617 57.11661911010742 61.90047073364258 8 18.051898956298828 58.426918029785156 50.856590270996094 77.55654907226562
0 15.406002044677734 36.70854949951172 46.40768814086914 56.40532684326172 6 11.721526145935059 37.16709518432617 44.858463287353516 57.16803741455078
9 25.019739151000977 37.769935607910156 61.52994155883789 54.93521499633789
2 13.564725875854492 28.217348098754883 52.59892654418945 53.433082580566406 1 13.84152603149414 2.47792387008667 54.10374450683594 21.980682373046875
7 11.228890419006348 21.976924896240234 30.095890045166016 35.875118255615234 3 11.839034080505371 11.257091522216797 30.311010360717773 25.7214412689209
1 55.48133087158203 50.59770202636719 91.19087982177734 67.02510070800781 7 57.57645034790039 65.87693786621094 89.519287109375 80.4470443725586
2 9.621273040771484 7.129513740539551 30.75005340576172 17.885656356811523
7 8.847101211547852 23.323047637939453 36.73386764526367 37.225669860839844 1 8.128920555114746 11.672369003295898 36.14043045043945 23.22128677368164
5 14.81545352935791 2.9618303775787354 41.360809326171875 18.40292739868164 2 16.967580795288086 7.12122917175293 42.73490524291992 23.045507431030273 2 14.61141586303711 21.77509880065918 39.82746124267578 35.491851806640625
3 18.767351150512695 38.26222610473633 51.04220199584961 59.32194137573242 8 19.587366104125977 25.73137664794922 50.820369720458984 47.295467376708984
6 24.419593811035156 19.84783172607422 71.07411193847656 49.868080139160156 0 33.739898681640625 43.38524627685547 75.07466125488281 76.12859344482422
9 13.203545570373535 35.29512023925781 36.338134765625 50.59381866455078
3 10.675484657287598 21.633501052856445 37.448490142822266 40.67537307739258 6 17.265302658081055 40.5294189453125 41.98954772949219 54.27661895751953
9 50.713680267333984 8.847278594970703 95.43651580810547 35.71845626831055
7 46.09265899658203 136.59666442871094 150.9412841796875 191.33453369140625
6 8.88917350769043 26.75101661682129 31.647266387939453 38.46750259399414
8 6.0912370681762695 25.678373336791992 34.61038589477539 38.86315155029297
8 3.996962547302246 1.953633427619934 20.63408660888672 12.663289070129395 7 5.504043102264404 12.23713207244873 20.87261962890625 22.215417861938477 6 3.1485755443573 0.2149360626935959 21.07274055480957 13.060564994812012
0 1.9855598211288452 12.544666290283203 23.49350929260254 25.44791030883789 1 2.1313815116882324 1.8153712749481201 22.15324592590332 14.119217872619629

2 10.079309463500977 6.403286457061768 32.99357223510742 20.123043060302734
4 5.364459991455078 6.751721382141113 35.39711380004883 23.813554763793945
7 3.953545093536377 11.01764965057373 22.08247184753418 23.629121780395508
5 61.20840835571289 37.69242477416992 113.46603393554688 74.91036987304688 1 83.92906188964844 119.90377807617188 122.00091552734375 147.83482360839844
1 6.347905158996582 57.86063766479492 45.763572692871094 76.45645904541016 0 7.536660194396973 35.15769958496094 46.753135681152344 55.99323654174805 4 5.966652870178223 23.049983978271484 44.11819076538086 48.791587829589844
4 12.036174774169922 49.532310485839844 62.79307556152344 78.52751922607422 1 15.999701499938965 26.393810272216797 64.2978286743164 47.46382141113281
4 24.978689193725586 64.47811126708984 92.0007095336914 97.0980453491211
8 7.632326126098633 8.64271354675293 30.236583709716797 21.268381118774414
1 22.36483383178711 9.416511535644531 54.55986404418945 22.83978271484375 1 22.587543487548828 17.805871963500977 56.40263366699219 30.335878372192383 7 20.5054988861084 34.51268005371094 50.593074798583984 51.6298713684082
3 24.562711715698242 93.71835327148438 64.20941925048828 114.99452209472656 0 30.710010528564453 126.35102844238281 75.27605438232422 149.96878051757812
3 17.619768142700195 1.2186377048492432 71.71675872802734 25.902416229248047 0 27.182085037231445 26.994768142700195 70.48332977294922 57.54256057739258 3 18.70168113708496 28.176054000854492 71.73196411132812 55.3894157409668 5 27.93975257873535 58.37797164916992 76.5809097290039 89.1168441772461
7 32.105648040771484 39.164188385009766 85.41705322265625 72.9369888305664
4 17.8160457611084 17.659868240356445 57.74558639526367 40.6049690246582
2 8.410906791687012 6.431679725646973 36.14150619506836 22.693355560302734 7 8.759617805480957 22.53857421875 36.277286529541016 35.22421646118164
8 43.18185806274414 13.767269134521484 80.65156555175781 32.470359802246094
7 15.671914100646973 26.944643020629883 40.198753356933594 40.51092529296875 1 18.038162231445312 14.460495948791504 42.56863784790039 30.005125045776367 1 14.03797721862793 37.469093322753906 41.20922088623047 51.644203186035156 6 9.240306854248047 28.83623695373535 39.00656509399414 44.17361068725586

7 17.395519256591797 31.95410919189453 45.180301666259766 45.95089340209961 7 17.46059226989746 36.92833709716797 43.93901824951172 51.208045959472656 3 19.354175567626953 45.143436431884766 47.31801223754883 61.21336364746094
9 66.63740539550781 158.64950561523438 149.4714813232422 182.6410369873047 0 102.86734008789062 162.9306182861328 145.9590301513672 188.75320434570312 9 67.74418640136719 132.1704559326172 110.72569274902344 157.0823516845703
1 30.886632919311523 3.3902790546417236 56.3849983215332 19.978649139404297 8 30.347532272338867 16.553653717041016 54.53767776489258 32.60389709472656
2 19.467981338500977 38.51972198486328 48.11650466918945 53.51664733886719 0 18.546558380126953 55.30858612060547 46.919105529785156 70.91214752197266
4 29.244205474853516 101.17086029052734 65.97541809082031 121.69908905029297
3 7.842237949371338 1.3054063320159912 38.667423248291016 21.775699615478516 0 16.029834747314453 23.466245651245117 41.43325424194336 39.90631103515625 6 8.448552131652832 20.519472122192383 41.66318893432617 40.12437438964844
2 156.48654174804688 124.5456314086914 196.9162139892578 155.18435668945312 7 155.13172912597656 104.01608276367188 210.48330688476562 136.7075958251953
6 5.163503170013428 6.4205193519592285 32.75177001953125 22.372894287109375 6 6.098855972290039 21.541446685791016 34.01435089111328 36.679420471191406
1 13.731354713439941 18.104463577270508 82.04304504394531 53.80112838745117 9 17.474153518676758 55.430179595947266 87.12689971923828 87.19790649414062
5 43.32334899902344 48.313114166259766 71.14440155029297 59.72240447998047
3 26.651283264160156 84.41233825683594 77.29817199707031 107.36548614501953 9 28.88369369506836 54.56052780151367 77.01324462890625 78.39581298828125 2 32.849632263183594 76.41129302978516 81.47566986083984 101.14952850341797
1 11.459744453430176 44.10141372680664 50.291297912597656 63.20164108276367 5 11.45457935333252 18.454795837402344 47.841312408447266 39.237796783447266

1 77.6191177368164 92.0458755493164 153.43853759765625 121.20154571533203 1 82.8560562133789 45.62687301635742 151.4329071044922 75.3857650756836 6 95.93294525146484 77.62310791015625 153.82688903808594 104.83295440673828


4 8.579050064086914 26.042049407958984 30.833066940307617 36.84417724609375 6 11.39875602722168 10.757491111755371 32.492557525634766 20.253643035888672 2 13.045852661132812 10.746747016906738 36.22373580932617 22.165103912353516 4 14.257893562316895 23.33263397216797 34.773841857910156 32.402198791503906
1 77.77164459228516 79.70899963378906 134.36660766601562 102.61116790771484 6 67.31686401367188 84.05462646484375 137.5630645751953 120.37671661376953
2 5.551891803741455 17.518537521362305 29.59250831604004 34.802852630615234 3 6.0862836837768555 3.4731037616729736 29.49886703491211 17.927658081054688
4 29.402084350585938 50.051212310791016 63.42405319213867 66.567626953125 1 23.190162658691406 32.132102966308594 58.79383850097656 51.96420669555664 4 13.045415878295898 16.09450912475586 37.96424102783203 26.892248153686523
4 7.387173652648926 22.543052673339844 28.327125549316406 39.323089599609375 5 7.710968971252441 5.979661464691162 28.456296920776367 19.043283462524414
4 13.041705131530762 7.4796223640441895 52.49977111816406 33.81880569458008
6 24.608871459960938 84.06891632080078 53.6871337890625 104.81046295166016 6 19.760652542114258 96.41875457763672 47.65016174316406 110.0731201171875 1 25.179412841796875 82.71856689453125 49.97892761230469 95.42379760742188
3 4.172385215759277 3.5435633659362793 25.863487243652344 17.9627628326416
0 16.868854522705078 35.96488571166992 42.71879196166992 49.67310333251953 3 17.356990814208984 18.631656646728516 42.10659408569336 34.022281646728516
1 22.02190589904785 5.6642913818359375 65.58060455322266 23.668193817138672 1 33.37895584106445 10.67151165008545 67.75831604003906 28.289459228515625
7 5.1857781410217285 14.979931831359863 23.895885467529297 25.07408905029297
1 9.261544227600098 8.514700889587402 39.74298858642578 22.237340927124023 7 10.693814277648926 22.874736785888672 38.10048294067383 41.46512985229492
3 59.940216064453125 82.98737335205078 86.89390563964844 96.66996765136719 2 57.88326644897461 74.7160415649414 85.88639831542969 88.18205261230469 9 64.82023620605469 83.22914123535156 88.96966552734375 95.4981460571289
2 20.546478271484375 16.61200523376465 53.699127197265625 33.721824645996094 2 22.66472816467285 3.898163318634033 58.48508834838867 18.045625686645508
8 14.059288024902344 40.616607666015625 56.89903259277344 59.80500030517578 9 6.330338954925537 24.108610153198242 45.87820816040039 41.31387710571289
7 14.482470512390137 10.743829727172852 37.37240982055664 25.951740264892578 6 13.11412239074707 7.242465019226074 36.35934829711914 18.92720603942871 8 22.38698959350586 14.753612518310547 43.48635482788086 26.760168075561523
0 26.34793472290039 26.98090362548828 62.793128967285156 54.3970947265625
3 7.914859294891357 4.772358417510986 28.974685668945312 17.660554885864258 6 8.443536758422852 17.394359588623047 28.545841217041016 30.21980094909668
0 13.881586074829102 36.177608489990234 64.81458282470703 67.79413604736328 1 17.552223205566406 13.797146797180176 68.06809997558594 35.03544998168945
7 13.511038780212402 33.612979888916016 67.83073425292969 58.46222686767578 3 22.579486846923828 37.38353729248047 74.60491943359375 58.83869934082031 4 19.31941795349121 13.80968952178955 73.65773010253906 40.410640716552734
6 17.636127471923828 3.758418560028076 43.608097076416016 16.403194427490234
5 4.697200298309326 14.595724105834961 31.193035125732422 30.583648681640625 9 5.289980888366699 0.7964265942573547 30.131860733032227 14.335846900939941
8 7.077779769897461 4.708175182342529 29.89932632446289 19.073776245117188
1 22.933143615722656 21.611509323120117 58.00758743286133 36.12290954589844 1 21.8658504486084 35.133670806884766 58.72041320800781 50.223541259765625
5 42.687801361083984 115.10765075683594 77.58427429199219 136.25485229492188
1 13.844922065734863 31.87618064880371 55.41120147705078 54.652896881103516
1 6.871847152709961 3.724769115447998 40.519203186035156 16.708799362182617
1 15.022220611572266 12.375225067138672 39.648468017578125 25.107027053833008 1 13.104387283325195 2.4425320625305176 38.59566116333008 16.231998443603516
1 17.179689407348633 36.96861267089844 41.95060348510742 46.42084503173828

1 14.763101577758789 32.35078430175781 57.39736557006836 53.96700668334961 1 13.30136775970459 9.535079956054688 57.44181442260742 32.32425308227539 5 13.433866500854492 3.4562392234802246 53.85405349731445 24.846208572387695
9 56.98057174682617 110.17523193359375 98.88761138916016 126.01798248291016 1 70.27201080322266 52.4477653503418 105.15630340576172 73.64109802246094 7 42.35552978515625 109.95026397705078 86.5291519165039 129.52133178710938
2 20.030475616455078 24.567218780517578 45.52620315551758 39.65143585205078 2 19.969505310058594 38.03973388671875 46.65180206298828 53.63395690917969
5 64.78153228759766 37.282596588134766 127.79112243652344 83.04417419433594
1 19.687355041503906 2.6577260494232178 42.04726791381836 15.282258987426758 2 21.390880584716797 11.242252349853516 41.44218444824219 22.425504684448242
2 6.211681365966797 2.7547476291656494 27.172088623046875 15.655373573303223 4 5.8568115234375 16.508848190307617 27.007625579833984 30.181013107299805
2 1.4314507246017456 3.1782498359680176 18.493541717529297 14.442739486694336

0 17.695714950561523 58.6829948425293 67.7859878540039 88.03724670410156 4 23.884563446044922 33.35669708251953 71.54596710205078 59.39617919921875
6 3.7459256649017334 5.779994487762451 21.296653747558594 15.402337074279785
5 35.60567855834961 32.35466384887695 96.1091079711914 66.9149398803711 1 40.07154846191406 -0.7132116556167603 101.11157989501953 27.486209869384766
2 6.100199222564697 17.06167221069336 31.904233932495117 30.153186798095703 4 6.157275199890137 4.4722185134887695 32.70008087158203 18.155061721801758
1 9.758994102478027 10.138816833496094 45.75961685180664 23.574613571166992
2 28.25235939025879 55.424354553222656 74.47100067138672 99.19871520996094 2 28.263620376586914 49.473270416259766 67.55586242675781 74.70015716552734
1 58.32662582397461 67.1841049194336 95.34712219238281 88.46456146240234 6 59.909507751464844 88.52631378173828 96.72989654541016 114.2716293334961 6 36.421791076660156 66.55958557128906 74.92191314697266 80.60935974121094
6 4.862626075744629 14.455187797546387 20.702011108398438 25.305286407470703
2 15.390426635742188 26.584802627563477 57.361305236816406 46.635414123535156 3 28.17561912536621 47.5157585144043 67.95191955566406 71.97069549560547
6 16.241436004638672 24.751577377319336 48.820274353027344 40.73781204223633 9 11.568095207214355 35.793312072753906 31.56664276123047 46.363590240478516

2 59.24494552612305 4.429766654968262 97.4399642944336 23.30349349975586
9 29.131235122680664 37.10539245605469 54.43309020996094 50.756492614746094 2 28.706527709960938 50.00309753417969 54.47854232788086 61.924461364746094
9 16.071380615234375 11.320672988891602 62.140262603759766 33.70533752441406
5 4.915670871734619 2.730952262878418 32.99120330810547 20.497283935546875
4 34.83073425292969 5.060647010803223 75.52381134033203 32.43254852294922
9 26.08696174621582 30.187959671020508 80.29000854492188 61.59352493286133 1 27.693849563598633 28.8359432220459 61.413856506347656 42.338951110839844
2 36.15641403198242 65.0206298828125 63.6522102355957 83.2783432006836 7 35.539642333984375 80.60108947753906 65.67835998535156 97.30183410644531 1 38.696075439453125 85.25731658935547 66.45317077636719 111.26829528808594
7 50.9743537902832 43.26422882080078 84.01702880859375 57.584800720214844 7 58.42362976074219 60.09511947631836 84.65526580810547 76.09684753417969 3 28.033527374267578 54.50800704956055 58.975250244140625 69.0023193359375
4 5.051609516143799 10.214550018310547 27.212963104248047 24.042173385620117
3 103.52928161621094 35.76485824584961 146.85499572753906 58.90289306640625 2 92.39818572998047 39.32997512817383 140.25326538085938 67.33541107177734 3 40.4730224609375 47.634647369384766 91.01313781738281 91.37397003173828
5 19.390457153320312 13.520774841308594 49.1237907409668 29.251379013061523 1 20.308862686157227 33.56753158569336 48.84830093383789 51.59613037109375
5 6.498379230499268 1.6154412031173706 31.28584861755371 16.036657333374023 3 6.6212615966796875 15.150979042053223 30.794416427612305 28.44388198852539
4 16.303569793701172 17.194520950317383 65.23139953613281 36.26250457763672 3 15.887500762939453 45.470272064208984 67.265869140625 68.17804718017578 8 23.136802673339844 44.10246276855469 64.5459976196289 65.00473022460938
9 14.145797729492188 11.276969909667969 33.78549575805664 20.72566795349121 6 10.94687557220459 6.369410037994385 29.41122817993164 14.291956901550293
9 75.21041870117188 97.44153594970703 100.34736633300781 112.5550765991211

4 6.193071365356445 19.692110061645508 27.070322036743164 34.23964309692383 5 4.705826759338379 3.0556623935699463 28.111160278320312 19.98240852355957
5 5.898890018463135 14.335431098937988 29.164104461669922 25.89621353149414 5 5.243207931518555 3.6642343997955322 27.491329193115234 15.363896369934082
1 27.260204315185547 16.511302947998047 73.56076049804688 41.89484405517578 1 24.85159683227539 5.821107864379883 72.69634246826172 31.005887985229492
5 37.595619201660156 52.233028411865234 85.62893676757812 87.31603240966797 4 39.41827392578125 35.367515563964844 90.24368286132812 65.31338500976562
9 13.066361427307129 20.878503799438477 30.93914794921875 34.866939544677734 1 13.75497055053711 9.821167945861816 36.45896911621094 25.278438568115234 4 13.059078216552734 12.717373847961426 34.61557388305664 28.617633819580078
7 62.437320709228516 22.23306655883789 98.24295806884766 44.84983825683594 2 24.227235794067383 44.71834182739258 52.205936431884766 62.03108215332031
3 55.65411376953125 20.678743362426758 75.55514526367188 37.9122314453125

3 4.706911087036133 2.368267059326172 23.960813522338867 14.077474594116211 3 4.824847221374512 15.89244270324707 23.58867645263672 26.098501205444336
9 1.8544796705245972 15.902375221252441 34.94415283203125 31.535554885864258 4 4.401217937469482 0.7835272550582886 35.70139694213867 13.98963451385498
5 23.925146102905273 25.18756675720215 43.91062545776367 40.18812561035156 8 24.22727394104004 14.89553165435791 44.27531814575195 28.443767547607422
4 18.512897491455078 31.11117172241211 46.224571228027344 45.93977355957031
2 61.547969818115234 126.78056335449219 99.61802673339844 145.93641662597656 1 74.51715850830078 95.65261840820312 126.97957611083984 118.77804565429688
6 10.000383377075195 17.67755699157715 31.156909942626953 31.42394256591797
1 13.59487533569336 1.796775460243225 46.3608283996582 18.810462951660156 9 13.349020957946777 12.298442840576172 43.914276123046875 31.500778198242188
0 80.62017822265625 180.98541259765625 120.29949951171875 205.26126098632812
7 12.646902084350586 41.11636734008789 48.24169158935547 60.492435455322266 1 13.51369571685791 15.331517219543457 56.543548583984375 32.26972198486328 1 8.383027076721191 2.973228931427002 62.35297775268555 23.773548126220703
2 6.3365654945373535 6.231619358062744 49.58705139160156 30.88918685913086
4 20.004291534423828 49.44409942626953 54.261756896972656 72.34834289550781
8 48.10443878173828 58.49075698852539 82.05025482177734 75.46212005615234
2 36.549861907958984 17.415225982666016 73.14180755615234 35.8039665222168 4 37.86219024658203 37.05037307739258 88.737060546875 62.38017272949219
4 109.93526458740234 195.28883361816406 167.3447265625 227.00802612304688

3 21.6143798828125 30.514705657958984 55.329002380371094 49.15122985839844 6 26.529502868652344 34.41865921020508 67.02531433105469 52.48664474487305
4 13.191433906555176 11.989134788513184 37.4421272277832 33.29706954956055 4 16.834922790527344 7.477725982666016 38.696598052978516 25.692398071289062
3 29.43449592590332 3.16099214553833 81.00370788574219 31.333629608154297 8 17.39946746826172 65.3858871459961 79.5770492553711 92.82528686523438
5 23.206724166870117 53.96418762207031 62.517601013183594 80.77407836914062 1 46.225364685058594 69.24807739257812 74.79154968261719 84.1786880493164

1 8.613086700439453 11.557762145996094 54.02632141113281 28.90534019470215 4 7.19266414642334 32.11162185668945 53.737239837646484 54.18886184692383
2 40.04392623901367 42.5842399597168 61.96464157104492 56.406192779541016
2 66.16368103027344 41.05753707885742 100.37340545654297 61.01325607299805
3 58.682315826416016 110.1036376953125 125.9830322265625 135.3315887451172
9 22.167102813720703 19.53289031982422 43.5013313293457 38.96066665649414 5 22.29546356201172 34.7875862121582 44.7259407043457 47.66194534301758

8 4.49490213394165 12.610464096069336 26.32788848876953 27.368961334228516
3 5.99755859375 13.86242389678955 24.841617584228516 26.101877212524414
8 54.87587356567383 62.54322814941406 91.40436553955078 77.29744720458984 3 51.77473068237305 37.2919807434082 90.75541687011719 56.92304992675781

2 6.017040252685547 11.27413272857666 47.15686798095703 34.15867233276367 6 8.33129596710205 35.222530364990234 51.185829162597656 54.63280487060547
3 7.125523090362549 8.640104293823242 28.500917434692383 22.2631893157959 1 6.8189311027526855 20.03313636779785 27.731868743896484 31.7246150970459
9 16.860280990600586 52.90449905395508 105.21295166015625 102.86041259765625
7 30.358388900756836 25.76925277709961 62.62275314331055 44.440128326416016 8 38.07194519042969 12.985607147216797 72.54985809326172 37.566768646240234 6 25.162229537963867 12.916744232177734 66.2697982788086 33.456668853759766 5 23.346973419189453 42.32881546020508 62.46421432495117 60.27372360229492
2 18.75494384765625 67.10600280761719 67.27784729003906 89.59999084472656
7 10.987773895263672 20.497161865234375 33.08760452270508 32.10200500488281 6 10.76616096496582 19.730241775512695 30.538150787353516 31.15545082092285

5 7.956938743591309 12.868647575378418 24.988449096679688 23.29114532470703
9 10.62142276763916 13.358366966247559 31.698991775512695 25.79922866821289
3 21.613466262817383 89.07120513916016 137.56069946289062 146.0819854736328 3 21.16880226135254 41.04380798339844 134.81349182128906 91.2895278930664
1 4.701972961425781 5.080321311950684 21.66642951965332 13.061829566955566 3 4.239534854888916 12.148801803588867 21.23990821838379 22.023670196533203 6 6.69223165512085 12.655187606811523 20.738191604614258 21.3007869720459
4 5.960124492645264 34.04819869995117 56.68657684326172 57.78568649291992
3 19.446393966674805 8.205838203430176 49.93373107910156 25.685298919677734 5 17.6680965423584 37.509315490722656 46.995567321777344 54.72547149658203 7 8.6953125 10.165218353271484 48.93220520019531 31.58346939086914
1 106.17056274414062 85.49507904052734 142.9392852783203 107.46467590332031 1 99.73260498046875 69.01400756835938 159.05380249023438 96.1307373046875 5 94.46189880371094 127.61194610595703 156.917236328125 151.80015563964844
3 17.63928985595703 47.421207427978516 41.02587127685547 61.15097427368164 5 18.91443634033203 37.00862503051758 39.67108917236328 46.647071838378906
2 9.581511497497559 25.492023468017578 34.363460540771484 40.42564392089844 2 9.336531639099121 11.669088363647461 33.73508071899414 25.24124526977539
2 8.44727611541748 0.37106892466545105 28.088138580322266 11.71837043762207 4 11.156046867370605 6.438354969024658 31.92721176147461 18.62874984741211 6 11.727071762084961 15.87194538116455 30.318819046020508 27.331987380981445
5 6.731876850128174 19.365161895751953 31.483457565307617 34.70426559448242
7 6.319765567779541 4.083870887756348 27.604883193969727 15.687841415405273 6 6.424614906311035 15.173995971679688 27.382394790649414 28.9173583984375
6 34.062889099121094 53.71177673339844 110.18335723876953 102.42070770263672
8 10.362627983093262 15.02996826171875 29.258520126342773 28.580862045288086 0 10.382487297058105 26.962814331054688 30.43255043029785 39.92715835571289 9 7.633769989013672 30.19259262084961 32.17218017578125 45.4063720703125
6 5.302529335021973 9.551084518432617 29.654884338378906 24.852371215820312
2 21.913707733154297 65.61925506591797 70.55795288085938 90.50302124023438 5 53.15359115600586 32.897369384765625 103.23869323730469 60.00366973876953 2 19.51231575012207 85.42897033691406 61.649906158447266 106.67740631103516
7 35.67460250854492 14.228641510009766 60.90062713623047 31.701265335083008
5 12.791210174560547 15.114922523498535 42.8529167175293 28.25721549987793 2 21.826271057128906 15.98064136505127 43.32895278930664 29.28173828125 0 23.630992889404297 33.288414001464844 43.977935791015625 43.81961441040039
0 29.11449432373047 36.03018569946289 63.2806396484375 53.009883880615234 3 29.238649368286133 -0.19070710241794586 61.63076400756836 17.5540771484375 1 26.12791633605957 18.00823974609375 61.80472946166992 35.60130310058594 0 26.549327850341797 23.24287223815918 63.24570846557617 39.76223373413086
7 5.206326961517334 16.868005752563477 31.87167739868164 31.089826583862305 3 7.044308185577393 -0.20668460428714752 33.481685638427734 17.482751846313477
8 56.37936019897461 129.33938598632812 142.29612731933594 176.01881408691406
7 47.965370178222656 12.725234031677246 75.6225814819336 33.68284225463867
7 21.26526641845703 37.8278923034668 50.13561248779297 52.760433197021484 8 22.932331085205078 54.345909118652344 52.64432907104492 69.3194580078125

3 17.02031898498535 26.274486541748047 46.83958435058594 46.74802017211914
2 18.780010223388672 34.990840911865234 51.76498031616211 57.41630935668945 8 13.559623718261719 12.809552192687988 48.409271240234375 34.970218658447266
0 6.945190906524658 23.074480056762695 34.40614318847656 38.950016021728516 6 7.475465774536133 5.728989124298096 33.694820404052734 21.3681583404541
9 8.704658508300781 19.934629440307617 32.062442779541016 35.54527282714844
4 48.892494201660156 70.73965454101562 83.31037139892578 84.11219787597656
1 9.068567276000977 27.609277725219727 36.236534118652344 48.02262496948242 9 8.4573974609375 29.79083824157715 37.35832595825195 47.59394454956055

9 28.117599487304688 50.08656692504883 61.487823486328125 68.18201446533203
4 5.64605712890625 8.894365310668945 31.823118209838867 20.96152114868164 0 7.656067371368408 22.586103439331055 30.746858596801758 35.27977752685547
6 14.217647552490234 14.589896202087402 42.625431060791016 31.196317672729492
2 12.446910858154297 51.04657745361328 37.76506423950195 64.26224517822266 2 11.433237075805664 37.92151641845703 43.1660270690918 55.18642044067383
9 19.52199363708496 21.96200180053711 61.717140197753906 42.9373893737793
4 15.55001449584961 45.391258239746094 84.76261138916016 81.0362319946289

7 6.49503231048584 19.703500747680664 32.23189926147461 35.87849426269531 7 4.695708274841309 26.611642837524414 34.31614303588867 41.102420806884766
6 55.454837799072266 60.33134841918945 85.74159240722656 74.4876480102539 1 61.432159423828125 40.213905334472656 88.69741821289062 59.12820053100586
1 13.484652519226074 -0.6116325855255127 63.33594512939453 16.894546508789062
2 15.081425666809082 28.243579864501953 46.83788299560547 44.64081954956055 6 14.69996166229248 47.20796203613281 46.23392868041992 65.44518280029297
0 15.594751358032227 33.97406768798828 47.34555435180664 55.19977569580078 8 13.404097557067871 13.328536987304688 46.853267669677734 36.63442611694336 1 11.038677215576172 2.2082231044769287 49.39944839477539 16.541866302490234 3 12.736651420593262 15.1653413772583 51.218013763427734 33.41288757324219
2 8.118952751159668 0.9315955638885498 27.31761932373047 11.744985580444336
6 11.558980941772461 15.734362602233887 53.074851989746094 44.894718170166016 6 10.634136199951172 40.18631362915039 52.934417724609375 65.70950317382812 0 10.123367309570312 43.914527893066406 55.29723358154297 69.72836303710938
1 10.270500183105469 1.2489105463027954 30.289827346801758 10.2655029296875 8 10.571146011352539 10.707565307617188 30.2630615234375 21.78023338317871
4 25.638927459716797 93.68155670166016 66.6547622680664 115.78235626220703
5 5.0566887855529785 2.8014473915100098 25.708162307739258 16.802034378051758
1 65.19048309326172 176.93223571777344 136.17294311523438 216.197509765625 7 116.38009643554688 155.70501708984375 159.07907104492188 177.41355895996094 3 116.91897583007812 180.1284637451172 158.68238830566406 201.98678588867188
8 1.6697849035263062 9.807910919189453 30.357421875 27.424211502075195
3 50.41941452026367 152.70211791992188 81.73143768310547 173.0902862548828 3 59.92158508300781 145.9678192138672 87.44512939453125 163.3170623779297 2 63.52113342285156 131.3907012939453 97.42304992675781 154.54127502441406
0 9.635589599609375 37.851078033447266 44.707611083984375 56.38532257080078 1 6.47122859954834 16.34713363647461 46.56500244140625 38.03936767578125

2 41.30030059814453 19.24383544921875 80.96869659423828 45.63454818725586 5 16.34797477722168 51.763404846191406 59.02574920654297 74.51872253417969
4 22.467594146728516 24.941905975341797 74.89117431640625 51.16938400268555 3 83.7680435180664 17.05243492126465 108.25990295410156 32.28327560424805
9 5.800580978393555 19.53217124938965 29.6472225189209 33.0196647644043
6 5.70011043548584 9.514849662780762 23.41842269897461 20.813426971435547
2 13.710532188415527 37.14101791381836 54.607879638671875 59.1378288269043 4 17.436275482177734 24.85422134399414 58.76479721069336 42.338436126708984
4 4.7991414070129395 16.329193115234375 31.619110107421875 28.817270278930664 1 7.21577262878418 3.532349109649658 34.68454360961914 15.722915649414062
8 17.26915168762207 35.27781295776367 37.11823654174805 46.627540588378906
0 6.734106063842773 25.721446990966797 31.56662368774414 37.15195083618164 4 5.691721439361572 12.493180274963379 31.827655792236328 23.853918075561523
8 55.09091567993164 88.3488998413086 90.04359436035156 103.55032348632812 8 60.646690368652344 67.25655364990234 91.61177062988281 85.2038345336914
6 115.99958801269531 116.7305908203125 168.58079528808594 143.97769165039062
6 12.978280067443848 16.474672317504883 44.65550994873047 36.44784164428711
8 7.226541042327881 5.3568196296691895 29.079124450683594 18.973257064819336
0 5.714662551879883 15.708377838134766 29.08788299560547 31.777301788330078 2 4.602515697479248 0.7137674689292908 28.458911895751953 14.744756698608398
2 21.902029037475586 26.739049911499023 59.74015426635742 53.27361297607422 2 23.069076538085938 39.4997673034668 57.67254638671875 60.43510818481445
3 10.334957122802734 0.2829976975917816 38.08600997924805 16.085668563842773 5 10.85080623626709 19.5734806060791 36.616275787353516 33.68859100341797 1 9.429094314575195 19.09906578063965 36.40977478027344 33.700843811035156
9 5.324418067932129 17.86604118347168 24.981239318847656 29.454374313354492 9 5.735263824462891 5.044431686401367 25.13441276550293 16.399831771850586
7 18.010053634643555 6.405037879943848 43.00537109375 20.43960952758789 1 14.724220275878906 2.342468500137329 42.91044998168945 19.837690353393555 7 16.291980743408203 21.130971908569336 39.76253890991211 36.537784576416016 4 14.196900367736816 31.591508865356445 40.59814453125 45.96955871582031
6 6.806346416473389 18.79106330871582 35.61027145385742 34.73447036743164 2 6.961119174957275 4.14225435256958 34.32558059692383 19.442052841186523
3 8.073262214660645 16.806415557861328 35.745018005371094 36.406009674072266 5 8.490835189819336 3.4148130416870117 36.04825973510742 19.18951416015625
7 8.528790473937988 24.40500259399414 36.14025115966797 38.821537017822266 3 9.49446964263916 9.71238899230957 37.78227615356445 24.084062576293945
6 3.891474962234497 22.835376739501953 32.3240852355957 37.72171401977539 3 5.156978607177734 3.7537953853607178 34.197296142578125 21.88663101196289
4 13.26691722869873 28.76774024963379 50.9425163269043 46.50162887573242 6 10.974323272705078 45.14913558959961 50.16106033325195 66.11620330810547
4 20.273452758789062 32.296112060546875 47.98061752319336 50.92346954345703 2 19.052955627441406 41.48703384399414 46.76030731201172 57.74740219116211

5 10.182040214538574 11.660490036010742 28.99837303161621 22.057537078857422 3 9.247238159179688 9.769113540649414 29.282466888427734 20.910524368286133 4 10.09586238861084 1.321210503578186 29.60773277282715 10.683442115783691
4 142.63394165039062 71.41777801513672 206.94273376464844 113.41101837158203
7 5.694219589233398 6.530621528625488 32.17863845825195 20.75667381286621 8 4.6938862800598145 20.701309204101562 31.727781295776367 35.54296112060547
5 23.561351776123047 32.36534118652344 99.43334197998047 77.96148681640625 0 23.280481338500977 68.52167510986328 88.26335906982422 112.86103820800781
5 10.435300827026367 7.300010681152344 36.90553283691406 23.115650177001953 0 8.143084526062012 35.14714050292969 36.9410285949707 47.67986297607422 0 9.346335411071777 23.114952087402344 35.79692077636719 35.87936019897461
1 7.038205146789551 5.944077491760254 32.20061492919922 19.023574829101562 3 7.5701422691345215 23.007709503173828 32.5351676940918 35.9889030456543 3 6.0490007400512695 31.639719009399414 32.32766342163086 46.514305114746094
3 6.493828296661377 22.02248191833496 29.632789611816406 37.10892868041992 4 8.11995792388916 27.647214889526367 30.84003257751465 41.22370910644531
2 20.951976776123047 7.779136657714844 62.68962097167969 32.470481872558594
0 21.938547134399414 25.677644729614258 42.018367767333984 36.67201232910156
5 7.059311866760254 19.98147201538086 31.268041610717773 36.275020599365234
6 16.76565933227539 35.696353912353516 46.15135955810547 53.27534103393555 2 17.358325958251953 15.556572914123535 43.42319869995117 30.103553771972656 3 18.529949188232422 23.678068161010742 41.828041076660156 32.26753616333008 3 16.81562042236328 30.380617141723633 43.135189056396484 46.27338409423828
4 18.039974212646484 35.46746826171875 48.468326568603516 57.58760070800781 5 15.565675735473633 17.318267822265625 47.0386962890625 36.68803024291992 1 13.397025108337402 0.9373210072517395 45.35868453979492 15.31867790222168
6 50.617591857910156 11.599837303161621 76.2854995727539 32.64273452758789 5 55.192039489746094 2.3471486568450928 109.85157775878906 32.73844909667969
3 12.955799102783203 0.8546302318572998 40.94114303588867 18.455263137817383
9 2.979177713394165 3.3983826637268066 19.77963638305664 14.751089096069336

2 3.3617992401123047 15.278116226196289 22.94461441040039 27.392797470092773 3 3.674960136413574 1.619199275970459 22.57843017578125 16.457447052001953
7 16.611679077148438 9.548949241638184 35.696285247802734 22.575498580932617 6 17.825973510742188 21.817346572875977 38.382179260253906 35.12006759643555 9 15.398771286010742 22.535158157348633 35.40949630737305 33.38137435913086 3 17.734561920166016 12.544119834899902 37.609344482421875 24.516704559326172
2 20.06692123413086 38.396759033203125 52.74383544921875 63.02806091308594 7 19.884347915649414 16.644451141357422 55.47478103637695 38.7573127746582
0 26.370376586914062 54.39118957519531 70.10599517822266 75.98141479492188

2 1.4871776103973389 73.98342895507812 46.18613815307617 99.98507690429688 3 67.69245147705078 22.549053192138672 119.86407470703125 64.45423889160156 7 8.319381713867188 53.355857849121094 61.28251647949219 102.30020904541016
0 7.129302024841309 22.075315475463867 47.28337860107422 44.96152877807617 7 7.469050407409668 10.922017097473145 46.68431091308594 28.04460334777832

4 9.85008430480957 18.735897064208984 34.545413970947266 33.755836486816406 7 14.927729606628418 19.83043670654297 32.85405731201172 28.200841903686523 4 9.829713821411133 33.108463287353516 35.13484573364258 47.513065338134766
2 7.133723735809326 24.2922420501709 34.184207916259766 37.96855163574219
0 12.45186710357666 9.1781005859375 37.05548858642578 24.58650779724121
5 6.537876605987549 14.462398529052734 24.421777725219727 24.74332618713379
2 4.920713901519775 3.436481475830078 28.040407180786133 17.00045394897461
1 50.69824981689453 20.55558967590332 78.96987915039062 32.67474365234375
0 10.14539623260498 30.17719841003418 48.71565246582031 50.91683578491211 2 12.118292808532715 6.8525919914245605 49.32487487792969 29.63429069519043
2 30.020551681518555 52.82659912109375 74.50800323486328 82.279296875 7 30.536216735839844 30.91072654724121 75.16900634765625 56.1136360168457
2 68.07186889648438 72.48078155517578 102.47379302978516 89.81095886230469 6 63.53501892089844 87.2830810546875 101.91017150878906 109.14036560058594
2 13.502555847167969 41.832454681396484 50.297393798828125 59.40207290649414 4 12.317642211914062 21.89824104309082 50.4526481628418 42.78617477416992
1 8.406133651733398 37.595584869384766 63.73735046386719 59.82900619506836 8 9.663468360900879 54.65092086791992 66.20683288574219 78.69898986816406 1 13.868162155151367 32.400115966796875 64.70745849609375 48.488685607910156
8 6.983170032501221 22.980140686035156 28.63252830505371 34.966529846191406
2 41.16622543334961 2.1346077919006348 73.38438415527344 17.513219833374023 2 22.264028549194336 25.05777359008789 51.78622055053711 41.778358459472656
7 3.968914031982422 3.9020609855651855 22.509077072143555 14.694511413574219
0 19.869741439819336 34.40080261230469 48.8426399230957 53.30799102783203

2 22.227916717529297 6.079290390014648 46.07157516479492 21.276899337768555 6 21.013118743896484 47.347198486328125 43.25094223022461 59.68002700805664 1 21.847482681274414 2.7988386154174805 50.4780387878418 19.618385314941406
2 13.929265975952148 32.79172897338867 52.93459701538086 52.98276138305664 3 15.88464069366455 4.3880696296691895 55.34470748901367 26.318649291992188
5 6.416082382202148 25.871034622192383 43.74134063720703 48.68684768676758 1 7.304214954376221 13.295161247253418 44.63055419921875 27.060989379882812
5 5.385893821716309 6.470949172973633 28.031455993652344 20.160646438598633
5 8.350249290466309 18.852237701416016 36.27179718017578 35.94408416748047 3 9.712946891784668 4.8743367195129395 37.52800369262695 20.18182373046875
1 21.187759399414062 2.195692300796509 107.72929382324219 27.312232971191406 3 24.06528663635254 32.233272552490234 110.47550201416016 68.9489517211914 0 24.628358840942383 72.81187438964844 114.29082489013672 134.00808715820312
4 16.471582412719727 2.5840656757354736 51.104339599609375 21.07707977294922 7 15.8419771194458 20.950998306274414 47.64070129394531 34.865074157714844 7 14.262955665588379 34.337608337402344 48.703086853027344 49.56938934326172 7 16.61216163635254 30.568706512451172 42.92219924926758 43.24336242675781
8 32.38576889038086 42.88228225708008 70.6597671508789 60.99364471435547 1 30.114198684692383 53.37803268432617 66.1960220336914 70.25442504882812
7 6.169976711273193 22.471357345581055 34.90359878540039 37.90816116333008
0 15.126519203186035 23.029945373535156 38.668033599853516 42.6252326965332
2 9.852046012878418 22.110408782958984 47.80083465576172 38.804325103759766 5 11.239394187927246 42.917518615722656 47.821807861328125 62.00815200805664
8 61.223114013671875 130.24578857421875 116.64027404785156 156.4398193359375
8 23.88111114501953 11.028940200805664 66.23180389404297 35.506649017333984
9 50.392738342285156 71.89381408691406 111.71987915039062 108.55213928222656 0 26.371980667114258 67.18695068359375 100.8954086303711 115.19752502441406
9 5.911525726318359 13.101642608642578 28.77579116821289 25.60477066040039 7 7.8173322677612305 24.785358428955078 31.058948516845703 38.52653884887695
2 11.893754005432129 20.65322494506836 35.73125076293945 37.81442642211914
5 30.31180191040039 72.97163391113281 88.40879821777344 103.3437728881836 1 61.08854293823242 29.677230834960938 105.1771469116211 53.16466522216797 5 21.552080154418945 90.31523895263672 77.31009674072266 123.26612091064453 1 64.61508178710938 15.660393714904785 106.06098937988281 39.00309753417969
6 14.219593048095703 0.1171727254986763 42.045684814453125 20.370195388793945 9 17.544937133789062 16.933643341064453 44.14019775390625 35.32785415649414 9 29.383106231689453 15.213403701782227 59.62060546875 28.76392936706543
2 6.771392822265625 3.863428831100464 31.539566040039062 17.738744735717773 4 6.695804595947266 22.30185317993164 31.31781005859375 35.185428619384766
3 39.66651916503906 115.58838653564453 74.98543548583984 140.2679901123047
5 15.425769805908203 33.65008544921875 100.1956787109375 67.3695068359375

7 18.043601989746094 13.618779182434082 42.34400939941406 29.70008659362793 7 16.832677841186523 1.0801067352294922 40.972232818603516 12.792173385620117

5 11.50678825378418 29.493701934814453 33.432804107666016 41.37672805786133 3 13.393911361694336 16.42314338684082 38.36605453491211 29.33261489868164 5 13.902050018310547 34.72092056274414 36.24012756347656 48.6553955078125
3 22.1440372467041 1.730196237564087 70.09979248046875 26.959911346435547 7 15.790063858032227 55.89851760864258 63.50912857055664 83.97247314453125
5 75.27631378173828 53.273582458496094 116.64265441894531 71.48616027832031 0 101.53797912597656 60.055206298828125 131.8999786376953 78.2188949584961 7 98.28874969482422 81.20498657226562 126.37609100341797 98.20882415771484
7 15.331791877746582 29.809123992919922 47.896263122558594 50.59453201293945 5 14.030710220336914 1.6683380603790283 45.86967849731445 22.212181091308594
5 21.324695587158203 32.568485260009766 66.32118225097656 62.36323547363281
1 5.000960350036621 17.605470657348633 32.477298736572266 33.769954681396484
0 23.982213973999023 48.62431716918945 49.69721603393555 60.27680206298828 9 25.771406173706055 43.670082092285156 44.26857376098633 52.34288024902344
2 6.440176963806152 3.1888740062713623 50.05358123779297 28.669614791870117
9 12.215576171875 38.2615966796875 55.25849151611328 60.50867462158203 3 11.283390998840332 10.868742942810059 53.96671676635742 32.883235931396484
2 5.057559490203857 7.23419713973999 34.69243240356445 26.739036560058594 4 5.540261268615723 26.00886344909668 33.940696716308594 42.45966720581055
3 25.435518264770508 42.623619079589844 57.296119689941406 59.37961959838867 2 21.064128875732422 16.00704574584961 55.848201751708984 32.32284164428711
2 9.331564903259277 6.583545207977295 38.1101188659668 23.44620704650879 2 11.459235191345215 22.989234924316406 39.281898498535156 38.4561767578125
4 6.029341220855713 16.764495849609375 26.98732566833496 28.838327407836914 5 6.081009864807129 2.4393773078918457 27.065311431884766 15.690140724182129
7 14.634726524353027 14.751072883605957 46.242713928222656 29.557559967041016
3 28.65332794189453 2.978639841079712 71.671142578125 26.228378295898438
2 35.102542877197266 5.437194347381592 77.04083251953125 25.080825805664062 1 25.867013931274414 23.970354080200195 63.713016510009766 51.109825134277344
3 9.879255294799805 0.35022082924842834 37.77787780761719 14.987757682800293 3 10.877045631408691 12.056517601013184 38.63949966430664 28.044004440307617
7 11.211993217468262 16.1655330657959 64.1978988647461 37.92531967163086 9 11.120162010192871 48.52947998046875 64.11663818359375 71.36943054199219
7 14.424574851989746 20.312551498413086 34.397369384765625 31.715152740478516 2 29.545194625854492 36.72779083251953 50.78166198730469 48.79452133178711
1 22.10495948791504 34.66336441040039 67.02323150634766 52.515052795410156 1 36.81898498535156 33.02980422973633 89.53234100341797 59.62899398803711
4 40.02549362182617 81.9988021850586 94.98292541503906 110.03453063964844 1 32.73051452636719 59.09376525878906 76.64615631103516 75.56951141357422 1 42.427207946777344 62.76250076293945 94.02107238769531 81.16386413574219 5 50.89942169189453 18.749658584594727 87.4817886352539 36.13429260253906
3 8.489029884338379 27.145065307617188 35.887428283691406 42.45329666137695 3 6.621279716491699 10.88792610168457 34.550968170166016 25.743026733398438
8 15.456618309020996 13.579475402832031 43.46879959106445 31.495820999145508
2 9.897143363952637 74.73011779785156 38.42234802246094 90.5376968383789
4 33.285255432128906 42.8483772277832 77.5188217163086 72.21827697753906 2 37.78147888183594 10.528788566589355 81.21739196777344 37.618896484375 3 16.446979522705078 2.9617183208465576 79.04943084716797 35.622344970703125
8 8.313088417053223 15.027009963989258 37.41815185546875 31.415807723999023
7 17.096790313720703 38.90598678588867 33.95100784301758 49.93663787841797 5 15.815643310546875 26.72461700439453 37.76548767089844 39.06349182128906
2 6.957822322845459 6.520578861236572 37.818328857421875 21.1594295501709 7 6.7393341064453125 21.278562545776367 36.364479064941406 33.770877838134766
0 31.58379364013672 85.69080352783203 77.10306549072266 107.20326232910156
1 19.53131675720215 38.13227844238281 48.096134185791016 53.775115966796875
8 70.85565185546875 67.42881774902344 109.50922393798828 92.9738540649414

5 13.679430961608887 34.633026123046875 60.39729309082031 61.628482818603516 1 10.91419506072998 10.65927505493164 58.552581787109375 33.38676071166992 9 13.42254638671875 48.76011657714844 63.06953811645508 75.80917358398438
1 75.05998992919922 138.4017791748047 182.6101837158203 204.47203063964844


2 11.919696807861328 12.005514144897461 34.304908752441406 27.14618682861328 8 15.302889823913574 29.982515335083008 36.734859466552734 44.17060852050781
3 13.483407020568848 8.927046775817871 50.76008987426758 34.09941864013672 6 16.879253387451172 33.247013092041016 57.186553955078125 53.18815231323242
2 7.841371536254883 5.637818813323975 32.288719177246094 20.646163940429688 0 14.701664924621582 34.28750991821289 38.76430130004883 47.56733703613281
4 6.687270641326904 0.3404556214809418 30.55755615234375 13.903702735900879
3 16.03485107421875 26.333572387695312 37.42024612426758 41.717254638671875 6 12.58356761932373 8.955878257751465 33.69300079345703 26.4302921295166

3 199.247802734375 149.04092407226562 244.71331787109375 176.6171875 2 198.89248657226562 137.9674530029297 244.41891479492188 170.07017517089844
4 11.41663646697998 14.175366401672363 37.745361328125 29.63115692138672 0 12.062361717224121 32.40626907348633 38.40428924560547 49.253448486328125 2 11.788939476013184 2.0969555377960205 38.658443450927734 18.00370216369629
2 9.410075187683105 10.386852264404297 38.35532760620117 28.3006649017334 3 11.4769926071167 24.466909408569336 41.49967575073242 42.49081802368164
4 6.078322410583496 24.871797561645508 28.739456176757812 35.75554275512695
1 9.247669219970703 13.410528182983398 41.33952331542969 24.917837142944336 8 8.965019226074219 23.78197479248047 38.896392822265625 37.632362365722656
2 7.296471118927002 12.367046356201172 34.04923629760742 31.436767578125

4 27.17758560180664 22.1174373626709 69.81893157958984 58.81219482421875 2 40.420448303222656 16.614177703857422 74.74626159667969 44.7465705871582
7 6.996804237365723 25.29610824584961 28.315282821655273 38.68826675415039 5 7.823126316070557 11.241178512573242 27.95233154296875 22.880516052246094 7 8.119604110717773 20.894168853759766 26.18080711364746 32.82872772216797
6 4.152652740478516 6.617156982421875 26.999616622924805 21.946346282958984
2 18.043474197387695 20.446163177490234 83.37462615966797 55.77908706665039 6 20.83078384399414 55.00120544433594 84.46117401123047 88.23321533203125
7 15.044918060302734 14.53394603729248 39.04069137573242 27.22037124633789 1 10.035833358764648 20.00086784362793 37.467464447021484 38.60383224487305
6 37.198909759521484 72.8321304321289 83.0531005859375 98.0391616821289
1 11.036433219909668 9.566451072692871 30.889711380004883 20.441320419311523 6 6.01554012298584 7.426358699798584 28.554901123046875 20.537090301513672
4 69.30567169189453 29.93134117126465 105.80314636230469 57.03116989135742 2 85.66635131835938 51.48414993286133 111.61526489257812 73.3666763305664
5 11.395195007324219 26.804161071777344 45.10348129272461 47.172454833984375 5 16.635196685791016 1.8432509899139404 48.81948471069336 25.124942779541016

7 8.515008926391602 23.67245864868164 40.49018478393555 40.30508804321289 1 9.714273452758789 7.920764923095703 41.4302978515625 23.160991668701172
5 18.713804244995117 48.62860107421875 98.48599243164062 88.59336853027344 5 15.707924842834473 12.088557243347168 99.15841674804688 51.966453552246094
3 43.03388595581055 60.195091247558594 100.38595581054688 88.79322052001953 2 43.89177322387695 15.986449241638184 96.65303039550781 39.58641815185547
4 30.549030303955078 20.663795471191406 131.4152374267578 79.17314910888672
2 6.278183937072754 3.2476882934570312 32.6282844543457 23.321792602539062 9 4.8793110847473145 -0.1307133287191391 33.5136604309082 18.232505798339844
7 19.871091842651367 13.791977882385254 45.523590087890625 28.375198364257812
5 19.72671890258789 15.918418884277344 43.83651351928711 29.56416893005371

7 29.43427085876465 33.3417854309082 66.6149673461914 53.497459411621094 1 36.17858123779297 29.313087463378906 74.21234130859375 50.879661560058594
7 11.042218208312988 10.994266510009766 37.61563491821289 25.36402130126953 5 9.881081581115723 9.472214698791504 35.5250244140625 26.62099266052246
5 13.48383617401123 22.72914695739746 36.87274932861328 36.9186897277832
8 20.913972854614258 44.812049865722656 48.63172149658203 56.56798553466797
2 10.75267219543457 46.73879623413086 45.62693405151367 64.02173614501953 7 17.538862228393555 59.69719314575195 52.15300750732422 77.46965789794922

1 15.500253677368164 57.719757080078125 34.749916076660156 67.11883544921875 5 19.043668746948242 49.275665283203125 36.92172622680664 60.25720977783203 9 15.614508628845215 67.25823974609375 34.48462677001953 76.58003234863281
6 10.523261070251465 10.443252563476562 36.871334075927734 25.374338150024414 7 9.547749519348145 23.525985717773438 35.8596305847168 40.81015396118164
8 24.333995819091797 3.099921464920044 53.42421340942383 22.631248474121094
9 8.869033813476562 33.16227340698242 33.72538757324219 46.13816452026367
4 2.5504086017608643 14.248327255249023 26.321443557739258 27.511371612548828
6 6.552462100982666 5.897640705108643 28.72795295715332 19.76385498046875 3 7.044412612915039 18.088054656982422 29.91373062133789 30.771385192871094 5 9.991741180419922 18.364471435546875 29.679561614990234 29.489953994750977
2 9.51961898803711 7.448128700256348 30.100364685058594 21.622255325317383 4 10.077510833740234 17.84614372253418 30.705354690551758 31.01289939880371
1 13.20796012878418 33.80619812011719 56.214088439941406 49.81267166137695
9 9.68297290802002 15.073831558227539 32.92790603637695 30.431474685668945 6 6.742372989654541 29.621370315551758 29.2359619140625 45.254554748535156 4 12.106863975524902 0.829062819480896 34.44650650024414 13.424131393432617



4 14.339258193969727 16.173572540283203 53.30698776245117 40.02540588378906 4 13.452726364135742 2.7805356979370117 53.34687805175781 24.98995018005371 4 11.853665351867676 28.338829040527344 49.986141204833984 49.56557083129883
5 31.759830474853516 2.575409173965454 57.92597961425781 14.306856155395508
7 10.71853256225586 16.02729606628418 27.626239776611328 29.878108978271484
4 13.634815216064453 26.72870445251465 35.676212310791016 39.20151138305664
9 18.63608169555664 1.5376701354980469 41.140628814697266 12.886362075805664 5 17.116859436035156 12.167245864868164 39.46238327026367 26.55381965637207

9 8.780095100402832 11.076136589050293 35.0667724609375 26.05485725402832
5 60.07032012939453 68.61804962158203 107.04269409179688 93.14213562011719 6 68.2973861694336 74.87434387207031 113.0306396484375 95.31523895263672
1 32.66778564453125 50.590362548828125 121.10440063476562 85.09219360351562
2 38.3339958190918 60.562034606933594 62.98959732055664 69.8870849609375
5 16.117778778076172 38.61944580078125 41.11860275268555 50.10371017456055
8 9.996057510375977 21.412403106689453 39.92578125 40.92745590209961 9 14.15684700012207 20.847843170166016 40.72853469848633 38.5297737121582 2 16.247764587402344 4.4403157234191895 43.111785888671875 21.432239532470703

4 2.5379037857055664 16.54334831237793 28.028608322143555 32.35676956176758 2 2.993055582046509 3.3674964904785156 28.8797550201416 18.221446990966797
5 6.192500114440918 -0.08204270154237747 33.33165740966797 15.610264778137207 1 6.267221450805664 17.950111389160156 34.0694694519043 32.90262985229492
0 82.51544952392578 15.124173164367676 107.71172332763672 31.858089447021484 1 48.55162048339844 1.8116028308868408 76.79129028320312 17.107177734375
2 19.85064125061035 32.261756896972656 51.979576110839844 50.233734130859375 4 20.1052303314209 52.92142868041992 54.672550201416016 71.01415252685547
3 5.9821085929870605 7.565885066986084 26.61717414855957 22.43387222290039 4 6.244373798370361 0.5289461016654968 25.519033432006836 11.191275596618652
1 8.761521339416504 -0.15347141027450562 48.89515686035156 16.411680221557617 2 10.5226469039917 24.650623321533203 56.822601318359375 50.777862548828125 4 17.794754028320312 24.460186004638672 52.35898971557617 53.65430450439453
2 50.78628158569336 35.60954666137695 73.49818420410156 51.33717346191406
4 6.918051242828369 19.060482025146484 29.054414749145508 33.41624069213867 2 7.33605432510376 3.8700950145721436 29.767709732055664 19.90773582458496
6 6.637519836425781 21.539505004882812 35.10109329223633 44.891387939453125
1 29.747407913208008 27.362884521484375 67.78385925292969 45.584957122802734 1 26.30042266845703 14.75952434539795 67.1477279663086 30.550127029418945 7 31.678640365600586 27.96279525756836 71.34549713134766 45.19926071166992
1 19.512615203857422 43.264678955078125 52.2996940612793 57.45769119262695 4 32.88682556152344 53.917518615722656 60.33977127075195 78.87059020996094


7 44.87688064575195 62.76722717285156 71.6886978149414 76.11347198486328 0 50.53034591674805 78.84968566894531 72.23242950439453 88.42295837402344
2 5.208820819854736 8.638045310974121 33.369930267333984 29.210161209106445
5 17.29718017578125 25.16876983642578 55.339683532714844 48.1389274597168
7 16.491046905517578 3.6079635620117188 41.04685974121094 18.20505142211914 4 16.808988571166992 10.258310317993164 38.080230712890625 25.206436157226562
5 10.714333534240723 22.877796173095703 29.108243942260742 32.88163757324219
5 17.24599838256836 45.646156311035156 50.57588577270508 65.44673919677734 0 17.298545837402344 26.6658992767334 51.39002990722656 43.37346649169922 3 12.772058486938477 2.0685982704162598 49.87092208862305 22.573139190673828
4 4.2341485023498535 0.026008402928709984 32.49190139770508 17.624481201171875
9 7.880488395690918 31.78275489807129 44.49433517456055 51.712467193603516 4 19.73434066772461 9.917449951171875 52.24809646606445 26.963638305664062
2 39.365684509277344 25.455087661743164 91.35414123535156 53.55246353149414 7 38.923988342285156 58.76042175292969 91.87552642822266 81.09840393066406
8 16.270925521850586 38.57470703125 52.64259719848633 56.451900482177734
5 10.489584922790527 0.8123424053192139 40.067832946777344 20.673816680908203 2 11.14785099029541 38.971431732177734 38.78529739379883 53.27584457397461 3 13.194011688232422 6.783693790435791 39.30300521850586 22.818519592285156
9 12.38432502746582 4.799534320831299 37.5867919921875 21.89551544189453
