16233 7 212 21 201 26 197 29 194 31 192 32 191 34 190 34 189 36 188 36 187 37 187 38 185 39 185 39 184 41 183 41 183 42 181 44 180 45 178 48 175 50 173 52 171 55 168 57 167 58 165 59 164 61 163 61 163 61 163 62 161 63 161 63 161 64 160 65 159 66 158 66 158 66 158 67 157 67 157 67 157 68 156 69 155 69 154 71 153 71 153 72 152 73 150 75 149 75 149 76 148 77 147 78 145 80 144 80 144 81 144 81 143 82 142 83 141 84 140 84 140 85 139 86 138 87 137 88 136 89 136 89 135 90 134 91 133 92 133 92 133 92 132 92 133 93 132 92 134 91 134 91 134 91 134 91 134 91 134 90 134 91 134 91 133 92 132 92 132 93 131 93 132 93 131 94 130 95 129 96 128 97 127 98 126 99 125 100 124 101 123 103 121 106 118 107 118 108 116 108 116 109 115 110 114 111 114 111 113 113 111 114 110 115 109 116 108 117 107 117 107 117 107 117 108 117 107 117 107 117 107 117 107 118 106 118 107 117 107 117 108 116 108 1 1 114 113 111 114 110 114 110 115 109 116 108 117 106 119 105 121 103 123 101 125 99 126 98 127 97 128 96 129 95 130 94 131 94 130 94 130 95 130 93 133 91 138 85 145 34 1 14 17 10 1806
12233 21 200 26 196 30 192 33 189 36 172 52 170 55 167 58 165 59 164 61 162 62 162 62 161 63 160 64 160 64 160 64 159 65 159 66 158 66 158 66 157 67 157 68 156 68 155 69 155 69 155 69 156 69 155 69 154 70 154 70 155 70 154 70 154 70 154 71 153 71 153 71 153 71 153 71 153 71 153 71 153 71 153 71 153 71 153 72 152 72 153 71 153 71 153 71 154 70 154 70 154 70 154 70 155 69 155 69 156 67 157 67 157 67 157 67 158 66 158 66 158 66 159 65 159 65 160 64 160 64 160 64 161 64 160 63 161 64 160 63 161 63 162 62 162 62 162 62 163 61 164 59 165 59 165 59 165 59 166 57 168 56 168 56 168 56 168 55 170 55 169 55 169 55 170 54 128 1 41 54 127 2 41 54 126 4 40 55 124 5 40 54 124 6 41 54 124 5 41 54 123 5 42 54 123 5 42 54 123 4 44 53 124 3 44 53 124 4 44 52 123 5 45 51 125 1 48 50 175 49 178 46 181 43 185 39 187 36 199 25 201 23 202 22 202 22 202 22 203 21 204 19 205 19 205 19 205 18 206 18 207 17 207 17 207 17 207 16 208 16 208 16 208 16 208 16 208 15 209 15 209 15 209 15 209 15 209 15 209 15 208 16 208 16 208 16 208 16 207 16 208 16 208 16 208 16 208 16 208 16 208 16 207 17 207 18 206 18 206 18 206 18 206 18 206 18 205 19 205 19 205 20 204 20 204 20 204 21 202 22 202 22 202 22 202 22 202 22 203 20 204 19 205 19 206 17 207 17 208 15 211 11 214 10 215 5 66
7253 2 220 6 217 8 215 10 214 10 214 11 212 13 211 13 28 4 179 14 25 7 177 15 24 9 176 16 22 11 175 16 22 11 175 17 20 13 174 17 19 14 174 19 17 15 172 20 16 16 172 21 14 17 172 22 12 18 172 23 10 19 172 23 9 20 172 24 7 22 171 26 4 23 170 54 170 54 170 54 170 54 169 55 169 55 168 56 168 56 167 57 167 57 166 58 165 60 163 61 163 61 162 62 162 62 161 63 161 63 161 63 161 63 162 62 163 61 164 60 164 60 165 59 165 59 164 60 164 60 164 60 163 61 162 62 161 63 160 64 160 64 159 65 159 65 158 66 157 67 157 68 155 69 155 70 154 70 153 71 153 71 153 71 152 72 152 73 150 74 150 74 150 75 149 76 148 77 147 81 143 86 138 92 131 96 128 99 125 102 123 105 119 109 115 113 111 116 108 119 106 120 104 122 102 123 102 124 101 124 101 124 100 125 100 126 98 126 98 127 97 128 96 129 95 129 95 130 93 131 93 132 92 132 91 134 90 134 90 135 88 136 88 137 87 137 86 138 86 139 84 140 84 140 83 142 82 142 81 144 80 144 79 145 79 146 78 146 77 147 77 147 77 148 76 148 76 148 76 149 75 149 75 150 74 150 74 151 74 150 74 151 73 152 72 152 72 153 71 153 71 154 71 153 71 153 71 154 70 154 71 153 71 153 71 154 71 153 71 153 71 154 71 153 71 153 72 153 71 153 72 152 72 153 72 152 72 152 72 152 73 151 73 152 72 152 73 151 73 151 74 149 75 149 76 148 77 147 78 34 1 112 77 31 5 111 78 29 7 110 79 27 8 111 80 25 9 110 81 23 11 108 83 21 12 107 85 18 14 60 3 43 87 15 17 40 27 36 90 13 18 39 30 32 93 10 20 37 35 25 98 7 23 34 39 20 131 32 45 11 136 31 194 27 198 20 206 8 2564
6149 7 11 4 197 30 191 36 186 42 181 46 177 50 173 53 170 55 168 57 166 59 164 61 163 62 161 64 159 66 157 67 156 70 154 70 153 73 150 75 149 76 147 77 146 79 145 80 143 81 143 82 141 83 140 85 138 86 137 88 135 89 134 90 133 92 132 93 130 95 128 96 127 98 126 99 124 100 124 101 123 101 122 102 122 102 122 103 121 103 121 103 120 104 120 104 119 105 118 106 118 107 116 108 115 110 114 110 114 111 113 112 111 113 111 114 110 115 108 116 108 117 107 117 106 119 105 119 104 121 103 121 103 122 102 122 101 123 101 124 99 125 99 126 98 126 98 126 97 128 96 128 96 128 96 129 94 130 94 130 94 131 93 131 93 132 91 133 91 133 91 134 90 134 89 135 89 135 89 135 89 135 89 136 88 136 88 136 88 136 88 136 88 136 88 136 88 136 88 136 87 137 87 137 87 136 88 136 88 136 88 135 88 136 88 135 89 135 89 134 89 135 89 134 89 135 89 134 90 134 89 134 90 133 91 133 90 133 91 132 91 132 92 131 92 131 93 131 93 130 94 130 93 130 94 129 95 129 94 130 94 130 94 130 93 133 91 133 91 135 89 136 87 137 87 138 86 139 85 139 84 141 83 142 82 143 80 145 79 146 78 146 77 148 76 148 76 149 75 149 74 151 73 151 73 152 72 152 71 154 70 155 69 155 68 156 68 156 68 156 67 157 67 156 67 157 67 157 66 158 66 158 65 159 65 159 64 160 64 160 63 162 62 162 62 162 61 162 61 163 61 163 61 163 60 164 60 164 59 165 59 164 60 164 59 165 58 166 58 166 57 166 58 166 57 167 57 167 56 167 56 168 56 168 55 169 55 169 55 169 55 168 56 168 57 166 44
5677 5 205 21 196 30 190 38 184 42 180 48 175 51 172 54 169 58 164 62 161 66 157 71 151 76 147 79 143 83 139 90 133 94 129 99 123 104 118 108 114 112 110 116 107 119 102 125 96 130 92 135 82 3 2 138 81 145 79 147 76 149 75 151 73 153 70 156 66 162 62 165 59 166 58 169 55 171 53 173 51 176 48 177 47 179 45 180 44 182 42 184 40 186 38 187 36 191 33 192 32 193 31 195 29 196 27 198 26 199 25 199 25 200 24 201 22 203 21 203 21 204 20 205 19 206 18 206 18 207 17 207 17 208 17 207 18 207 17 207 17 208 17 207 17 207 17 208 17 207 17 208 17 207 18 206 19 206 18 206 19 206 19 205 21 203 23 202 24 200 26 198 27 197 27 198 27 197 27 198 27 197 28 196 29 196 29 195 31 193 33 192 34 190 36 188 38 186 40 184 44 181 47 177 52 172 55 22 5 142 64 10 10 140 85 139 86 138 87 138 87 137 88 136 88 136 89 135 90 134 90 134 90 134 90 134 90 134 90 134 91 134 90 134 90 134 90 134 90 134 91 134 90 134 90 134 90 134 90 134 91 133 91 133 91 133 92 132 92 132 92 131 93 130 94 130 94 129 95 129 95 128 96 128 96 127 97 127 97 126 98 125 99 124 100 124 99 124 100 123 101 122 102 122 101 122 102 121 103 121 103 120 104 120 103 120 104 120 104 120 103 39 11 70 104 36 19 65 103 36 26 59 103 35 31 55 102 34 35 52 103 33 37 51 103 32 38 51 102 32 39 51 102 32 40 50 101 32 41 50 101 31 41 51 101 31 41 51 101 30 42 51 100 31 42 51 100 31 42 50 101 30 43 50 101 30 43 50 100 31 44 49 100 30 46 47 101 31 45 47 101 31 46 46 100 32 46 45 101 32 47 44 101 32 47 44 101 33 47 43 101 33 47 43 101 33 48 41 102 33 49 40 102 33 51 38 103 32 52 37 103 32 58 31 102 33 60 28 103 33 62 26 103 33 62 26 103 34 62 25 102 35 63 24 102 36 62 24 102 36 62 24 103 35 64 21 106 33 66 19 106 32 68 17 108 31 109
13567 3 219 6 217 8 214 11 213 11 212 12 175 3 33 14 171 9 29 15 170 12 26 16 169 14 25 15 169 16 23 16 169 17 21 17 168 18 21 17 168 19 19 18 168 19 18 19 167 21 17 19 167 21 16 20 167 22 15 20 167 23 13 20 168 24 11 21 168 25 9 22 168 28 4 24 168 55 169 54 170 54 170 54 170 54 170 54 171 54 170 54 170 55 169 56 169 56 168 57 167 58 166 58 166 59 165 59 165 60 164 60 164 61 163 61 163 61 163 61 163 61 163 61 162 62 162 62 161 63 160 65 158 66 158 66 157 67 157 67 156 68 156 68 155 69 155 69 154 70 154 70 153 72 151 73 151 74 149 75 148 77 146 78 145 80 144 80 143 82 141 83 140 84 139 85 139 86 137 87 136 88 136 88 136 88 135 90 134 90 134 90 134 91 133 91 133 91 133 91 133 91 133 91 133 92 133 91 133 91 133 91 133 91 134 89 135 89 136 88 136 88 136 88 137 87 138 86 139 85 139 85 140 84 140 83 141 83 142 82 142 82 143 80 144 80 144 79 146 78 147 76 148 76 149 75 149 75 150 74 150 74 150 74 151 74 151 73 151 73 152 73 152 72 152 73 152 72 152 72 152 72 152 72 152 72 152 71 153 69 155 68 155 44 4 20 155 45 6 16 157 44 11 7 161 45 179 45 179 44 180 44 179 45 179 44 180 44 180 43 181 43 182 41 183 40 186 36 191 11 12 7 4149
4805 9 212 16 206 22 200 39 184 43 179 47 176 49 173 52 171 54 169 56 167 58 165 59 164 61 162 63 160 64 159 66 157 67 156 69 155 69 154 71 152 72 151 74 149 75 149 75 148 77 146 78 145 79 144 81 142 82 141 84 140 84 139 85 138 87 136 88 135 90 132 92 130 94 128 97 125 99 109 7 6 102 107 117 105 120 102 122 101 123 99 125 98 126 97 127 96 127 95 129 94 130 93 131 92 132 90 134 88 136 87 137 85 139 83 140 83 141 81 34 1 108 80 31 8 105 78 32 10 103 79 31 13 101 78 31 15 99 79 29 20 96 78 30 22 94 78 29 25 91 79 28 28 89 79 27 30 88 78 27 32 87 79 25 33 87 79 25 33 87 80 23 35 87 79 21 37 87 80 19 38 88 82 14 40 89 135 89 135 89 135 89 135 89 135 89 135 89 135 89 135 89 12 4 119 90 9 10 115 91 6 14 113 112 112 112 111 114 110 114 109 115 108 116 107 118 105 119 104 120 103 121 102 122 101 123 101 123 100 124 100 125 99 125 99 125 99 125 99 125 100 125 101 123 103 122 105 120 105 119 107 118 107 88 6 24 107 85 9 24 107 83 11 25 106 81 13 26 104 80 14 27 103 80 15 28 102 78 16 30 100 77 17 32 98 76 19 32 97 75 20 34 95 75 21 33 96 73 23 33 95 72 24 34 94 70 27 33 94 69 29 32 95 67 31 32 94 66 33 31 94 65 34 31 94 64 36 29 96 63 37 28 96 62 39 27 96 62 40 26 96 62 40 25 98 60 43 23 98 60 44 21 99 59 46 19 101 58 48 17 101 58 49 15 103 56 52 12 104 56 59 1 109 55 169 55 169 54 171 53 172 52 172 53 172 52 172 52 173 51 173 51 174 49 175 49 176 48 176 47 178 46 179 44 180 44 181 42 183 40 185 38 187 35 191 32 194 28 199 10 8853
99 15 208 17 205 21 201 24 198 27 195 29 193 32 190 34 188 37 186 38 185 40 182 43 181 45 178 48 175 50 174 51 172 53 171 53 171 54 170 54 169 57 167 58 10 7 149 60 5 15 144 84 140 87 136 90 133 92 132 93 130 95 128 96 128 96 126 99 124 100 123 101 123 101 122 102 121 103 120 104 119 105 118 106 117 107 117 107 116 108 115 110 113 111 113 111 112 113 110 114 109 115 108 117 107 117 106 118 105 119 104 120 104 119 105 119 104 120 104 121 102 122 102 122 102 122 101 124 100 124 99 125 99 126 97 127 97 127 96 128 96 128 95 129 95 129 94 130 94 130 94 130 94 130 93 131 93 132 92 132 92 132 92 132 91 133 91 134 90 134 90 134 90 134 90 134 91 134 90 134 90 134 90 134 90 134 90 134 90 135 89 135 90 134 90 135 89 135 89 135 89 136 88 136 88 136 88 137 87 137 87 137 87 138 85 139 85 139 85 140 84 140 84 140 84 141 83 141 83 141 83 141 83 141 83 141 83 142 83 141 83 141 83 141 83 141 83 141 83 141 84 140 84 140 84 140 84 140 85 140 84 140 84 140 85 139 86 137 87 137 87 137 88 135 89 135 90 134 90 134 91 132 92 132 93 131 93 130 95 129 95 129 96 128 96 128 97 126 99 125 99 125 99 124 101 123 102 122 102 122 103 121 104 119 105 119 106 118 107 116 108 116 109 114 111 113 111 113 112 111 114 110 114 109 116 107 117 106 119 104 120 103 121 102 122 101 123 101 123 100 125 98 126 98 126 97 126 96 128 96 128 95 129 95 129 94 129 94 130 94 130 51 6 36 130 29 17 1 12 34 131 27 33 32 132 26 34 31 132 26 36 29 133 25 37 29 133 24 38 29 133 24 38 28 133 24 39 28 134 22 40 28 134 21 41 28 134 20 42 27 135 19 43 27 136 17 44 27 136 16 45 26 137 15 47 25 138 14 47 25 139 11 49 24 141 9 51 23 143 4 55 21 203 21 205 17 208 15 211 12 214 8 3663
4615 7 214 12 211 14 209 16 165 12 29 19 163 16 25 20 162 21 1 1 16 24 160 64 160 64 160 64 159 65 159 65 159 65 159 64 160 64 160 63 161 63 161 63 162 61 163 61 164 60 164 60 164 60 164 60 164 61 163 61 162 62 162 63 160 65 159 65 158 67 157 68 155 69 155 70 154 70 154 69 155 69 154 70 154 70 155 69 155 69 155 68 156 68 156 68 156 68 156 69 155 69 155 69 155 69 155 69 155 69 155 69 154 70 154 70 154 70 154 70 153 72 152 71 152 73 151 73 150 74 149 75 149 76 147 77 146 78 144 80 143 81 142 82 140 84 139 85 138 86 137 87 136 88 135 89 134 90 133 91 132 91 132 92 131 93 130 94 129 95 129 95 128 96 127 97 127 96 127 97 126 98 126 97 126 98 125 99 125 99 124 99 124 100 123 101 122 102 121 103 120 104 119 105 118 106 117 107 117 106 117 107 116 108 116 108 115 109 114 110 114 110 113 111 112 112 112 111 112 112 112 112 111 113 111 112 112 112 111 113 111 113 110 114 110 114 110 114 109 115 109 115 109 114 110 114 110 114 109 115 109 115 109 115 109 115 109 115 109 115 109 114 110 113 110 114 110 114 110 113 111 113 111 113 112 111 113 111 113 111 113 111 113 111 114 109 115 109 115 109 116 108 116 107 118 106 118 106 118 105 119 105 120 104 120 104 120 104 121 102 123 101 123 101 124 99 125 99 126 97 127 96 129 95 130 94 131 92 134 90 136 88 141 82 150 74 152 71 156 68 158 66 160 65 161 63 163 61 165 60 167 57 174 50 183 42 183 42 183 41 183 42 183 41 183 41 184 41 183 41 184 40 185 39 185 38 187 36 189 35 191 31 195 17 6 4 202 6 2350
3013 10 211 21 199 27 195 33 190 38 185 42 181 45 178 48 175 50 173 52 172 53 171 54 170 55 169 56 168 56 168 57 167 57 167 57 167 57 168 57 167 56 169 55 170 54 170 54 171 53 171 52 172 52 172 52 172 51 173 51 173 50 174 50 77 1 95 50 72 10 92 50 69 14 91 49 67 18 89 48 65 22 89 46 64 25 88 44 64 28 88 43 63 29 88 42 64 30 87 42 63 31 87 43 62 32 87 42 63 31 87 43 62 31 87 44 61 31 88 44 61 30 88 46 59 28 91 46 59 25 93 47 59 23 95 48 59 21 95 49 59 19 97 50 58 18 97 52 57 17 98 52 57 15 100 53 56 13 101 54 57 10 103 54 58 6 106 54 59 3 108 55 169 55 168 56 168 56 168 56 168 56 167 57 167 56 168 56 168 55 168 56 168 57 167 56 167 58 166 57 166 59 165 59 164 60 164 60 163 61 163 61 163 61 163 62 162 62 161 63 161 64 159 65 159 65 159 66 158 66 157 67 157 67 157 67 157 67 157 67 156 68 156 69 155 69 155 69 154 70 154 71 152 72 151 74 149 76 147 44 2 31 146 43 5 31 145 42 7 30 144 42 9 29 144 41 10 30 143 41 10 30 143 41 11 30 142 41 11 30 142 41 11 30 143 40 12 29 143 40 12 29 143 41 12 29 143 40 13 28 143 40 13 28 144 40 12 28 144 40 13 27 145 39 12 28 145 39 12 28 146 38 11 28 148 38 9 28 150 37 9 27 153 35 9 26 156 34 7 25 159 33 7 18 3 2 162 32 6 18 170 32 3 18 171 32 1 19 173 51 173 51 174 49 175 49 176 47 177 32 3 11 179 31 5 8 180 31 6 5 183 29 195 29 195 29 195 29 196 28 196 28 196 28 196 27 197 26 198 25 199 24 201 22 202 20 205 11 215 6 13350
4532 4 217 11 212 15 208 18 63 4 139 20 59 8 136 23 56 9 136 24 55 11 134 25 53 12 134 26 51 14 133 27 49 15 133 28 47 16 133 29 45 17 133 30 43 18 133 31 41 19 133 34 36 21 134 53 15 21 135 58 8 23 135 89 136 88 136 88 137 86 138 86 139 84 140 84 141 82 142 82 143 80 144 80 145 79 145 78 147 77 148 75 150 74 150 74 151 72 153 70 156 67 157 67 159 64 161 62 163 60 164 59 166 57 167 57 167 56 168 55 170 54 170 53 171 53 171 52 172 52 172 52 172 51 173 51 174 50 174 49 175 49 175 49 175 48 177 47 177 46 178 46 178 46 178 46 178 46 178 45 179 45 179 45 179 45 179 45 178 46 178 46 178 46 178 46 177 47 177 47 177 47 176 49 175 49 175 49 174 50 174 50 174 51 172 52 172 52 171 53 171 53 171 53 171 54 169 55 169 55 169 55 169 55 168 56 168 57 167 57 166 58 166 58 166 58 165 59 165 59 165 59 164 60 164 61 163 61 163 61 162 62 162 62 162 62 162 62 162 62 162 62 162 62 162 62 162 62 161 63 161 63 161 63 161 64 160 64 159 65 159 65 159 66 158 66 158 66 158 66 158 67 157 67 157 67 157 67 156 68 156 68 156 69 154 70 154 70 153 71 152 72 151 73 151 73 150 74 150 26 4 44 150 25 7 42 150 24 12 3 5 30 150 24 22 28 150 24 22 28 151 22 24 26 152 22 25 25 152 22 25 25 152 22 26 23 153 21 27 23 153 21 28 22 152 23 27 21 153 22 28 21 153 22 28 21 153 22 28 21 153 22 28 21 152 23 28 22 151 22 29 22 150 23 30 21 150 23 30 21 149 25 29 21 149 25 29 21 149 25 29 21 149 25 29 21 150 24 29 20 151 24 29 21 151 23 29 20 153 21 30 20 153 21 30 20 153 21 30 20 153 21 30 20 153 21 30 20 153 21 30 21 152 21 30 21 152 21 30 22 151 20 31 23 150 20 32 22 150 19 33 23 151 17 33 23 153 13 35 23 202 22 202 22 203 21 204 19 206 17 209 13 4137
47 76 147 78 145 80 142 84 138 87 136 89 133 92 131 94 128 98 125 100 123 102 121 104 119 106 117 107 117 108 115 109 115 109 114 111 113 111 112 112 112 112 112 113 111 114 110 115 109 117 107 119 105 121 104 121 103 124 100 126 99 127 98 128 96 130 94 131 94 132 92 133 92 135 89 136 88 138 86 139 86 140 84 141 83 142 81 144 80 144 80 145 78 146 78 146 77 147 77 147 76 148 75 149 75 149 74 149 75 149 74 150 74 149 75 149 74 150 73 150 74 150 73 150 73 151 73 151 72 151 72 152 71 153 71 153 70 153 69 155 69 155 68 155 68 156 67 156 67 156 67 156 65 158 64 158 62 160 63 156 67 152 72 149 75 145 79 140 84 113 7 10 94 112 112 111 113 110 114 110 114 109 115 109 115 108 116 107 117 107 117 106 118 106 118 106 118 105 119 105 119 105 119 104 120 104 120 104 120 104 120 104 120 104 120 103 121 103 121 103 121 103 121 103 121 102 122 102 122 102 122 102 122 102 122 102 122 101 123 101 123 101 123 101 123 100 124 100 124 100 124 99 125 99 125 99 125 98 126 98 126 98 126 97 127 97 127 97 127 96 128 96 128 96 128 96 128 96 128 96 128 96 128 96 128 97 127 97 127 97 127 97 127 96 128 96 128 96 128 96 128 96 128 96 128 96 128 96 128 95 129 95 129 95 129 95 129 95 129 95 129 95 129 95 129 95 129 95 129 95 129 95 129 95 129 95 129 95 129 95 129 95 129 95 129 95 129 95 129 95 129 95 129 95 129 96 128 96 128 96 128 96 128 95 129 95 129 95 129 95 129 95 129 95 129 95 129 94 130 94 130 94 130 94 130 94 130 93 131 93 131 93 131 93 131 92 132 92 132 92 132 92 132 91 133 91 133 90 134 90 134 90 134 89 135 89 135 89 135 88 136 88 136 88 136 88 136 87 137 87 137 87 137 86 138 86 138 86 138 86 138 86 138 85 140 84 140 83 141 83 140
47 13 16 19 175 57 166 59 164 61 163 62 161 63 161 64 159 65 160 65 159 65 160 64 160 64 160 64 160 64 160 63 161 63 162 62 162 62 163 61 163 61 163 61 163 61 163 61 163 61 163 61 163 62 162 62 162 62 162 62 162 62 162 62 162 62 162 62 162 62 162 62 162 62 162 63 161 63 161 64 160 64 160 64 161 63 161 64 160 64 161 63 162 62 162 62 163 61 164 61 164 60 164 61 164 60 165 60 164 60 165 60 165 59 166 59 165 59 166 58 166 58 178 47 178 47 176 50 174 52 172 53 170 55 169 57 168 57 168 57 167 58 165 60 164 60 164 61 163 62 162 62 162 63 160 65 159 65 159 66 158 66 158 66 158 67 157 67 156 68 156 68 156 68 156 68 156 69 155 69 155 69 154 70 154 70 154 70 154 70 154 71 153 71 153 72 152 72 152 73 151 73 151 74 150 74 150 75 149 76 148 76 148 77 147 78 147 77 147 77 147 78 146 78 146 78 146 79 145 79 146 78 146 78 146 78 146 79 146 78 146 78 146 78 146 78 146 79 145 79 146 78 146 78 146 78 146 78 147 78 146 78 146 78 147 77 147 78 146 78 147 77 147 77 147 78 146 78 147 77 147 77 147 77 147 77 147 78 146 78 146 78 146 78 146 78 147 77 147 77 147 77 147 77 148 75 149 75 149 59 2 14 150 57 4 13 150 56 5 12 152 55 5 12 152 55 6 11 152 20 3 32 5 12 153 19 4 30 6 12 153 18 6 30 5 12 153 18 6 30 5 12 154 18 5 30 5 13 153 18 5 30 4 14 154 17 5 31 3 14 154 18 3 31 4 14 155 17 3 32 3 14 155 17 3 31 4 14 155 17 3 31 5 14 155 16 4 30 5 14 155 16 4 30 6 13 155 18 1 31 6 14 154 50 6 14 155 49 6 14 155 49 6 15 154 49 6 15 155 48 6 16 154 22 5 22 4 17 154 20 8 20 5 18 154 18 10 20 3 19 154 18 10 19 5 18 154 18 10 19 5 18 154 17 12 18 6 17 154 17 12 17 7 17 154 16 13 17 8 16 155 15 13 17 9 14 155 16 13 17 9 14 155 16 13 16 11 12 155 17 13 16 13 8 157 17 13 16 178 17 13 16 178 17 13 16 178 17 13 16 178 17 13 16 178 17 12 17 178 17 12 17 178 17 12 17 177 18 12 17 177 17 13 17 177 14 15 18 177 11 18 18 177 10 19 18 178 9 19 18 180 5 22 17 181 1 25 17 208 16 207 17 207 17 206 18 207 18 205 19 205 20 204 20 204 21 203 21 203 21 204 20 204 20 204 21 204 20 204 19 206 18 206 18 207 16 90
1638 3 212 18 82 10 109 27 70 21 103 33 64 26 94 42 59 30 91 46 54 35 88 49 50 37 87 52 46 40 85 55 42 42 85 57 38 44 85 58 35 46 84 60 33 48 83 61 31 49 83 62 29 50 82 63 28 52 81 64 26 53 80 66 25 53 79 68 23 54 78 69 23 54 78 70 21 55 78 70 20 57 76 72 18 58 76 73 14 61 76 75 10 64 75 149 75 149 75 149 75 150 74 150 74 150 74 150 74 150 74 151 72 152 71 153 69 155 65 159 63 162 61 163 60 164 59 165 59 166 58 166 58 166 58 166 58 166 58 167 56 169 55 169 55 171 53 173 51 175 49 178 45 183 41 184 40 186 38 188 36 189 35 190 34 190 34 190 34 190 34 190 35 189 35 189 35 189 36 188 36 189 35 189 35 189 35 190 34 190 34 190 34 190 34 190 34 189 35 189 35 189 36 187 36 189 35 189 35 190 33 191 33 192 31 194 30 194 30 194 29 194 30 194 29 194 30 194 30 194 29 195 29 195 29 195 28 197 27 197 27 197 27 197 27 197 27 197 27 197 27 198 26 198 26 198 26 198 26 198 26 199 25 199 25 199 25 199 25 199 25 199 26 198 26 198 26 198 27 197 27 197 28 196 28 195 30 194 30 194 30 194 30 194 30 194 30 194 30 194 30 193 31 193 31 193 31 192 32 192 32 192 32 192 32 192 33 191 33 191 33 191 34 190 34 191 33 191 33 192 33 191 33 191 34 190 34 190 34 190 34 190 35 189 35 189 36 188 36 188 37 187 38 186 38 186 38 185 39 185 39 185 39 185 39 184 40 184 40 184 41 182 43 181 43 180 45 179 45 178 47 177 47 176 49 174 50 173 51 172 53 170 54 169 55 169 56 167 57 167 58 165 59 165 60 164 61 162 63 161 63 161 64 160 65 159 65 159 66 158 66 158 67 156 68 156 69 155 69 155 69 155 70 153 71 153 71 153 72 151 73 151 73 151 73 151 73 151 74 150 74 150 74 149 75 149 76 148 76 148 76 147 77 146 79 144 80 143 82 141 83 141 85 134 136 19 22 7 526
2405 7 215 10 212 14 209 16 207 18 205 20 203 21 203 22 201 23 201 24 199 25 199 25 198 27 197 27 196 28 196 29 194 30 194 31 193 31 193 31 192 32 192 33 191 33 191 33 190 35 189 35 189 35 188 36 188 37 187 37 187 38 185 39 185 39 185 39 185 39 184 41 183 41 183 41 183 41 182 42 182 42 182 42 96 9 77 43 93 15 73 43 91 20 69 44 90 23 67 44 88 28 64 45 86 30 63 45 86 32 60 46 85 34 59 47 84 37 55 48 83 39 53 49 83 41 49 51 83 43 45 54 82 45 40 57 82 47 35 60 82 48 31 63 82 50 25 67 82 52 20 70 82 53 17 72 82 55 13 74 82 57 9 76 82 142 83 141 83 141 83 141 84 140 84 140 84 141 83 141 83 142 82 142 83 142 83 141 83 141 84 140 85 139 85 140 84 140 84 140 85 139 86 138 86 139 86 138 87 137 87 137 88 136 89 135 89 136 89 135 90 134 90 134 91 133 92 132 93 132 93 131 94 130 95 129 96 128 96 128 98 126 99 125 100 125 100 124 101 123 101 123 102 123 102 122 103 121 103 121 104 120 104 120 104 120 104 120 104 120 105 119 105 120 104 120 104 121 103 122 102 122 102 122 102 123 101 124 100 124 99 125 99 126 97 127 97 128 95 129 95 129 94 130 93 131 92 132 91 131 93 129 94 128 95 129 95 127 96 128 95 128 96 127 96 127 96 128 96 127 96 128 96 128 95 129 95 129 94 129 95 129 94 130 94 129 94 130 94 130 94 130 94 131 92 132 92 132 91 133 90 15 10 109 89 14 15 106 88 13 19 105 86 13 22 103 86 11 25 103 84 11 26 67 7 29 84 9 30 61 17 24 82 9 31 59 21 22 82 8 34 56 22 23 82 6 35 55 24 23 82 4 38 51 27 22 83 2 40 49 28 22 128 44 30 23 129 40 33 23 132 34 36 22 136 25 41 22 142 15 46 22 145 1 1 7 49 21 204 21 204 20 205 19 206 19 206 19 206 18 210 16 211 13 213 12 214 11 217 9 218 8 218 12 213 12 213 12 213 12 213 11 213 11 214 10 214 11 213 11 213 11 213 11 213 11 213 11 212 12 212 12 212 12 212 12 211 13 210 14 210 14 210 13 214 9 217 6 219 4 4
18506 4 208 9 1 6 207 18 205 19 203 20 11 13 179 21 9 18 1 4 170 22 7 29 165 22 7 32 162 23 6 36 159 24 4 38 158 25 1 41 157 68 156 69 155 69 155 70 154 71 152 72 151 74 150 74 150 74 150 75 150 74 150 74 149 75 149 76 148 76 147 79 145 80 144 82 142 83 142 82 142 82 141 83 141 83 141 83 140 85 139 85 139 85 139 85 139 85 139 85 139 85 139 86 138 86 137 87 138 86 138 85 139 85 140 84 140 84 140 84 140 84 140 84 140 84 140 83 141 83 141 83 141 83 141 83 141 83 141 83 141 83 141 82 142 82 141 83 141 83 141 83 141 83 140 84 140 84 140 84 140 83 141 83 141 83 140 84 140 84 140 84 140 84 140 84 140 85 139 85 139 85 138 86 138 86 138 86 138 86 138 87 137 87 137 87 138 86 138 86 138 87 138 86 138 86 138 87 137 57 3 27 138 54 6 26 138 54 7 25 138 53 8 26 137 52 10 25 138 50 12 24 138 49 13 24 138 48 15 24 138 22 2 23 15 24 138 22 2 22 17 23 138 21 3 21 19 23 137 22 2 21 19 23 137 22 2 21 20 23 136 22 1 21 22 22 136 22 1 21 23 21 136 44 24 21 135 44 25 20 135 44 26 19 134 45 27 17 135 45 30 13 136 46 34 5 139 46 178 46 178 47 177 47 177 48 176 48 175 49 175 49 175 49 175 49 175 49 174 49 175 48 176 47 177 27 5 13 179 26 13 5 180 26 198 25 200 23 201 22 204 20 205 18 209 12 216 4 544
6580 18 204 22 201 25 198 28 196 29 194 31 192 34 190 36 186 39 184 42 180 45 178 48 174 50 173 53 170 55 168 57 166 59 164 61 162 63 160 65 158 67 156 69 154 70 153 72 151 73 151 74 149 75 148 77 147 78 145 80 143 83 7 33 100 129 95 132 91 136 88 138 85 142 82 143 81 145 79 147 77 150 74 151 73 153 71 154 70 155 69 156 68 158 66 159 66 159 65 159 65 160 65 160 64 161 64 160 65 160 64 160 66 159 66 158 67 158 66 158 67 158 66 158 67 158 66 159 66 159 65 159 65 160 65 159 66 159 65 159 65 159 65 160 64 160 63 161 63 161 63 161 62 162 62 162 62 162 62 162 62 162 61 163 61 163 61 163 60 164 60 164 59 164 59 165 58 166 58 165 58 166 57 166 58 165 58 165 59 164 59 165 59 164 59 164 59 165 58 165 58 166 57 167 56 168 55 169 54 170 53 172 51 173 50 174 49 176 47 178 45 179 44 181 42 183 41 184 39 186 37 187 37 188 35 189 34 191 32 47 8 137 31 46 11 136 31 45 14 134 30 45 19 130 29 46 20 129 28 45 23 128 26 45 25 128 25 40 1 1 29 128 24 38 33 128 23 38 34 129 22 38 35 129 21 38 35 130 21 37 35 130 21 37 35 130 21 37 35 55 6 1 1 68 20 37 36 53 9 67 22 36 36 53 11 63 24 36 37 53 13 58 26 37 36 53 15 56 26 37 36 53 18 53 26 38 36 53 20 50 26 38 36 53 30 41 25 39 35 53 33 38 25 39 36 52 36 35 24 40 36 51 39 34 22 41 37 49 43 31 21 42 37 49 45 29 21 42 38 47 48 26 22 43 37 46 52 22 23 43 37 44 58 17 24 44 37 42 62 13 26 43 37 40 67 6 31 43 36 38 107 42 36 36 110 42 36 34 112 41 36 34 113 40 36 34 114 39 36 34 115 38 36 34 116 36 37 35 116 35 38 34 117 34 38 35 117 33 39 34 118 32 39 35 118 31 40 35 118 30 41 34 119 29 42 34 120 27 43 33 121 26 44 33 123 22 46 32 125 19 48 31 128 10 55 31 193 30 195 27 197 26 199 23 201 22 203 19 207 16 210 11 3943
8543 7 216 10 212 14 210 15 208 17 207 18 63 4 138 20 59 9 136 20 57 12 135 21 55 14 134 22 52 16 133 24 50 18 132 25 48 19 132 26 46 20 132 26 45 21 132 27 43 22 132 28 41 23 132 29 39 24 132 30 38 24 132 31 36 25 133 30 35 26 133 32 32 27 133 37 26 28 133 42 19 30 133 47 10 34 133 91 133 91 134 90 134 89 135 89 135 89 135 89 135 88 136 88 136 88 137 86 138 86 138 85 139 85 139 85 139 85 139 85 139 84 141 83 141 83 141 83 141 82 142 82 142 82 142 81 143 81 143 81 143 80 144 80 144 80 144 80 144 80 144 80 145 78 146 78 146 78 147 77 147 77 148 76 148 75 150 74 150 74 151 73 151 73 151 73 151 73 151 74 150 74 150 75 149 76 149 77 147 79 146 80 144 82 142 86 138 88 136 90 133 93 131 95 129 96 127 99 125 101 123 102 121 104 120 106 117 108 115 111 113 112 111 114 110 115 109 116 108 117 106 119 105 119 105 120 104 121 102 122 102 123 101 123 100 125 99 125 99 126 98 127 97 127 96 128 96 129 95 129 95 130 94 130 94 130 94 131 93 131 92 133 91 133 91 133 91 134 90 134 90 134 91 133 91 134 90 134 90 134 90 134 29 1 60 135 26 3 60 135 25 4 61 134 24 5 61 134 23 6 61 134 22 7 61 135 20 9 60 135 19 11 59 135 18 16 56 134 17 17 56 134 16 18 57 133 15 19 57 133 14 19 59 132 13 20 59 132 13 19 61 132 11 20 62 131 10 20 63 131 9 20 66 129 9 20 67 128 8 20 70 127 6 20 72 126 5 21 73 126 3 21 74 150 75 149 75 148 77 147 78 146 78 146 79 144 81 142 82 141 84 139 85 139 86 137 87 137 88 135 89 135 89 134 91 133 91 132 92 131 93 130 94 130 95 128 96 128 96 127 97 127 97 126 98 125 99 125 99 124 100 123 101 123 101 122 102 122 102 121 104 119 105 118 106 117 57
77 99 123 103 120 105 117 108 116 109 114 111 113 111 112 113 110 115 109 115 108 118 105 119 104 121 103 122 101 124 99 126 97 128 96 129 94 130 94 131 92 132 91 134 90 134 89 135 87 138 81 143 76 149 72 152 70 154 69 156 67 158 65 159 64 160 64 161 62 163 61 163 61 163 60 164 60 165 59 165 59 165 59 165 58 166 58 167 57 167 57 167 56 168 56 168 56 168 56 168 56 168 56 168 56 168 55 169 55 169 55 169 55 169 55 169 55 169 55 169 55 169 55 168 56 168 56 168 56 168 56 168 56 167 57 167 58 165 59 165 59 164 59 165 59 165 59 164 60 164 60 163 61 162 62 162 62 161 63 161 63 160 63 161 63 160 64 160 64 159 65 159 65 158 66 158 66 158 66 157 67 157 67 157 67 156 68 156 68 156 68 155 69 155 69 154 70 154 70 153 71 153 71 152 73 151 73 151 73 150 74 149 75 149 75 148 76 148 76 147 77 147 77 147 77 147 77 147 77 147 77 146 78 146 78 145 79 145 79 145 79 145 79 145 79 144 80 144 80 144 80 143 81 143 81 142 82 141 83 141 83 139 85 138 86 137 87 137 87 136 88 135 89 134 90 133 91 133 91 132 92 132 92 132 92 131 93 131 93 131 92 131 93 130 94 130 94 129 95 128 96 128 96 128 97 126 98 126 98 125 99 125 99 125 100 123 101 123 101 122 103 121 104 119 106 118 106 117 108 116 109 114 111 113 112 112 114 109 117 107 119 104 121 103 123 100 124 100 125 99 126 98 127 96 128 95 130 94 130 92 132 90 134 89 135 88 136 88 135 88 136 88 135 88 136 88 136 88 136 87 137 87 136 88 136 87 137 87 136 88 136 88 136 87 137 88 136 88 137 87 137 87 138 41 1 44 139 38 5 41 141 36 6 41 142 34 8 39 144 32 9 39 145 31 10 38 146 29 11 38 147 27 13 36 149 24 15 36 151 21 16 35 152 20 18 34 154 13 23 34 154 11 25 33 157 3 1 1 30 31 194 30 195 28 197 26 199 24 201 22 203 19 207 15 211 11 215 8 103
6980 4 218 8 215 11 45 5 163 13 40 10 161 14 37 12 160 16 32 17 159 17 32 17 158 19 28 19 159 18 27 20 159 20 23 22 159 22 20 23 159 25 15 24 160 26 12 26 160 64 160 64 160 64 160 64 161 63 161 63 161 63 161 62 162 62 162 62 162 62 162 62 162 63 161 64 160 64 160 66 157 71 153 75 149 77 147 78 146 80 144 81 142 82 142 83 140 84 140 84 139 86 138 86 138 86 138 86 138 86 138 86 138 86 138 86 138 87 137 88 136 91 133 99 125 117 106 119 105 121 103 122 102 123 101 125 99 127 96 129 95 131 93 132 91 134 90 135 88 137 87 138 85 141 83 142 81 144 80 146 78 147 76 150 74 151 73 152 72 153 71 154 70 155 69 156 68 157 67 158 65 160 64 162 62 163 61 164 61 164 60 165 59 166 58 166 59 166 58 167 57 168 56 168 57 168 56 168 57 168 56 168 57 167 58 167 58 167 58 166 58 43 2 1 1 120 57 36 15 116 57 33 26 109 56 31 41 5 1 90 56 30 53 85 56 29 57 3 1 1 7 71 55 28 75 66 55 27 79 63 55 26 85 59 54 25 96 11 5 33 54 24 115 32 53 24 115 32 53 23 117 32 53 21 118 32 54 19 120 32 53 17 122 32 54 14 124 33 54 11 127 32 59 3 130 32 192 32 192 32 192 32 192 32 192 32 192 32 192 32 192 32 191 33 190 34 190 34 189 35 189 35 188 36 188 36 187 37 187 37 187 37 187 37 187 37 187 37 187 37 188 36 189 35 191 33 194 30 197 26 203 20 207 17 210 13 213 9 9881
110 14 42 6 162 16 37 11 159 18 34 15 157 20 29 19 155 26 14 30 154 70 154 70 154 71 152 72 152 73 151 73 150 75 149 75 149 76 148 76 147 77 147 78 146 78 146 78 145 80 144 80 144 80 144 81 143 81 143 82 142 82 141 84 140 84 140 84 140 84 139 86 138 86 138 87 136 89 135 90 133 91 132 93 130 95 129 96 127 98 125 100 123 102 121 105 118 106 116 109 114 111 112 113 110 114 109 116 107 118 105 119 104 121 102 122 102 122 101 124 99 125 99 126 97 127 97 127 96 129 95 129 95 129 95 130 93 131 93 131 93 131 93 132 92 132 92 132 92 132 91 133 91 133 91 134 89 135 89 135 89 135 88 137 87 137 86 138 86 139 85 139 84 140 84 141 83 141 82 142 82 143 81 143 81 143 81 143 81 144 80 144 79 145 79 145 79 145 79 145 78 146 78 146 78 147 77 147 76 148 76 148 76 148 76 148 75 149 75 149 75 150 73 151 73 151 72 152 72 152 71 153 71 153 70 154 70 154 69 154 70 154 69 155 68 156 67 156 68 156 68 156 67 157 67 157 66 157 67 157 67 156 67 157 67 157 66 158 66 157 66 158 66 158 65 159 64 160 46 4 14 160 44 8 11 160 38 19 6 161 32 192 29 195 28 196 27 196 27 197 26 198 26 198 26 198 25 198 26 198 26 198 26 198 26 198 25 199 26 197 26 198 26 198 26 198 26 198 25 199 24 199 25 199 24 200 23 200 24 200 23 200 24 200 24 199 24 200 24 199 25 199 26 197 27 196 28 196 28 195 29 194 30 193 32 191 34 190 34 189 37 186 39 185 40 184 43 180 45 179 47 176 49 175 49 175 50 173 51 173 51 172 52 171 53 171 53 170 54 169 55 168 56 167 56 167 57 166 58 164 59 164 60 163 61 162 62 161 63 160 65 159 65 158 67 157 67 157 68 155 70 154 71 153 74 149 77 147 79 145 82 141 83 33 1 69 3 34 85 17 19 62 10 31 87 1 1 9 25 59 14 27 126 56 18 23 129 54 18 22 132 52 19 20 135 50 20 18 138 48 21 15 142 45 24 10 146 44 26 1 1 1 153 41 96
4807 5 215 11 192 8 11 14 188 38 184 41 181 45 178 47 175 51 172 52 171 54 170 55 168 57 166 58 165 60 162 62 160 65 158 67 156 69 154 71 153 72 152 72 151 74 149 76 147 77 147 78 145 80 143 81 141 84 140 85 138 87 136 88 136 89 134 91 133 92 132 92 132 92 132 93 131 94 130 94 130 95 129 95 129 96 128 96 128 96 127 97 127 97 127 97 127 98 126 98 126 97 126 99 125 99 125 99 125 99 125 98 126 98 126 98 126 98 126 98 126 98 126 98 126 98 126 98 126 98 126 98 125 99 125 99 125 99 124 100 124 100 123 101 123 100 123 101 123 100 123 101 123 100 123 101 123 101 122 102 122 101 122 103 121 103 120 104 120 104 119 106 118 106 118 106 117 108 116 109 115 109 114 111 113 112 112 112 111 115 55 6 48 117 52 10 44 119 48 16 40 121 3 3 26 2 3 27 39 129 18 39 38 130 15 42 36 134 1 54 35 189 35 190 33 191 33 191 33 191 33 192 32 192 33 192 32 193 31 194 30 194 31 194 30 194 30 195 29 195 29 195 29 195 29 195 28 196 28 196 28 196 28 196 28 196 27 197 27 197 26 198 26 198 25 199 25 199 24 200 24 200 23 201 22 202 21 203 21 203 20 204 19 205 18 206 18 206 17 207 17 206 18 161 11 32 19 159 31 14 20 156 68 153 71 150 73 149 75 147 77 145 78 141 83 138 85 137 87 136 88 134 89 134 90 133 91 132 91 132 92 131 93 130 93 130 94 129 95 128 96 127 96 127 97 127 97 126 98 126 97 126 98 126 97 126 98 125 98 126 97 126 98 125 98 125 99 125 98 125 99 124 100 124 99 124 99 124 100 105 8 10 101 91 25 5 103 90 134 89 135 88 136 88 136 87 137 87 137 86 137 87 138 86 137 87 137 87 137 87 137 86 138 86 138 86 139 85 139 85 139 84 140 84 139
12681 8 213 12 210 15 207 18 204 20 202 22 200 25 197 26 196 29 193 30 193 31 102 9 80 33 101 15 72 36 100 18 28 1 34 43 99 22 21 82 99 25 16 84 98 31 7 88 98 126 98 126 98 126 98 126 99 125 99 125 99 125 99 125 100 124 100 124 100 124 101 123 101 123 101 123 101 123 102 122 102 122 102 121 103 121 104 119 105 119 106 117 107 117 107 117 107 116 109 115 109 115 109 115 110 114 110 115 109 115 109 115 109 116 108 116 108 117 107 117 107 118 106 119 105 119 105 120 103 122 102 123 100 124 100 125 99 126 97 128 95 130 94 131 92 133 91 134 89 136 88 136 87 138 86 139 84 140 84 141 82 143 80 144 79 146 77 148 75 149 74 151 72 152 71 154 68 157 66 159 64 160 63 162 61 163 61 163 60 165 58 166 58 167 55 170 54 170 54 171 53 172 52 173 51 173 51 174 49 176 48 177 47 178 45 180 44 181 43 183 41 184 40 185 39 186 38 187 37 188 36 188 36 189 35 190 34 190 34 191 33 192 31 193 31 194 30 195 29 195 29 196 28 197 26 198 26 199 25 200 24 200 24 201 23 201 23 202 22 203 21 204 20 206 18 208 16 209 15 211 13 212 12 215 9 217 7 219 5 220 4 221 3 222 2 223 1 223 1 2687 1 223 1 222 2 220 5 175 13 10 28 168 57 9 1 154 80 140 92 130 102 1 1 118 110 113 113 109 119 103 122 101 126 96 72
9785 4 209 19 202 24 199 28 195 30 193 32 191 34 189 36 184 42 181 46 176 50 172 54 167 57 165 60 160 64 158 66 154 70 150 74 146 78 143 81 138 86 133 91 130 94 128 96 126 98 124 100 122 102 119 106 115 109 113 111 111 113 111 114 109 115 109 115 108 116 108 116 107 118 106 118 106 119 104 120 104 120 104 120 104 120 104 121 103 121 103 121 103 121 103 121 103 121 103 122 102 122 101 123 101 123 101 123 101 123 101 124 99 125 99 125 99 126 97 127 97 127 96 129 94 130 93 131 92 132 91 133 89 136 84 140 77 147 69 155 54 170 48 176 44 180 39 185 38 187 37 187 36 189 35 189 34 191 32 193 31 193 31 194 30 195 28 196 28 197 27 197 27 198 26 198 26 198 26 199 25 199 25 199 25 200 24 200 24 200 24 201 23 201 23 201 23 201 23 201 23 201 23 201 23 201 23 201 23 200 24 200 24 200 24 199 25 199 25 199 25 199 25 199 25 198 26 198 26 198 26 197 27 197 27 197 27 196 28 196 28 196 28 196 28 196 28 195 29 195 29 195 29 195 29 195 29 195 29 194 30 194 30 194 30 194 30 193 31 193 31 192 32 192 32 191 33 147 3 40 34 145 8 37 34 144 10 35 35 144 12 32 36 144 13 30 37 143 15 28 38 143 15 28 38 143 14 26 41 143 13 15 53 144 9 16 55 144 8 16 56 144 6 18 56 145 5 18 56 146 2 20 56 168 56 168 56 146 4 17 57 144 9 13 58 142 82 142 82 141 83 140 84 140 84 139 85 139 85 138 86 138 86 137 87 137 87 137 87 136 88 136 88 136 88 136 88 135 89 135 89 134 90 134 90 134 91 132 93 21 6 103 95 18 10 101 96 14 13 100 93
1408 8 214 12 211 15 208 16 207 19 205 20 202 23 200 25 198 27 105 3 88 29 100 9 86 30 97 12 84 32 94 14 84 33 91 17 83 34 89 18 83 35 85 21 83 36 82 23 83 37 80 24 83 38 77 26 84 38 75 26 85 38 73 28 85 39 71 28 86 39 69 30 86 40 67 31 86 40 66 32 87 40 64 32 88 40 63 33 88 41 60 35 88 41 59 36 88 42 57 37 88 42 56 38 88 43 53 40 88 43 52 41 88 43 51 42 87 45 49 43 87 45 48 44 87 45 47 45 87 45 46 46 87 46 44 47 87 46 43 49 86 46 42 50 86 47 41 51 84 48 40 52 85 48 38 53 84 49 38 53 84 50 37 53 84 51 35 54 84 52 33 55 84 53 32 55 84 66 18 56 83 69 16 56 83 72 12 57 83 73 10 58 83 76 6 59 82 80 1 60 83 141 82 142 82 142 82 142 82 141 83 141 83 141 82 142 82 142 82 142 82 141 82 142 82 142 81 143 81 143 80 144 79 144 79 145 79 145 78 146 78 145 78 146 78 145 78 146 78 145 78 145 79 144 80 144 79 144 80 143 80 143 81 142 81 142 82 141 83 140 84 139 84 138 86 137 86 136 88 135 89 134 89 134 90 134 90 133 91 133 90 134 90 133 91 133 91 133 90 134 90 134 90 133 90 134 89 135 89 135 88 136 88 136 87 137 87 138 86 138 85 139 85 140 84 140 83 142 82 142 82 142 82 143 81 143 81 144 80 144 80 145 79 145 79 145 78 147 77 147 77 147 77 148 76 148 77 147 77 147 77 148 76 148 77 147 77 147 78 147 77 147 77 147 78 146 78 147 78 146 78 146 78 146 79 146 79 145 80 144 81 143 82 142 83 140 85 139 86 138 87 137 88 136 88 135 89 135 89 135 89 134 90 134 90 134 90 133 91 133 92 131 93 131 93 131 93 130 94 130 95 128 96 128 96 127 97 126 98 126 98 125 99 124 101 122 102 122 102 121 103 120 105 118 106 117 108 115 109 114 111 113 111 112 114 109 116 108 118 106 120 103 124 100 128 96 130 93 132 92 133 51 4 35 135 47 8 33 137 45 9 32 138 44 10 31 139 43 12 28 142 41 13 27 143 40 15 25 145 38 15 25 146 38 16 23 147 38 16 11 2 9 148 37 20 7 6 5 149 37 21 5 8 3 151 35 22 5 8 3 151 34 23 5 9 1 153 31 26 4 164 21 7 1 27 4 166 17 37 4 167 15 38 4 6 2 161 11 41 2 6 4 162 3 47 3 4 5 212 3 5 3 757
6596 25 195 33 188 39 183 43 179 46 177 48 175 50 173 53 170 55 167 59 164 61 162 64 160 65 157 67 156 69 154 71 152 72 151 73 149 76 147 77 146 79 144 80 143 81 143 81 142 83 141 83 141 83 141 84 139 85 139 86 137 87 137 88 136 89 134 91 133 92 132 93 131 94 129 95 129 96 128 97 127 97 127 98 125 99 125 100 124 100 124 100 123 102 122 101 122 102 122 102 121 103 120 103 121 103 120 103 121 103 120 103 120 103 121 103 121 102 122 101 123 100 124 100 124 99 124 100 124 100 124 99 124 100 124 99 124 100 123 101 123 100 124 100 124 99 125 99 125 98 126 97 127 97 127 96 127 96 128 95 129 94 130 93 131 92 132 91 133 90 134 89 135 88 136 88 136 87 137 87 138 85 139 85 139 84 140 78 146 77 147 75 149 74 150 73 151 72 152 71 153 71 153 70 154 70 154 70 154 69 155 69 155 68 156 68 155 69 155 68 156 31 2 35 156 29 6 33 156 27 10 30 157 27 10 30 156 27 11 30 156 27 11 30 156 27 11 30 156 26 12 30 156 26 12 29 157 26 13 28 157 26 13 28 157 26 13 28 158 25 14 26 159 25 14 26 159 25 14 26 159 25 14 26 160 24 14 25 161 24 14 25 161 24 14 24 162 24 14 23 163 24 14 23 163 24 15 21 164 24 15 21 165 23 15 20 166 23 15 20 166 23 15 19 167 23 15 19 167 22 16 18 168 22 16 18 168 22 16 18 167 23 16 18 167 23 16 18 167 23 16 18 167 23 16 18 167 23 16 18 167 23 15 19 167 23 15 18 168 23 15 18 169 22 15 18 169 22 15 18 169 23 14 18 169 23 13 19 169 23 13 19 169 23 13 20 168 23 12 21 168 24 11 22 167 24 11 22 167 25 9 23 167 25 9 23 167 26 7 24 167 26 6 25 167 28 3 25 168 56 168 45 4 5 170 44 180 43 181 42 183 40 184 39 186 37 187 37 188 35 189 35 190 33 191 33 192 31 193 30 196 26 200 23 207 14 214 5 3283
2400 14 207 19 202 24 196 28 137 4 52 32 129 26 35 34 122 37 27 38 119 41 21 43 116 47 13 48 113 55 1 55 111 113 110 114 109 115 107 116 107 117 107 117 106 118 104 120 103 120 57 24 22 121 52 37 13 122 50 46 3 125 49 174 49 175 48 176 48 176 48 175 49 175 49 174 51 173 51 172 52 171 53 170 54 169 56 167 57 166 59 164 61 162 63 160 65 158 67 157 67 157 68 157 68 157 68 160 65 163 62 166 59 168 58 167 58 168 59 167 59 167 59 167 60 165 64 162 64 161 65 159 68 157 71 154 72 152 75 150 76 149 77 148 77 147 77 148 77 148 77 148 76 148 76 149 76 148 77 148 76 149 76 148 76 149 76 149 76 148 77 148 76 148 77 147 77 148 77 147 77 147 77 147 77 148 77 147 77 147 77 147 77 147 78 146 78 146 78 146 78 146 78 146 78 146 78 146 78 146 78 146 78 145 79 145 79 145 79 145 79 145 80 144 80 144 81 143 81 143 82 142 82 142 83 141 83 142 84 140 85 139 88 136 90 134 92 132 94 130 96 129 96 127 98 126 99 125 100 124 102 122 104 120 105 119 106 85 2 31 107 81 7 29 109 77 15 23 110 75 18 21 111 73 21 19 113 70 22 19 114 69 23 17 116 68 23 17 116 68 23 17 117 67 23 18 116 67 24 17 117 66 24 17 117 66 24 17 118 65 24 17 118 64 25 18 118 63 25 18 118 63 25 18 119 62 26 17 119 62 26 18 118 62 26 18 119 60 27 18 119 60 27 19 119 59 28 18 119 58 29 19 118 58 29 20 117 58 29 20 117 58 29 21 117 56 30 22 116 56 31 21 117 54 32 22 116 54 32 22 116 53 33 23 116 51 34 23 116 50 35 23 117 48 37 22 117 48 37 21 118 47 39 20 118 47 41 17 120 45 45 12 122 44 180 44 180 43 181 43 181 42 183 40 184 40 184 39 185 39 185 38 186 38 186 38 186 37 187 36 188 36 188 35 189 35 189 34 189 36 188 35 188 36 187 37 186 38 185 38 185 39 184 40 184 40 183 40 184 40 184 39 185 39 186 37 187 36 188 36 189 34 190 34 191 32 193 30 195 27 198 22 204 9 2341
7021 3 216 13 42 3 164 17 36 10 157 24 31 13 154 27 27 17 152 30 18 25 149 34 14 28 147 37 10 31 145 80 143 82 142 82 142 83 141 83 141 83 141 83 140 84 140 84 139 85 139 85 139 85 138 87 137 87 136 88 136 88 136 88 135 89 135 88 135 89 135 89 135 89 134 90 134 90 134 90 133 91 133 91 133 91 133 91 133 92 132 92 132 92 132 92 131 94 131 93 130 94 130 94 130 95 129 95 129 95 129 95 129 95 129 96 128 96 128 96 128 97 127 97 127 97 128 97 127 97 127 97 127 98 126 98 126 99 126 99 125 99 126 99 125 100 124 100 124 101 124 101 123 102 122 102 122 103 121 104 121 104 120 105 119 106 118 107 117 108 116 108 116 109 115 110 114 111 113 112 112 113 111 114 110 117 107 119 105 121 103 122 102 123 101 123 101 124 100 125 99 125 99 126 98 126 98 127 98 126 98 126 98 127 97 127 97 127 97 127 97 127 97 128 96 128 96 128 96 128 96 128 96 127 98 126 98 126 98 126 99 123 101 123 101 122 103 120 104 118 106 117 108 115 109 115 110 114 110 114 111 113 111 113 112 112 112 112 113 111 113 111 114 110 114 110 115 108 116 108 117 107 117 107 117 107 117 107 118 106 117 106 118 106 117 107 116 107 116 108 115 109 113 110 113 110 114 110 113 110 114 109 114 109 115 108 116 33 5 68 118 31 8 66 119 30 9 64 121 29 10 63 123 27 12 61 124 26 13 60 126 24 14 59 127 23 15 59 128 21 16 58 130 19 17 58 132 15 19 57 134 11 22 57 138 1 28 57 166 57 167 57 167 57 166 57 167 57 166 58 165 31 4 23 165 29 8 22 165 28 10 20 165 28 12 19 164 28 13 18 165 27 15 16 165 28 16 14 166 27 18 12 167 27 20 8 168 27 25 1 171 26 198 26 198 25 199 25 199 24 201 22 202 21 203 20 204 19 206 16 209 14 210 13 212 11 121
4422 6 214 14 208 18 203 22 199 26 196 29 193 32 191 34 189 35 187 38 185 39 184 40 183 41 182 42 181 44 180 44 179 45 178 46 178 46 177 47 176 47 177 47 176 48 176 47 176 48 175 49 175 49 174 49 174 50 174 50 173 51 172 52 171 53 152 8 9 54 137 6 5 76 131 93 127 97 124 99 121 103 118 106 114 109 112 112 110 114 109 115 107 116 107 117 106 118 104 120 103 121 102 121 102 122 101 123 100 124 99 125 98 126 98 126 97 127 96 128 95 129 95 129 94 130 94 130 93 131 93 132 91 133 91 133 91 133 91 134 89 135 89 135 89 135 89 136 88 136 87 138 86 138 86 139 85 139 84 141 83 141 83 142 82 142 82 143 81 143 81 144 79 145 79 146 78 146 78 146 78 147 77 147 77 147 77 148 76 148 75 149 75 149 75 149 75 150 74 150 74 150 74 150 74 150 74 150 74 150 74 150 74 151 73 151 73 151 73 151 73 150 74 150 74 150 74 102 2 45 75 101 4 44 75 100 7 41 76 100 8 39 77 99 10 35 80 99 10 28 87 98 13 18 96 97 14 13 100 97 18 2 107 96 129 95 129 94 131 93 132 92 136 7 11 70 157 67 160 63 163 61 166 58 168 55 172 52 176 47 181 42 184 39 188 34 193 30 197 16 3 1 206 6 14899
8997 18 203 24 198 29 194 32 191 34 110 12 67 37 102 23 61 39 98 29 58 40 95 34 54 43 91 39 51 44 89 42 48 46 87 45 45 48 85 48 43 49 83 50 41 51 81 52 39 54 78 54 36 57 77 54 35 59 75 56 32 62 74 56 31 64 72 58 29 65 72 58 28 67 70 59 27 69 69 60 25 71 68 60 25 71 67 62 23 73 66 62 23 73 66 63 22 74 65 63 22 74 65 64 21 74 65 64 21 75 63 66 20 75 63 66 21 75 62 66 21 76 62 65 22 76 61 65 22 77 60 65 23 78 58 65 23 79 56 66 24 80 54 66 24 82 52 67 24 83 49 68 25 85 45 69 27 87 39 71 28 89 34 73 28 91 28 77 29 94 16 85 30 194 30 194 30 194 30 194 30 194 30 193 31 192 33 190 34 190 34 189 35 189 35 189 36 188 36 188 37 187 37 187 38 186 39 185 39 185 40 184 40 184 41 183 41 184 40 184 40 184 41 183 41 183 41 184 41 183 41 183 41 184 41 183 41 183 41 183 42 183 41 183 41 183 42 182 42 182 42 182 42 182 43 181 43 181 44 180 45 179 45 179 45 179 46 62 3 113 47 60 10 1 1 105 48 58 37 1 1 79 49 57 44 74 49 57 48 70 50 56 49 69 51 55 49 69 52 54 49 69 54 52 51 66 57 50 51 66 59 47 52 66 61 45 53 65 62 44 54 64 63 43 54 64 64 42 55 63 65 41 55 62 67 40 56 61 67 40 56 61 69 38 57 59 70 38 57 59 72 36 58 58 72 36 58 57 74 35 58 57 75 34 59 55 76 34 59 55 77 33 59 55 77 33 60 53 79 32 60 53 79 32 61 52 80 31 61 52 80 31 62 50 81 31 63 49 82 30 65 47 82 30 66 46 82 30 67 45 82 30 68 44 83 29 70 42 83 29 70 42 83 29 71 42 82 29 72 41 82 29 73 40 82 29 73 41 81 29 74 40 81 29 74 40 82 29 74 40 81 29 74 40 81 29 75 39 81 29 75 40 80 29 75 40 80 29 75 40 80 29 75 40 80 29 75 40 80 29 75 41 79 29 75 41 79 29 75 41 79 29 74 42 79 29 74 42 79 29 74 42 79 29 73 44 78 28 74 22 1 21 78 28 73 22 3 20 78 28 72 22 5 19 78 27 73 21 6 19 78 26 73 22 6 19 78 26 73 21 7 19 78 25 73 21 8 19 78 25 74 19 8 20 78 24 76 17 9 20 78 24 102 20 79 23 102 20 80 21 103 19 82 20 103 19 82 20 103 19 82 19 104 19 83 18 104 19 83 18 104 19 84 16 106 17 85 15 107 17 86 12 111 15 89 6 115 13 214 8 2477
9189 7 215 11 58 4 150 12 56 7 148 14 53 10 147 15 51 12 145 17 49 13 145 18 47 15 144 19 45 16 144 20 43 17 144 21 41 18 144 21 40 19 144 23 37 20 144 23 36 21 144 24 34 21 145 25 32 23 144 26 30 23 145 27 27 25 145 29 23 27 145 30 20 29 145 79 145 79 146 78 146 78 146 78 147 77 27 18 102 77 23 28 97 76 21 34 93 76 18 41 89 76 17 44 88 75 16 47 86 75 15 50 85 74 14 53 83 75 12 55 82 75 10 59 80 75 9 61 80 75 7 64 78 77 3 67 77 148 76 150 74 152 71 154 70 155 69 157 67 158 66 159 65 160 63 162 62 163 61 164 60 165 59 165 60 165 59 165 59 166 58 166 59 165 59 166 58 166 59 165 59 166 58 167 57 167 58 167 57 167 57 168 56 169 56 168 56 169 55 169 55 170 54 170 54 171 53 171 53 172 52 172 52 172 52 172 51 174 51 173 51 173 51 173 52 172 52 172 53 171 53 171 54 170 54 170 56 168 62 162 66 158 73 151 76 148 77 147 78 146 79 145 80 145 80 144 81 143 82 142 83 142 82 142 83 142 83 141 84 141 84 140 85 139 86 138 87 137 88 136 89 135 90 134 91 133 92 132 32 1 59 132 30 5 58 131 29 6 58 131 27 9 57 132 18 18 56 132 17 19 55 134 16 20 52 136 16 20 51 137 16 20 50 38 3 97 16 20 49 39 3 96 18 19 48 139 19 18 47 140 19 18 47 139 20 18 46 140 19 19 46 138 20 19 47 137 19 21 47 135 17 1 1 23 47 35 7 73 11 1 1 5 18 26 48 29 13 69 36 29 48 26 17 65 37 31 50 21 20 63 37 32 56 13 24 60 38 33 93 58 39 33 94 56 40 34 95 53 41 34 96 49 45 33 98 28 67 30 100 24 70 30 101 20 77 24 104 10 88 20 8970
15106 6 217 9 214 11 212 14 210 14 209 16 208 17 34 7 166 17 32 11 164 18 30 13 163 18 28 16 162 19 26 17 162 19 25 19 161 20 23 20 162 19 22 22 161 20 21 22 161 20 20 23 161 20 19 23 161 22 17 24 161 22 16 25 161 23 14 26 161 23 13 26 162 24 10 28 162 26 4 32 162 62 162 62 162 61 163 61 162 62 146 10 5 62 143 81 141 83 140 83 139 85 138 85 138 86 137 87 136 87 136 88 135 88 135 88 135 89 133 90 133 90 134 89 134 89 134 89 135 88 136 88 135 88 136 88 136 88 135 89 135 89 135 89 135 89 135 88 136 88 136 87 137 86 138 84 140 83 141 82 142 82 142 81 143 81 143 81 143 81 144 80 144 80 144 80 144 80 145 79 145 78 147 77 147 77 147 78 147 77 147 77 147 77 147 77 148 76 148 76 148 76 149 75 149 74 151 73 151 73 152 72 152 72 153 70 154 70 154 70 154 69 155 68 156 68 157 65 159 64 159 63 161 63 161 62 162 61 163 60 164 59 164 58 166 57 167 54 170 47 177 42 182 39 185 36 188 34 190 31 193 28 196 25 199 22 201 21 203 18 206 16 208 14 210 12 213 8 217 3 7999
11974 27 194 34 187 40 181 46 175 51 171 55 166 59 162 64 159 66 157 68 155 71 152 73 150 75 148 77 146 79 144 81 142 83 140 85 137 88 134 91 131 94 126 98 120 105 114 111 109 115 101 124 98 127 95 129 94 131 89 136 87 137 86 139 84 141 83 141 82 143 81 144 80 145 79 146 78 146 78 147 76 148 76 148 76 149 75 149 75 149 75 150 74 150 74 150 74 151 73 151 73 151 73 152 72 152 72 152 72 152 72 153 71 153 70 154 70 154 70 154 70 155 69 155 69 155 69 155 69 154 70 154 70 154 70 152 72 152 72 151 73 150 74 150 74 149 75 148 76 150 74 152 72 152 72 153 71 154 70 156 68 157 67 160 64 161 63 164 60 167 58 169 55 170 54 172 52 173 52 173 51 174 50 175 50 175 49 175 50 175 49 176 49 175 49 175 49 176 49 176 48 111 7 58 48 109 11 56 48 107 14 56 47 104 18 54 48 102 21 53 48 99 25 52 48 97 28 51 48 94 33 48 49 93 37 2 4 39 49 91 47 36 50 89 51 34 50 88 55 30 51 86 60 26 52 85 65 21 52 86 68 16 54 85 73 2 64 85 139 85 139 86 137 87 138 87 136 88 136 89 135 90 135 90 134 91 133 92 132 93 131 94 130 95 129 95 129 96 128 96 128 96 128 31 7 59 127 27 16 54 127 24 21 52 127 20 27 51 127 16 33 48 127 14 36 47 127 13 38 46 128 9 42 46 128 5 46 45 180 44 180 44 181 43 181 44 181 43 181 43 182 42 183 41 183 42 182 42 183 41 184 40 184 40 185 39 186 38 186 38 187 37 188 36 189 34 191 33 192 32 193 31 196 27 199 25 201 22 204 19 206 18 207 16 99
3256 11 210 18 202 26 195 32 190 36 185 41 181 45 178 48 175 51 172 53 170 55 168 56 168 57 166 59 165 60 163 62 162 63 160 64 160 65 158 66 158 67 156 68 156 68 156 69 154 70 154 71 153 71 153 71 152 73 151 73 150 76 148 76 148 77 146 79 145 81 143 82 141 85 139 87 136 90 133 92 132 93 130 95 129 97 127 97 126 99 125 100 123 101 123 101 122 103 120 104 120 104 119 106 118 106 117 107 117 107 116 108 116 108 115 110 114 110 114 110 114 110 114 110 114 110 114 111 113 111 113 111 113 111 113 111 113 112 112 112 112 112 112 112 112 112 112 112 111 113 111 113 111 113 111 113 110 114 109 115 108 116 107 117 106 118 105 119 104 121 102 122 102 122 101 123 101 123 101 123 100 124 100 124 100 124 100 124 100 124 100 125 99 125 98 126 98 126 98 126 97 127 97 127 96 128 96 128 96 128 95 129 95 129 95 129 94 130 94 130 94 130 94 130 93 131 93 131 93 131 93 131 93 131 93 130 94 130 94 130 94 129 95 129 95 129 95 128 97 127 97 126 98 126 99 124 100 124 101 123 102 122 102 122 103 121 104 120 105 119 105 119 107 118 107 117 109 115 111 113 121 103 123 101 125 99 126 98 127 97 127 96 129 95 130 94 130 94 130 95 130 38 3 53 130 36 7 51 131 35 9 48 132 34 11 47 133 33 15 40 136 33 49 4 139 32 192 32 193 32 192 33 192 33 191 34 190 35 189 36 188 36 189 36 188 36 187 38 186 38 186 38 186 38 186 38 186 39 186 37 187 37 188 36 188 35 189 35 190 33 191 33 192 31 193 30 196 26 200 22 204 18 210 11 5477
3522 8 214 12 209 16 207 17 205 19 203 21 202 22 200 24 199 25 197 27 195 29 194 29 193 31 191 32 191 32 190 34 188 35 188 35 187 37 186 37 186 37 186 37 186 37 186 37 187 36 187 36 187 36 187 36 187 35 165 14 9 35 163 21 3 35 163 60 162 61 161 61 161 62 161 62 161 61 161 61 162 61 161 62 160 63 158 65 156 67 154 69 153 71 151 72 151 73 150 74 149 75 149 75 148 76 148 76 148 77 146 78 146 78 146 78 146 78 146 79 145 79 145 79 145 79 145 79 145 79 145 80 144 80 143 81 143 81 143 81 142 83 141 83 141 83 140 84 140 84 140 84 140 84 140 84 139 85 139 85 139 85 139 85 139 85 138 86 138 86 138 86 138 86 138 86 138 86 138 86 138 86 137 87 137 87 137 87 137 87 137 87 137 86 138 86 138 86 138 86 138 86 138 86 138 86 138 86 138 86 138 86 138 86 138 86 138 86 138 86 138 86 138 86 138 86 139 85 139 85 139 85 140 84 140 83 141 83 142 82 142 82 143 81 143 81 144 80 145 79 145 78 147 77 148 76 148 76 149 75 149 74 151 73 151 73 152 71 154 70 154 70 154 70 155 69 155 68 157 67 157 67 158 66 158 66 158 66 159 65 159 65 159 65 160 64 160 64 161 63 161 63 161 63 162 62 162 63 162 62 162 62 163 61 163 61 164 60 165 59 166 58 166 57 168 55 170 33 4 17 171 30 9 12 173 29 12 8 176 26 198 26 199 24 200 23 201 22 203 20 205 17 209 10 8415
1908 4 218 6 216 8 214 11 210 14 209 15 207 17 204 20 202 22 200 24 198 25 197 27 195 28 194 29 194 29 193 30 192 30 192 31 192 30 193 29 193 29 194 28 195 28 195 27 196 26 197 25 198 25 198 25 198 25 198 25 198 24 200 24 199 24 199 24 200 23 200 24 64 7 128 24 64 9 127 24 62 12 125 26 61 12 124 27 59 15 121 30 57 16 120 32 55 17 118 36 52 18 116 39 50 19 113 44 46 21 111 48 43 22 109 52 40 23 108 55 37 24 106 60 32 26 104 64 27 29 103 69 19 33 102 81 4 36 102 122 101 123 100 124 100 124 99 125 98 125 99 125 98 126 98 126 97 127 97 127 96 127 96 128 96 128 96 128 95 129 95 128 96 128 95 129 95 129 95 129 95 128 95 129 95 129 95 129 94 130 94 129 95 129 94 130 94 130 94 129 95 129 94 130 94 130 94 129 95 129 95 129 94 130 94 130 94 129 95 129 95 129 95 129 94 129 95 129 95 129 95 129 95 128 95 129 94 130 94 130 93 131 93 132 91 133 91 133 90 135 88 136 87 137 86 138 85 140 83 141 82 143 80 144 80 144 79 28 7 111 77 28 10 109 76 28 13 108 74 29 15 106 73 29 17 105 73 29 17 105 72 30 18 104 71 30 19 104 70 30 21 103 70 30 21 103 69 31 21 103 69 30 23 102 69 30 23 102 68 30 24 102 68 30 24 102 68 30 24 101 68 30 26 100 68 30 26 100 68 30 26 100 69 28 27 100 69 28 28 98 71 26 29 98 71 25 30 98 72 24 31 97 74 20 33 96 77 17 34 96 78 14 36 95 81 10 39 94 130 94 130 93 131 93 132 92 132 91 134 90 134 90 135 89 135 88 137 87 137 87 137 86 139 85 139 85 140 83 141 83 142 82 142 81 143 81 144 80 144 80 144 80 145 79 145 79 145 79 146 78 146 46 1 31 146 44 4 30 147 42 5 30 147 42 6 29 148 41 5 30 148 41 5 30 149 39 5 31 149 39 5 31 149 38 7 30 150 36 8 30 150 36 9 29 151 34 10 29 151 33 11 30 150 33 12 30 150 32 13 33 146 32 14 35 143 31 23 28 142 31 29 23 141 31 31 22 140 30 32 22 140 30 32 22 140 29 34 21 140 28 37 18 141 28 38 18 140 26 40 18 139 26 43 16 139 23 47 14 140 18 53 6 3 3 141 8 217 6 219 3 3504
1885 10 212 14 208 18 205 20 203 23 200 25 198 28 196 29 194 32 191 34 189 36 187 38 185 40 183 42 181 44 179 46 177 48 176 49 47 5 121 51 44 10 118 53 42 12 117 53 39 17 114 55 37 18 114 55 36 20 112 57 34 22 111 57 33 23 111 58 31 25 110 58 30 26 110 58 29 27 109 60 27 29 108 60 26 30 108 60 26 30 108 61 24 31 108 61 23 32 108 61 23 32 107 63 21 33 107 63 20 34 107 63 20 35 105 64 19 36 105 65 17 37 105 65 15 39 104 67 12 41 104 68 9 43 103 71 5 45 103 121 103 121 102 122 102 122 101 123 101 123 101 123 101 123 100 123 101 123 101 123 100 123 101 123 100 124 99 124 100 124 99 125 98 125 98 126 97 127 97 126 97 127 97 127 96 128 95 129 95 129 94 130 94 130 93 131 93 132 91 133 91 133 91 133 91 133 90 134 90 134 90 134 90 134 89 135 89 135 89 135 89 135 89 135 88 137 87 137 87 138 86 138 86 139 84 140 84 141 83 141 82 143 81 143 80 145 79 145 79 145 78 146 78 147 77 146 77 147 77 147 77 147 76 148 76 148 76 147 76 148 76 148 75 148 76 147 76 146 78 146 78 145 78 145 79 144 79 144 80 144 79 144 80 144 80 143 80 144 80 144 80 143 81 143 80 144 80 144 80 144 80 144 80 144 80 144 80 145 79 145 79 146 78 146 78 147 77 148 76 148 75 150 74 151 72 153 70 155 69 156 67 158 65 159 65 160 63 161 62 163 61 164 60 164 59 166 58 166 58 167 57 167 56 168 56 169 55 169 55 169 55 170 54 170 54 170 53 172 52 172 52 172 52 172 52 173 51 173 51 173 51 174 49 175 49 176 47 177 46 178 45 180 41 183 33 192 30 195 27 198 25 199 24 201 22 203 20 204 20 205 19 206 18 207 17 207 17 208 16 209 15 209 15 210 14 211 13 212 12 213 11 214 10 215 9 216 8 217 7 218 6 220 4 222 2 223 1 3136
3477 4 219 6 218 8 216 10 38 5 170 21 28 6 169 24 24 8 167 27 22 9 166 28 20 10 166 29 19 10 166 30 17 13 165 30 16 13 166 30 14 15 165 32 11 16 165 33 10 17 165 33 8 19 164 37 2 22 163 62 161 65 159 66 158 67 156 69 155 70 153 71 153 72 151 73 151 74 149 75 145 80 142 82 139 85 137 87 134 90 133 91 129 95 126 98 123 102 69 2 1 1 48 103 67 10 44 103 67 14 39 104 66 18 35 106 64 20 33 107 63 24 29 108 63 25 27 110 61 29 23 111 60 34 18 113 58 42 8 116 58 46 2 118 57 167 57 168 55 169 55 170 53 171 53 171 52 171 53 171 53 171 53 171 52 172 52 172 52 172 52 172 52 173 51 173 51 174 50 174 49 176 48 175 49 176 48 176 48 176 48 176 48 177 47 176 48 176 48 174 50 174 1 2 47 175 1 1 47 178 46 178 47 178 46 179 45 180 44 180 44 180 43 181 43 181 43 183 40 186 38 187 36 189 35 191 33 192 31 194 30 195 28 197 27 198 26 182 3 13 24 184 4 13 23 185 4 12 23 186 4 11 23 187 4 10 23 187 5 8 24 187 6 6 25 187 9 1 27 187 36 189 35 189 34 190 34 190 33 22 4 164 35 20 5 164 35 18 6 147 2 15 36 17 7 146 5 12 37 16 7 146 8 8 39 15 8 145 10 6 39 15 8 145 13 3 41 13 9 144 57 13 10 144 56 13 10 145 55 13 11 144 51 1 3 14 10 145 51 17 11 145 51 16 11 146 51 15 12 146 51 15 11 147 51 14 12 147 50 15 11 149 49 15 11 149 50 14 10 150 50 13 11 149 52 10 13 145 78 143 80 143 81 32 2 107 82 32 4 105 83 31 6 102 84 32 7 100 85 31 8 99 85 32 9 97 85 32 10 96 85 33 10 94 86 33 11 92 87 33 13 89 88 34 13 86 90 34 14 84 91 34 15 83 90 36 14 82 91 36 15 81 91 37 14 82 90 38 14 81 90 38 14 82 89 39 14 81 89 40 14 81 88 41 13 82 87 42 12 83 86 43 12 83 85 44 11 83 85 48 3 88 85 139 85 139 84 139 85 139 85 139 84 140 85 139 85 139 85 139 85 139 85 138 86 138 86 138 85 138 86 137 87 136 88 135 89 133 91 132 93 130 94 129 96 126 99 64 2 58 103 57 12 50 106 55 19 43 109 51 25 36 113 49 32 27 117 46 47 11 122 43 183 38 187 35 192 30 194 27 199 24 202 21 204 20 205 19 206 18 207 17 208 17 208 16 209 16 219 5 221 4 222 3 222 1 1296
2346 6 217 8 214 11 212 13 210 16 208 17 206 19 204 20 203 22 202 22 201 24 199 25 199 25 198 25 198 26 197 26 197 27 197 26 198 26 198 26 197 27 197 26 197 27 44 3 150 27 43 7 146 28 42 9 145 28 40 12 143 29 39 14 142 29 38 15 141 30 36 18 139 31 35 19 138 32 34 20 137 34 32 21 134 37 31 22 127 44 30 23 124 48 28 24 121 53 25 24 121 56 22 25 120 58 20 26 119 61 17 26 119 63 15 27 118 66 12 28 117 69 9 29 116 72 6 30 115 109 115 109 114 109 115 109 114 110 114 110 113 111 113 111 112 111 113 111 112 112 112 111 112 112 112 112 112 111 112 112 112 111 113 111 113 111 112 111 113 111 113 110 114 110 114 109 114 110 114 110 114 109 115 109 114 109 115 109 115 108 116 107 117 107 117 106 118 106 118 105 118 106 118 106 118 105 119 105 118 105 119 105 118 105 119 105 119 104 121 103 121 102 123 101 124 100 124 99 125 99 126 98 126 98 127 97 127 97 127 97 127 97 127 96 128 96 129 95 129 95 130 94 130 94 130 94 131 93 132 92 132 92 133 92 132 92 133 91 133 91 133 91 133 91 134 91 133 91 133 91 133 91 132 92 132 92 132 92 131 93 131 93 131 94 130 94 130 94 130 94 131 92 132 92 132 92 133 91 133 91 134 90 134 90 134 89 135 89 135 89 135 88 136 88 136 87 137 87 138 85 140 84 140 84 140 83 142 82 143 80 144 80 143 81 142 81 143 80 144 80 144 80 144 79 145 78 146 77 147 77 147 76 147 77 147 77 147 77 147 77 147 77 147 77 147 77 147 36 4 38 146 35 6 37 146 34 8 36 147 32 10 36 146 32 11 35 146 32 12 35 146 31 12 35 146 30 14 34 146 30 15 33 146 30 15 34 146 29 16 33 146 29 17 32 146 29 17 32 147 27 19 31 148 26 19 30 150 24 21 29 151 22 23 27 154 18 27 25 156 13 31 22 204 19 207 15 5913
4388 3 214 15 194 36 185 45 3 1 171 55 165 63 158 70 152 74 148 78 145 81 142 83 140 85 138 87 136 90 133 92 131 94 129 96 127 98 125 100 123 102 121 104 119 107 116 110 114 112 110 115 109 117 106 119 104 121 102 123 100 125 97 127 96 129 93 132 91 134 88 136 87 139 84 140 84 141 82 143 80 144 80 144 79 146 78 146 77 147 77 147 76 149 75 149 74 150 74 151 72 152 71 153 71 154 69 155 69 156 67 158 66 158 65 160 64 160 64 161 62 162 62 162 62 163 61 163 61 164 60 164 60 164 60 164 60 164 60 165 59 165 59 165 59 165 59 165 59 165 59 165 58 166 57 167 56 167 56 168 54 169 54 170 51 172 49 175 43 181 29 195 22 202 16 208 15 209 14 210 13 211 13 212 11 214 10 214 10 215 9 216 8 216 8 217 7 217 7 218 6 218 6 219 5 220 4 221 3 222 2 222 2 223 1 224 1 223 1 223 2 222 2 222 3 221 3 221 3 221 4 220 4 220 4 220 4 220 5 219 5 219 5 219 6 218 6 218 6 218 6 218 5 219 5 219 5 219 4 220 3 221 3 221 3 221 2 222 2 222 2 222 1 223 1 223 1 223 1 4255 1 223 1 223 2 222 2 222 3 221 4 220 4 220 5 219 5 219 5 219 5 219 5 219 5 219 5 219 5 219 5 219 5 219 5 219 5 219 5 219 5 219 5 219 6 218 6 218 6 218 7 217 7 217 7 217 8 216 8 216 8 216 8 216 9 215 9 215 9 215 10 214 10 214 10 214 10 213 11 213 12 212 12 211 13 211 12 212 13 211 13 210 14 210 15 208 4
12416 3 218 9 214 11 211 15 209 16 207 18 206 19 205 21 203 21 203 22 203 22 202 23 202 23 203 21 204 21 204 21 204 20 205 20 205 20 205 19 205 20 205 20 205 19 206 19 205 20 205 20 205 19 205 20 204 20 205 20 205 19 205 20 204 21 204 20 204 21 204 20 204 20 204 21 203 22 202 22 201 24 198 26 194 31 191 33 189 35 188 37 186 38 185 40 183 41 183 42 181 43 181 44 179 46 177 50 174 57 166 61 163 62 161 65 159 66 157 69 154 70 153 73 150 75 148 77 146 79 144 81 143 81 142 83 141 84 139 85 139 86 137 88 136 88 135 90 134 90 134 90 133 92 132 92 131 93 131 94 129 95 129 95 128 96 128 96 128 96 128 96 127 97 127 97 126 98 126 98 126 98 125 99 125 99 124 100 124 100 123 101 123 101 122 102 122 102 121 103 121 103 120 104 119 104 120 104 119 105 119 105 118 106 117 107 116 108 115 109 115 109 114 110 113 111 112 112 112 112 111 113 110 114 110 115 108 116 108 116 107 118 106 118 106 118 106 118 106 118 106 117 108 116 108 115 109 115 110 113 111 113 112 111 114 109 116 107 117 107 119 16 3 85 122 11 8 82 142 81 144 79 146 78 146 77 148 76 149 75 149 74 151 73 152 71 153 71 154 70 154 70 155 68 156 68 157 67 157 67 158 66 158 66 158 66 158 66 159 66 158 66 158 66 159 65 159 66 159 65 159 65 160 64 161 63 163 61 163 60 165 59 67
4353 9 213 15 207 19 204 22 201 23 200 26 197 28 19 11 165 30 14 17 162 32 9 22 160 65 158 67 156 69 155 69 155 69 154 70 154 70 153 71 153 71 153 71 152 72 152 72 152 72 152 72 151 73 151 73 151 73 150 74 150 74 149 74 150 74 149 75 148 76 148 76 147 77 147 77 146 78 146 77 146 78 145 79 145 79 144 80 143 81 143 81 142 82 142 82 141 83 141 83 140 84 139 86 138 86 137 87 136 88 134 90 133 91 132 92 131 93 130 94 129 95 128 96 127 96 127 97 126 98 125 98 125 99 124 100 124 100 123 101 122 102 121 103 120 104 119 105 118 106 117 107 116 108 114 110 114 110 112 112 111 113 110 114 109 116 107 116 107 117 106 118 105 119 105 119 104 120 103 121 102 122 102 121 102 122 102 122 101 122 102 122 101 123 101 122 102 122 101 123 101 122 101 123 101 123 100 123 101 123 100 124 100 123 100 124 100 123 100 124 100 124 99 124 100 124 100 124 32 1 67 123 32 4 64 124 31 5 64 124 30 7 62 125 28 9 62 124 28 10 62 124 27 12 60 125 26 12 61 124 19 2 5 14 59 124 18 22 60 123 19 22 60 122 19 22 61 122 18 8 2 13 61 121 19 22 62 120 19 9 1 8 2 2 63 119 14 15 1 5 70 118 14 19 73 118 13 20 73 117 14 20 73 116 14 21 73 116 14 21 73 116 12 23 73 115 11 26 72 115 6 31 72 113 7 33 71 111 9 32 71 111 10 32 71 110 11 32 71 110 11 31 72 109 12 31 72 108 12 32 73 105 13 32 74 103 15 32 74 100 18 32 75 96 20 33 76 91 23 33 77 90 22 35 79 86 24 34 80 85 25 34 82 81 28 33 82 79 30 32 84 77 31 32 85 75 33 31 85 74 34 31 85 73 36 30 86 71 37 30 85 72 37 30 85 72 36 31 85 72 36 31 85 72 36 31 84 73 36 31 84 73 37 30 83 74 38 28 84 75 38 27 84 75 38 27 84 75 39 26 84 76 38 27 83 40 4 32 39 26 83 37 9 30 39 26 85 32 13 29 39 27 86 28 16 28 39 27 88 17 27 25 41 26 90 13 30 22 45 24 136 16 48 15 1 8 138 12 52 10 4 8 142 5 53 1 1 9 6 7 200 1 1 8 7 7 199 11 8 6 199 10 9 5 201 1 4 1 1584 2 220 4 220 4 221 3 222 1 3199
10610 21 193 41 177 51 89 5 75 58 78 20 66 65 68 27 61 83 45 36 56 95 34 40 53 103 10 7 9 43 51 108 3 63 49 175 49 175 48 176 48 176 47 177 46 178 44 180 43 181 40 184 38 185 37 187 36 188 35 189 34 191 32 192 30 194 29 195 27 197 24 200 22 202 14 210 12 212 3 221 2 222 1 446 1 223 1 222 2 222 2 221 3 221 3 220 4 220 4 220 4 220 4 219 5 215 9 208 16 206 19 12 2 190 20 10 7 185 22 9 9 182 25 7 13 1 3 174 26 5 21 172 28 1 28 2 11 153 72 151 74 150 74 149 76 148 76 147 77 146 77 53 3 90 78 45 17 84 78 43 21 82 79 42 22 80 80 41 24 79 79 42 27 75 80 41 29 74 80 41 31 71 81 40 32 70 82 40 32 70 82 39 33 69 83 39 34 68 83 38 35 67 83 39 36 66 83 38 37 66 83 38 37 65 83 39 38 63 83 39 39 63 82 40 40 61 82 40 41 60 82 40 42 59 82 40 43 58 83 40 43 58 82 40 44 57 83 40 44 56 83 40 44 56 84 39 45 55 85 39 44 55 85 40 43 55 86 39 44 55 86 39 44 55 85 40 43 56 85 40 43 56 84 41 44 28 4 22 85 41 44 27 6 21 85 41 44 27 7 20 85 40 46 25 9 19 85 40 46 25 9 19 86 39 46 25 9 20 85 18 1 20 46 25 9 20 85 17 5 17 46 25 9 20 85 17 7 15 46 24 10 20 85 16 10 12 48 23 10 20 85 16 10 9 51 23 10 20 85 16 11 7 52 23 11 19 85 16 11 7 52 22 12 19 85 16 11 6 53 22 12 19 85 16 10 7 53 22 12 19 85 16 11 6 54 21 13 18 85 16 11 6 54 21 13 17 86 17 10 6 54 20 14 17 86 17 10 5 55 20 15 15 87 17 11 4 55 20 15 14 88 17 70 19 17 12 89 17 71 18 17 12 89 18 70 18 18 9 91 19 70 17 22 3 93 19 71 16 119 17 73 15 119 16 75 14 120 14 77 12 121 13 80 9 123 11 83 6 126 8 218 3 11825
52 158 66 163 60 169 54 172 52 173 51 173 51 173 51 174 50 174 50 174 50 174 50 174 50 174 50 174 50 174 50 174 50 174 50 174 50 174 49 175 49 175 49 175 49 175 49 175 48 176 48 176 47 177 47 177 46 178 46 178 45 179 45 179 44 180 44 180 44 180 44 180 43 181 43 181 43 181 43 181 43 181 43 181 43 181 43 181 43 181 43 181 43 181 42 182 42 182 42 182 42 182 42 182 42 182 42 182 42 182 42 182 42 182 42 182 42 182 42 182 42 182 42 182 41 183 41 183 40 184 40 184 39 185 38 186 38 186 38 186 37 187 37 187 37 187 37 187 36 188 36 188 36 188 36 188 35 189 36 188 36 188 36 188 36 188 36 188 36 188 36 188 36 188 36 188 36 188 36 188 37 187 37 187 38 186 38 186 38 185 39 185 39 184 40 183 41 182 42 182 41 181 43 181 43 180 44 179 44 55 5 119 45 54 7 117 46 53 9 115 47 52 10 114 48 50 12 112 49 50 13 108 53 40 25 103 55 39 27 1 1 100 56 36 36 94 58 7 10 18 39 91 59 5 15 13 43 88 60 4 22 7 44 86 61 3 25 3 47 83 141 83 141 82 142 81 143 80 144 79 145 78 146 78 146 76 147 76 148 73 152 65 158 65 159 64 160 63 161 62 161 63 161 62 161 63 161 62 161 62 162 62 162 61 163 60 163 61 164 60 166 57 168 56 169 54 170 54 170 53 171 53 171 53 170 53 170 54 170 54 170 53 171 53 173 50 174 50 175 48 139 3 35 47 137 6 34 46 137 8 33 46 136 10 32 45 136 11 32 45 135 12 32 44 135 14 30 45 134 18 28 44 133 20 27 43 131 23 27 43 127 27 27 43 126 28 27 43 125 28 28 42 123 31 28 42 122 32 27 42 121 34 27 42 115 1 4 35 27 41 115 2 3 35 27 41 117 2 1 36 27 41 117 39 27 40 119 38 27 39 120 38 26 39 122 36 27 39 121 37 27 38 122 37 26 38 122 38 26 38 122 37 26 38 123 37 25 38 124 37 25 38 124 37 24 38 124 38 23 39 124 37 23 39 125 37 22 40 125 37 22 39 126 37 22 38 127 37 21 37 129 37 21 36 129 38 21 35 130 38 20 35 131 38 20 34 131 39 19 34 131 40 18 34 132 40 18 33 133 40 17 34 132 41 17 33 132 42 16 33 133 42 16 33 133 42 15 33 134 42 15 33 133 44 13 33 135 43 13 33 134 45 11 33 135 45 10 34 136 45 8 35 135 47 5 36 137 47 3 37 137 48 1 38 138 85 140 84 141 3 1 79 147 77 148 76 148 1 1 73 157 67 165 59 166 15 1 41 187 37 100
29 73 148 79 143 82 140 85 138 87 136 88 135 89 135 89 134 90 134 90 128 1 1 94 121 103 119 105 118 106 77 8 33 106 38 7 30 13 29 106 36 14 24 18 26 106 33 23 15 24 23 106 32 65 21 105 32 68 20 104 31 70 19 103 31 74 16 102 31 77 14 101 31 80 13 99 31 83 11 98 31 86 10 95 32 88 11 91 32 91 10 89 33 92 11 85 34 94 10 83 36 95 10 71 47 96 10 67 50 97 10 65 51 98 9 64 53 98 8 64 53 99 7 64 54 99 7 64 54 100 5 64 54 101 4 64 55 101 4 64 55 101 3 64 56 101 3 63 57 101 3 63 57 101 3 62 58 101 3 62 58 100 4 62 58 100 4 61 59 100 4 61 59 99 5 61 59 99 5 61 59 98 6 61 59 98 6 61 59 98 6 61 59 97 7 61 59 97 7 61 59 97 7 62 58 96 8 62 58 96 8 62 57 97 8 62 57 96 9 63 56 96 9 64 55 95 10 64 56 94 10 65 55 93 11 66 54 93 11 66 56 90 12 67 55 90 12 68 55 88 13 69 54 88 13 70 53 87 14 71 51 87 15 73 47 89 15 74 42 92 16 76 25 107 16 77 20 111 16 78 16 113 17 79 12 116 17 80 8 119 18 206 18 206 18 207 17 207 18 206 18 207 18 206 18 207 17 207 17 207 17 208 17 207 17 208 16 209 16 209 16 208 16 209 16 209 16 208 17 208 17 207 18 206 19 206 20 204 20 205 21 203 22 202 23 202 22 202 24 200 24 200 26 199 26 198 27 197 29 196 30 194 30 195 31 193 31 194 32 192 34 190 40 184 44 180 48 176 57 167 58 166 58 166 58 166 59 165 59 165 58 166 58 166 58 166 58 166 58 166 58 166 57 167 57 167 57 167 57 167 57 167 56 168 56 168 56 168 56 168 56 168 56 168 56 168 56 81 1 86 56 79 5 84 56 79 6 83 56 78 8 82 56 78 8 82 56 78 9 81 56 78 10 80 56 78 10 80 56 77 11 80 56 77 12 79 56 77 12 79 56 77 13 78 56 77 13 78 56 77 13 78 57 75 14 78 57 75 15 77 58 74 15 77 58 74 15 77 58 73 16 77 59 72 16 77 59 72 16 77 59 71 17 77 59 71 17 77 59 70 18 77 59 70 18 77 59 70 18 77 60 69 18 77 60 68 19 77 60 68 19 77 60 67 20 77 60 67 20 77 60 66 21 77 61 65 21 39 4 34 61 64 22 36 13 1 1 1 1 24 61 64 22 35 22 20 62 62 24 32 26 18 62 62 24 31 28 17 63 60 25 30 29 17 63 60 25 29 30 17 63 59 26 28 32 16 64 57 27 28 32 16 64 56 28 28 32 16 64 56 28 27 33 16 64 55 29 27 33 16 65 53 29 28 33 16 65 52 30 27 34 16 65 52 30 27 34 16 65 51 31 27 34 16 65 50 32 26 35 16 65 49 33 26 36 15 65 49 32 27 36 15 66 46 34 27 36 15 66 46 34 26 37 15 66 45 35 26 37 15 66 44 36 26 37 15 66 43 37 26 37 15 66 43 37 26 37 15 66 42 38 25 38 15 66 42 38 25 38 15 66 41 39 25 39 14 66 41 39 25 39 14 66 40 40 25 39 14 66 40 40 25 39 14 66 40 40 25 40 13 66 39 41 25 40 13 66 39 41 24 41 13 66 39 42 23 41 13 66 39 42 23 41 13 66 38 43 23 42 12 66 38 43 22 43 12 65 39 43 22 43 12 65 39 43 22 43 12 65 39 43 22 43 12 64 40 43 22 44 11 64 41 41 23 44 11 64 41 42 22 44 11 64 40 43 21 46 10 64 40 44 20 47 9 65 19 3 15 46 19 49 7 1
10414 7 213 17 204 25 196 32 190 36 186 40 181 45 177 49 172 54 169 56 166 59 164 62 160 64 160 65 158 67 156 68 155 70 153 71 153 71 152 73 151 73 150 74 150 74 150 74 150 74 149 75 149 75 149 75 149 75 149 75 149 76 148 76 148 76 148 77 147 77 147 77 147 78 146 78 146 79 145 79 145 79 145 79 145 80 144 80 143 81 143 81 143 81 143 81 143 81 142 82 142 82 142 82 142 82 142 82 142 82 142 82 141 83 142 82 141 83 141 83 141 82 142 82 142 82 142 82 142 82 142 82 141 83 141 83 141 83 141 83 141 83 141 83 140 84 140 84 140 84 139 85 139 86 138 86 137 87 137 87 136 88 136 87 137 87 136 88 136 88 135 89 135 89 135 89 134 90 134 90 134 90 134 90 134 90 134 89 134 90 135 89 135 88 136 88 136 87 137 87 137 87 137 86 138 86 138 85 139 85 139 85 139 84 141 83 141 83 141 82 142 82 142 83 141 83 141 84 139 87 137 89 135 90 134 92 132 93 131 93 131 94 130 94 130 94 130 94 130 94 130 94 130 94 131 91 133 90 134 52 4 24 144 50 8 21 146 48 9 21 146 48 10 19 147 48 10 19 148 47 10 19 149 46 10 19 150 45 11 18 151 44 11 18 157 39 10 18 159 37 10 18 159 37 10 18 159 37 10 18 159 38 9 19 158 38 9 19 158 38 9 19 158 38 9 19 158 39 8 20 157 39 8 20 157 40 7 20 158 39 7 20 158 39 7 20 159 38 7 20 159 16 2 21 6 20 160 14 4 20 6 20 162 10 7 20 6 18 164 7 9 20 6 18 180 20 7 16 182 19 8 14 183 19 10 10 185 19 12 6 187 19 205 18 206 18 206 18 207 17 207 17 207 16 209 15 210 13 212 11 215 7 219 2 1457
8658 3 208 23 196 32 189 37 186 40 183 42 180 46 177 49 174 52 171 55 167 59 164 61 162 64 160 64 159 66 157 68 155 70 153 72 151 74 149 75 148 77 146 78 145 81 142 82 141 85 138 86 137 89 134 90 133 93 131 94 129 96 127 98 126 99 124 100 124 101 123 101 123 102 121 103 121 103 121 104 120 104 120 104 120 104 120 105 119 105 119 105 119 105 119 105 119 105 119 105 118 107 117 107 117 107 117 107 117 106 117 107 117 107 116 108 114 109 113 111 112 111 111 113 108 115 104 119 98 125 96 127 94 128 93 130 93 130 92 131 91 132 91 132 91 132 91 132 91 132 91 132 91 132 91 131 92 131 92 131 92 131 92 131 92 131 93 130 93 130 93 130 93 130 93 131 93 130 93 130 93 131 92 132 91 133 90 134 89 135 88 136 87 137 87 137 86 138 85 139 84 140 83 141 82 141 81 143 80 144 79 144 79 145 79 144 79 145 79 144 80 143 80 143 80 144 79 144 79 143 79 144 78 145 79 145 78 145 78 145 78 146 76 148 76 147 77 146 77 146 78 145 80 144 80 143 81 143 81 143 82 143 82 142 84 140 86 138 87 136 88 136 89 135 89 135 91 133 91 133 93 130 94 130 95 128 96 127 98 125 99 125 100 123 102 122 102 122 102 65 5 52 103 58 13 51 102 57 15 50 103 54 20 47 103 54 21 46 104 51 25 45 103 50 27 44 104 48 28 44 105 46 30 43 106 44 32 42 107 42 34 40 109 39 37 39 111 35 40 37 116 28 44 35 191 32 194 29 197 25 203 19 208 13 214 7 3899
6840 11 212 14 207 19 204 21 196 30 190 35 182 43 178 48 174 50 173 52 171 54 169 55 168 56 167 58 165 59 163 62 161 63 160 64 159 66 157 67 156 68 155 69 154 70 153 71 153 71 152 72 152 72 151 74 150 74 149 76 148 77 147 77 147 59 4 16 145 59 4 16 144 59 5 17 143 59 5 17 143 59 5 18 142 58 6 18 142 57 7 18 142 56 8 18 142 55 9 19 141 55 9 19 141 55 11 17 141 54 13 16 140 55 14 15 140 56 13 15 140 56 13 15 139 57 13 15 139 57 13 15 139 57 12 16 138 59 10 18 137 59 10 18 137 60 7 20 136 63 3 22 136 88 136 88 135 89 134 91 133 91 133 91 132 92 132 92 132 92 132 92 132 92 132 92 132 91 133 91 132 92 132 92 132 92 132 92 132 92 131 93 131 92 132 92 132 92 132 91 133 91 132 91 133 91 133 90 134 90 134 89 135 89 135 88 137 87 137 87 138 86 138 85 140 84 141 83 143 81 155 69 157 67 157 67 158 66 159 65 159 65 159 64 161 63 161 63 162 62 162 62 163 61 163 61 164 60 164 60 164 60 164 60 165 59 165 59 166 58 166 58 166 59 165 59 166 58 166 58 166 58 167 57 167 58 167 57 167 57 167 57 168 56 168 56 168 56 168 56 168 56 168 56 168 57 167 57 166 59 165 59 164 60 164 60 163 62 161 63 161 63 160 64 160 65 158 66 158 66 158 34 2 30 158 32 5 29 158 31 7 28 157 31 10 26 157 31 10 25 158 30 12 24 158 29 14 22 160 28 15 21 160 27 17 19 161 27 18 17 163 25 20 15 165 22 24 10 168 20 205 17 208 14 212 5 7965
1867 3 5 8 206 22 6 5 190 41 2 16 163 65 158 69 154 74 149 78 145 80 143 83 140 86 138 87 136 88 135 91 133 93 131 96 127 99 124 103 121 104 119 107 116 109 115 110 113 113 110 116 107 118 105 120 103 123 100 124 100 125 98 127 97 127 96 129 95 130 93 131 93 131 93 132 91 133 91 134 90 134 90 135 89 135 89 136 88 136 88 137 87 137 87 137 87 138 86 138 86 138 86 139 86 138 86 139 85 139 86 138 86 139 85 139 86 138 87 137 87 137 88 136 88 136 89 135 89 135 89 135 89 135 89 135 88 135 89 135 89 135 89 134 90 133 91 133 91 132 92 131 93 131 93 130 94 129 95 129 94 130 94 129 95 128 96 126 98 125 98 125 98 125 99 125 99 124 99 125 98 126 98 125 99 125 98 126 97 126 98 126 97 127 96 128 95 129 93 131 89 135 86 138 84 140 83 141 82 142 81 143 81 143 80 144 80 144 80 144 80 144 80 144 80 144 81 143 81 143 83 141 87 137 96 128 99 125 102 122 104 120 106 118 107 117 108 116 109 115 110 115 109 115 110 114 110 114 110 114 110 114 110 114 110 114 111 114 110 114 110 114 109 116 108 116 108 117 107 117 107 118 106 118 106 119 106 119 105 119 105 120 103 121 103 122 102 123 101 123 101 123 101 123 101 123 100 68 2 54 100 65 7 52 100 63 11 50 100 61 13 50 101 58 16 49 101 57 18 48 101 55 20 47 102 54 22 46 102 52 25 45 102 51 26 45 102 50 27 44 103 49 29 43 103 48 30 43 104 46 31 42 105 45 33 41 105 44 34 40 106 43 35 39 108 41 36 39 108 40 37 38 109 40 37 38 110 38 38 38 110 37 39 37 111 36 40 37 112 35 40 37 112 34 41 37 112 34 42 35 113 34 42 36 112 33 42 37 112 33 42 37 112 32 43 37 111 33 43 37 111 33 43 37 111 33 42 38 110 34 42 38 110 34 42 38 109 35 42 38 108 36 42 38 107 37 42 38 106 38 42 38 105 39 41 38 106 39 41 38 105 40 42 37 105 40 42 37 105 40 42 36 105 41 42 36 105 40 44 35 105 40 44 35 105 40 45 33 106 39 46 33 106 39 47 32 106 38 49 30 107 37 50 29 108 36 53 26 110 34 56 22 112 33 60 16 116 31 63 12 120 28 66 7 125 24 204 16 209 13 214 8 1268
90 29 192 38 184 42 181 46 176 50 173 53 170 56 167 58 165 61 161 64 158 67 157 68 154 72 152 72 151 75 148 76 147 79 145 79 144 81 143 81 142 83 141 83 140 85 139 85 139 86 137 87 137 88 135 89 135 90 134 90 133 92 132 92 132 92 131 94 130 94 130 94 130 95 129 95 129 96 127 97 127 98 126 98 125 99 125 99 125 100 123 101 123 101 122 102 121 104 119 105 119 105 118 106 118 106 117 107 117 108 115 109 114 110 114 110 113 111 112 112 111 113 111 113 110 114 110 114 110 114 110 114 110 114 110 115 109 115 109 115 110 114 110 114 111 113 112 111 114 110 115 109 117 107 118 106 119 105 120 104 120 104 120 104 121 103 121 103 121 103 121 103 121 104 120 104 120 104 120 104 120 104 119 105 119 105 119 105 119 105 119 105 119 105 119 106 118 106 117 107 117 107 117 108 116 108 116 108 116 108 116 108 116 108 116 108 116 109 115 109 115 109 115 109 115 109 116 108 116 108 116 108 116 109 115 109 115 109 116 108 116 108 116 108 117 107 117 107 117 107 118 106 118 106 119 105 119 105 119 105 120 104 120 104 121 103 121 103 122 103 121 103 121 103 121 103 121 104 120 104 120 105 119 105 118 107 117 107 117 108 115 109 115 109 114 110 114 111 113 111 113 111 113 111 113 112 112 112 112 112 112 113 112 112 112 112 112 113 112 112 112 112 112 112 113 111 113 111 114 111 113 111 113 111 114 111 113 111 114 110 114 10 6 95 115 3 13 93 133 91 134 91 135 89 138 86 145 79 147 77 149 75 150 74 152 72 154 70 156 69 159 65 160 26 1 37 161 21 8 34 163 16 12 33 164 6 22 33 192 32 192 33 191 34 191 33 191 35 190 34 190 36 189 35 190 36 189 36 189 36 188 37 188 37 188 36 188 37 188 36 188 37 188 36 188 36 188 36 189 36 188 36 189 36 188 36 189 35 189 35 190 34 191 33 192 32 194 30 195 29 197 27 199 24 202 21 204 20 204 19 29
13133 20 203 23 199 28 194 32 191 34 190 35 187 38 185 39 185 40 183 41 182 42 181 43 180 44 179 45 178 46 178 46 177 47 176 47 177 47 176 48 176 48 175 48 175 48 174 50 160 5 1 58 152 71 149 75 133 91 132 92 132 92 131 93 131 93 131 93 131 93 130 94 130 94 130 94 130 94 130 94 130 95 128 96 128 96 127 98 125 99 125 99 124 100 123 102 121 103 121 103 120 104 120 105 118 106 118 106 118 106 118 106 118 106 118 106 118 106 117 108 116 108 116 108 116 108 116 108 115 46 5 58 115 45 7 57 115 44 10 55 115 43 13 53 114 43 16 51 114 42 18 50 113 43 20 48 113 42 22 47 112 43 23 45 113 43 24 44 112 43 25 44 112 43 26 42 113 42 28 41 112 43 28 40 112 44 28 40 112 43 29 39 112 44 29 38 113 43 30 38 112 44 30 38 112 43 31 18 3 17 111 44 31 16 7 14 112 43 33 14 9 13 111 44 33 14 9 13 110 44 34 13 10 13 109 44 35 13 10 12 109 44 36 13 10 12 108 44 37 13 10 12 106 46 37 13 10 12 105 46 38 13 10 12 103 47 39 13 10 12 102 46 41 13 10 12 101 46 43 12 10 11 101 46 44 12 10 11 100 45 46 12 10 11 99 45 47 12 10 11 98 22 3 20 48 12 10 10 99 19 7 18 49 12 10 10 98 19 8 17 50 12 10 10 98 17 10 16 51 12 10 9 99 16 11 15 53 12 9 9 98 16 13 14 53 12 10 8 98 15 14 13 54 12 10 7 99 14 15 13 54 12 11 6 98 14 16 12 55 12 9 8 98 14 16 12 55 12 9 7 98 14 17 11 56 12 9 7 98 13 18 11 56 13 7 8 98 13 18 10 57 13 7 8 98 12 19 10 58 12 7 8 98 11 21 9 58 12 6 9 98 10 21 10 58 12 6 8 100 8 23 8 59 13 5 8 101 6 25 7 59 14 3 9 103 1 28 7 60 25 133 4 62 25 199 25 199 25 199 24 201 23 201 11 4 8 202 9 6 6 204 7 8 4 205 7 9 2 207 5 220 2 8594
6792 8 214 11 211 16 206 19 203 22 200 26 196 29 193 32 191 34 189 36 186 40 182 42 180 46 177 47 176 50 173 52 170 55 167 58 163 62 158 67 155 70 153 72 151 74 149 77 147 79 144 81 143 82 141 84 140 86 138 87 137 88 136 89 135 89 136 89 135 89 135 90 134 90 134 91 134 90 134 91 134 90 134 91 133 92 133 91 134 91 133 92 133 91 134 90 134 90 135 89 136 89 135 89 136 89 135 89 136 89 135 90 134 91 134 90 134 91 133 92 133 92 132 93 132 93 132 93 131 94 131 93 131 94 131 94 130 94 131 94 131 94 130 94 130 95 129 96 127 98 126 98 126 99 125 100 123 102 122 102 122 103 121 103 121 104 120 104 120 105 119 105 119 106 118 106 118 107 117 107 117 109 116 110 114 112 112 113 111 115 109 117 107 118 106 120 104 122 103 122 102 123 101 124 100 125 99 126 98 127 97 128 96 129 95 130 95 130 94 131 93 133 91 134 91 134 90 135 90 136 88 137 87 138 87 139 85 140 84 141 84 141 83 142 82 143 82 143 81 144 80 144 81 144 80 145 79 146 78 146 78 147 77 148 76 149 75 149 75 150 75 150 74 150 74 151 73 151 73 151 73 152 73 151 73 151 73 151 73 152 72 152 72 153 71 153 71 153 71 153 72 24 4 125 71 23 6 124 71 22 9 123 70 22 10 122 70 22 11 121 70 21 12 121 70 21 12 121 70 21 13 120 71 20 13 121 70 19 14 121 70 19 15 120 70 19 15 120 70 19 15 121 69 19 16 120 69 19 16 120 69 19 16 121 68 19 18 11 5 103 68 19 20 6 11 100 67 20 38 100 66 20 39 99 66 20 39 99 65 21 40 98 65 21 40 98 65 21 40 98 64 22 41 97 64 22 41 97 64 21 42 97 63 22 42 97 63 22 43 96 63 22 43 96 63 22 43 96 64 21 43 96 64 21 44 95 64 21 44 95 64 21 44 96 63 20 45 96 64 19 45 96 64 18 47 96 64 16 48 96 64 14 50 96 66 6 56 96 129 95 129 95 130 94 6
1428 5 217 10 211 17 201 25 197 28 195 31 191 34 189 37 186 40 183 42 181 46 176 49 174 52 171 55 168 58 165 60 163 63 160 65 158 67 157 68 155 70 153 72 152 73 151 74 150 76 148 76 149 77 148 77 148 77 146 79 143 82 137 88 134 91 131 94 128 97 126 99 123 102 121 104 116 110 112 124 97 132 90 137 83 145 76 151 71 156 67 158 65 162 62 164 59 167 57 168 56 170 53 172 52 173 51 175 49 176 48 178 46 180 44 180 44 182 42 182 42 183 41 183 41 184 40 184 40 184 40 185 39 185 39 185 39 185 39 185 39 185 39 185 39 185 39 185 40 183 41 183 42 182 42 182 42 182 43 181 43 181 43 181 44 180 44 180 45 179 45 179 46 177 47 177 48 176 49 175 49 175 50 174 50 174 51 173 51 173 52 171 54 170 54 170 55 168 56 168 57 167 57 167 58 165 59 165 60 164 60 163 62 162 62 161 63 160 64 160 64 160 65 158 66 158 66 158 66 158 67 157 67 157 67 157 67 157 68 157 67 157 67 156 69 155 70 153 72 151 74 149 76 147 78 145 79 144 80 143 80 142 81 141 82 139 84 138 86 137 86 137 87 136 88 135 89 134 90 133 91 133 92 131 93 130 94 130 95 129 95 128 97 127 97 127 97 127 98 125 100 124 100 124 101 122 103 121 103 121 104 119 106 118 107 117 108 115 109 115 110 114 111 113 111 114 110 114 111 113 111 114 110 117 108 118 106 121 103 124 101 127 97 130 95 132 92 135 89 138 87 140 84 144 80 146 79 147 77 148 76 150 75 149 75 151 73 152 72 154 70 154 70 155 70 155 69 156 68 156 68 157 67 157 67 157 67 158 66 158 67 157 67 157 67 156 69 156 68 156 68 162 62 162 63 162 62 162 62 162 63 161 63 162 63 161 64 87 5 68 64 86 8 67 65 83 11 65 65 82 14 63 67 78 17 62 67 78 4 1 13 61 69 73 31 15 5 1 1 9 1 18 72 70 36 7 33 4 77 65 162 62 86
8821 21 184 45 177 51 161 6 2 66 149 85 137 92 130 96 126 101 123 103 120 106 117 108 115 110 113 112 112 113 110 114 110 115 108 117 106 118 106 119 104 120 103 122 101 123 100 125 98 126 97 128 95 130 93 131 92 133 91 134 89 136 87 137 87 138 85 140 84 141 83 142 82 143 81 143 81 144 80 145 79 146 78 146 79 146 78 147 78 147 77 147 78 147 77 147 78 146 78 146 79 145 80 144 81 143 81 143 82 142 82 142 82 142 83 141 83 140 84 140 85 138 87 107 1 29 88 105 3 28 88 105 3 27 90 104 5 24 91 104 5 23 93 102 8 20 94 102 9 17 96 102 10 15 98 101 12 10 101 101 123 101 123 100 123 101 123 101 122 102 121 102 121 103 120 104 119 105 118 106 118 106 118 105 120 105 119 105 119 105 119 105 119 105 119 105 119 105 118 106 118 106 118 106 117 108 116 109 115 109 115 110 114 110 114 111 114 111 113 112 112 112 112 113 111 113 111 114 110 115 110 114 110 115 109 115 109 116 108 116 108 117 108 117 107 117 108 117 107 117 108 117 108 116 109 116 108 116 109 116 109 115 110 115 109 115 110 115 110 114 111 113 111 114 111 113 111 113 110 115 109 115 109 116 108 116 108 116 107 118 106 118 106 119 105 119 105 120 103 121 103 122 102 122 102 123 101 123 101 124 99 125 99 126 98 126 98 126 97 128 96 128 96 128 96 128 96 129 94 130 94 130 94 130 94 130 94 131 93 131 92 132 92 132 92 133 91 133 90 134 90 134 89 135 89 135 89 135 88 137 87 137 86 138 86 138 85 139 84 141 82 142 81 143 81 144 79 145 78 147 77 148 77 147 79 145 80 144 81 142 47
4432 1 217 14 204 26 196 32 190 37 183 44 174 52 168 58 161 64 156 70 151 75 147 79 143 82 140 86 138 87 136 89 134 90 133 92 132 93 130 94 130 95 128 97 126 98 126 99 124 101 122 103 120 104 119 106 118 106 117 107 116 108 116 108 116 108 116 108 116 108 116 108 116 108 116 108 116 108 116 108 116 108 117 107 117 107 117 107 117 107 117 107 117 107 117 107 117 107 117 107 116 108 116 108 115 109 114 110 114 110 112 112 111 113 110 114 108 116 107 117 107 117 106 118 106 117 106 118 105 119 103 121 101 123 100 124 99 125 99 124 99 125 98 126 98 126 97 127 96 128 95 129 95 129 94 130 93 131 92 132 90 134 88 136 86 137 85 139 83 141 80 144 79 144 78 146 77 147 75 148 75 149 75 149 74 149 74 150 73 150 74 150 73 150 73 151 72 151 73 151 73 150 73 151 72 151 73 150 73 151 73 150 73 151 73 150 73 151 73 150 73 151 73 150 73 150 74 150 73 150 73 150 73 151 72 152 71 152 71 153 70 153 70 153 70 153 71 152 71 152 71 152 72 151 72 151 73 150 73 151 73 150 73 150 73 150 74 150 74 149 74 150 74 149 75 149 74 150 74 150 73 151 73 150 73 151 72 152 71 153 71 153 70 154 69 155 68 156 67 157 66 159 65 159 64 161 63 162 61 165 59 167 57 169 55 171 52 172 52 173 51 173 51 173 50 174 39 6 4 175 37 10 2 175 36 12 1 175 36 11 3 174 35 11 6 172 35 10 8 121 5 44 36 9 9 111 18 41 36 9 10 108 21 40 36 8 11 107 23 39 36 8 12 105 25 38 37 7 12 104 27 37 38 6 12 103 29 36 40 3 13 103 30 35 42 1 13 102 32 34 57 100 34 32 58 100 35 31 59 98 38 28 60 97 41 25 75 81 46 20 79 78 50 15 83 73 61 5 87 63 163 47 1 1 177 40 188 33 197 23 3717
76 106 117 108 115 109 114 111 112 113 111 113 111 113 110 114 110 115 109 115 108 117 106 118 105 119 104 121 96 1 1 126 88 136 85 139 83 141 82 143 79 145 78 146 77 147 76 148 75 149 74 150 73 151 72 152 72 152 71 153 70 154 69 155 69 155 69 155 68 156 68 156 68 156 68 156 68 156 68 156 68 156 68 156 68 156 68 155 69 155 69 155 70 154 70 154 70 153 71 153 72 152 72 152 72 151 74 150 75 149 75 148 76 148 77 147 77 146 78 146 78 146 79 145 79 145 79 146 79 145 80 144 80 144 81 143 81 142 82 143 81 142 83 142 82 141 83 141 83 141 83 141 83 141 83 140 84 140 84 140 84 139 85 139 85 138 86 137 87 137 87 136 89 134 90 134 90 133 92 130 94 127 97 125 99 123 101 121 103 119 105 116 108 115 110 112 111 112 112 111 113 110 114 109 115 109 115 108 116 108 116 108 116 107 117 106 118 105 119 105 119 104 120 104 120 103 121 103 121 103 121 102 122 102 122 101 123 101 123 101 123 101 122 102 122 101 123 101 123 101 123 101 122 102 122 102 122 102 121 103 121 103 121 103 121 104 119 105 119 105 119 105 119 105 119 105 120 104 120 104 120 104 120 104 120 104 120 104 120 104 120 104 120 104 120 105 119 107 118 108 9 1 106 113 1 6 104 121 104 120 104 119 105 120 105 118 107 117 107 117 108 116 109 114 110 114 110 114 110 113 111 112 112 112 113 110 114 110 114 110 115 109 115 108 117 107 118 106 119 105 120 104 122 101 125 99 127 97 129 94 130 94 131 57 3 33 132 54 6 32 132 49 11 32 132 44 1 2 13 32 133 39 20 32 133 38 21 32 133 37 22 33 132 37 22 32 133 36 23 32 134 35 23 32 134 35 23 33 133 35 23 33 133 35 23 34 133 33 24 35 132 33 24 36 132 32 24 36 132 31 25 37 131 31 25 37 131 30 26 37 131 30 26 37 131 30 26 37 131 30 26 38 130 29 27 38 130 28 28 38 130 27 30 37 130 24 33 38 130 20 36 38 130 20 36 38 130 17 39 38 131 15 40 37 132 12 43 37 132 11 44 37 188 35 189 35 189 34 191 33 191 32 193 31 194 30 195 28 197 26 198 26 200 22 204 14 212 9 1 1 216 2 82
21886 9 212 15 208 20 202 29 195 31 192 34 190 35 188 37 187 38 186 38 186 39 184 41 183 41 183 42 182 42 182 43 181 44 180 46 178 47 177 48 176 48 176 49 175 50 174 50 174 51 173 51 172 52 172 53 171 53 171 53 170 54 170 54 169 55 168 56 168 56 167 57 166 58 165 59 165 58 165 59 164 59 165 58 165 58 166 55 168 54 169 53 170 52 171 51 171 52 171 53 169 54 168 22 8 26 167 19 14 24 165 15 21 23 164 12 27 21 162 12 30 19 161 12 32 19 160 12 34 17 160 12 35 17 158 13 36 16 158 12 38 15 158 12 39 14 159 10 41 12 161 7 44 9 166 1 49 3 13943
542 6 215 12 210 19 204 23 199 28 194 33 189 39 183 44 178 49 173 52 170 56 166 59 164 61 162 63 159 67 155 70 153 72 151 73 151 74 149 76 147 77 147 78 146 79 144 80 143 82 142 82 141 84 139 85 139 86 137 87 136 88 135 90 133 91 132 92 131 94 128 96 127 97 127 98 125 100 123 102 122 103 120 105 119 107 116 110 114 113 111 116 107 119 105 120 104 121 103 122 101 124 100 124 100 125 98 126 98 127 97 128 96 128 95 130 94 130 93 131 93 132 92 133 91 133 91 134 90 134 90 135 89 135 89 136 88 136 88 136 88 136 88 136 88 136 88 136 88 137 87 136 88 137 87 137 86 138 86 138 86 139 84 140 84 141 83 141 83 141 83 142 82 142 81 144 80 144 79 146 78 146 78 146 77 148 76 148 76 148 76 148 75 149 75 149 75 149 75 149 75 150 74 150 74 150 74 150 74 150 74 151 73 151 73 152 72 153 71 153 71 154 70 155 69 156 68 157 67 159 65 160 64 162 62 162 61 165 59 166 57 168 55 169 55 170 53 171 53 172 52 172 52 173 51 173 51 174 50 175 48 179 45 180 44 181 43 181 42 182 42 182 41 183 40 184 38 187 35 189 33 192 30 194 26 199 23 202 19 205 17 208 13 212 11 213 9 216 7 218 6 218 6 219 5 220 4 220 4 220 4 220 4 220 4 221 3 221 3 221 3 221 3 221 3 221 3 221 3 221 3 221 3 221 3 221 3 221 3 221 3 221 3 221 3 221 3 221 3 221 3 221 3 222 2 221 3 222 2 221 3 222 2 221 3 221 3 220 4 220 4 219 5 218 6 218 6 217 7 215 9 214 10 213 11 212 12 211 13 211 13 210 14 210 14 209 15 209 15 208 16 208 16 207 17 207 17 206 18 206 18 206 18 206 18 206 18 206 18 206 18 206 18 206 18 206 18 206 18 206 18 206 18 206 19 205 19 204 22 202 22 201 24 198 22
17326 2 219 7 216 9 213 13 211 14 209 17 206 18 85 2 118 21 28 9 42 9 114 23 24 16 34 14 113 24 20 38 12 18 111 26 17 70 110 28 14 73 108 30 11 75 108 30 10 77 106 32 8 78 106 33 6 79 106 34 3 81 105 119 105 119 105 119 104 120 104 120 104 120 104 120 103 121 103 121 102 122 102 122 102 122 102 122 102 122 101 123 101 124 100 124 100 124 100 125 99 125 98 127 97 127 97 128 96 128 96 129 95 129 95 130 94 130 94 131 93 131 93 131 94 131 93 131 94 130 94 131 93 131 93 131 93 131 93 131 93 132 92 132 91 133 91 133 91 133 91 133 91 133 90 134 90 134 90 134 90 134 90 134 90 134 90 134 90 134 90 133 91 133 90 134 90 134 90 134 90 133 90 134 90 134 90 133 91 133 90 134 90 133 91 133 90 134 90 134 90 134 89 134 90 134 89 135 88 135 88 136 87 136 87 134 90 132 91 126 97 122 101 119 105 117 106 117 106 117 106 118 106 117 106 118 105 118 106 117 106 117 106 116 108 115 109 113 111 112 112 110 114 109 115 107 117 105 119 102 122 101 123 101 123 100 124 99 126 98 126 97 128 95 130 93 132 18 6 67 134 13 13 64 163 61 169 55 173 50 175 49 176 48 176 47 177 47 177 46 177 46 177 46 177 46 177 46 178 45 178 45 178 46 177 46 177 47 177 45 181 43 182 41 184 39 105
86 23 19 27 147 81 142 85 137 89 134 92 131 95 129 96 127 100 124 104 119 107 117 109 115 110 113 112 112 113 111 114 110 114 109 116 107 118 106 118 105 120 103 121 103 122 101 123 100 124 99 125 98 127 97 127 96 128 96 129 94 130 94 130 93 132 91 133 91 133 90 134 90 134 89 136 88 136 87 137 87 138 85 139 85 140 84 140 83 141 83 142 81 143 81 144 79 145 79 146 77 148 75 150 73 151 73 152 71 153 71 154 69 155 69 156 67 157 67 158 66 158 65 159 65 159 65 160 64 160 63 161 63 161 63 161 62 162 62 162 62 162 62 162 61 163 61 163 61 163 61 163 60 164 60 164 60 164 59 165 58 166 58 166 58 166 57 167 57 167 57 167 56 168 56 168 56 168 56 168 55 169 55 169 55 169 55 169 55 169 55 169 55 169 55 169 55 169 55 169 54 170 54 169 54 170 54 169 54 170 54 168 55 168 55 167 57 164 59 159 65 157 66 158 66 157 67 156 68 155 69 154 69 154 70 153 70 154 70 152 71 153 71 151 73 149 74 148 76 146 78 143 81 139 85 135 88 135 89 133 91 132 91 133 91 132 92 132 92 132 92 131 92 132 92 132 92 132 92 132 92 132 92 132 92 132 93 131 92 133 91 133 91 133 92 132 92 131 93 131 93 132 92 132 92 132 92 132 92 132 92 132 92 132 92 132 92 132 93 131 93 131 93 130 95 129 95 128 96 127 97 126 98 125 100 123 101 123 102 122 102 122 103 121 104 120 104 120 105 119 106 118 107 116 109 115 110 113 112 111 114 109 115 108 117 107 118 105 119 105 120 104 120 104 121 102 123 101 123 100 125 99 125 99 125 99 126 97 127 96 129 94 131 93 131 92 132 91 134 88 137 82 142 69 156 67 157 67 158 66 158 65 159 65 159 64 160 64 160 62 162 61 163 60 164 59 166 41 4 12 167 38 9 8 169 36 189 32 192 31 193 30 194 29 195 28 196 27 198 25 199 23 202 21 151
4313 2 218 13 203 25 192 36 185 44 178 49 174 51 172 53 170 55 168 57 167 57 166 58 166 58 165 59 164 60 163 61 162 62 162 62 44 12 104 63 43 16 101 64 41 21 97 64 40 25 7 4 82 65 39 42 77 64 40 46 73 64 40 50 68 64 41 52 65 63 43 55 62 59 47 57 59 58 50 58 57 58 50 60 54 58 52 61 52 58 53 62 51 57 53 64 49 58 53 65 47 58 53 67 46 58 53 68 44 58 54 69 43 58 54 69 42 58 54 71 41 58 54 71 40 59 53 72 41 57 53 73 40 58 50 76 41 57 47 79 40 58 44 82 41 57 41 85 40 58 40 85 41 59 38 86 41 59 38 86 41 59 37 86 42 60 36 86 42 60 36 85 43 60 36 84 45 59 36 84 45 60 35 83 46 61 35 81 47 61 35 81 47 62 35 79 48 63 34 79 49 63 34 78 49 64 34 77 49 65 33 77 50 65 33 76 50 66 33 75 50 67 32 75 51 67 31 75 51 68 29 77 51 68 22 83 52 68 17 88 52 68 14 90 53 68 10 94 53 69 4 98 54 171 54 171 54 170 54 170 55 170 55 169 57 168 57 167 58 167 58 167 58 166 58 167 58 167 57 167 58 167 57 167 57 168 57 167 59 165 60 164 61 164 61 163 63 161 65 159 69 155 73 151 79 146 81 143 83 141 86 1 4 133 92 132 92 133 91 133 91 133 91 133 91 133 91 133 91 133 90 135 89 135 89 135 89 135 88 136 88 136 88 136 88 136 88 136 88 136 88 136 87 137 87 137 87 137 87 137 87 137 87 137 87 137 87 138 86 138 86 65 2 71 86 65 3 70 86 64 5 69 86 64 5 70 86 63 6 69 86 62 7 69 86 62 8 68 86 62 8 68 86 61 9 69 86 60 9 69 86 60 9 69 86 60 9 69 86 59 11 68 86 59 11 68 86 58 11 69 87 57 11 69 87 56 13 68 87 56 13 68 87 55 14 68 87 55 14 68 87 54 15 68 87 54 15 68 88 52 16 68 88 52 15 69 88 51 16 70 87 51 16 70 88 49 17 70 88 48 18 32 4 34 89 46 19 29 15 26 89 45 20 28 17 25 89 45 20 27 19 25 89 43 21 26 20 25 89 42 22 26 21 24 89 41 23 25 22 24 89 40 24 25 22 25 88 39 25 24 23 25 88 38 26 24 23 25 88 37 27 23 25 24 88 37 26 24 25 25 87 36 27 23 26 25 87 35 28 23 26 25 87 34 29 22 28 24 87 34 29 22 28 24 87 33 30 22 28 24 86 34 31 21 29 23 86 33 32 21 29 23 86 33 32 21 29 23 86 33 32 21 30 22 86 32 33 20 31 22 86 32 33 20 31 22 86 32 33 20 31 22 85 33 33 20 32 21 85 33 33 20 32 22 84 33 34 19 32 22 84 33 34 19 32 22 84 33 34 19 33 21 83 34 34 19 33 21 83 34 34 18 34 21 83 35 33 18 34 21 83 35 34 17 35 20 82 18 1 17 34 17 35 20 82 17 3 17 33 17 35 20 82 16 5 17 32 17 36 20 81 16 5 17 32 17 36 20 80 17 6 18 30 17 37 19 79 18 6 19 29 17 37 19 79 18 6 22 26 17 37 19 79 18 6 22 26 17 37 19 78 19 6 24 24 17 37 19 77 20 5 25 24 17 38 18 72 27 2 26 24 17 38 18 71 57 23 17 38 18 75 1 1 50 24 16 39 18 79 19 3 25 26 15 40 17 80 17 5 24 26 15 40 17 81 13 10 21 28 13 42 15 22
6629 5 216 12 211 14 208 18 205 20 202 23 200 24 199 26 197 27 196 28 195 29 194 31 191 33 159 5 3 3 19 35 154 71 150 74 148 76 147 77 146 78 145 80 143 81 142 82 141 82 141 83 139 85 136 88 135 89 133 90 132 92 131 93 130 93 130 94 129 95 128 95 128 96 128 96 128 95 128 96 128 95 129 95 129 95 129 95 129 95 129 95 129 95 130 94 130 94 130 94 131 93 131 94 131 93 131 93 132 92 132 93 132 92 132 92 133 91 133 91 133 91 133 91 132 92 132 93 130 94 130 94 129 95 129 95 128 97 127 97 126 98 125 100 124 100 123 101 122 102 122 102 121 104 120 104 119 105 119 105 118 106 118 106 118 106 118 106 117 107 117 107 117 106 118 106 117 107 117 107 117 107 117 107 117 107 116 108 116 108 116 108 116 108 116 108 115 109 115 110 114 110 113 111 113 111 113 112 112 112 113 111 113 111 113 111 113 112 112 112 113 111 113 111 113 111 113 111 113 111 113 111 113 111 113 111 113 111 113 111 113 111 113 111 113 111 114 111 113 111 113 52 5 54 113 51 8 52 113 51 9 51 113 51 10 50 114 50 11 49 114 50 12 49 113 50 13 48 113 50 13 48 114 50 13 47 114 50 13 47 114 51 13 46 114 51 13 46 115 50 14 45 115 50 14 45 115 50 15 44 115 50 16 43 116 50 15 43 116 50 16 41 117 50 16 41 117 51 15 41 118 50 15 41 118 50 15 41 118 51 14 41 118 51 13 42 119 50 13 42 119 51 11 43 119 51 10 44 119 51 10 44 119 51 9 45 119 52 7 46 119 52 7 46 119 51 8 46 119 49 10 47 118 48 11 47 118 47 11 48 118 47 11 49 117 46 12 49 117 46 12 49 117 45 14 49 116 45 14 50 115 45 16 49 114 45 17 48 115 43 21 46 114 43 22 47 112 42 25 46 111 42 26 46 111 41 27 46 110 40 29 45 110 40 31 44 109 39 32 44 110 38 34 42 110 37 36 41 111 35 38 40 112 34 39 39 112 33 41 38 113 31 43 36 115 29 45 35 116 27 47 34 117 24 50 33 119 21 53 30 127 11 60 26 199 24 202 22 204 19 213 11 218 4 1408
7977 11 210 18 205 22 200 26 194 32 183 44 178 47 175 51 170 55 162 64 159 67 155 71 152 74 146 80 142 84 138 88 135 90 133 92 131 94 129 96 128 96 127 98 126 98 125 100 123 102 121 104 118 108 114 111 111 114 108 117 106 119 103 122 101 124 98 127 96 129 94 131 91 134 89 135 88 137 86 139 85 139 84 141 82 142 81 143 80 145 79 145 78 146 77 148 76 148 75 149 75 149 74 150 74 150 73 151 73 151 73 151 72 152 72 152 72 152 71 153 71 153 71 153 71 153 71 153 71 153 70 154 70 155 69 155 69 155 69 155 69 155 69 156 68 156 68 157 67 157 66 158 66 159 65 159 65 159 65 159 65 159 65 159 65 159 65 159 65 159 65 159 65 158 66 157 67 156 68 155 70 153 71 151 73 149 75 146 78 144 80 142 82 140 84 138 86 136 88 135 89 133 91 131 93 129 95 126 98 124 100 123 101 122 102 121 103 120 104 120 104 119 106 118 106 117 107 117 107 117 107 116 108 116 109 115 109 114 110 114 111 113 111 113 111 113 111 112 111 113 110 114 110 114 109 115 108 116 107 117 106 118 105 119 104 120 103 120 103 121 102 122 101 123 100 124 99 125 98 126 97 127 96 128 95 129 95 129 94 130 93 131 92 132 91 133 91 132 91 133 90 134 89 135 89 135 88 135 88 136 88 136 87 137 86 137 87 137 86 138 86 138 85 138 86 138 85 139 84 140 84 140 83 140 84 140 83 141 83 141 82 141 83 141 82 141 83 141 82 142 82 141 82 142 82 141 82 142 82 142 81 143 81 142 82 142 81 143 81 143 81 142 82 142 83 141 83 140 71
9538 4 154 3 61 7 151 7 59 9 149 8 9 4 44 11 147 7 9 9 40 14 144 8 9 10 38 17 142 7 10 14 34 19 140 7 10 18 30 20 139 5 13 19 27 23 138 3 14 20 26 24 138 1 15 22 24 25 153 22 24 27 151 23 22 29 150 23 22 30 149 23 22 31 148 23 21 33 148 22 21 34 148 20 22 35 151 10 27 37 187 38 185 40 183 42 181 44 180 45 178 47 176 48 176 48 176 48 175 49 175 49 174 50 174 48 175 48 176 47 175 47 176 45 177 46 175 48 173 49 173 50 172 51 172 51 171 51 172 52 169 54 168 55 166 57 164 60 160 63 153 69 148 75 148 75 145 78 119 10 14 80 115 109 110 114 107 117 105 118 104 120 103 121 101 123 100 123 99 125 98 126 96 127 95 129 94 130 93 130 93 131 93 130 93 131 94 129 94 130 94 129 95 129 95 128 96 128 96 128 96 127 97 128 96 127 97 127 97 126 98 126 98 126 98 126 98 126 98 126 98 126 98 125 99 125 99 125 99 126 98 126 98 126 98 126 98 88 8 31 97 85 13 29 97 83 16 28 97 81 19 27 97 79 22 27 96 77 25 26 96 74 29 25 96 71 33 25 95 68 36 25 95 66 39 25 94 64 42 24 94 62 44 24 94 60 47 24 93 58 49 24 93 55 53 23 93 53 55 24 92 52 57 23 92 51 58 23 92 50 59 23 92 50 60 23 91 49 61 23 91 49 62 22 91 48 63 23 90 48 64 22 90 47 65 23 89 47 65 23 89 46 67 22 89 46 68 21 89 45 70 20 89 44 72 19 89 44 75 15 90 43 78 13 90 42 82 9 91 41 183 40 184 40 184 39 185 38 186 38 186 37 187 36 188 36 188 35 189 35 189 35 189 35 189 34 190 34 190 34 190 34 191 34 191 34 192 33 199 26 201 24 202 23 202 24 201 24 201 24 201 24 201 24 201 23 202 22 202 22 203 21 204 20 206 17 208 15 211 11 3990
9554 10 209 18 203 24 111 1 9 11 65 36 98 29 59 44 89 38 51 48 86 41 47 53 81 44 45 55 79 46 42 59 75 48 41 61 72 51 37 65 70 52 35 68 68 53 33 71 66 54 32 73 64 56 29 76 63 56 27 79 61 57 25 82 59 58 23 84 59 59 20 87 57 60 18 90 55 61 17 92 54 62 14 95 53 62 13 97 51 64 11 100 49 65 8 104 46 67 5 107 45 180 44 181 43 182 42 183 40 185 39 185 39 186 38 186 37 188 36 188 36 189 35 189 36 188 36 189 35 189 35 189 35 188 36 188 36 187 37 185 39 184 40 183 41 182 42 182 42 181 43 181 43 181 43 182 42 182 42 182 42 183 41 183 41 184 40 184 40 184 40 183 41 183 42 182 42 181 43 181 43 180 44 180 44 179 45 178 46 177 47 176 48 175 49 174 51 172 52 171 53 169 55 169 56 166 58 165 59 164 60 164 60 163 62 162 62 161 64 160 64 159 66 158 66 157 68 156 68 156 69 155 70 154 70 154 71 153 71 153 71 153 72 152 72 151 73 151 73 151 74 150 74 150 75 149 75 149 75 148 76 148 77 147 77 147 77 147 77 146 78 146 78 145 79 145 79 143 81 142 82 141 83 140 84 139 85 139 85 138 86 42 5 90 87 39 10 87 88 38 11 87 88 36 15 84 90 34 16 84 90 32 21 80 91 31 23 78 92 29 25 76 94 28 27 74 95 27 29 70 98 26 30 67 101 26 31 60 108 24 32 57 111 24 33 53 114 23 34 52 115 23 34 51 117 22 34 51 117 22 35 49 118 22 35 48 119 22 36 47 119 23 35 46 121 22 36 45 121 23 36 44 122 22 37 43 122 23 36 43 123 24 35 42 123 25 35 41 124 26 34 40 124 27 33 40 125 28 32 40 124 29 32 40 124 28 32 40 125 28 32 39 126 27 33 39 125 28 32 39 126 27 33 38 127 26 33 38 128 25 34 38 128 24 34 38 129 22 36 38 129 20 38 37 132 16 40 37 133 12 42 37 188 36 189 36 190 34 191 34 193 32 194 30 196 29 195 30 195 29 196 28 196 29 196 28 196 29 196 28 196 28 197 27 197 27 198 25 68
1526 8 212 13 209 16 205 20 202 23 199 25 192 32 189 36 183 41 178 47 158 2 1 1 5 57 155 69 153 71 152 71 151 73 150 75 148 76 147 77 146 78 145 79 144 80 144 80 143 81 143 81 142 83 141 83 139 85 139 85 138 86 137 87 136 88 135 89 133 91 130 94 125 99 122 102 119 105 117 107 70 9 36 110 66 17 29 112 64 34 12 114 62 38 9 116 58 166 56 168 55 170 54 170 54 170 53 171 52 173 51 173 50 175 48 176 48 176 47 178 46 179 44 180 43 182 41 183 41 184 38 187 37 187 36 189 34 190 34 190 33 192 31 193 31 193 31 193 31 194 29 195 29 196 27 197 27 198 26 198 26 198 25 200 24 200 24 200 23 202 22 202 22 203 21 203 21 203 20 205 19 205 18 206 17 208 16 208 15 210 13 211 12 213 11 213 10 214 9 216 8 216 7 218 6 218 5 219 5 219 4 221 3 221 3 222 1 223 1 223 1 6943 1 223 1 222 2 222 2 221 3 221 3 221 3 221 4 220 4 220 5 219 5 219 7 217 7 217 9 216 9 215 11 213 11 213 13 211 14 210 17 207 20 204 23 202 25 199 29 195 31 193 33 191 34 190 36 188 37 188 38 185 42 182 46 178 48 176 50 174 51 172 55 169 57 167 59 164 63 161 66 158 68 155 70 154 71 152 74 149 76 148 78 145 85 139 87 136 89 135 90 134 90 133 93 130 94 130 95 128 97 126 99 122 102 117 108 114 110 112 113 110 115 107 117 105 120 103 122 101 123 100 125 98 127 96 129 94 131 92 134 52 7 31 135 48 12 28 138 41 18 27 139 33 26 26 141 29 29 24 148 21 32 22 155 13 35 20 158 10 36 18 163 5 39 16 209 14 210 13 213 9 216 7 218 3 51
778 3 219 8 214 11 212 13 210 15 209 16 207 17 206 19 205 19 205 19 204 21 203 21 203 21 203 21 203 22 201 23 201 23 201 23 201 24 199 25 199 25 198 27 196 28 195 30 193 31 186 39 182 43 179 46 176 49 174 54 168 60 162 65 158 68 155 72 150 75 148 79 144 83 10 6 124 106 117 123 101 127 96 130 93 132 91 134 89 136 88 136 87 138 85 138 85 137 86 132 91 130 93 130 93 130 93 130 92 130 93 131 91 131 92 132 90 132 91 133 90 133 89 134 89 134 89 134 89 135 88 135 88 135 88 135 89 134 89 135 88 135 88 135 88 136 87 136 87 135 88 136 87 136 87 137 86 138 86 138 85 140 84 140 83 141 83 141 83 141 83 141 85 139 85 20 8 111 87 14 15 108 87 11 19 107 89 6 23 106 119 106 119 105 119 105 120 104 120 104 120 36 3 64 122 34 5 63 122 34 6 62 123 32 8 61 124 31 9 60 125 30 9 60 127 27 11 59 128 26 11 59 130 24 12 59 130 22 13 59 132 20 14 58 134 17 15 58 136 13 18 58 138 7 21 58 167 57 167 57 168 56 168 56 169 56 168 56 169 55 169 55 170 22 4 28 170 22 4 28 171 20 5 28 171 21 3 29 171 21 2 30 171 21 1 31 171 53 172 52 172 52 171 53 171 53 171 53 171 53 172 52 174 1 2 47 178 46 180 44 182 41 185 39 185 39 186 38 186 38 186 37 187 37 187 37 187 37 188 36 188 36 188 36 188 36 189 35 189 35 190 34 190 34 192 32 192 32 193 31 194 29 195 29 194 30 194 29 195 29 194 29 195 29 195 29 195 29 194 29 195 29 195 29 195 29 194 30 194 29 195 29 195 29 195 29 194 30 194 30 194 30 194 30 194 30 194 30 194 30 195 29 195 29 195 29 195 29 195 29 195 29 194 30 194 30 194 30 195 29 195 30 194 30 194 30 194 30 194 30 194 30 194 30 195 29 195 28 196 28 197 27 197 27 198 25 199 24 201 22 202 22 202 21 204 19 206 16 209 14 211 10 2540
3235 3 6 4 207 27 192 35 185 41 179 46 176 50 172 53 169 56 167 59 164 60 162 64 160 64 159 66 157 67 155 70 153 71 152 74 149 75 147 79 144 80 144 81 142 83 140 84 140 85 138 87 136 88 136 89 135 90 134 91 132 92 132 93 131 93 130 95 129 96 127 98 125 100 124 102 121 103 120 106 118 107 116 109 115 110 114 111 112 113 111 114 110 114 110 115 109 116 107 118 106 119 104 121 103 122 102 123 101 124 100 125 99 125 99 126 98 126 98 127 97 127 97 128 96 128 95 129 95 129 95 129 95 129 95 129 95 129 95 129 94 130 94 131 92 131 93 132 92 131 92 132 92 132 91 133 90 134 90 133 90 134 90 133 91 133 90 134 90 134 90 134 90 133 91 133 90 134 90 135 89 135 89 135 89 135 89 136 89 135 89 135 89 135 89 135 89 135 89 134 90 134 90 134 90 133 91 133 91 133 90 133 91 133 91 133 90 134 90 134 90 134 90 134 90 134 89 135 89 135 89 136 88 136 88 136 88 137 87 137 86 138 86 138 86 138 87 137 87 137 87 137 87 137 87 137 86 138 87 137 86 138 87 137 87 137 87 137 88 136 88 136 89 135 89 134 91 133 91 132 92 132 93 129 95 128 96 126 98 124 100 123 101 121 102 121 103 119 104 119 105 119 104 120 104 120 104 121 103 121 103 121 103 122 102 122 102 122 102 123 101 123 100 124 100 125 99 125 99 125 98 127 97 127 97 128 95 129 95 129 95 130 94 131 93 131 93 131 93 131 92 133 91 133 90 134 90 134 90 134 90 134 89 135 89 136 87 137 87 137 87 137 87 138 85 139 85 140 84 140 84 140 84 141 83 141 83 142 82 142 82 142 82 142 82 143 81 143 81 143 81 144 80 144 80 144 80 145 79 145 80 144 80 144 80 144 81 143 81 143 81 142 50
2569 14 203 24 196 34 8 1 2 7 170 60 162 65 7 9 141 92 130 99 123 104 118 110 111 117 105 121 100 126 95 131 91 135 88 138 85 141 81 145 78 148 75 150 73 152 70 155 67 158 65 160 63 162 61 164 59 167 57 168 55 170 54 171 53 171 53 171 53 171 53 171 53 171 53 171 53 171 53 171 53 171 52 172 53 171 53 171 53 171 53 171 53 171 54 170 54 170 54 170 54 170 54 170 54 170 54 170 54 170 54 170 54 170 54 170 53 171 54 170 54 170 54 170 54 170 54 170 54 170 54 170 54 170 54 170 54 170 54 170 54 170 54 170 54 170 54 170 54 170 55 169 55 168 56 168 57 167 57 166 58 166 58 165 60 164 60 164 60 163 61 163 61 163 61 163 61 162 62 162 62 162 61 163 61 162 62 162 61 162 62 162 61 162 61 163 60 164 59 164 59 165 58 165 58 166 58 153 3 10 57 153 6 7 57 154 7 5 57 154 9 1 59 155 67 156 67 158 64 159 64 161 61 163 60 164 59 165 57 167 56 168 54 170 53 171 52 172 50 173 50 174 49 175 48 175 47 176 46 179 44 179 44 179 43 180 41 183 40 191 31 194 29 196 28 197 26 198 26 199 24 201 22 203 20 205 18 207 16 209 15 211 12 213 11 214 10 215 9 217 7 219 5 220 4 221 3 221 3 221 3 221 3 222 2 222 2 222 2 222 2 223 1 223 1 223 1 223 1 223 1 223 1 223 1 11069 9 48 17 57 1 87 17 31 1 1 35 17 17 16 2 85 19 31 1 1 35 17 17 1 1 13 4 78 26 15 1 1 5 1 46 12 25 9 3
3038 3 219 7 217 8 215 10 214 10 214 11 213 11 213 12 213 11 213 12 213 11 213 11 213 11 213 12 163 11 38 13 158 21 31 14 157 28 25 15 154 38 15 18 152 73 149 76 148 77 146 79 144 81 142 83 141 84 139 85 139 86 137 87 137 87 136 89 135 89 136 88 136 89 136 88 138 86 140 85 140 84 141 83 141 84 141 83 141 83 142 83 141 83 141 83 141 84 139 85 139 85 139 86 138 87 137 87 137 88 136 88 136 89 135 89 135 90 134 90 133 91 133 91 133 92 132 92 132 92 132 92 132 92 132 92 132 92 132 92 133 91 133 91 133 91 133 92 133 91 133 91 134 90 134 90 135 90 134 90 134 90 134 90 134 91 133 91 133 91 132 92 131 93 131 93 130 93 131 93 130 94 130 93 131 93 130 94 130 94 129 94 130 94 130 94 130 94 129 96 128 96 128 96 128 96 128 96 128 96 128 95 128 96 128 95 129 94 130 94 130 93 131 91 133 84 140 82 142 82 142 81 142 82 142 82 141 82 141 83 141 83 140 84 140 84 139 84 139 85 139 85 139 85 138 85 138 86 138 86 138 86 137 86 138 86 137 87 137 87 136 87 136 88 136 88 135 54 4 30 135 54 7 28 135 53 10 26 134 53 12 25 133 54 13 24 133 54 14 23 132 54 15 22 133 54 16 21 132 55 16 21 132 55 16 21 132 55 16 21 132 55 16 21 132 55 15 22 132 55 16 21 131 55 17 21 131 55 17 21 130 56 17 21 129 57 17 21 128 58 16 22 127 59 16 21 127 60 16 21 127 60 17 20 127 15 2 43 17 19 128 13 5 41 18 19 128 12 6 41 18 19 128 9 9 40 19 19 127 9 9 41 19 19 128 7 9 41 20 18 129 7 9 41 21 18 129 5 9 41 22 17 131 4 9 40 23 17 133 1 10 39 24 18 142 40 23 19 142 39 24 19 142 38 25 19 141 38 25 20 141 37 26 20 141 36 26 21 140 37 26 21 140 36 27 21 140 36 26 22 140 35 27 22 140 35 27 23 139 34 28 23 139 34 28 23 140 33 28 23 140 32 29 23 141 30 30 23 142 29 30 23 143 27 32 22 144 25 33 22 146 12 9 1 34 22 147 10 45 23 148 6 48 22 150 2 50 22 202 22 202 22 203 21 203 21 204 19 205 19 205 19 205 18 207 16 209 14 211 12 213 10 216 6 2110
72 64 154 72 150 76 146 79 144 82 141 84 140 85 139 87 136 89 134 91 133 1 1 90 135 90 135 90 134 91 133 92 132 93 131 94 129 96 127 97 126 99 125 99 125 99 125 100 124 100 125 99 125 98 126 98 126 98 127 97 127 96 128 96 128 95 129 94 130 94 131 91 133 90 134 89 135 88 136 87 137 87 137 87 137 87 137 87 137 86 138 86 138 86 138 86 138 86 139 85 139 85 139 85 139 85 139 85 139 85 139 86 138 86 138 87 136 89 135 90 134 90 134 91 132 93 131 94 129 95 129 96 128 97 126 99 125 100 123 104 120 106 118 108 115 110 114 112 111 114 110 116 108 117 106 120 104 121 103 122 101 125 99 127 97 129 94 132 92 134 90 136 88 137 87 139 85 140 83 142 82 143 81 144 80 144 80 145 79 146 78 147 77 148 75 150 74 151 73 152 72 152 72 154 70 155 69 157 67 157 66 160 64 160 64 161 63 162 62 163 60 165 59 166 58 166 58 167 57 168 56 169 55 169 55 170 54 171 53 171 53 172 52 172 52 173 51 173 50 175 49 175 49 175 48 176 48 176 48 176 47 177 47 177 46 178 46 178 45 179 45 178 45 179 45 179 44 180 44 180 43 181 43 181 42 182 42 182 41 183 41 183 41 31 4 148 40 30 8 146 40 28 11 146 39 27 14 144 39 25 17 143 39 23 20 142 39 21 24 141 38 18 28 140 37 17 32 138 37 16 34 136 38 15 36 136 38 13 39 133 38 13 41 132 39 11 43 131 39 9 46 130 42 2 51 129 96 128 99 125 102 122 107 43 3 71 109 39 6 70 111 35 17 61 112 34 18 60 113 32 21 58 113 31 22 58 114 30 23 57 114 29 24 57 114 29 24 58 113 29 24 19 2 37 113 29 25 12 9 36 113 28 26 10 12 35 113 28 28 2 19 34 114 27 49 34 114 27 49 34 114 26 51 32 114 27 53 30 114 27 54 28 115 26 57 26 115 26 58 24 116 26 59 23 116 25 61 22 116 25 62 20 117 25 63 19 117 24 65 18 117 24 65 17 117 25 67 15 117 24 72 10 118 24 200 24 199 25 199 24 200 24 200 24 199 24 200 24 200 23 201 23 200 24 200 23 201 23 201 22 201 23 201 22 202 22 202 21 203 20 203 21 203 20 204 19 205 19 205 19 204 19 205 19 205 19 205 18 206 18 208 15 210 13 213 10 103
3272 3 218 12 210 19 204 24 199 33 190 37 185 44 180 48 175 51 172 54 170 55 168 56 167 58 166 58 166 59 164 61 163 61 163 62 162 63 161 63 161 64 160 64 160 65 159 65 159 66 158 66 158 67 96 15 46 67 93 24 39 69 89 32 34 69 87 38 30 70 84 43 26 71 82 48 22 73 80 51 19 74 79 55 14 76 77 62 6 79 76 148 75 149 74 150 73 151 72 151 72 152 71 153 71 153 70 153 71 153 70 154 69 155 68 156 68 156 66 158 65 160 63 161 62 162 61 163 60 164 59 165 58 165 58 165 58 154 3 8 58 152 71 153 70 153 70 154 69 155 68 155 68 156 67 156 67 157 66 158 65 159 65 158 65 159 64 160 63 161 63 161 62 162 61 163 60 164 60 164 59 165 59 165 60 165 60 164 62 20 1 141 64 17 2 141 74 5 4 141 76 3 5 140 84 140 84 140 85 139 85 139 86 138 86 138 87 137 87 137 87 137 87 26 5 106 88 24 7 104 89 24 8 103 89 23 9 102 90 23 10 100 91 22 11 99 93 21 11 99 93 20 12 98 94 20 12 97 95 20 12 96 96 19 13 96 97 18 13 95 98 18 14 94 98 17 15 93 99 17 15 93 99 17 15 93 100 16 15 92 101 16 15 92 101 15 16 17 4 71 101 15 16 16 8 68 101 15 16 16 10 66 101 15 16 16 13 62 102 15 16 16 15 60 103 14 16 16 16 59 103 14 16 16 17 58 103 14 16 16 18 28 4 24 104 14 16 16 18 27 6 23 104 15 15 16 19 25 8 22 104 14 16 16 19 24 10 20 105 15 16 16 18 24 11 18 106 15 16 16 18 23 12 18 107 14 16 16 19 22 13 17 107 14 16 16 19 21 14 17 107 14 16 17 18 21 14 17 107 14 16 17 18 21 14 17 107 15 15 17 18 21 14 16 109 14 15 18 18 20 15 15 109 14 15 18 18 20 15 15 109 14 15 18 18 20 15 15 109 14 15 18 19 19 15 15 109 15 14 19 18 19 15 14 110 15 15 18 18 19 15 14 110 15 15 18 18 19 15 13 111 15 15 18 19 18 15 13 111 15 16 17 19 19 14 13 111 15 16 17 19 19 13 14 112 14 16 17 19 19 13 14 112 14 17 16 19 19 13 14 112 14 17 16 20 18 13 14 112 15 17 15 20 19 12 14 112 15 17 14 21 19 11 15 112 15 17 14 21 19 11 15 112 16 17 12 23 18 11 15 112 17 17 10 24 19 10 15 112 17 18 2 4 2 25 19 10 15 112 18 51 18 10 15 112 18 51 18 10 15 112 18 51 18 10 15 113 17 51 18 10 15 113 16 53 18 8 17 112 16 53 18 8 17 113 13 55 18 8 18 113 11 56 18 8 18 180 18 8 18 181 17 8 19 180 17 8 20 179 17 8 20 179 17 8 20 179 17 8 21 179 16 8 21 179 17 7 21 179 17 7 22 178 17 7 22 179 16 8 20 180 16 8 20 180 17 7 20 180 17 8 19 180 18 10 15 181 18 11 14 181 19 205 20 204 21 203 21 203 22 202 22 202 23 201 23 201 24 200 24 201 23 201 22 203 21 205 18 213 9 4346
15811 6 216 10 210 19 200 40 181 44 178 47 174 51 171 53 168 57 165 59 162 63 159 65 154 71 148 77 145 80 143 82 142 85 138 89 135 90 134 91 133 92 131 94 130 95 129 96 128 97 127 97 127 98 126 99 125 100 124 100 123 102 122 103 121 104 120 104 120 105 119 106 117 107 117 108 115 110 114 111 113 112 111 113 111 113 110 114 109 115 108 116 107 118 105 118 106 118 105 119 105 119 104 120 104 120 104 120 104 120 104 120 104 120 104 120 105 119 105 118 107 117 107 117 107 116 108 116 107 116 108 116 107 116 107 116 108 115 108 115 109 114 109 114 110 113 110 113 110 114 110 114 108 115 109 115 108 116 109 115 109 115 110 114 110 114 111 113 112 112 112 111 113 110 115 108 116 106 119 104 120 103 121 11 1 90 122 8 6 88 122 5 11 85 140 84 140 83 142 82 143 81 143 80 145 79 145 79 145 79 145 79 145 78 146 77 147 77 146 77 147 76 147 77 146 77 146 78 146 78 145 79 144 80 144 53 2 26 142 52 6 24 142 51 8 24 141 49 10 25 139 36 25 24 139 33 29 24 138 26 36 24 139 22 40 23 140 18 43 24 139 14 48 23 141 9 51 23 143 3 56 21 204 20 204 20 205 18 207 16 211 11 216 6 4988
6200 4 219 7 216 9 214 10 213 11 212 13 210 14 209 15 208 16 208 16 207 17 207 17 206 18 155 9 42 18 154 12 39 19 154 14 37 20 153 15 35 20 154 16 34 20 154 17 32 21 154 19 29 22 154 20 27 23 154 22 23 25 154 23 18 29 154 26 6 38 155 69 155 69 155 69 155 69 155 68 156 68 156 67 158 66 158 65 159 64 161 63 161 62 163 60 164 60 164 60 164 59 165 59 165 59 165 59 165 59 165 59 165 59 165 59 166 58 167 57 167 56 168 56 168 56 168 56 167 57 166 58 166 58 165 59 164 60 163 61 162 62 160 64 157 67 154 70 152 72 148 76 146 78 144 80 142 82 140 84 138 86 137 87 135 90 133 91 131 93 130 94 129 95 128 96 127 98 126 98 125 99 125 99 31 5 88 100 29 8 87 100 28 10 86 100 27 11 85 101 27 11 85 101 26 13 83 102 26 13 83 102 26 13 82 103 26 13 81 104 26 13 81 104 26 14 79 105 26 14 79 105 26 14 78 106 25 15 78 106 25 15 77 107 24 16 77 106 25 16 77 107 24 16 76 108 23 17 76 108 23 17 76 108 23 18 74 109 23 18 74 109 23 17 74 110 24 16 74 110 24 16 74 110 24 16 74 110 24 15 75 109 25 15 75 109 25 15 75 109 26 14 75 109 26 14 75 109 26 14 75 109 26 14 75 108 27 13 76 108 26 14 75 109 27 12 76 109 27 11 76 110 28 8 78 110 28 6 79 111 113 111 112 111 113 111 113 110 114 110 114 110 114 109 116 108 116 107 117 107 117 106 119 104 120 104 120 104 120 103 122 102 122 101 123 101 123 101 123 101 123 101 123 100 124 25 5 70 124 24 9 67 124 24 13 1 1 60 126 22 20 56 126 22 21 55 126 23 21 54 126 23 21 53 127 23 22 52 127 23 22 51 128 23 23 50 128 23 23 49 129 23 23 49 129 22 24 48 131 21 24 49 130 21 25 48 131 19 26 48 131 18 27 49 132 15 28 49 133 13 29 49 136 5 33 51 173 21 4 26 173 20 6 25 173 19 8 24 172 19 10 23 172 19 11 22 172 18 13 21 171 19 13 20 172 19 15 17 173 19 17 14 173 20 19 7 178 20 203 21 203 20 203 21 203 20 204 20 204 19 205 19 205 18 206 17 208 16 208 15 210 13 213 8 219 1 2371
3902 6 217 9 214 11 212 13 211 13 210 15 209 15 208 16 208 17 207 17 206 18 206 18 206 18 205 20 204 20 204 20 204 20 203 22 169 5 28 22 167 11 24 23 165 14 21 24 165 16 18 25 164 19 15 26 164 21 11 29 163 23 6 32 163 61 163 61 163 61 163 60 164 60 164 60 165 59 165 59 165 59 166 57 168 57 167 57 168 56 168 56 169 56 168 56 169 57 167 58 167 62 163 64 161 66 158 68 158 70 155 73 152 77 149 91 135 94 132 95 130 97 128 97 128 97 128 97 127 98 127 98 127 98 127 98 127 98 126 98 127 98 126 99 126 98 126 99 126 98 126 99 126 98 126 98 127 98 127 97 127 98 127 97 127 98 127 97 127 97 128 97 127 97 128 96 128 97 128 96 128 96 128 97 128 96 128 96 129 95 129 95 130 95 129 95 130 93 132 92 133 91 134 90 137 87 138 85 142 79 148 74 153 70 156 68 157 66 159 64 161 62 163 60 164 59 165 59 166 57 167 57 167 56 168 56 168 56 167 57 167 56 168 57 166 58 166 58 165 59 165 59 165 59 164 60 164 60 164 60 163 61 163 61 163 61 163 61 163 61 162 62 162 61 163 61 162 61 163 61 162 62 162 62 162 62 161 63 74 1 86 62 74 6 81 63 74 9 78 63 74 11 75 64 73 14 72 64 75 14 69 66 75 16 66 67 75 18 63 68 76 19 59 70 76 23 52 73 78 24 47 75 79 27 41 77 81 28 35 80 88 24 28 84 94 24 17 89 98 126 102 122 104 120 112 112 114 110 118 106 120 104 124 100 127 97 136 87 152 72 156 21 5 40 160 18 7 30 172 13 11 25 201 21 207 14 218 1 8595
6327 1 12 7 202 6 5 14 198 30 193 33 190 37 187 39 184 42 181 46 178 50 173 54 170 56 168 57 166 60 164 62 161 64 160 65 159 66 158 67 157 68 156 69 155 70 154 71 153 72 152 73 151 73 151 74 150 74 150 75 149 75 149 75 149 75 149 75 148 76 148 76 147 77 147 77 146 80 144 81 142 92 132 96 127 101 123 103 121 106 118 108 116 112 112 117 106 123 101 125 99 128 96 130 94 132 93 133 91 136 88 139 85 142 83 143 81 147 78 148 77 149 76 150 75 153 74 152 74 152 76 149 77 150 76 150 76 150 77 148 79 148 77 150 75 152 72 154 71 154 70 155 70 154 70 154 71 153 72 152 72 152 72 152 73 151 73 151 73 151 73 151 73 151 74 150 74 150 74 150 75 149 74 150 74 150 74 150 74 150 75 149 75 149 75 149 76 148 76 148 76 148 77 147 77 147 78 146 78 146 78 146 79 145 80 144 80 144 81 143 82 77 11 54 83 72 18 51 84 67 24 49 84 62 30 48 84 58 36 46 85 53 41 45 85 47 50 42 85 40 60 39 85 38 64 37 86 36 66 36 86 35 69 34 86 35 70 33 86 35 71 32 86 35 71 32 87 34 72 31 87 34 73 30 87 34 73 30 88 32 74 30 88 32 75 29 88 32 75 29 88 31 76 29 88 31 77 28 88 31 77 28 88 30 78 28 89 29 78 28 89 29 78 28 89 28 79 28 89 28 79 28 89 27 80 28 88 28 80 28 88 28 80 28 88 28 80 28 88 28 80 28 88 27 81 28 87 28 81 28 87 28 81 28 87 28 82 27 86 28 83 27 86 28 83 27 85 29 83 27 84 29 84 27 83 30 84 27 82 30 86 26 81 31 86 26 80 32 86 26 79 32 87 26 78 33 88 25 78 33 88 25 78 33 88 25 78 33 88 25 78 33 89 24 78 33 89 24 78 33 89 24 78 32 91 23 79 31 91 23 95 15 92 22 95 15 92 22 96 14 93 21 96 13 94 21 95 14 95 20 95 14 95 20 95 14 96 19 95 14 96 19 96 13 97 18 96 13 98 17 96 12 100 16 96 12 100 16 97 11 101 15 97 11 102 14 98 9 103 14 99 7 105 13 100 5 107 12 213 11 214 10 214 10 215 9 216 8 217 6 219 3 2019
3504 2 219 7 215 10 213 12 211 14 209 16 206 18 206 19 204 20 203 21 202 22 201 24 200 23 200 25 198 26 197 27 197 27 196 28 195 29 126 7 62 29 124 12 58 30 123 16 54 31 122 20 50 32 120 24 46 34 120 26 41 37 120 28 35 41 119 31 28 46 119 34 19 51 120 36 13 55 120 104 120 104 121 103 121 103 121 103 122 102 122 102 122 102 123 101 123 101 123 102 122 102 123 101 123 101 124 100 124 100 125 100 124 100 125 99 125 99 125 100 125 99 125 100 124 100 125 99 125 100 124 100 124 100 125 100 124 100 124 100 124 100 124 101 124 100 124 100 124 100 124 100 125 99 125 99 125 99 125 100 124 100 125 100 124 101 123 104 120 106 118 107 118 107 117 107 117 108 116 109 115 109 114 112 112 112 112 114 109 116 108 118 105 120 104 122 101 123 101 124 99 126 98 127 97 127 96 129 95 129 94 131 93 131 93 132 91 133 91 133 90 134 89 136 88 136 87 137 87 137 86 137 87 137 86 137 87 137 87 135 88 135 88 133 91 130 93 123 101 122 101 122 102 122 101 122 101 122 102 121 103 120 104 119 104 120 104 119 105 118 105 119 105 119 105 118 106 118 105 119 105 119 105 119 105 119 105 119 105 119 104 120 104 120 104 120 104 120 104 120 104 120 104 120 104 121 102 122 102 122 102 122 102 122 102 123 101 123 101 123 101 123 101 123 101 123 101 123 101 123 101 123 101 123 101 123 101 123 101 123 101 123 101 123 101 123 101 123 101 123 101 123 101 123 101 123 101 123 101 123 101 123 101 123 100 124 100 124 100 124 100 123 101 123 101 123 101 123 101 122 102 122 102 122 102 122 102 122 102 122 102 122 102 122 102 124 100 125 99 127 97 128 96 130 93 48 1 83 92 45 10 78 91 44 16 75 89 44 17 75 88 43 18 76 87 43 19 76 87 42 19 77 86 42 19 78 85 42 18 79 85 42 18 80 84 42 17 82 84 41 17 82 84 42 15 83 84 42 16 82 84 41 17 82 85 40 18 80 87 38 20 79 46
5507 14 207 19 202 24 197 29 193 33 190 35 188 37 186 39 183 43 180 44 179 46 176 48 175 50 173 51 171 54 168 56 163 62 159 65 158 66 157 68 156 68 155 70 154 70 154 71 152 72 152 73 151 74 149 76 148 77 147 77 146 79 145 79 144 80 144 80 144 80 143 81 143 81 142 82 142 82 141 83 141 82 142 81 142 82 142 82 141 83 141 83 140 84 140 84 140 84 139 85 139 84 140 84 140 83 141 83 140 84 141 82 141 83 141 83 142 83 141 83 141 83 141 83 141 84 141 83 141 83 141 83 141 84 140 84 141 83 141 83 141 84 140 84 140 84 140 84 140 84 140 84 140 85 140 84 139 85 140 84 139 85 140 84 140 84 140 84 140 84 140 84 140 83 141 83 141 83 141 83 141 83 141 83 141 83 141 83 141 83 141 82 143 81 143 81 143 81 143 80 145 78 146 78 146 77 148 76 148 76 149 75 149 74 151 73 152 71 153 71 154 70 155 69 155 68 157 67 157 67 158 66 158 66 159 65 159 65 160 64 160 64 161 63 162 62 162 62 163 61 163 61 163 62 162 61 163 61 163 61 163 62 162 61 163 61 163 61 163 60 164 59 165 58 167 56 168 56 168 55 170 53 171 53 171 52 173 51 173 51 173 50 175 49 175 48 176 48 176 47 178 46 178 45 179 45 180 43 182 42 182 42 183 40 184 40 184 40 184 40 184 40 184 40 184 40 184 40 184 40 184 39 185 39 185 39 185 39 185 39 185 39 185 39 185 39 184 40 184 40 184 40 184 40 183 41 183 41 183 41 182 41 183 41 184 40 184 39 186 36 193 9 10 10 3218
7648 7 216 10 213 13 211 15 208 18 206 19 205 21 202 22 202 23 201 24 200 25 198 27 197 28 196 29 195 31 193 32 192 33 191 34 190 37 8 7 172 55 169 57 167 61 163 65 159 65 160 65 159 66 158 67 157 68 156 70 154 70 154 71 153 72 152 72 152 72 152 72 152 73 151 73 151 73 151 74 150 74 150 74 150 74 150 75 149 75 149 76 149 75 38 19 92 75 34 31 84 76 27 42 79 76 21 51 76 77 14 59 74 78 8 67 71 156 68 159 65 162 62 165 59 167 57 170 54 172 53 173 51 176 48 178 46 180 44 181 44 182 42 184 40 185 40 186 38 188 36 190 35 190 34 191 33 191 34 190 34 190 34 190 35 189 35 189 36 188 36 188 36 188 37 187 37 187 38 186 38 186 38 186 39 185 40 184 40 184 41 183 41 183 42 182 42 182 43 181 43 181 44 180 44 180 45 179 46 178 47 177 47 177 48 176 48 176 48 176 48 176 48 176 48 176 48 176 48 176 48 176 48 176 47 177 47 177 47 177 46 178 46 178 46 178 46 178 47 177 47 177 47 177 47 177 47 177 47 177 48 176 50 174 52 172 54 6 2 162 54 4 6 160 65 159 66 158 68 156 68 156 70 154 70 154 81 143 82 142 82 142 82 142 84 140 86 138 88 136 89 135 92 132 95 129 103 121 105 119 108 116 109 115 112 1 1 110 117 107 120 104 137 87 140 84 142 82 148 8 2 66 162 62 164 60 170 54 178 46 185 39 190 34 201 23 214 7 6051
10882 4 216 11 210 16 204 33 186 42 179 50 172 55 167 59 163 72 150 76 147 78 145 80 142 83 140 84 139 86 137 88 134 91 132 93 130 95 128 97 126 99 125 100 123 103 121 104 119 107 116 110 114 111 112 114 110 116 107 118 105 122 102 124 99 127 96 129 94 131 92 133 89 136 86 138 83 142 81 143 79 145 79 145 78 147 77 146 77 147 77 147 76 148 75 149 75 149 74 149 75 149 74 150 74 150 73 150 74 150 74 150 73 150 74 150 74 149 74 150 74 149 75 149 74 150 74 149 75 148 76 148 75 147 77 147 76 146 78 146 78 145 79 144 80 143 81 141 83 140 84 138 85 137 87 136 88 134 90 133 91 131 93 130 94 129 94 128 96 127 96 127 96 127 97 127 96 127 97 127 96 128 96 128 96 128 96 128 96 128 96 128 96 128 96 128 98 126 98 126 100 33 3 88 101 13 9 7 7 87 102 10 26 86 101 9 28 86 102 5 31 86 102 3 34 84 140 84 140 84 140 84 140 84 140 84 139 85 139 86 138 86 138 86 138 87 137 87 137 87 137 88 135 89 135 89 134 90 133 92 131 93 131 93 130 94 129 96 127 97 126 98 126 98 125 99 124 100 124 101 122 102 121 103 120 104 120 104 119 105 119 106 117 107 116 109 115 109 115 110 113 111 113 112 112 112 111 114 110 115 108 117 107 117 106 119 105 119 104 121 103 122 101 123 101 124 100 125 98 126 98 127 96 128 96 129 94 131 93 131 92 133 91 134 89 135 89 136 87 137 87 138 86 138 85 140 84 140 84 140 84 140 84 140 85 138 20
8163 21 201 27 196 31 192 34 189 37 185 40 158 10 15 43 155 12 13 45 152 16 10 47 150 18 8 49 25 4 119 22 2 53 19 11 117 78 15 15 115 80 12 17 115 81 9 19 114 111 113 111 113 110 114 110 114 110 114 109 115 109 115 108 116 108 116 107 118 105 119 104 120 103 121 102 122 102 123 100 124 100 125 98 126 98 127 96 128 96 128 95 130 93 131 93 131 92 133 91 133 91 133 90 134 90 134 90 134 89 134 90 134 90 134 89 134 90 134 90 134 90 134 90 133 91 133 91 133 91 133 91 132 92 132 92 132 93 131 93 130 94 130 94 130 94 129 95 129 95 128 96 128 96 127 97 127 97 127 97 126 98 126 98 126 98 126 98 125 99 125 99 125 99 125 99 124 100 124 100 124 99 124 100 124 100 124 100 124 100 124 100 124 100 124 100 123 101 123 101 123 101 123 101 123 101 123 101 123 100 124 100 124 100 124 100 124 99 125 99 125 99 125 99 125 99 125 98 126 98 126 98 126 97 128 96 128 96 128 96 129 94 130 94 130 94 131 93 131 93 131 92 133 91 133 91 133 90 134 90 134 89 136 88 136 88 136 87 137 87 138 86 138 85 139 85 140 84 140 84 140 84 140 84 141 83 141 83 141 83 141 83 141 83 141 82 143 81 143 81 143 81 143 81 143 81 143 80 145 79 145 79 145 79 145 79 145 79 146 77 147 77 147 77 147 76 148 76 149 75 149 75 149 74 150 74 150 74 150 73 151 73 152 72 152 72 152 71 153 71 154 70 154 70 154 69 156 68 156 68 156 68 156 67 158 66 158 66 158 65 159 65 159 65 160 63 161 63 161 63 161 63 161 63 161 62 161 63 161 63 162 61 163 61 163 61 94
4142 4 216 11 202 26 8 14 173 55 166 61 162 63 159 68 154 71 152 74 149 76 146 80 143 82 140 86 137 88 135 90 133 92 130 95 128 97 125 101 121 104 119 107 115 111 112 113 110 115 108 117 106 118 105 120 104 121 102 122 101 124 100 125 98 126 98 126 97 128 95 129 95 129 94 131 92 132 91 133 91 133 90 134 89 136 87 137 86 138 85 139 84 141 80 144 79 145 76 148 74 150 65 159 58 166 56 168 55 170 53 171 51 173 51 173 50 174 50 173 50 174 50 174 50 174 49 175 49 175 48 177 47 177 47 177 47 178 45 179 45 179 45 179 45 179 45 179 45 179 45 179 45 178 46 178 46 178 46 177 47 177 48 176 48 175 49 175 49 175 49 175 50 173 51 173 51 173 52 172 52 172 53 172 52 172 52 172 53 171 54 170 55 169 56 168 57 167 58 166 59 164 60 164 61 163 61 163 61 162 62 162 62 162 62 161 62 162 62 162 61 163 60 163 61 163 60 163 61 162 61 162 62 161 62 161 63 159 64 155 69 154 70 153 71 153 70 154 70 155 69 155 69 156 68 158 66 159 64 116 2 43 63 112 10 40 62 72 3 5 4 26 14 40 60 67 20 23 14 41 58 54 36 20 16 41 57 50 40 20 16 43 54 47 44 20 17 44 52 40 52 19 17 44 51 39 54 19 18 44 50 38 55 19 19 44 48 39 55 20 20 43 46 39 56 20 21 42 44 41 56 21 23 40 42 42 56 21 26 37 41 43 56 22 27 35 39 45 56 22 28 35 37 46 56 23 27 35 37 46 57 23 27 35 36 46 57 24 26 35 36 46 56 25 27 35 35 45 58 25 26 36 34 46 57 25 27 35 34 45 58 26 27 35 33 45 59 25 28 35 32 45 59 26 28 36 30 45 59 26 29 35 30 45 60 26 29 36 28 44 61 26 30 36 27 44 62 25 30 38 25 44 62 26 29 39 24 44 63 25 30 42 20 44 63 25 30 45 17 44 63 26 29 47 15 44 64 25 29 48 14 44 64 26 29 49 12 44 65 25 29 50 11 45 65 25 29 51 9 45 66 24 29 51 9 45 67 24 30 50 8 45 67 24 30 50 8 45 68 24 30 50 7 45 68 24 31 49 7 46 67 25 30 49 8 10 2 34 65 27 30 48 8 7 6 36 4 1 57 28 30 47 9 4 9 41 56 29 30 45 23 42 53 32 31 43 23 43 52 32 34 40 23 44 49 34 38 13 5 1 9 6 25 48 45 34 97 51 42 34 97 52 42 33 96 55 40 33 96 56 39 32 98 19 2 36 37 32 98 17 7 33 38 30 100 15 9 33 37 29 102 12 11 33 37 28 106 8 14 31 37 27 130 30 37 27 131 29 39 24 135 25 40 23 139 21 43 20 145 15 45 17 149 11 50 12 152 8 2846
4226 6 215 10 212 13 115 8 86 15 114 12 81 17 113 14 78 19 112 18 73 20 112 20 71 21 112 22 67 23 111 24 64 25 111 25 60 28 111 25 56 31 112 26 53 33 111 28 49 36 111 30 45 38 111 31 14 67 112 36 4 72 112 111 113 111 113 110 114 110 114 109 116 108 116 108 116 107 117 107 117 106 118 106 118 106 118 105 119 105 119 105 119 104 120 104 119 105 119 105 119 104 120 104 119 105 119 104 119 105 119 105 119 105 118 106 118 106 117 107 117 108 116 108 115 109 115 110 114 111 113 111 113 113 110 115 109 116 108 118 106 119 105 121 103 123 101 124 100 125 99 126 98 127 97 128 96 129 95 129 95 130 93 131 93 132 93 131 93 131 93 131 93 132 92 132 92 133 91 133 91 134 90 134 90 134 90 135 89 135 89 135 89 135 89 135 89 135 89 135 89 136 88 136 87 137 87 137 85 140 84 140 82 142 82 142 81 143 81 143 80 144 80 145 79 145 78 146 78 146 78 146 77 147 77 148 76 147 77 147 77 147 76 148 76 148 76 148 76 148 75 149 75 149 75 150 73 151 73 151 73 151 72 152 72 152 72 152 71 153 71 153 71 152 71 153 71 152 72 151 73 151 72 151 73 150 74 150 73 149 75 149 75 148 76 148 76 148 75 149 75 149 75 149 74 149 75 150 74 149 74 150 74 149 75 148 75 149 75 148 75 149 75 149 74 151 73 151 73 151 72 153 71 153 71 153 71 153 71 153 70 154 70 154 70 154 70 154 70 154 69 155 69 154 70 154 70 154 70 153 71 153 71 152 73 150 74 149 76 146 79 144 80 142 84 139 87 135 90 132 94 127 99 123 104 117 109 113 113 109 117 106 120 102 124 98 127 95 130 92 134 88 137 87 138 85 141 82 143 80 145 78 147 76 149 74 151 72 153 69 157 65 161 31 7 21 169 24 203 19 212 5 1227
9521 5 218 7 215 10 214 11 212 12 212 13 210 14 209 15 208 16 207 17 206 18 206 18 206 18 206 18 207 17 207 17 207 17 206 18 205 19 202 22 201 23 201 23 197 27 195 29 191 33 190 34 189 35 186 37 186 38 186 38 185 38 186 38 186 38 187 36 188 36 187 37 187 36 177 4 6 37 172 52 170 54 168 57 167 57 166 58 166 58 165 60 165 59 165 60 164 60 165 60 164 60 164 60 164 60 164 61 163 61 164 60 164 60 164 61 163 61 163 62 162 62 163 62 162 62 162 62 162 63 161 63 161 63 161 64 160 64 161 64 159 66 158 67 157 68 156 69 155 70 155 71 153 71 153 72 153 72 153 72 154 70 156 69 159 65 165 59 168 57 169 56 170 54 171 54 171 53 172 53 172 52 173 52 173 52 172 52 173 52 173 51 174 51 173 51 55 3 116 50 53 6 115 50 52 8 115 50 49 10 115 50 46 13 115 51 42 16 115 51 39 19 116 51 36 21 116 51 34 22 117 52 32 23 118 51 29 25 119 52 25 28 120 51 21 30 122 52 14 35 123 56 1 43 124 99 125 98 126 96 128 95 129 92 131 91 132 89 131 91 130 92 130 91 132 72 2 6 142 71 153 70 153 69 154 69 154 69 155 68 155 68 156 68 156 68 156 67 158 66 159 65 162 62 170 53 183 41 184 40 185 39 185 38 186 38 186 37 187 37 186 38 186 37 187 37 187 36 117 5 66 36 115 8 65 35 117 7 65 35 115 10 64 34 114 12 64 33 114 13 64 31 116 13 64 30 117 12 65 27 120 12 65 26 122 10 66 24 124 10 67 21 128 6 69 19 206 16 210 11 216 5 4582
21412 8 213 15 208 17 206 20 203 22 200 25 198 26 197 28 196 29 193 32 190 34 189 36 186 38 183 41 182 42 177 48 173 52 167 57 162 63 158 66 155 69 149 75 144 80 142 82 140 84 138 85 137 87 136 87 136 87 137 70 5 11 137 69 11 6 138 67 156 68 156 67 156 67 157 66 158 66 157 66 158 66 158 66 158 66 158 65 159 65 159 65 158 66 158 66 158 65 159 65 160 64 160 64 160 64 160 63 161 63 162 62 162 61 163 61 163 61 163 61 163 61 163 61 164 59 164 60 164 59 165 59 165 59 165 59 165 13 2 43 166 13 2 43 166 13 2 43 166 9 1 1 4 43 165 9 6 43 166 8 8 42 165 8 8 43 165 8 9 41 166 7 12 39 165 8 14 36 166 8 16 34 164 10 18 10 3 19 162 12 20 7 5 17 161 14 22 4 8 15 160 15 34 15 159 16 34 15 159 16 33 16 159 16 33 16 160 15 32 18 161 13 32 18 163 11 31 19 165 9 30 20 166 8 30 20 167 6 31 20 167 6 30 21 168 5 29 23 167 4 30 23 168 2 31 22 201 24 201 22 202 22 202 22 202 22 202 22 202 22 202 21 204 18 206 15 210 13 211 10 214 10 215 7 218 5 4599
13050 6 217 8 215 11 212 13 211 14 35 1 174 14 32 7 170 16 29 10 169 17 27 12 168 18 24 14 168 24 16 17 26 5 136 57 21 13 133 57 18 18 131 57 16 21 130 57 15 23 129 57 13 26 128 57 11 29 127 57 10 31 126 57 9 32 127 56 8 34 126 56 7 35 126 57 4 38 125 57 3 39 125 57 1 42 124 100 124 101 123 101 123 101 123 101 124 100 124 101 123 101 123 101 123 101 123 101 123 102 122 102 122 102 122 102 122 103 120 104 120 105 119 105 119 106 119 105 119 105 119 105 120 105 119 105 119 106 119 105 119 106 118 106 119 106 119 105 119 106 119 105 119 105 120 104 120 105 119 105 119 105 119 105 119 105 118 106 118 106 118 107 116 108 116 108 116 108 116 108 116 108 116 108 116 108 116 108 116 109 115 109 115 109 115 109 114 110 114 110 114 110 114 110 114 111 113 111 113 111 113 111 113 111 113 111 113 112 112 112 112 112 112 112 112 112 112 112 112 77 3 32 112 76 5 31 113 74 6 31 113 73 8 30 113 72 10 29 113 72 10 29 113 72 11 28 114 71 12 27 114 70 14 26 114 70 14 26 114 70 15 25 114 69 17 24 114 69 18 24 113 69 19 23 113 69 20 22 113 69 21 21 113 69 22 21 112 69 23 20 112 70 23 19 112 23 4 43 23 19 112 22 6 42 24 18 112 21 8 41 25 17 112 21 8 42 24 18 111 20 9 42 25 17 111 19 11 41 26 16 111 19 12 40 26 16 111 19 12 41 26 15 111 18 14 40 26 14 112 18 14 40 27 14 110 18 16 39 27 14 110 18 16 39 27 14 110 18 16 39 28 13 110 17 18 38 28 13 110 17 18 6 3 29 28 13 110 17 18 5 4 29 28 13 110 17 19 3 5 29 28 13 110 17 19 2 7 28 28 13 110 16 20 1 8 8 1 18 29 13 109 17 29 7 3 17 29 13 109 17 20 1 7 8 3 17 29 13 109 17 29 6 4 17 29 13 109 17 20 1 7 7 4 17 29 13 109 17 20 1 8 6 4 17 29 13 108 17 20 2 8 6 3 18 29 13 108 17 20 3 7 6 3 18 28 14 108 17 20 3 7 27 28 14 107 17 21 3 7 26 28 15 107 16 22 3 7 26 28 15 107 16 22 3 7 26 27 16 107 16 22 3 7 26 27 16 106 16 23 3 7 3 4 18 28 16 106 16 23 3 6 3 5 18 28 16 106 16 22 5 4 4 7 15 29 15 107 15 23 5 3 5 9 12 30 15 107 15 23 12 13 8 32 14 106 16 23 12 55 11 107 16 23 12 59 5 109 16 23 11 173 17 23 11 173 17 23 11 172 18 22 12 172 18 21 13 172 18 21 13 171 18 21 14 171 18 21 14 170 19 21 14 169 20 20 15 169 20 19 16 169 20 19 16 170 19 20 14 171 18 20 15 171 18 22 12 121
11800 17 95 5 103 33 80 13 95 40 73 17 91 45 63 28 86 50 58 31 82 55 54 35 78 59 51 37 74 64 48 40 70 68 46 41 65 73 44 43 62 78 41 44 59 81 39 46 57 83 37 47 56 85 35 49 53 88 32 51 52 90 30 53 49 93 28 54 48 95 27 55 45 98 25 57 42 101 24 57 40 103 23 59 36 107 22 63 31 108 22 66 26 111 20 79 10 115 20 205 19 205 19 206 17 207 17 207 16 209 14 210 12 213 10 214 9 216 7 217 6 218 6 219 5 219 5 219 5 219 5 220 4 220 4 220 4 220 4 221 3 221 3 221 3 222 2 222 2 222 2 222 2 222 2 222 2 222 2 222 2 221 3 221 3 220 4 220 4 220 4 220 4 220 4 221 3 221 3 221 3 222 3 221 3 221 3 220 4 221 3 221 3 221 3 221 4 220 4 220 5 219 5 219 6 218 6 218 6 217 8 216 8 216 8 215 9 214 11 172 1 39 12 171 4 36 13 171 6 34 13 171 10 30 13 172 11 28 14 171 14 24 15 172 15 22 15 173 16 20 15 174 14 21 16 174 11 23 16 175 7 26 16 208 16 208 16 208 17 207 17 207 17 207 17 206 19 205 19 205 19 205 19 205 20 204 20 204 21 202 22 202 22 202 23 200 24 199 25 198 27 197 27 196 29 194 30 193 32 192 32 31 4 155 34 30 6 154 35 28 7 153 36 28 8 151 38 26 10 148 40 26 10 147 41 25 12 145 42 25 12 144 44 24 12 143 45 23 14 141 47 22 14 140 48 21 15 140 49 20 15 139 50 19 17 138 51 18 17 138 51 17 18 137 52 17 18 137 53 15 20 136 53 15 20 136 53 15 20 136 54 14 21 135 54 14 22 133 55 14 22 133 55 14 23 132 55 14 24 131 55 14 25 130 56 13 26 129 56 13 27 128 56 13 35 121 55 13 40 116 55 13 42 113 56 14 41 113 56 14 42 112 56 14 42 111 57 15 41 110 59 14 40 110 60 15 39 108 62 15 38 107 64 16 36 106 66 16 35 105 68 16 34 105 69 16 33 105 70 17 31 105 72 16 30 105 73 17 28 105 74 18 27 104 75 19 26 104 75 19 26 103 76 19 26 102 77 19 28 99 79 18 29 97 80 17 31 96 52
11955 9 200 26 197 28 195 30 193 32 191 34 190 34 189 36 188 37 187 38 185 39 185 40 184 41 182 43 181 43 181 45 179 45 179 46 177 48 176 50 174 51 173 52 172 54 170 55 169 56 168 56 168 57 167 58 166 60 165 61 163 65 159 69 155 76 148 81 143 86 138 92 133 93 131 95 129 96 128 97 127 98 126 99 125 99 126 99 125 99 125 100 125 100 124 100 125 99 125 100 125 99 126 98 127 98 126 98 127 97 127 97 128 96 128 96 129 95 129 94 131 94 130 93 131 93 132 92 132 92 133 91 133 90 135 89 136 88 137 87 138 85 140 84 140 84 141 83 142 81 143 34 4 43 144 31 8 41 144 29 12 38 145 28 14 37 146 27 15 36 147 25 17 34 148 25 17 34 148 25 18 32 150 24 19 31 150 23 20 30 151 23 20 30 151 23 21 29 151 22 23 27 151 23 24 26 151 23 24 25 152 22 26 24 151 23 26 23 152 22 28 22 151 23 28 21 152 22 30 20 152 21 31 19 154 20 31 19 155 18 32 19 157 15 33 19 160 10 35 18 163 5 38 18 207 16 208 16 210 13 211 13 214 9 11568 11 212 13 210 15 208 17 207 18 205 19 205 19 205 17 208 14 210 14 210 12 214 8 219 1 376
13066 11 202 23 196 31 191 34 189 37 76 8 102 39 71 16 96 44 62 27 90 46 59 31 87 48 55 36 84 51 49 41 82 54 40 51 78 56 36 56 75 59 30 62 72 61 27 65 70 69 16 70 69 74 1 81 67 158 65 159 65 160 63 162 62 163 60 164 60 165 59 165 59 166 57 167 57 168 56 168 56 168 56 169 55 169 55 169 56 168 56 168 56 168 56 168 56 168 56 167 57 167 57 166 58 166 58 166 57 166 58 166 58 165 59 165 59 164 60 164 61 163 61 162 62 161 63 161 63 160 65 159 65 158 66 158 66 157 67 157 67 156 69 155 69 155 69 154 70 154 70 154 70 153 71 153 70 153 71 153 71 152 72 152 72 152 72 151 73 151 74 150 75 149 77 146 79 145 81 142 84 139 88 136 90 133 93 129 98 124 103 67 2 1 3 46 111 57 14 40 119 48 18 38 128 15 43 36 133 6 49 35 189 33 191 31 193 30 194 29 195 28 196 26 198 25 199 22 204 19 206 11 218 1 15082
4677 3 220 6 218 7 217 8 215 10 215 10 214 12 212 12 213 13 211 14 210 15 210 16 208 18 206 19 206 19 206 18 206 20 205 19 205 20 205 19 205 20 205 20 205 20 204 20 205 19 206 18 207 17 208 16 209 15 209 15 210 14 210 14 210 14 210 14 211 13 211 13 212 12 212 12 212 12 212 12 212 12 212 12 212 12 211 13 210 14 208 15 207 17 205 18 205 18 203 21 201 22 163 29 2 30 151 72 149 74 146 77 145 79 140 83 69 1 2 2 3 1 56 90 63 31 34 96 54 169 51 173 50 174 49 175 48 176 46 178 46 178 45 179 44 181 43 181 42 182 42 183 40 184 40 184 40 184 39 185 39 185 39 186 38 186 37 187 37 187 37 188 36 188 35 190 33 191 32 193 30 194 29 196 27 198 24 200 23 202 21 203 20 204 18 206 17 207 16 208 15 209 14 210 12 212 11 213 10 214 9 178 5 32 8 177 8 31 7 177 11 29 6 177 14 27 4 178 17 25 3 178 20 23 1 33 1 145 22 54 4 144 23 52 7 140 26 50 9 138 27 49 11 136 29 48 13 12 4 114 33 47 17 4 13 70 4 22 47 46 36 63 19 6 54 46 38 51 91 15 2 26 40 48 94 13 3 26 42 44 98 10 4 25 44 43 99 7 7 23 46 41 103 1 12 20 49 39 118 17 55 33 121 13 60 30 196 28 199 24 202 22 202 22 203 20 205 18 207 16 211 12 216 6 16473
10138 5 208 20 200 26 196 30 192 33 189 37 186 39 183 42 182 44 178 47 175 50 171 54 167 59 163 63 160 65 158 68 156 70 153 73 151 74 149 76 148 77 146 79 145 79 144 81 142 82 141 83 141 84 137 87 135 89 135 90 133 91 135 89 135 89 137 87 137 87 140 85 140 84 140 84 142 82 142 83 142 81 144 80 144 80 145 79 146 78 146 78 147 77 148 76 148 76 149 75 150 74 151 73 152 72 153 71 155 70 156 68 158 66 159 65 160 64 160 64 161 63 162 63 161 63 161 63 162 63 161 63 162 63 161 63 162 63 161 63 161 64 161 64 160 64 160 65 159 66 158 67 157 68 156 69 155 69 154 71 153 71 152 73 151 74 149 75 149 76 147 77 147 77 146 79 145 80 143 82 142 83 141 84 139 86 138 87 137 89 134 91 133 93 130 97 127 98 125 102 122 104 119 107 117 108 116 110 113 112 112 113 111 114 110 116 108 117 107 118 106 119 105 121 103 121 103 123 102 123 101 124 101 124 100 125 99 126 99 126 98 127 98 127 97 127 98 128 97 127 97 128 96 129 96 129 95 130 95 130 94 130 95 130 94 131 93 132 93 131 93 132 92 133 92 133 92 132 92 133 91 134 91 133 91 134 91 133 91 134 91 133 91 133 92 133 92 132 92 132 93 131 93 132 93 131 93 131 94 130 95 129 95 129 96 129 96 128 97 127 97 127 97 127 98 127 97 127 97 127 35 1 61 127 33 4 60 127 33 5 59 128 31 7 58 128 31 7 57 129 31 8 56 129 30 9 55 130 30 9 55 130 29 10 54 131 29 10 53 132 29 11 53 131 29 10 54 130 31 8 55 130 32 7 56 129 34 4 3
12809 5 211 16 205 21 201 24 186 1 1 41 178 50 172 55 168 61 161 68 156 78 145 82 141 88 136 106 118 110 113 113 111 115 109 117 107 118 106 119 105 120 104 121 103 123 101 123 101 125 99 126 98 127 97 127 97 128 97 128 96 129 95 130 94 130 95 129 95 130 94 130 94 130 94 131 93 131 93 132 92 133 91 133 91 133 92 132 92 133 92 132 92 133 91 109 5 19 92 107 8 18 91 106 9 18 92 104 12 16 93 103 13 14 96 101 15 12 98 99 16 10 101 97 17 9 101 97 17 9 102 96 18 7 103 96 19 7 102 97 19 5 103 97 20 4 103 98 127 97 127 98 126 98 126 99 125 99 125 100 124 100 125 99 125 100 125 99 125 99 125 99 125 99 125 99 125 99 125 99 125 98 127 97 127 97 127 97 127 97 128 96 128 96 129 95 129 95 130 95 129 95 130 95 129 95 129 96 128 97 127 99 126 99 125 101 123 112 112 116 108 118 106 119 106 119 105 120 104 121 103 121 103 122 102 123 101 124 100 125 98 127 97 129 95 130 94 132 92 134 90 137 86 142 82 145 20 28 31 147 15 35 26 199 25 200 23 201 23 201 22 202 21 203 21 203 20 204 19 205 19 205 18 206 18 206 17 207 17 207 16 208 16 208 15 209 15 209 15 209 15 209 15 209 15 209 15 209 15 209 14 210 14 210 14 210 14 210 14 210 14 210 14 210 14 210 14 210 14 210 14 210 14 210 15 209 15 209 16 208 16 208 16 208 16 208 16 208 16 208 16 207 17 207 16 208 16 208 17 207 17 206 19 204 20 203 4
9697 11 210 18 205 21 202 24 200 25 25 13 160 27 21 18 157 29 19 20 156 31 16 22 155 32 14 24 154 35 8 27 153 72 152 73 151 73 151 73 150 75 149 75 149 75 148 76 147 77 147 77 146 78 146 78 145 78 146 78 146 78 146 78 145 79 145 79 145 79 145 79 144 80 144 81 143 81 143 82 141 83 141 83 140 85 139 85 139 85 138 87 136 88 136 88 135 89 134 91 132 92 131 94 129 95 128 96 127 98 125 99 125 99 124 101 123 101 123 102 121 104 120 104 120 105 118 107 117 107 117 107 116 108 116 109 115 109 115 109 115 109 115 109 114 111 113 111 113 111 113 112 112 112 112 113 111 113 110 115 109 116 108 117 106 119 104 121 103 122 101 123 101 124 99 126 98 126 97 128 95 130 94 130 93 132 92 132 92 132 91 134 90 135 89 135 89 136 88 136 88 136 88 136 88 136 88 137 87 137 87 137 87 138 86 138 86 138 86 138 86 139 85 139 85 139 85 139 85 140 84 140 84 140 85 140 84 140 86 138 18 25 46 136 14 30 48 132 12 34 47 131 11 35 48 131 8 39 46 132 6 40 46 132 5 42 46 132 3 43 46 179 46 178 46 180 44 180 44 181 43 182 43 182 42 182 43 182 42 182 42 182 43 182 42 182 43 182 42 182 43 181 44 180 44 180 45 179 46 178 47 177 48 176 49 175 50 174 50 174 51 173 52 172 52 171 53 171 53 171 53 170 54 170 54 169 55 169 54 169 55 168 56 167 56 166 58 41 3 121 59 39 6 118 61 22 11 3 10 114 64 21 25 112 67 19 27 109 70 18 27 108 71 17 29 104 75 15 30 102 79 12 31 100 82 10 32 95 90 5 34 91 133 85 138 85 139 84 139 84 140 83 140 84 140 84 140 83 142 81 143 80 144 80 48
83 27 196 30 193 31 192 33 191 34 189 35 188 37 187 37 186 38 186 39 184 40 184 40 184 40 183 42 182 42 182 42 181 44 180 44 179 45 179 46 178 46 177 47 177 48 176 48 175 50 174 50 173 51 173 52 172 52 171 53 171 53 171 54 170 54 169 55 169 56 168 56 168 56 167 58 90 7 69 58 87 12 67 58 85 14 67 59 82 16 66 60 80 18 66 61 77 20 66 62 75 21 66 62 73 23 66 63 71 24 65 65 69 25 65 66 66 27 65 68 63 28 65 69 60 30 65 70 58 31 64 72 56 32 64 74 52 34 64 74 51 35 64 76 48 36 64 77 46 37 63 79 43 39 63 81 40 40 63 83 37 41 62 85 35 42 62 88 30 44 62 91 26 45 61 95 21 46 62 97 18 47 62 101 10 50 63 160 64 160 63 161 63 160 64 160 63 160 64 160 64 159 64 160 64 159 64 160 64 159 64 160 64 160 63 160 63 161 63 161 62 161 62 162 61 163 61 163 60 163 61 163 60 163 61 163 60 163 61 163 60 164 60 163 60 164 60 164 59 165 59 164 59 165 58 166 58 166 57 167 57 167 57 167 56 168 56 168 56 168 55 169 55 169 55 168 56 168 56 168 56 168 56 168 56 168 56 168 56 168 56 168 56 168 56 168 55 169 55 169 55 170 53 171 52 173 50 174 48 176 47 177 45 179 45 179 44 180 43 181 42 181 42 182 42 182 42 182 42 4 3 175 42 3 5 174 42 2 6 173 43 2 6 173 43 2 5 174 43 2 5 174 43 181 42 182 42 181 42 182 41 183 41 183 40 184 39 185 39 185 38 186 38 186 38 185 39 185 38 186 38 186 38 186 37 186 37 187 37 187 37 186 37 187 29 1 8 186 26 6 6 186 25 6 7 186 24 7 7 185 25 7 7 185 24 8 6 187 23 8 5 188 22 10 2 190 22 203 20 205 19 206 18 207 17 207 17 209 15 210 14 211 14 211 13 212 12 213 11 214 10 215 9 216 8 217 8 218 6 218 6 219 5 220 4 221 3 221 3 221 3 221 3 221 3 221 3 221 2 222 2 222 2 222 3 221 2 222 3 221 4 220 4 220 4 220 5 218 6 218 7 216 10 214 12 5 1 1 3 165 7 29 24 163 10 26 26 160 13 23 28 159 15 13 3 3 31 156 20 8 40 155 69 154 70 154 70 154 70 154 70 153 71 153 72 151 73 151 50
17586 21 201 28 194 35 188 38 185 42 181 44 178 47 176 49 174 50 172 53 169 56 165 59 164 61 162 62 160 65 158 66 157 67 156 69 154 70 153 71 153 71 152 73 151 73 150 74 149 75 149 75 149 75 148 76 148 76 147 77 147 77 146 78 146 77 147 77 146 78 146 78 146 77 146 78 146 78 146 77 146 78 146 78 146 77 147 77 147 76 147 76 148 75 149 75 149 74 150 73 150 73 151 73 151 72 151 72 152 72 152 71 152 71 153 71 127 11 15 70 122 20 11 71 119 27 6 71 119 105 118 106 117 107 116 108 116 108 116 108 117 106 118 16 4 86 119 11 12 1 1 1 7 72 154 70 155 69 156 69 156 68 157 67 158 66 159 39 11 16 158 38 14 15 158 37 16 14 158 36 17 14 157 36 17 15 157 35 18 14 158 34 18 15 158 32 19 16 158 31 20 15 159 30 20 16 159 29 20 16 160 28 21 15 162 27 20 15 163 26 21 13 165 25 23 10 167 24 26 1 174 24 201 23 202 23 202 23 202 23 203 21 205 21 204 20 205 20 205 19 206 18 207 18 206 18 207 16 209 15 209 14 212 11 215 6 8170
7208 6 217 8 215 11 212 13 210 15 209 16 207 19 204 20 204 22 201 24 11 6 183 41 183 41 182 42 182 42 181 43 181 43 180 44 180 44 179 45 179 46 177 47 177 47 176 47 177 47 176 48 176 48 176 48 175 49 175 49 175 49 175 50 174 50 174 51 173 52 172 55 169 57 167 61 163 64 160 66 158 69 155 71 153 74 150 76 148 78 146 81 143 83 141 84 140 86 138 88 136 89 135 91 133 91 133 93 131 94 131 94 130 94 130 95 130 95 129 96 129 96 128 96 128 97 127 97 128 97 127 98 127 97 127 97 127 98 127 97 128 96 128 97 128 96 129 96 128 97 128 96 129 95 129 95 130 95 129 95 130 94 130 95 130 94 131 94 130 94 131 93 131 94 131 93 131 93 131 93 131 94 130 94 130 94 131 94 130 94 130 94 130 95 129 95 129 95 129 95 129 95 129 95 129 95 129 96 128 96 128 96 128 96 128 96 127 97 127 97 126 97 126 98 126 98 125 99 124 100 122 101 122 102 121 103 120 104 120 104 119 105 119 105 118 107 117 108 116 109 115 111 114 111 113 113 111 115 111 116 109 21 6 91 109 14 14 90 137 89 144 83 146 81 147 79 150 75 157 69 163 62 180 46 183 42 184 42 184 41 184 42 185 40 188 39 187 38 187 39 187 38 188 39 187 39 188 39 187 38 189 36 189 36 190 35 190 34 192 33 192 32 194 29 196 28 200 22 206 5 6761
14379 8 6 7 201 25 19 23 156 29 8 46 140 88 135 92 132 94 129 97 127 99 125 101 123 103 120 108 116 110 114 112 112 113 111 114 110 114 110 115 109 115 109 116 108 116 108 116 108 116 108 117 106 118 106 119 105 119 104 120 104 121 102 122 101 124 100 124 99 125 98 126 96 128 95 130 93 131 92 132 92 132 91 134 69 5 15 135 67 11 9 137 67 158 65 159 65 159 65 160 64 160 64 160 64 161 63 161 63 161 63 162 62 162 62 162 62 163 61 163 61 163 61 164 60 164 60 164 60 164 60 165 59 164 60 165 59 165 59 165 59 165 59 166 58 166 58 166 58 167 57 167 58 167 57 167 57 168 56 169 55 169 56 169 55 169 55 170 54 170 55 170 54 170 54 170 54 170 54 170 53 171 53 171 53 171 53 171 53 171 53 171 53 171 52 172 52 172 52 172 52 172 52 171 53 171 53 171 53 171 53 170 54 170 54 170 55 169 55 168 56 168 57 167 57 167 57 167 57 166 58 166 59 164 60 164 60 164 60 164 60 164 61 163 61 163 62 161 63 161 63 161 63 160 64 160 64 159 65 158 66 158 66 157 67 157 67 156 68 156 68 155 69 155 69 155 69 155 69 154 70 154 70 153 71 152 72 152 72 151 73 151 73 151 73 151 73 150 74 150 74 150 74 150 74 151 73 151 73 151 73 151 73 151 73 151 73 151 73 151 73 151 73 151 73 150 75 149 75 148 69
3446 3 220 6 218 7 217 8 216 9 215 10 214 10 214 11 214 12 212 13 211 14 211 14 210 15 209 16 208 17 208 17 27 4 176 18 24 8 175 18 21 12 173 18 20 14 172 19 18 16 171 20 16 17 171 20 15 19 170 21 13 20 170 22 11 21 170 22 10 23 169 24 6 25 169 55 169 56 168 56 168 56 168 56 168 56 168 56 168 57 167 57 167 57 167 57 167 57 167 57 167 57 166 58 166 58 165 59 164 60 163 61 163 61 162 62 162 61 163 61 162 62 162 61 163 61 163 60 163 61 163 61 163 61 163 61 163 60 164 60 164 60 164 60 164 60 164 60 164 60 164 60 164 60 164 59 165 59 165 59 165 59 165 60 165 59 165 59 165 59 166 58 166 59 165 59 166 59 165 59 166 59 166 58 166 59 166 58 166 58 167 57 167 57 168 57 167 57 167 57 167 57 167 57 166 59 165 59 165 59 165 59 165 60 163 61 163 61 163 61 163 62 161 63 161 64 160 64 159 65 159 65 158 67 157 67 156 68 156 68 155 69 154 70 152 73 151 73 149 75 148 76 147 77 147 77 146 78 146 78 145 79 145 79 144 81 143 81 143 81 142 83 141 83 141 83 141 83 141 83 142 82 142 82 142 83 141 83 141 83 141 83 141 83 142 82 142 83 141 83 141 83 142 82 142 81 143 81 143 81 144 80 144 80 144 79 145 79 146 78 146 77 147 77 147 77 148 75 149 75 149 74 150 73 152 71 153 70 154 70 154 69 155 68 156 67 157 66 158 65 160 64 160 63 161 62 162 61 163 60 164 59 165 58 165 59 165 59 165 58 166 58 166 57 167 57 167 56 169 55 169 54 170 54 171 52 173 50 175 49 176 48 178 45 180 43 182 42 183 40 184 40 184 40 185 39 185 39 186 38 186 38 187 37 187 36 189 35 189 34 191 32 193 31 194 18 213 10 1455
2308 4 217 14 207 21 202 24 199 28 194 32 191 35 188 38 186 40 183 42 181 44 180 45 178 47 176 49 175 50 173 51 172 52 172 53 170 55 168 56 168 57 166 59 164 61 162 63 159 67 155 70 153 72 150 76 146 79 143 83 140 86 136 89 134 91 132 93 130 95 128 97 126 98 125 100 123 102 122 103 120 104 119 106 118 106 117 108 116 108 116 109 114 110 114 111 113 111 113 112 112 112 112 112 111 114 110 114 110 115 109 115 109 115 109 115 109 115 109 116 108 116 108 116 108 116 108 117 107 117 107 117 107 118 106 118 105 119 105 120 104 120 104 120 104 120 103 121 103 122 102 122 101 123 101 124 99 125 99 125 98 126 98 126 98 126 98 127 96 128 96 128 96 128 96 128 97 128 96 128 96 128 96 128 96 129 95 129 95 129 96 129 95 129 95 129 95 129 95 129 94 130 94 130 94 130 93 132 91 134 90 134 89 136 87 138 86 138 85 140 84 141 82 142 82 143 81 144 79 145 79 146 78 147 77 147 77 148 76 148 76 149 75 149 75 149 75 149 75 149 75 149 75 148 76 148 76 148 76 147 77 147 78 146 78 146 78 146 78 146 78 145 79 145 79 145 79 144 80 144 80 144 80 144 80 144 79 145 79 145 79 145 79 145 79 145 79 145 78 147 78 146 78 146 77 147 78 146 78 146 78 146 77 147 77 146 77 147 76 148 76 148 76 148 76 147 77 147 77 146 78 146 78 145 79 144 80 144 80 143 81 142 83 141 83 140 84 139 86 136 88 135 90 132 92 131 94 126 99 114 111 112 112 111 114 107 118 103 121 99 126 95 130 91 135 87 139 84 150 73 156 5 3 59 172 51 177 46 180 44 182 40 185 37 189 31 195 16 214 6 3511
3739 3 216 11 77 8 126 14 74 13 121 17 72 17 116 20 70 19 114 22 69 21 110 24 68 23 108 25 68 25 105 27 67 26 103 28 67 27 100 30 67 28 98 31 67 30 95 32 66 32 93 33 66 33 91 34 66 34 89 35 67 34 87 36 67 35 85 37 67 36 83 37 68 37 81 38 68 39 78 39 69 39 76 40 69 40 74 41 69 41 72 42 69 42 70 43 70 42 68 43 71 44 65 44 71 45 63 45 72 45 60 46 73 46 32 13 11 49 73 48 23 80 73 50 14 87 74 54 1 95 74 149 75 149 75 149 76 147 77 147 77 147 78 145 79 145 79 145 80 143 81 143 82 142 82 141 83 141 84 139 85 139 86 138 86 138 87 136 88 136 88 136 89 135 89 134 91 133 91 133 91 133 92 131 93 131 94 130 94 129 64 3 29 128 61 6 29 127 61 7 30 126 60 8 30 125 59 10 31 124 57 12 31 123 56 14 32 122 54 16 32 122 53 18 32 120 52 20 32 120 50 22 32 120 49 24 32 119 48 25 32 119 46 27 32 119 44 30 31 119 42 32 31 119 40 34 32 118 39 35 32 118 37 38 31 119 34 40 32 118 32 42 32 118 30 44 32 119 26 47 32 119 22 51 32 119 20 53 33 119 16 56 33 119 14 58 33 120 11 60 34 120 9 61 34 122 4 64 34 190 34 190 35 189 35 189 35 189 35 189 35 189 35 189 35 189 34 190 34 190 32 192 29 195 26 198 24 200 23 201 21 203 19 205 18 206 17 207 16 208 14 210 13 211 12 212 11 213 11 213 10 214 10 214 10 214 10 214 10 214 10 214 11 213 12 212 14 210 16 208 19 205 20 204 21 203 22 202 22 202 23 201 24 200 24 200 25 199 25 199 26 198 28 15 3 178 51 173 52 172 54 170 55 169 55 169 56 168 56 168 56 168 56 168 57 167 57 167 57 167 57 167 58 166 58 166 58 166 58 166 58 166 58 166 58 166 58 166 59 165 59 165 59 165 59 165 59 165 59 165 59 165 59 165 59 165 59 165 59 165 59 165 59 165 59 165 59 165 59 165 59 165 59 165 59 165 58 166 58 166 58 166 58 166 58 166 58 166 58 166 58 166 58 166 58 166 58 166 58 166 58 166 58 166 58 166 58 166 58 166 58 166 58 166 59 165 59 165 59 165 60 164 60 164 60 164 61 163 61 163 62 162
8562 3 220 5 218 6 217 8 215 9 214 11 212 11 212 12 84 6 122 12 82 11 22 9 87 12 81 13 21 11 86 12 80 15 18 15 84 11 81 16 15 17 84 11 80 18 12 19 84 10 80 20 10 20 84 10 79 23 6 22 84 10 79 51 84 10 79 51 84 9 80 51 84 9 79 52 84 9 79 52 84 9 80 50 85 9 80 50 85 9 80 50 85 9 80 50 85 9 80 49 86 9 81 48 87 9 80 48 87 9 80 48 88 9 80 47 88 9 80 47 88 10 79 47 88 10 78 48 89 10 77 48 89 10 77 48 89 11 75 49 89 12 73 50 89 13 71 51 89 14 69 52 89 14 68 53 90 14 67 53 90 14 65 55 90 15 22 3 1 1 1 1 34 56 91 15 16 16 29 57 91 15 14 20 26 58 92 14 13 24 20 61 92 14 11 29 15 63 92 15 7 110 93 16 3 112 93 131 94 129 95 129 95 128 96 128 95 128 95 128 96 127 96 128 95 128 95 129 95 128 95 128 95 128 95 129 95 128 95 129 95 129 95 129 94 130 94 130 94 130 93 131 93 131 93 131 93 131 92 132 92 132 92 132 92 132 92 132 91 133 91 133 91 133 91 133 91 133 90 134 90 134 90 134 90 134 90 134 90 134 89 135 89 31 2 102 89 31 2 102 89 135 89 25 6 104 89 24 8 103 88 24 9 103 88 24 9 102 89 24 10 101 89 23 11 100 90 23 11 100 90 22 13 99 90 22 13 98 91 21 15 97 91 20 16 97 91 20 16 96 92 19 18 95 92 18 19 95 92 18 19 94 93 18 19 21 4 69 93 17 19 21 6 68 93 17 19 20 8 67 92 17 20 20 9 66 92 17 20 19 11 64 93 17 19 20 13 62 93 17 19 19 15 61 92 17 20 19 15 61 92 17 19 19 16 61 92 16 20 19 17 31 8 21 92 16 20 18 18 24 1 3 11 21 91 17 20 18 18 22 18 19 92 17 20 18 18 21 19 19 92 16 21 17 18 21 20 19 92 16 21 17 18 20 21 19 91 17 20 17 19 20 21 18 92 16 22 16 19 19 22 18 91 17 22 15 20 19 22 18 91 16 23 15 20 19 22 18 91 15 24 15 20 18 22 18 91 16 24 14 21 18 22 18 91 15 25 14 21 18 22 18 91 14 26 14 21 18 22 17 92 14 26 14 21 18 22 17 92 14 26 14 21 17 23 16 93 13 27 14 21 17 23 16 93 13 28 12 22 17 23 16 93 13 28 12 22 17 22 16 94 13 28 12 22 17 22 16 94 13 28 12 23 16 22 16 94 13 28 12 23 16 22 16 94 13 28 12 23 15 23 16 93 14 28 12 23 15 23 15 95 13 28 13 22 15 23 15 94 14 28 13 22 15 23 15 94 14 28 14 21 15 22 16 94 14 28 14 21 15 22 15 95 14 28 15 20 15 22 16 94 14 28 15 20 15 22 15 95 14 28 16 19 15 22 16 95 13 28 16 19 15 22 15 96 13 28 17 17 16 22 16 95 14 27 17 17 16 22 16 95 14 26 18 17 15 23 16 95 15 25 17 18 15 23 16 95 15 26 15 19 15 23 17 94 16 25 14 19 16 24 16 94 16 26 9 23 16 24 16 95 14 59 16 24 16 95 13 60 16 24 16 95 12 61 16 24 16 96 10 62 17 23 17 97 4 66 17 23 18 166 17 23 18 166 18 22 19 165 18 22 20 165 17 22 21 164 18 21 21 164 18 22 21 163 18 22 21 163 18 22 20 164 18 22 19 165 18 24 16 167 16 27 7 3 1 174 12 2792
5467 5 218 8 215 10 214 11 212 13 28 5 178 14 26 7 177 15 24 9 175 17 22 10 175 18 20 11 175 18 20 11 175 19 18 12 176 19 16 13 176 20 14 14 176 22 10 16 176 48 177 47 177 47 177 48 177 47 177 47 177 46 179 45 179 45 180 44 180 43 182 42 182 41 184 40 184 40 184 39 186 38 186 38 186 37 187 37 187 37 187 37 187 37 186 38 186 38 186 37 186 38 185 39 184 40 182 41 179 45 176 48 173 50 172 52 169 54 169 53 169 54 169 54 169 54 169 55 168 55 168 56 167 57 167 56 167 57 167 57 166 58 165 58 166 58 165 59 165 58 166 58 165 58 166 58 166 58 165 58 166 57 167 57 166 57 167 56 168 55 169 54 170 52 172 52 172 51 173 50 174 48 176 48 176 46 178 46 178 45 179 45 179 44 180 44 180 44 180 43 182 41 183 41 183 40 185 39 185 38 186 38 187 37 187 37 187 37 187 36 189 34 191 32 193 30 195 29 198 25 201 22 204 18 207 16 209 14 211 12 214 8 20075
8337 1 1 17 12 23 163 66 156 72 150 89 133 98 125 106 117 110 112 116 107 120 104 122 101 125 99 127 96 129 94 131 93 132 91 135 89 136 87 138 86 139 84 141 83 141 82 142 81 144 80 144 79 146 78 146 78 146 77 148 76 149 75 149 74 150 74 151 73 151 73 152 72 152 71 153 71 154 70 154 70 154 70 155 69 155 70 154 71 153 82 142 83 141 84 140 85 139 86 138 88 136 89 135 90 134 91 133 91 133 92 132 92 132 92 132 92 132 93 131 93 131 93 132 92 132 92 132 92 132 92 132 92 132 92 132 92 132 93 131 93 131 94 130 95 129 95 129 95 130 95 129 95 129 95 129 95 129 96 128 96 128 96 128 96 128 96 129 95 129 95 129 95 128 96 128 95 129 94 130 93 131 92 132 92 131 93 131 92 131 93 131 93 131 93 130 94 130 94 129 95 129 95 129 95 128 96 128 96 127 96 128 96 128 96 127 97 127 97 127 97 126 98 126 97 127 97 127 97 127 97 128 96 128 95 130 94 130 94 130 93 131 92 133 90 134 89 136 88 136 87 138 86 138 85 140 84 140 83 141 82 142 82 143 80 144 80 145 79 145 78 147 77 147 77 148 75 150 74 150 74 151 73 151 72 153 71 153 70 155 69 155 69 155 69 156 68 156 67 158 66 158 66 159 65 159 65 159 65 160 63 161 62 162 61 163 61 163 61 164 60 164 60 39 1 124 59 166 58 40 1 125 58 40 1 125 58 167 56 168 56 31 10 128 55 31 11 127 55 31 11 128 53 33 9 129 53 172 51 173 51 174 50 175 48 177 47 177 46 179 45 179 45 180 43 181 42 183 41 184 40 184 40 185 39 4 1 40 10 130 46 23 27 128 46 22 28 18 8 102 47 19 31 16 12 98 25
3167 6 215 13 210 17 206 19 8 4 192 34 189 36 187 39 184 42 182 44 179 47 176 54 169 58 165 60 163 63 159 66 157 68 155 70 153 72 150 74 68 6 75 76 65 9 73 78 62 12 72 78 60 15 70 79 59 18 68 80 57 20 67 81 54 24 65 81 52 28 62 83 48 33 60 84 44 37 59 84 42 42 56 84 40 45 54 86 37 49 52 86 35 52 50 88 32 55 49 88 30 58 47 90 27 61 46 91 25 63 45 92 18 70 43 94 13 75 41 97 5 82 40 185 39 186 38 187 37 188 36 189 35 189 35 189 34 191 33 191 33 191 33 192 32 192 32 192 32 193 31 193 31 194 30 194 30 195 29 195 29 196 28 196 28 197 27 198 26 199 25 200 24 202 22 203 21 206 18 207 17 209 15 210 14 212 12 213 11 214 10 214 10 215 9 215 9 215 9 215 9 216 8 216 8 216 8 216 8 216 8 216 8 216 8 216 8 216 8 216 8 216 8 216 9 215 9 215 9 215 9 215 9 215 9 215 9 216 9 215 9 216 8 216 9 216 8 216 8 216 8 217 7 217 8 217 7 217 8 216 9 216 9 216 8 216 9 216 8 216 9 215 9 215 10 214 10 214 10 214 10 214 10 214 10 214 10 214 10 214 10 214 11 213 11 213 11 213 12 212 12 212 13 210 15 209 15 209 16 207 18 205 19 205 20 204 21 202 22 202 22 202 22 201 24 200 25 198 26 198 27 196 28 196 29 195 30 193 32 192 33 191 34 190 34 90 8 92 35 88 11 90 36 85 14 89 36 84 17 6 6 75 38 79 22 2 9 74 38 78 34 74 40 75 36 73 41 74 37 3 5 64 42 72 46 64 43 71 47 63 44 70 47 63 45 69 47 63 46 68 48 62 46 68 48 62 47 66 49 61 49 65 49 61 49 65 49 61 49 64 50 61 50 63 51 27 4 29 50 63 50 27 6 27 51 62 51 26 8 26 51 62 51 25 9 26 51 62 50 26 10 25 51 61 50 27 10 25 51 61 49 27 12 24 51 60 49 28 13 23 51 60 47 29 14 23 50 61 47 29 14 23 50 60 47 30 15 23 49 60 46 31 15 23 48 60 47 30 16 23 48 59 47 31 17 22 47 59 48 30 18 22 46 59 49 29 19 22 45 59 49 30 19 22 43 60 50 29 20 22 41 61 51 28 21 22 40 61 52 28 21 23 38 61 54 26 22 22 39 60 55 25 23 22 38 60 57 21 26 22 38 59 59 18 27 23 38 58 62 14 29 23 38 56 107 23 38 55 108 23 38 54 109 23 38 53 109 24 39 52 109 24 40 50 110 24 42 47 111 23 47 43 112 22 58 31 113 21 60 29 116 17 63 27 118 15 64 25 122 12 66 22 203 17 210 8 220 1 1 1 386
2386 4 217 9 137 10 65 13 134 14 61 16 133 15 59 17 132 17 56 19 132 19 53 21 130 22 50 22 130 23 48 23 130 24 46 24 130 25 44 25 130 26 42 26 130 28 39 27 130 29 36 29 130 31 21 42 130 36 11 46 131 94 131 92 132 92 132 92 132 92 132 92 132 92 132 92 133 90 134 90 134 90 135 89 135 89 135 89 135 89 136 87 137 87 137 87 137 87 137 87 138 85 139 85 139 85 139 85 139 85 139 84 141 83 141 83 141 83 141 82 142 82 142 82 142 82 143 80 144 80 144 80 145 78 146 78 146 77 148 76 148 76 148 75 150 74 150 74 150 74 150 74 150 73 151 73 89 5 58 72 88 7 57 72 85 11 56 72 84 12 56 72 83 14 55 73 81 15 54 74 80 17 53 74 80 17 53 74 80 18 51 76 79 18 51 76 79 19 50 77 79 18 50 77 79 18 51 77 78 18 51 77 79 17 51 78 77 18 51 78 78 17 52 77 77 18 52 78 77 17 52 78 77 17 51 79 77 17 52 78 77 17 4 2 46 78 77 16 3 5 45 78 77 16 2 5 46 78 78 11 7 4 46 78 78 11 57 78 80 1 1 6 59 78 81 6 59 78 81 6 59 78 81 8 57 78 81 6 1 1 58 78 80 6 60 78 82 1 63 78 146 79 145 79 146 79 145 79 145 79 146 79 145 79 145 79 145 80 144 80 144 80 144 80 144 80 144 80 144 80 144 80 144 80 144 81 143 81 143 81 143 80 144 81 143 80 144 81 143 81 143 81 143 81 143 81 143 81 143 81 142 82 77 2 63 82 76 3 62 83 75 5 61 83 75 6 60 83 75 7 58 84 74 8 58 84 74 9 57 84 74 9 56 85 73 10 56 85 73 11 55 85 73 11 55 85 72 12 55 85 72 13 54 85 72 13 53 86 71 15 52 87 70 15 52 87 70 16 51 87 70 16 52 86 70 16 52 86 70 16 52 86 69 18 51 86 69 18 50 87 69 18 50 87 69 18 50 87 68 19 50 88 67 20 49 88 66 21 49 88 67 20 49 88 67 20 49 89 66 20 49 89 67 18 50 89 67 18 50 89 68 16 51 90 67 15 52 90 70 11 53 91 71 7 55 92 132 92 132 93 131 93 131 93 131 93 130 94 130 94 130 94 130 94 130 94 130 95 129 95 129 95 128 97 127 97 127 97 127 98 126 99 125 99 125 100 124 101 123 101 123 102 122 103 121 103 121 103 122 102 122 102 122 102 123 101 123 102 123 101 124 99 125 99 126 98 127 97 128 95 130 94 133 90 136 86 144 5 1 71 189 19 1867
112 16 208 17 206 19 204 21 203 22 202 22 202 22 201 24 200 24 200 25 199 25 198 27 197 27 197 28 196 28 196 28 196 28 196 28 195 30 194 30 156 8 29 31 155 10 28 31 155 12 26 32 154 14 24 32 154 16 22 33 154 16 20 34 155 17 17 36 154 19 13 38 155 22 7 42 153 71 154 71 153 72 153 72 153 72 152 73 152 73 151 75 150 75 149 77 147 79 146 81 143 84 140 88 136 90 134 93 131 94 129 97 127 98 126 100 124 101 122 104 120 106 117 110 114 114 110 118 105 122 102 125 99 129 94 132 92 133 91 134 89 135 89 136 88 136 88 137 87 137 88 137 87 138 86 138 86 139 85 139 85 140 85 139 85 139 85 140 84 141 83 141 83 141 83 142 82 142 82 143 81 143 81 143 81 143 81 143 81 143 81 144 80 143 81 144 80 143 81 144 80 143 82 143 81 143 82 142 83 140 85 139 86 138 87 137 87 137 88 136 89 134 90 134 91 133 93 131 101 123 104 120 105 119 106 118 107 117 107 117 107 117 107 117 108 116 109 115 111 113 112 112 113 111 114 110 114 110 115 109 115 109 115 109 115 109 116 108 116 108 116 108 117 107 117 107 117 108 116 108 116 108 117 106 118 106 118 106 118 106 119 104 120 104 120 104 121 102 122 102 123 101 123 101 123 100 125 99 125 99 125 99 125 99 125 72 4 23 125 71 6 22 126 70 7 21 126 69 9 20 127 68 10 19 127 67 12 18 127 67 12 18 128 65 14 17 128 65 14 17 128 65 14 17 128 64 15 17 128 64 16 16 129 62 17 16 129 62 17 16 129 62 17 16 129 62 17 16 129 61 18 16 129 61 18 17 128 60 20 15 129 60 19 17 128 59 20 16 129 59 20 17 128 58 21 17 128 57 22 17 128 57 22 17 128 56 22 18 129 55 22 18 129 54 22 19 129 54 22 19 129 54 21 20 129 53 22 20 129 52 23 20 129 52 23 20 129 51 23 21 130 50 23 21 130 49 24 20 131 49 25 19 132 48 25 18 133 48 26 16 134 48 28 13 135 47 177 47 177 47 177 46 178 46 178 46 179 45 178 45 180 44 180 44 180 45 179 45 180 44 180 44 180 44 180 44 180 44 180 44 180 44 180 44 181 43 180 44 180 44 180 44 179 45 179 44 179 45 179 45 178 44 180 43 180 41 183 27 197 25 199 25 199 24 201 23 82
7978 4 217 9 213 11 212 13 209 15 207 18 205 19 203 21 202 22 200 24 123 5 70 27 121 9 66 28 120 11 65 28 120 14 61 29 120 17 58 29 120 19 56 30 119 21 53 31 119 23 50 32 119 25 47 34 118 27 44 36 117 30 34 43 117 32 27 49 116 36 17 55 115 110 112 112 111 113 110 114 109 115 109 115 108 116 106 118 105 119 102 122 93 132 89 135 87 137 84 140 83 142 80 144 79 145 78 147 76 148 75 149 73 151 72 152 71 153 70 154 70 154 70 154 69 155 69 155 69 156 68 156 68 157 67 158 66 159 65 159 65 160 64 161 63 162 62 163 61 164 60 165 59 166 58 166 58 167 57 167 57 168 56 168 56 170 54 170 54 171 53 172 52 173 51 174 50 175 49 175 49 176 48 177 47 178 46 178 46 179 45 180 44 180 44 181 43 181 43 182 42 182 42 183 41 183 41 183 41 183 41 184 40 184 40 184 40 184 40 185 39 185 39 185 39 185 39 185 39 185 39 185 39 185 39 185 39 186 38 186 38 186 38 187 37 187 37 188 36 188 36 189 35 189 35 189 35 189 35 189 35 190 34 190 34 190 34 190 34 190 35 189 34 190 34 190 34 190 34 190 34 190 35 188 35 189 35 189 35 189 35 189 35 188 37 187 36 188 37 186 38 185 39 184 41 182 42 181 44 179 45 179 45 178 46 178 46 178 46 178 46 178 46 178 46 178 45 179 45 179 45 179 45 179 45 179 46 177 47 176 49 174 50 174 50 173 51 1 1 1 1 168 56 167 57 165 61 1 1 17 5 1 1 1 1 1 1 129 69 13 17 107 127 92 144 75 157 47 182 13 4612
7335 11 210 25 197 31 191 35 186 41 180 45 176 50 172 53 169 57 165 61 162 63 159 66 156 70 153 72 150 75 148 77 145 80 143 81 142 83 139 85 137 88 134 90 133 91 131 93 130 95 128 96 127 96 127 97 126 98 125 97 126 97 126 96 126 97 68 5 53 96 68 9 50 96 68 11 48 96 68 13 46 96 68 14 45 96 68 16 43 96 69 16 42 96 69 18 40 96 69 19 39 96 69 21 37 97 69 21 36 97 69 22 34 99 68 24 31 101 67 25 28 104 66 27 25 106 62 32 22 109 58 37 18 111 33 10 13 44 10 114 31 16 7 49 5 116 30 193 31 193 30 193 31 192 32 189 35 188 36 187 37 187 37 185 40 183 41 182 42 181 44 179 45 178 46 176 49 174 50 172 53 170 55 167 57 164 61 162 62 161 64 159 65 158 67 157 67 156 69 154 70 154 71 152 72 151 73 150 75 148 76 147 77 146 79 143 81 140 85 138 86 136 88 134 91 131 93 129 95 128 97 126 98 124 101 121 103 120 105 118 106 117 107 115 110 113 112 111 115 108 121 102 124 99 128 95 130 94 132 92 133 91 134 61 6 22 136 57 15 7 3 7 137 52 30 5 138 50 33 3 139 48 34 3 140 47 34 3 141 46 19 1 15 2 142 45 17 4 159 44 17 4 160 43 16 6 161 41 15 6 163 39 16 6 165 38 14 7 165 38 13 8 166 38 11 8 168 38 9 9 167 40 8 9 12 4 150 41 7 11 11 4 148 44 6 11 10 4 147 45 7 11 9 5 146 47 5 13 8 4 146 47 6 14 6 5 144 78 144 79 144 79 143 81 142 82 140 83 140 84 139 85 138 87 136 88 135 40 7 43 133 39 9 44 132 38 10 44 131 36 13 45 130 34 15 46 129 32 18 45 129 30 20 45 129 29 21 44 130 27 23 43 131 26 25 42 131 25 26 41 132 24 27 40 133 22 29 40 133 20 30 40 134 19 31 39 135 17 33 7 3 28 137 14 45 27 138 5 1 4 49 26 198 24 200 23 201 21 203 20 205 13 212 10 215 7 5721
2728 10 213 13 210 16 208 17 206 20 204 21 203 22 201 24 200 26 198 27 197 29 195 30 194 31 193 33 191 35 189 36 188 38 186 39 185 40 184 41 184 42 182 44 180 46 178 49 5 10 59 7 94 73 45 15 91 81 11 5 16 21 89 103 1 31 89 136 88 136 88 136 88 136 88 136 88 136 88 136 88 136 88 136 88 136 88 136 88 136 88 137 87 137 87 137 87 138 86 138 87 137 87 137 87 138 86 138 86 138 86 138 86 138 86 138 86 137 87 137 87 136 88 136 88 134 89 134 90 133 91 132 92 131 93 130 94 129 95 128 95 129 95 129 95 130 94 130 93 131 93 132 92 132 92 132 92 133 92 132 92 132 92 133 91 133 91 133 92 132 92 132 92 133 91 133 92 132 92 132 92 133 92 132 92 132 92 132 93 132 92 133 92 132 92 132 93 133 91 133 91 133 92 132 92 133 91 133 92 133 91 133 91 134 91 133 91 134 90 134 90 135 89 135 89 136 88 136 88 137 86 139 85 140 84 141 84 141 83 142 82 144 80 145 79 146 77 148 76 148 76 149 74 151 73 152 72 152 72 153 70 155 69 156 68 157 67 158 66 159 65 160 64 161 63 162 62 163 61 165 58 167 57 168 56 169 55 169 55 170 54 171 53 172 52 173 51 174 50 174 50 175 49 175 49 176 48 176 48 177 47 178 46 178 46 179 46 179 45 179 45 180 44 180 45 180 44 180 44 181 43 181 44 181 43 181 43 181 43 181 43 181 43 181 43 181 43 181 43 181 44 180 44 180 44 180 44 180 44 180 44 180 44 180 44 180 44 180 44 180 44 180 44 180 44 180 45 179 45 179 45 179 45 179 45 179 45 179 45 179 45 179 46 178 46 178 46 178 46 178 47 177 47 177 47 177 47 177 48 176 48 176 48 176 48 176 48 176 48 176 48 176 48 176 48 176 48 176 49 175 49 175 49 175 50 174
2399 5 214 13 116 13 80 16 113 18 75 19 111 23 70 21 110 26 66 22 109 31 60 24 109 33 57 25 108 37 53 26 108 38 51 27 108 40 48 29 106 41 47 30 106 42 44 32 106 43 42 33 105 45 40 35 104 45 39 36 104 46 36 38 104 46 34 40 103 49 25 47 103 49 24 48 102 52 20 51 101 53 18 52 100 56 15 53 100 61 5 58 100 124 99 125 99 125 99 126 97 127 97 127 96 128 96 128 96 128 96 128 96 128 95 129 95 129 95 129 94 130 93 131 92 131 93 131 93 131 92 132 92 132 92 133 90 134 91 133 90 134 90 134 90 135 88 136 88 137 86 138 85 139 85 139 84 140 84 140 84 140 84 140 85 139 85 139 85 139 85 139 85 139 85 139 85 139 85 139 84 140 84 140 84 141 83 141 83 142 82 142 82 142 82 142 82 143 81 144 80 146 78 146 78 147 77 148 76 148 76 149 75 149 75 150 74 150 74 151 73 151 73 152 72 152 72 153 71 154 71 153 71 153 71 154 71 153 71 154 70 154 70 154 70 155 69 155 69 156 67 157 67 158 66 158 66 159 65 159 65 159 64 161 63 162 61 163 61 163 60 165 59 165 58 167 57 167 57 168 56 168 56 168 56 169 55 169 55 169 54 170 54 170 55 169 55 169 55 169 55 169 55 170 54 170 54 170 54 170 54 170 53 172 52 172 52 171 52 172 52 172 51 173 51 172 52 172 51 173 51 173 51 173 51 173 50 174 50 174 50 173 51 173 51 173 51 173 51 172 52 172 52 172 52 172 52 171 53 171 53 171 53 171 53 170 55 170 55 169 55 169 56 168 57 167 59 164 61 163 62 162 63 160 65 159 66 158 67 157 68 156 69 155 71 154 72 152 75 149 78 146 79 145 80 144 81 143 82 142 83 141 84 140 85 139 86 138 87 137 88 136 90 134 92 132 94 129 98 125 101 123 103 119 106 117 109 114 111 111 115 106 119 99 127 93 132 89 137 85 140 82 143 80 145 39 2 37 147 37 3 36 148 38 2 35 149 74 151 73 151 72 152 36 4 32 153 35 5 31 153 34 7 29 61
9942 12 210 17 204 22 201 26 196 32 191 35 188 38 184 42 180 46 174 51 171 54 168 56 168 57 166 59 164 60 163 61 162 62 161 63 160 64 159 65 158 65 158 66 158 65 158 65 159 64 159 65 159 64 160 63 161 62 162 61 163 60 164 60 164 59 166 58 166 57 167 57 168 55 170 53 171 52 173 51 173 50 174 49 175 49 175 48 176 48 176 48 175 48 175 17 1 31 172 17 6 29 171 16 9 28 168 15 15 25 168 14 18 23 167 15 20 21 167 15 22 19 167 15 24 16 169 8 1 3 28 14 169 6 37 11 170 5 39 8 217 6 219 5 220 2 223 1 1117 1 220 4 216 9 212 12 210 14 207 17 204 20 120 11 70 22 117 16 67 23 114 21 64 25 112 23 61 27 105 32 57 30 101 36 55 31 98 40 53 33 96 42 51 35 92 46 48 37 86 53 45 39 72 68 42 41 69 72 39 43 68 74 37 44 65 78 35 44 64 81 33 44 65 82 30 43 68 83 29 41 70 84 27 41 71 85 25 41 73 85 23 41 75 85 21 41 77 85 19 41 79 85 17 41 81 85 10 47 81 86 5 50 83 86 3 50 85 86 1 51 86 136 88 134 90 130 94 121 103 119 105 118 105 118 77 4 25 117 76 20 11 116 75 25 8 115 75 28 5 114 76 122 1 23 78 122 2 20 79 123 3 15 83 123 4 9 88 123 101 123 102 122 102 122 104 120 105 119 108 116 111 113 116 108 133 31 4 56 134 28 8 54 135 27 10 52 136 25 12 51 136 25 14 49 137 23 17 47 137 23 18 46 137 23 19 44 138 23 20 43 138 23 21 41 138 24 21 41 137 25 22 40 137 25 22 40 135 27 23 39 134 28 23 39 132 30 24 38 130 32 24 38 108 8 7 39 52 10 91 71 53 9 89 73 54 8 88 74 55 7 87 75 57 3 89 75 148 76 148 75 149 75 150 73 151 72 153 70 154 69 156 34 21 8 162 29 197 25 202 21 206 16 211 11 4818
60 22 202 26 197 30 193 37 5 11 170 62 162 65 159 67 157 69 154 72 152 76 148 79 145 81 143 82 142 84 140 85 139 86 138 86 138 86 138 87 137 87 137 87 137 87 137 87 137 87 137 88 136 88 135 88 136 88 136 88 135 88 136 87 137 87 136 87 137 86 138 86 138 85 139 84 140 84 140 84 140 83 141 83 141 83 141 83 141 83 141 83 141 83 141 83 141 83 141 83 141 83 141 83 141 83 141 83 141 83 141 83 141 83 141 83 141 83 141 83 142 82 142 82 142 82 143 81 143 81 144 81 143 81 143 82 143 81 143 82 142 82 142 83 141 83 141 85 139 85 140 85 139 85 139 86 138 86 138 87 137 88 136 89 135 89 135 90 134 91 133 92 132 92 132 93 131 94 129 95 129 96 128 97 127 98 126 99 125 99 124 101 123 102 122 102 122 103 121 104 120 105 119 106 117 107 117 108 116 109 115 109 115 110 114 111 113 111 113 112 112 112 111 114 110 114 110 115 109 116 108 116 107 117 107 118 106 118 106 119 105 119 105 119 105 119 105 120 104 120 104 120 104 121 103 121 103 121 103 122 102 122 102 123 101 123 101 123 101 124 100 125 99 125 99 126 98 126 98 127 97 127 96 129 95 129 95 129 94 131 93 131 93 131 93 132 91 133 91 133 91 134 90 134 89 136 88 137 87 137 86 139 85 140 84 142 82 142 81 144 80 145 79 145 79 145 78 147 77 147 76 148 76 148 76 148 76 148 75 149 75 149 74 150 74 149 74 150 74 150 73 150 74 149 74 149 75 149 74 149 75 147 76 147 76 147 77 146 78 145 79 144 79 144 80 144 80 144 79 145 79 61 2 82 79 56 9 80 78 54 13 79 78 52 15 27 3 49 77 51 17 25 8 46 77 49 20 22 12 45 75 46 25 19 17 42 75 42 33 13 22 38 75 40 73 36 74 40 76 34 74 39 78 33 73 39 80 32 72 38 82 32 71 37 85 31 70 36 88 30 69 35 90 30 68 35 92 29 68 34 94 28 67 33 97 26 68 31 99 26 68 29 102 24 69 27 105 22 71 21 112 19 73 16 119 12 78 12 214 8 2204
12886 5 215 16 206 20 195 31 190 36 187 39 184 42 180 45 178 47 177 48 175 50 173 52 172 52 172 53 170 54 170 55 169 55 168 56 168 56 167 57 167 57 166 58 165 59 165 59 164 60 164 60 164 60 163 61 162 61 161 63 160 63 151 73 149 74 149 74 149 73 149 73 150 73 150 73 150 73 150 74 149 75 149 75 148 76 147 78 146 78 145 80 144 80 143 82 142 82 141 84 140 84 140 85 139 86 138 87 137 87 137 88 135 89 134 91 133 92 132 93 131 93 130 95 129 96 127 98 126 99 125 100 124 101 123 102 122 103 121 104 120 104 121 104 120 104 121 104 122 103 124 70 4 27 127 64 8 25 128 62 11 24 128 24 2 34 13 24 127 22 5 33 14 24 126 22 6 32 15 23 127 20 9 30 16 23 126 20 10 29 17 23 126 19 12 28 18 22 125 19 13 28 17 23 125 18 14 27 19 22 124 17 16 27 19 21 125 16 17 26 20 22 123 16 18 26 21 20 124 14 20 25 22 21 123 12 22 24 23 21 124 9 24 23 24 23 122 6 28 20 26 23 156 19 27 23 156 18 28 22 158 15 30 21 158 14 32 21 159 12 33 20 160 9 36 18 165 1 42 16 210 13 215 8 14608
25 22 201 27 196 29 194 31 193 31 193 31 193 31 193 31 194 30 194 30 194 30 194 30 194 30 194 30 194 30 193 32 192 32 192 33 190 35 189 36 188 38 185 42 182 45 51 7 121 46 48 11 119 48 45 13 118 49 43 16 116 51 40 19 113 53 38 21 112 54 37 22 110 56 36 23 109 57 34 25 108 58 33 25 107 60 31 27 106 61 30 28 104 64 28 28 104 65 26 30 102 68 24 30 102 70 21 32 100 73 19 32 99 76 17 33 80 1 16 78 15 34 75 9 13 80 13 35 71 12 12 83 10 36 69 15 10 86 7 38 67 16 9 89 4 39 65 18 9 133 62 20 8 134 60 22 8 135 59 22 7 136 58 23 7 137 56 24 7 137 54 26 7 137 53 27 7 138 50 29 7 139 47 31 7 140 44 32 8 141 41 34 8 143 36 37 8 144 33 39 8 147 23 45 8 150 13 53 8 216 8 216 8 216 8 215 9 215 9 214 10 212 12 211 13 210 14 210 13 210 14 210 14 209 15 209 15 209 14 209 15 209 15 209 15 208 16 208 17 207 17 207 17 207 17 207 17 207 17 207 17 207 17 207 18 206 18 206 18 206 18 206 18 206 19 205 19 204 20 204 20 204 21 203 21 203 21 203 21 203 21 203 22 202 22 202 22 202 23 201 23 201 23 202 23 201 23 201 24 200 24 200 24 200 25 199 25 200 24 200 25 199 26 198 26 198 27 197 28 196 29 194 31 193 31 193 32 192 33 191 34 189 35 189 36 188 37 186 38 186 39 185 39 184 41 182 42 182 42 181 44 179 45 179 45 179 46 177 47 177 47 176 48 176 48 175 50 174 50 173 51 172 52 171 53 169 55 168 56 167 57 166 58 165 59 164 60 164 60 164 60 163 61 163 61 163 61 164 60 165 59 166 58 169 55 171 53 173 50 175 49 177 47 178 46 179 46 179 45 179 45 180 44 180 44 181 43 181 44 180 44 76 4 100 45 74 6 99 46 73 7 98 47 72 7 98 50 69 7 98 58 62 7 97 60 60 8 96 61 59 8 96 62 58 9 95 62 58 10 94 63 57 11 93 63 57 12 92 64 55 15 90 64 55 16 88 66 54 17 87 66 54 19 84 68 52 22 82 68 52 24 80 68 52 26 77 69 51 29 21 10 43 71 50 33 9 21 39 72 49 66 36 74 48 68 1 4 26 77 47 78 3 2 14 81 46 88 2 88 45 180 44 180 44 180 44 181 43 181 43 182 43 181 43 181 43 182 42 182 42 183 42 182 42 182 42 182 41 184 40 184 40 184 41 183 41 184 39 185 39 185 38 187 37 124
2995 5 218 9 214 11 212 14 209 16 208 17 206 19 205 19 205 20 204 20 204 21 203 22 202 22 201 24 200 24 200 25 199 26 198 27 196 29 195 30 194 32 191 35 44 11 134 39 37 16 132 44 29 20 131 49 22 23 130 53 16 26 129 55 12 28 129 59 5 31 129 95 129 95 129 95 129 95 129 95 129 94 130 94 130 93 131 93 132 92 132 91 133 90 134 90 134 89 135 89 136 87 137 87 137 86 137 87 137 86 138 86 137 87 137 86 137 87 137 86 137 87 137 87 136 87 136 88 136 87 136 88 135 88 136 86 138 83 140 82 142 80 143 79 145 78 145 78 146 78 146 77 146 78 146 77 146 78 146 78 146 78 146 78 145 79 145 79 144 79 145 79 145 80 144 80 145 79 145 79 145 80 144 80 145 79 145 79 145 80 144 80 145 79 145 79 145 79 145 79 145 79 145 79 146 78 146 78 146 78 146 77 147 77 148 76 148 76 148 75 149 75 149 74 151 73 151 72 152 72 152 72 152 71 154 70 154 70 154 69 155 69 156 67 157 67 157 67 157 67 158 65 159 65 160 64 160 65 159 65 160 64 160 29 10 26 159 26 15 24 160 24 16 25 159 22 19 24 159 22 19 24 159 22 20 23 159 22 20 23 160 20 22 22 160 21 21 22 160 20 23 22 159 20 23 21 161 19 25 19 161 19 25 19 162 17 27 18 163 16 28 16 165 13 32 13 167 11 35 10 170 7 40 4 15547
13360 3 211 22 196 32 188 40 180 46 175 51 168 58 164 62 160 66 155 71 151 75 147 79 143 82 141 86 136 90 132 95 127 98 124 103 119 106 117 110 113 112 111 115 108 117 106 119 104 121 102 123 100 125 98 128 96 128 96 129 94 131 93 131 93 131 93 130 94 130 94 130 94 130 94 133 91 134 89 135 89 134 90 133 91 133 91 132 92 132 91 132 92 132 91 134 89 136 87 138 85 140 83 147 75 149 73 151 70 153 69 155 67 157 65 159 62 162 60 164 57 167 54 171 51 173 49 175 48 177 45 179 43 182 41 183 40 185 37 187 35 190 32 193 30 194 29 195 28 197 26 198 26 198 26 198 25 199 25 199 25 199 25 199 25 199 25 199 25 199 25 198 27 197 27 197 28 196 29 195 29 195 30 194 31 193 32 192 33 192 33 191 34 190 34 190 35 189 36 188 36 188 37 187 38 186 38 186 39 185 40 184 41 183 41 183 42 182 42 182 42 182 43 181 44 180 45 179 45 179 46 178 47 177 50 174 52 172 55 169 58 166 61 163 64 48 4 108 72 38 7 107 79 28 11 106 119 105 120 104 120 104 121 103 122 102 122 102 123 101 123 101 124 100 124 100 125 99 126 98 128 96 129 95 131 93 133 91 135 89 144 80 145 79 145 79 146 78 146 78 147 77 148 76 148 76 149 75 149 75 149 75 149 75 149 75 150 74 150 74 150 74 150 74 150 74 149 75 150 74 150 74 150 74 152 10 8 11 4 5 2 31 1
7766 5 217 7 192 19 2 12 187 38 150 10 8 1 1 55 146 78 141 84 139 85 137 87 133 92 129 95 128 96 126 98 125 99 122 103 119 105 115 110 110 114 108 117 106 119 103 123 3 7 90 135 88 138 85 140 83 142 82 142 81 144 79 145 19 4 55 147 16 13 48 148 13 15 48 150 9 19 45 155 3 21 44 180 44 180 43 181 42 182 42 183 40 185 38 187 37 188 35 190 33 192 31 193 30 195 28 196 28 195 28 196 28 196 27 196 28 195 28 194 30 193 30 194 29 195 29 195 28 196 28 197 27 197 27 197 27 197 27 197 27 197 27 197 27 197 27 197 27 197 26 198 26 198 26 198 26 198 25 199 25 199 25 199 25 199 26 198 26 198 26 198 27 197 27 198 26 198 26 199 25 199 25 199 25 199 25 199 25 199 24 200 24 200 24 200 24 200 24 199 25 199 24 200 24 200 24 200 23 201 23 57 1 143 23 53 7 141 23 52 10 139 23 51 12 138 23 51 14 136 23 50 17 133 24 49 20 131 24 48 22 130 24 46 26 128 24 46 30 124 24 45 35 120 24 44 39 117 24 43 42 115 24 42 45 113 24 42 49 108 25 41 52 106 25 40 56 103 24 41 63 95 25 40 69 88 26 40 72 84 27 41 74 81 27 41 76 79 28 40 78 77 28 40 80 75 29 39 83 72 30 38 86 69 30 38 89 64 33 36 92 60 36 34 96 56 37 33 101 53 38 30 116 39 38 29 119 37 39 27 122 36 39 25 125 35 39 23 129 33 39 22 131 32 39 19 135 31 39 17 138 30 40 13 143 27 41 11 147 25 43 7 150 23 202 21 204 19 206 14 212 7 11019
11533 20 200 28 11 14 167 35 4 21 148 5 6 67 143 82 141 84 139 85 138 87 137 87 137 88 135 89 135 89 135 89 135 88 137 87 138 85 140 83 144 79 146 77 147 75 150 73 151 72 153 70 154 69 155 68 156 67 157 66 158 66 158 65 159 65 159 64 160 64 160 64 160 64 159 65 159 65 160 64 160 64 160 64 159 66 158 66 158 67 158 66 158 67 157 67 156 69 155 69 155 70 153 71 152 73 150 75 148 76 147 77 147 78 146 79 144 80 144 80 144 81 142 82 142 83 140 84 140 84 139 85 139 86 138 86 138 86 138 86 137 88 136 88 136 88 136 88 136 88 136 88 136 88 136 88 135 89 135 89 135 89 135 89 134 89 135 89 135 89 135 89 135 89 134 90 134 90 134 90 133 90 134 90 134 89 135 89 134 89 135 89 135 88 136 88 136 88 136 87 138 86 138 86 138 85 139 85 139 84 140 84 139 85 139 84 140 41 1 42 139 38 10 37 138 37 22 27 46 5 86 36 26 24 48 6 82 37 28 23 48 8 79 38 28 23 48 10 76 38 30 22 49 11 73 39 30 21 51 10 73 39 30 21 52 10 71 40 30 21 54 8 71 40 30 21 56 6 71 40 31 19 59 4 71 40 31 19 61 1 72 40 31 19 134 40 31 19 134 40 31 18 51 1 84 39 31 18 51 5 81 38 31 18 52 6 81 36 31 18 53 7 82 33 31 18 54 7 91 23 31 18 55 6 92 22 31 18 57 4 94 20 31 18 59 1 95 20 31 18 155 20 31 18 155 20 31 18 155 20 31 18 155 20 31 18 154 21 31 18 154 21 31 18 153 22 31 19 152 22 31 19 151 23 31 19 151 22 32 19 150 23 32 19 150 23 32 19 150 23 32 20 149 22 33 21 148 22 33 21 148 22 32 23 147 21 33 24 146 21 33 24 147 20 33 25 146 19 35 24 147 17 36 24 148 15 37 24 150 10 41 23 201 23 202 22 202 21 204 20 205 19 207 16 209 14 212 11 217 5 2761
228 8 215 11 211 15 208 18 206 19 205 21 203 22 202 24 200 25 199 27 197 28 196 30 184 7 3 31 179 13 1 32 175 50 172 53 169 56 166 59 163 62 161 64 158 67 155 71 152 72 150 75 148 77 146 79 144 81 142 83 139 86 137 88 135 90 133 92 131 43 1 50 129 44 1 51 127 45 1 53 123 47 2 53 121 48 2 54 119 49 3 54 117 50 3 55 114 52 3 57 111 53 3 57 109 55 4 58 24 20 62 55 5 61 16 41 4 1 39 56 6 132 29 56 7 136 24 57 8 140 17 58 9 143 12 60 8 150 3 62 9 215 9 214 10 214 10 213 11 213 11 212 12 212 12 211 13 211 14 209 15 209 15 208 16 208 16 208 15 208 16 208 16 208 16 207 17 207 17 206 18 206 18 206 18 205 19 205 19 205 19 205 19 205 18 205 19 205 19 205 18 206 18 206 17 207 17 206 18 206 18 206 18 206 17 206 18 206 18 206 18 206 18 206 18 205 19 205 19 205 19 205 19 204 20 204 21 202 22 202 22 201 23 201 23 200 24 200 24 199 25 199 25 199 25 199 25 198 26 198 26 198 26 198 26 198 26 198 26 198 25 199 25 199 25 199 25 199 25 199 25 199 25 199 25 199 25 199 25 199 25 199 25 199 25 199 25 199 25 199 25 198 26 198 26 198 26 198 26 197 27 197 27 197 27 197 27 196 28 196 28 196 28 195 29 195 29 195 29 194 30 194 30 194 30 193 31 193 31 193 31 193 31 192 32 192 32 192 32 192 32 191 33 191 33 191 33 191 33 190 34 190 34 189 35 189 35 189 35 188 36 188 36 188 36 187 37 187 37 186 38 186 38 185 39 185 39 185 39 185 39 184 40 184 40 184 40 184 40 184 40 184 40 185 39 185 39 185 39 185 39 185 39 185 39 186 38 186 38 186 38 186 38 187 37 187 37 187 37 187 37 187 37 188 36 188 36 188 36 188 36 188 36 188 36 188 36 188 36 188 36 188 36 188 36 189 35 188 36 189 35 188 36 188 36 188 36 188 36 188 36 188 36 188 36 188 36 188 36 188 36 188 36 188 36 188 36 188 37 186 37
128 15 208 17 206 19 204 20 204 21 203 21 202 23 201 23 201 23 200 25 199 25 199 25 198 27 60 3 134 27 57 8 132 27 56 10 131 28 53 12 131 28 51 15 130 29 49 16 129 31 47 17 129 31 46 18 129 34 41 20 129 37 36 22 129 46 25 24 129 55 12 27 130 59 3 32 129 95 129 95 129 95 129 94 129 95 129 95 129 94 129 95 129 94 130 94 130 94 130 93 130 94 130 93 131 93 131 93 130 93 131 93 131 93 130 93 96 1 34 93 86 24 20 94 82 31 17 93 80 38 12 94 78 42 9 95 76 48 3 96 75 149 72 152 70 154 68 156 64 160 62 162 59 165 57 167 55 169 52 172 50 174 48 176 46 178 44 181 41 183 40 184 38 186 37 187 35 189 34 190 33 191 32 192 30 194 29 195 28 195 28 196 27 197 27 197 26 197 27 197 27 196 27 197 27 197 27 196 28 196 28 195 29 194 29 195 29 194 30 193 31 193 31 192 31 193 31 192 32 192 32 191 33 191 32 191 33 191 33 191 33 190 33 191 33 191 33 191 33 191 33 191 33 191 33 191 33 191 33 191 33 191 33 190 33 191 33 190 34 190 34 190 34 189 36 188 36 188 37 186 38 186 38 185 39 185 40 183 41 183 42 182 42 182 42 181 44 180 45 179 45 179 45 179 46 177 47 177 47 177 48 176 48 175 49 175 49 175 49 174 50 174 50 174 51 172 53 170 54 170 54 169 56 167 58 165 59 164 60 163 62 162 62 161 63 161 64 159 65 159 65 159 65 158 67 157 67 158 67 158 66 160 65 162 62 163 61 148 5 12 60 146 8 10 60 144 12 10 58 143 14 11 57 141 16 12 56 139 17 13 55 138 20 12 55 136 21 12 55 134 24 11 56 131 27 11 55 48 4 76 31 10 56 47 5 72 34 10 56 46 7 69 36 10 56 45 9 67 38 9 57 43 11 65 39 9 57 43 11 64 40 9 57 42 13 63 40 8 58 42 14 61 41 8 58 42 14 61 41 8 59 41 14 60 42 7 60 41 15 59 109 41 15 58 110 42 14 58 110 42 14 57 111 42 14 57 112 41 15 56 112 41 15 56 112 42 14 55 114 41 14 55 114 42 13 54 116 42 12 54 116 43 11 54 116 45 9 54 117 46 7 54 118 47 5 54 118 49 3 54 119 49 2 54 119 49 2 54 120 48 3 53 120 48 3 53 121 47 4 52 121 47 5 51 121 47 6 50 122 45 7 51 121 45 9 49 121 45 9 49 122 43 11 49 122 42 11 49 122 42 12 49 122 41 12 49 122 41 13 48 122 40 14 49 122 38 15 49 122 36 18 48 122 33 21 48 122 30 24 49 122 24 29 48 124 8 45 47 127 1 49 46 179 44 84
8602 9 21 19 170 58 162 67 153 75 144 83 137 89 133 93 130 95 127 99 123 102 121 105 117 108 114 112 111 114 107 119 103 123 100 127 96 130 92 133 87 138 82 143 79 146 77 149 74 151 73 152 71 155 69 157 67 157 67 159 64 160 64 161 63 162 62 162 62 162 62 162 62 163 61 163 61 163 61 163 61 163 61 163 61 163 61 163 62 162 62 162 63 161 63 160 65 159 65 159 66 158 66 158 66 158 67 156 68 156 68 155 70 154 70 153 71 153 72 151 73 151 74 149 75 149 76 147 78 146 79 144 81 142 84 140 85 138 87 136 89 135 91 132 92 131 94 130 95 129 95 128 97 127 97 127 97 127 97 126 99 125 99 124 101 122 102 122 103 120 105 119 106 117 108 115 109 114 110 113 111 113 111 112 112 112 112 112 111 113 110 114 110 114 110 114 110 114 110 114 110 114 110 114 110 114 110 114 110 114 110 114 110 114 109 115 109 115 109 115 109 115 108 116 108 116 108 116 107 117 106 118 106 119 104 120 104 120 103 121 102 122 101 123 101 123 100 125 98 126 98 126 99 125 99 125 100 125 99 125 99 125 99 126 97 127 97 128 96 128 96 128 95 129 95 129 95 130 94 130 94 130 94 130 94 130 94 130 94 130 94 130 94 130 94 130 94 130 94 130 93 131 93 131 92 132 92 132 91 133 91 132 92 132 91 133 91 133 91 133 90 134 90 133 91 133 91 133 91 133 91 133 90 134 91 133 91 133 91 132 91 133 91 133 91 133 91 133 91 133 90 134 90 135 88 136 88 136 87 137 87 137 86 138 85 139 85 139 86 137 86 138 87 136 50
81 6 217 9 214 11 212 13 47 9 154 16 44 11 153 16 43 13 152 18 40 14 151 19 39 16 150 20 37 17 150 21 35 18 150 22 33 19 150 23 31 21 149 26 13 1 5 1 6 23 149 28 8 39 149 75 149 75 149 75 149 75 149 75 149 75 149 74 150 74 150 74 150 73 151 73 151 73 151 72 152 72 152 72 152 72 152 72 152 71 153 71 153 71 153 71 153 71 153 71 152 71 153 72 152 72 152 72 151 73 151 73 151 73 151 74 150 74 149 75 149 75 149 75 149 75 150 74 150 74 150 74 150 74 150 74 150 74 150 75 149 75 149 75 148 76 148 77 147 77 147 77 146 78 146 78 146 79 144 81 143 81 143 83 140 78 3 3 140 77 5 3 138 77 6 1 1 1 138 77 147 76 147 77 147 77 146 77 147 77 147 76 147 76 148 75 149 35 13 1 13 13 148 33 32 11 148 32 33 11 23 3 122 32 33 11 23 3 121 33 34 11 22 3 120 34 33 12 22 3 119 28 4 1 35 12 24 1 118 28 39 15 141 28 40 15 139 30 38 17 138 31 38 18 136 32 36 20 135 33 36 20 134 35 33 23 132 37 31 24 131 39 27 27 130 40 25 30 129 42 21 32 128 44 18 34 127 46 13 38 126 48 9 41 126 98 125 99 125 99 125 99 124 100 124 100 124 101 123 100 124 100 124 100 123 101 123 101 122 102 122 102 122 102 122 102 122 102 122 101 123 101 123 101 124 101 123 101 124 100 124 101 123 102 123 101 123 102 20 1 101 103 18 4 99 103 17 5 99 103 16 6 99 103 16 6 99 103 15 7 99 103 14 8 100 102 13 9 100 102 10 12 100 102 9 13 100 102 7 15 100 101 8 14 102 100 7 15 102 101 5 16 103 100 3 17 104 120 105 119 106 117 108 116 108 116 109 114 110 114 111 113 111 112 113 111 114 110 115 109 115 108 118 106 120 103 123 101 126 97 131 93 133 90 136 87 139 85 142 82 143 81 145 79 145 79 146 78 147 78 147 78 146 78 148 78 146 78 147 77 148 76 148 76 149 74 151 73 151 73 153 9 4 58 154 6 8 14 4 38 169 11 7 37 171 7 9 36 174 3 11 36 187 37 187 37 186 38 185 39 184 39 184 40 183 41 179 45 177 46 176 47 173 51 171 53 170 53 170 54 169 54 169 54 169 55 168 55 169 17 3 34 169 17 4 33 170 17 4 33 169 54 170 53 171 53 170 53 170 54 170 54 169 54 170 53 170 53 171 52 171 52 172 51 172 50 174 50 174 47 179 42 182 40 186 37 89
6792 19 197 35 183 44 178 47 175 51 169 56 165 61 161 65 157 69 154 73 150 75 148 77 146 78 145 80 143 81 141 83 140 84 139 85 138 87 137 87 136 88 135 89 135 90 134 91 133 92 132 95 129 97 127 99 125 101 123 102 122 105 120 105 119 106 118 107 118 108 116 109 115 111 113 111 113 113 112 113 111 114 110 115 110 115 109 116 108 117 108 116 109 117 108 116 109 116 110 115 111 114 112 113 112 112 113 112 112 113 112 112 112 113 112 112 112 113 111 113 111 114 110 114 110 115 109 117 108 119 105 122 102 126 99 130 94 132 92 135 90 137 88 137 87 139 86 140 84 141 84 141 83 143 82 142 82 144 81 143 81 144 80 145 79 111 4 30 79 108 9 29 78 107 12 27 78 107 13 27 76 107 16 25 75 108 17 24 75 107 19 23 75 107 20 22 74 108 21 21 74 108 22 20 74 29 9 6 5 58 25 18 75 20 28 58 26 17 76 14 33 58 27 16 78 8 37 30 1 27 28 15 123 27 6 24 30 14 122 25 10 23 32 12 122 24 11 23 33 10 124 22 12 23 35 7 125 21 14 22 168 20 14 22 168 19 16 21 168 19 16 21 169 18 16 21 169 17 18 20 169 17 18 20 168 18 18 20 168 18 19 19 168 18 19 19 167 19 19 19 167 19 19 19 167 18 21 18 166 19 21 18 166 19 22 17 167 18 22 17 167 18 22 17 167 18 23 16 167 18 23 17 166 18 24 16 166 18 24 16 166 18 24 16 166 18 25 16 165 18 25 16 166 17 26 15 166 16 27 15 166 16 27 15 166 16 27 15 167 14 28 15 167 14 28 15 169 11 30 14 169 10 31 14 171 6 32 14 210 14 210 14 210 14 209 14 210 14 210 14 209 15 209 14 209 15 209 14 209 15 209 15 209 15 209 14 210 14 210 13 211 13 212 11 213 11 213 10 215 8 217 6 8809
3729 3 218 9 213 13 210 15 114 4 89 18 111 9 85 20 109 11 83 22 108 13 81 22 107 15 79 24 106 16 77 25 106 17 75 27 105 18 74 27 105 19 72 28 105 20 70 30 104 22 68 30 105 22 66 31 105 23 64 32 105 25 62 33 104 26 60 34 105 26 58 35 105 28 55 36 106 29 51 38 106 31 48 39 106 33 23 14 6 42 107 35 15 67 107 40 5 72 108 116 108 116 109 115 109 115 110 114 110 114 111 113 111 113 111 113 112 112 112 112 112 112 112 112 113 111 113 111 113 111 113 111 113 110 114 110 115 109 115 109 115 109 115 108 116 108 116 108 116 108 116 108 116 109 116 108 116 108 116 109 115 110 115 110 113 112 112 114 110 114 110 116 108 116 107 119 105 119 105 121 102 123 101 124 99 126 97 129 95 132 91 142 81 147 77 153 70 157 66 162 61 163 61 165 58 167 56 169 55 170 53 173 51 174 49 176 48 176 47 178 46 178 46 178 45 179 45 179 45 180 43 181 43 181 43 182 41 183 41 184 39 185 39 185 38 187 37 187 37 187 36 189 35 189 34 190 34 190 33 191 33 191 33 191 32 192 32 192 32 192 32 192 32 193 31 192 32 193 31 192 32 192 32 192 31 193 31 193 31 193 30 194 30 194 29 196 28 196 28 196 27 197 27 197 26 197 27 197 27 197 27 197 27 197 26 198 26 198 26 198 25 199 25 199 25 199 25 198 26 198 26 198 26 198 26 198 26 198 26 198 26 198 26 197 26 198 26 198 26 198 26 198 26 198 26 198 26 198 25 199 25 199 25 199 24 200 24 200 24 199 24 200 24 200 24 200 24 200 23 201 23 201 23 201 22 202 22 202 22 201 22 202 22 202 21 202 22 202 22 201 23 200 23 200 24 198 27 195 29 189 35 183 41 181 43 178 47 174 51 21 11 135 57 18 17 128 63 13 23 119 107 93 3 17 113 87 139 35 8 39 144 25 19 15 166 20 25 7 173 15 211 11 219 1 2615
7336 6 212 21 200 27 195 30 192 34 95 3 91 36 64 7 21 7 88 39 61 9 19 8 87 40 60 11 16 11 84 43 58 13 14 12 83 45 57 13 13 14 82 46 55 15 10 16 81 47 55 16 7 18 81 47 54 18 4 20 80 49 53 42 80 49 53 42 80 49 52 43 79 51 51 43 79 51 51 43 79 51 50 44 78 52 50 44 78 52 50 44 78 53 48 45 78 53 48 45 78 53 48 46 77 53 48 46 78 52 48 46 77 53 48 47 76 53 48 47 76 53 47 48 76 53 47 49 75 53 47 49 74 54 46 51 73 54 46 51 71 56 45 53 66 60 45 53 62 64 44 55 57 68 44 55 51 74 44 56 47 77 43 57 43 81 43 59 37 85 43 61 31 89 43 63 26 92 43 67 8 106 43 181 43 181 44 180 44 180 44 181 44 180 44 180 44 181 43 181 43 182 43 181 43 182 43 181 43 182 42 182 42 182 43 182 42 182 43 181 43 182 42 182 42 183 42 182 42 182 43 182 42 182 42 182 43 181 43 181 43 181 44 180 44 180 44 180 45 179 45 179 46 178 47 177 47 177 48 176 49 175 49 175 50 174 51 173 51 173 51 173 52 172 52 171 54 170 54 107 8 55 54 104 12 53 56 100 15 53 56 99 16 53 57 96 18 53 57 95 19 53 58 92 21 52 60 90 23 51 60 88 25 51 61 86 26 51 62 84 28 49 63 82 30 49 64 79 33 48 64 77 35 48 65 74 38 47 65 73 39 47 66 70 41 47 66 69 43 46 67 67 45 45 67 65 47 45 68 61 51 44 69 59 53 42 70 56 57 41 71 54 58 41 72 51 61 40 72 50 62 40 73 47 65 39 73 46 67 38 74 43 69 37 75 42 71 36 76 40 73 35 76 39 74 35 77 38 75 35 76 37 76 35 76 37 77 34 77 36 77 34 78 34 78 34 78 34 79 33 79 32 81 33 78 32 81 33 79 31 81 33 79 30 83 32 79 30 83 33 78 30 84 32 79 29 84 32 79 28 86 31 80 27 86 32 79 26 87 32 80 25 87 32 80 25 87 32 80 25 87 32 81 24 87 32 81 23 88 32 81 23 88 32 82 22 88 32 82 22 88 32 82 22 87 33 83 21 87 33 83 21 86 35 82 21 85 36 82 21 84 17 2 18 83 20 83 17 4 17 83 20 82 18 4 17 83 20 81 19 4 17 83 19 80 20 6 16 83 19 78 22 6 16 83 19 77 23 6 16 83 19 77 23 6 16 83 19 76 24 6 16 84 18 76 23 6 17 84 18 76 22 6 18 84 18 77 20 7 18 84 18 80 15 9 18 84 18 83 8 12 19 84 18 103 19 84 18 103 19 84 17 104 18 85 17 103 19 85 17 103 19 85 17 103 18 86 17 104 17 86 17 104 16 87 17 105 15 87 17 107 11 89 17 108 8 91 17 207 17 207 17 206 18 206 18 205 19 205 19 205 19 205 18 206 18 205 19 206 18 206 18 206 17 208 16 143
130 20 203 22 201 24 199 25 198 26 197 28 195 29 192 32 189 35 133 6 46 39 130 13 39 42 128 19 30 47 127 24 20 54 126 98 125 99 125 99 125 99 125 99 125 99 125 99 126 99 125 99 125 99 126 98 126 98 127 97 127 97 127 97 128 97 127 97 127 97 127 97 127 98 125 99 125 100 123 101 122 102 120 105 118 106 117 107 116 109 113 111 112 112 112 113 110 114 109 115 108 116 107 117 107 118 105 119 104 120 104 120 103 121 103 121 102 122 102 122 101 123 101 123 101 123 100 124 100 124 99 125 99 126 98 126 97 127 97 127 97 127 96 128 96 128 95 129 95 129 94 130 93 131 93 132 91 133 91 133 90 134 90 134 89 136 88 136 88 136 87 137 87 138 86 138 85 139 85 139 84 140 84 140 84 140 83 141 83 141 83 141 82 142 82 142 82 141 83 141 82 142 82 141 83 141 83 141 83 140 84 140 84 139 84 140 84 139 85 139 85 138 86 138 86 137 87 137 87 137 86 138 86 137 87 137 86 139 85 139 84 141 83 142 81 145 78 150 74 166 57 171 53 185 38 189 35 193 30 196 28 198 25 200 24 202 22 203 20 204 20 205 19 205 18 206 18 207 17 207 17 207 16 208 16 208 16 208 16 208 16 155 7 45 16 153 16 38 17 152 19 35 18 152 20 32 20 151 22 29 22 151 23 25 25 151 25 18 30 151 73 150 74 150 74 150 74 150 74 150 75 149 75 149 75 149 75 149 75 150 74 151 74 149 75 149 76 148 76 148 76 147 77 147 78 145 79 145 80 143 81 143 81 142 83 141 84 139 85 139 86 137 87 137 88 135 90 133 92 132 92 131 95 128 97 127 98 125 100 124 101 122 104 119 106 117 107 117 109 114 111 112 113 111 115 108 118 106 119 104 122 102 124 100 127 96 129 95 131 93 132 92 133 91 133 90 135 89 136 88 136 88 137 87 138 87 138 86 140 84 142 15 4 63 146 7 10 62 162 62 163 61 163 61 164 60 164 60 164 60 165 59 165 59 165 59 166 58 166 57 168 56 169 54 84
3864 14 205 22 199 28 194 32 190 36 186 40 183 43 179 47 176 49 174 51 172 53 170 56 167 58 165 60 53 4 106 62 48 8 105 65 44 11 103 67 41 13 102 70 37 15 102 72 9 12 11 17 102 122 101 123 101 122 101 123 101 122 101 123 101 123 101 123 100 124 100 125 98 127 97 127 96 130 20 27 46 135 10 35 44 182 41 184 39 187 36 189 34 192 31 194 29 196 27 198 25 200 23 202 20 205 18 206 17 208 15 210 13 212 11 213 11 213 10 214 10 215 8 215 9 216 7 217 7 218 5 219 5 220 5 220 4 221 3 221 4 220 4 221 3 221 3 221 4 220 4 220 5 219 5 218 7 192 7 17 8 191 11 13 10 188 16 8 13 186 38 185 40 183 42 181 44 180 45 178 47 177 48 175 50 174 51 172 53 171 56 167 59 165 61 162 64 160 65 158 67 157 68 155 70 154 72 151 74 149 76 148 76 147 79 145 79 145 80 143 82 142 83 140 85 139 85 138 87 137 87 136 89 134 90 133 92 131 94 128 96 128 96 127 98 125 100 123 101 123 101 122 103 120 105 119 106 117 108 116 109 114 111 113 112 112 113 110 115 109 115 108 117 107 117 106 118 106 118 106 118 105 119 105 119 104 121 35 5 63 121 32 10 60 122 29 15 58 122 27 18 56 124 23 25 3 1 1 1 46 124 22 37 40 125 20 44 34 127 17 48 32 127 14 51 31 129 11 53 31 131 5 57 30 193 30 194 27 196 27 196 27 196 26 197 24 200 22 201 17 207 16 207 16 207 16 207 17 206 17 206 18 205 19 203 21 201 23 200 25 198 26 197 27 197 27 196 28 196 29 195 29 195 29 167 1 28 29 166 1 28 29 166 3 27 29 166 3 26 29 166 3 27 29 166 2 27 29 166 3 27 29 195 29 195 29 196 28 196 28 197 27 197 27 197 27 199 24 200 24 202 21 204 19 207 16 210 13 4572
109 27 24 24 148 31 19 27 147 32 16 29 146 35 11 33 144 38 8 34 144 40 3 37 144 80 144 80 144 79 144 80 144 80 144 80 144 80 144 80 144 80 144 80 144 80 144 80 144 80 143 81 143 81 142 82 141 83 140 84 139 85 138 86 137 88 136 88 136 89 135 89 135 89 134 90 134 90 134 90 134 90 133 92 132 92 132 92 132 92 131 93 131 93 131 93 130 94 130 94 130 94 129 95 129 95 129 95 129 95 128 96 128 96 128 96 127 97 127 97 126 99 125 99 124 101 123 101 122 102 122 102 121 104 119 105 119 105 118 107 116 108 116 109 115 109 114 110 114 111 112 112 112 112 112 112 112 111 112 112 112 113 111 113 111 113 111 113 111 113 110 113 111 113 111 113 111 112 111 113 111 113 110 113 111 113 110 113 111 112 111 113 111 112 112 111 112 111 113 111 112 112 112 112 111 113 110 114 110 114 109 115 109 115 108 116 108 116 107 116 108 116 107 117 107 117 106 118 106 119 104 120 104 120 104 120 103 121 103 121 102 122 101 123 101 123 100 124 99 125 98 126 98 126 98 126 97 126 98 126 97 126 98 126 98 125 99 124 99 124 100 123 100 123 101 123 100 123 100 123 101 123 100 123 100 123 100 123 100 123 100 123 100 122 101 122 101 122 101 122 101 122 100 124 98 125 97 127 95 128 94 130 92 131 93 131 91 133 91 133 90 134 89 134 88 136 86 138 84 140 84 140 84 140 84 139 85 139 85 139 85 139 86 138 87 137 89 135 91 133 93 131 95 130 95 129 95 129 96 128 96 128 96 128 96 128 96 128 96 128 98 126 100 82 6 10 1 26 102 78 11 3 7 23 105 74 24 21 108 70 26 20 111 66 28 20 111 65 29 19 112 64 29 19 113 62 31 19 114 60 31 19 115 59 31 19 116 58 32 19 116 57 33 18 118 55 33 18 126 47 34 17 151 22 35 16 152 21 36 15 154 19 37 14 154 19 38 12 155 19 39 10 157 18 41 7 158 18 206 18 206 18 206 18 206 18 206 19 206 18 206 18 206 19 205 19 205 19 205 19 206 19 205 19 205 19 205 19 205 19 205 19 206 18 206 18 206 18 208 15 209 15 211 11 109
132 18 204 21 203 22 201 23 200 25 198 26 198 26 197 27 197 27 196 28 196 28 196 28 195 29 195 29 194 29 195 29 195 29 195 29 194 30 194 30 194 30 194 30 193 31 193 31 192 32 123 11 57 33 121 17 52 34 120 24 33 47 120 28 27 49 119 32 22 51 119 34 18 53 119 35 15 55 119 36 12 56 120 37 9 58 120 38 7 59 120 39 4 61 120 104 121 103 121 102 122 102 123 100 124 100 125 98 126 97 128 95 130 92 133 90 135 89 136 87 138 86 139 84 141 83 142 82 143 81 144 80 145 79 146 78 147 77 148 76 149 74 152 73 152 71 154 71 154 69 158 67 160 63 166 58 169 55 170 54 171 53 172 52 172 52 172 52 172 52 172 52 172 52 173 51 173 52 172 52 173 51 173 51 173 52 172 53 171 54 170 56 168 56 168 57 167 57 167 57 167 57 166 58 166 58 166 58 166 58 165 59 165 59 165 59 165 59 165 59 164 60 164 60 164 60 164 60 164 60 164 60 164 60 164 60 164 59 165 59 165 59 165 59 165 59 165 59 165 60 164 60 163 61 163 61 163 61 163 61 163 61 163 61 163 61 163 61 163 61 163 60 164 60 163 61 163 61 163 61 163 61 163 61 163 61 162 62 162 62 162 63 161 63 160 64 160 64 160 64 160 64 160 64 160 64 160 64 160 63 161 63 161 63 161 63 161 63 161 63 162 62 162 62 162 62 162 63 162 61 163 61 163 61 163 27 3 31 163 28 1 32 163 61 163 61 163 61 163 62 162 64 159 31 1 33 159 28 6 31 159 27 7 31 159 26 8 31 159 26 9 30 159 25 10 30 159 25 11 29 158 26 12 28 158 25 13 28 158 25 14 27 157 26 14 27 157 25 15 27 157 25 16 26 157 25 16 26 157 24 17 26 157 24 17 25 158 23 18 25 158 23 19 24 158 23 19 24 158 23 19 24 158 22 20 24 158 22 20 23 159 22 20 23 159 21 21 22 160 21 21 22 161 19 22 22 161 19 22 22 162 17 24 21 163 15 25 20 167 10 28 19 205 18 207 16 209 14 214 7 6133
76 39 179 51 171 55 167 60 163 64 160 64 159 66 158 65 159 65 160 64 162 61 164 60 164 60 8 1 156 59 4 10 150 77 147 79 145 81 143 82 142 84 140 84 140 85 139 85 139 86 139 85 140 84 140 85 141 83 141 83 141 83 141 83 141 83 141 84 140 84 139 85 139 85 139 85 139 85 139 85 139 86 139 85 139 85 139 85 139 86 137 87 102 1 34 87 97 12 28 87 95 17 24 88 94 23 19 89 91 30 14 89 91 32 12 89 90 35 9 91 89 37 6 92 88 136 88 136 88 137 87 137 88 136 88 137 87 137 87 137 88 136 88 137 87 137 88 136 88 136 89 135 89 135 89 135 89 135 90 134 90 134 90 134 91 133 91 133 92 133 92 132 92 132 93 131 93 131 94 130 94 130 95 129 96 128 96 128 97 126 98 126 99 125 99 125 100 124 100 124 100 124 100 124 100 124 100 124 100 125 100 124 100 124 100 124 101 123 101 123 102 123 101 123 102 122 103 121 103 122 103 121 103 121 104 120 104 120 105 119 106 119 105 119 105 119 106 118 106 118 106 118 106 118 106 119 105 119 105 119 105 119 105 120 104 120 104 120 104 121 103 121 103 122 102 122 102 123 101 123 101 124 100 124 100 125 99 125 99 125 99 126 98 126 98 126 98 127 98 126 98 126 98 126 98 126 98 125 99 125 99 125 99 124 100 124 100 124 100 124 100 124 100 124 100 124 100 124 100 124 100 123 101 123 101 123 101 123 101 122 102 122 102 122 102 121 103 121 103 121 102 122 102 122 102 122 101 123 101 122 102 122 102 122 101 123 100 124 100 124 98 126 97 128 95 129 95 129 95 129 95 129 95 129 95 129 95 129 95 129 95 129 95 129 95 129 95 129 95 128 96 128 97 127 97 127 97 127 97 127 97 127 98 126 98 125 99 125 99 125 99 125 99 124 100 124 100 124 100 123 101 123 101 123 101 122 102 122 102 122 102 121 103 121 103 121 104 119 106 3 1 1 1 25 9 78 106 1 7 22 13 74 115 20 18 71 116 18 21 68 118 16 24 66 119 15 26 63 123 9 31 61 167 56 171 52 174 49 66
18 1 1 7 201 28 195 31 191 36 187 40 184 41 183 44 180 46 178 48 176 50 174 52 172 52 172 54 170 56 168 58 31 5 130 59 28 9 128 61 24 13 126 62 22 16 124 63 20 18 123 64 18 21 121 66 15 23 72 6 42 66 15 24 70 9 40 67 13 27 66 13 38 68 12 29 63 15 37 68 12 32 59 17 36 69 10 35 56 18 36 70 9 37 52 20 36 71 7 40 49 21 36 72 5 42 45 25 35 74 1 45 43 26 35 122 36 31 35 123 32 35 34 125 24 41 34 127 18 45 34 130 10 50 34 132 4 55 33 191 33 191 33 192 32 192 32 193 31 193 31 194 30 194 30 195 29 195 29 195 29 196 28 196 28 196 28 197 27 197 27 197 27 197 27 197 27 198 26 198 26 198 26 198 26 198 26 198 26 199 25 199 25 199 25 199 25 200 24 200 24 200 24 200 24 200 24 201 23 201 23 201 23 202 22 202 22 203 21 204 20 204 20 205 19 205 19 205 19 205 19 206 18 206 18 206 18 207 17 207 17 207 17 208 16 208 16 208 16 208 16 209 15 209 15 209 15 209 15 210 14 210 14 210 14 210 14 211 13 211 13 212 12 212 12 213 11 213 11 214 10 214 10 215 9 215 9 215 9 215 9 215 9 215 9 215 9 215 9 215 9 215 9 215 9 216 8 216 8 216 8 216 8 216 8 216 8 216 8 216 8 216 8 217 7 217 7 217 7 216 8 217 7 217 7 216 8 216 8 217 7 217 7 217 7 217 7 217 7 217 7 218 6 218 6 218 6 218 6 218 6 218 6 218 6 218 6 217 7 217 7 217 7 216 8 216 8 216 8 215 9 215 9 214 10 213 11 213 11 212 12 212 12 212 12 212 12 211 13 211 13 211 13 210 14 210 14 210 14 210 14 209 15 209 15 209 15 209 15 209 15 208 16 208 16 208 16 208 16 208 16 208 16 208 16 208 16 208 16 208 16 208 16 208 16 208 16 208 16 208 16 207 17 207 17 207 17 206 18 205 19 205 19 204 20 204 20 203 22 201 23 201 24 199 26 197 28 195 29 194 32 191 34 189 36 188 37 186 39 184 42 181 44 178 47 176 49 174 50 173 52 171 53 170 54 169 56 167 58 165 59 164 61 162 43
6112 5 216 12 6 28 11 2 160 69 147 83 135 99 115 113 110 116 107 119 103 123 99 126 96 130 93 133 90 135 87 138 85 140 83 143 80 145 78 149 74 152 71 156 67 158 65 160 63 163 60 165 58 167 56 169 55 170 53 172 51 174 50 175 48 177 47 178 45 180 44 181 42 182 42 183 41 184 39 186 37 188 36 189 34 191 33 192 32 192 32 193 31 194 30 195 29 195 29 196 28 196 28 197 27 198 26 199 25 199 25 200 24 200 24 201 23 201 23 202 22 203 21 203 21 204 20 205 19 206 18 206 18 207 17 208 16 209 15 209 15 209 15 210 14 210 14 210 14 210 14 210 14 210 14 210 14 210 14 209 15 209 15 208 16 207 17 206 18 205 19 204 20 202 22 202 22 201 23 200 24 200 24 199 25 199 25 198 26 198 26 198 26 197 27 197 27 197 27 196 28 196 28 196 28 195 29 194 30 193 31 193 31 192 32 191 33 190 34 189 35 187 37 186 38 186 38 185 39 185 39 185 39 185 39 186 38 186 38 186 38 186 38 186 38 186 38 186 38 186 38 186 38 186 38 186 38 186 38 186 38 185 39 185 39 185 39 185 39 185 39 185 39 185 39 185 39 185 39 185 39 185 39 185 39 184 40 184 40 184 40 183 41 183 41 182 42 182 42 181 43 181 44 179 45 178 47 176 49 173 54 166 61 152 74 147 78 145 81 143 82 141 84 140 86 138 88 136 89 135 90 134 90 134 90 134 91 133 91 133 91 133 91 134 90 134 90 134 90 134 90 135 89 135 89 135 89 135 90 134 90 134 91 133 91 133 93 131 94 18 6 106 96 11 43 74 161 63 165 58 167 55 171 50 175 46 180 42 184 39 188 34 192 5 1 24 204 17 210 11 216 6 314
1322 4 218 8 216 8 214 12 210 15 208 17 205 19 204 21 202 23 200 25 199 25 198 27 197 27 196 28 196 28 196 29 194 30 194 30 193 31 193 31 192 32 191 34 102 3 84 35 96 12 79 37 93 16 75 40 90 21 70 43 29 8 51 23 66 47 27 34 26 25 62 50 27 36 22 28 59 52 26 38 18 32 57 53 25 41 15 33 55 55 24 43 11 37 53 57 23 45 5 42 50 59 22 94 48 61 21 94 47 62 21 96 43 64 20 99 40 65 20 101 37 66 20 103 34 68 18 108 28 70 18 112 22 72 17 117 15 75 17 208 15 209 15 209 15 209 14 210 14 210 14 210 14 210 13 211 13 211 13 210 14 210 14 210 14 209 16 208 16 208 16 207 17 207 17 206 19 205 19 205 19 204 20 204 21 203 22 202 23 200 24 200 25 199 27 197 30 193 33 191 35 189 35 188 38 186 38 186 40 184 40 183 42 182 43 181 43 180 44 180 45 179 45 178 46 178 46 178 47 176 48 176 48 175 49 175 50 174 50 174 50 173 52 172 52 172 53 171 53 170 54 170 55 169 55 169 55 169 55 168 56 168 56 168 56 167 57 167 58 166 58 166 58 166 58 166 58 167 57 167 57 167 58 167 57 168 56 168 56 169 55 169 55 154 6 10 54 153 9 7 55 152 14 1 57 152 72 151 74 149 75 148 76 147 78 145 79 145 79 144 80 144 81 141 83 141 83 140 84 139 85 138 86 137 88 135 89 135 89 134 90 133 90 133 91 133 90 132 91 132 90 132 90 133 89 134 89 135 89 135 89 135 89 135 89 136 87 137 87 138 86 138 85 140 84 141 82 142 82 143 80 144 80 143 80 144 80 143 80 144 80 143 80 143 80 143 81 143 80 142 82 141 83 139 84 138 86 136 87 136 88 134 89 134 89 134 89 134 90 132 91 132 91 131 91 133 90 133 89 134 89 134 89 134 89 134 89 134 89 134 89 134 90 133 90 134 90 49 1 82 91 49 2 82 91 46 5 79 94 44 6 78 95 41 10 60 113 35 15 59 115 30 20 56 118 26 23 57 118 24 25 55 121 20 27 55 123 16 29 54 125 14 30 54 126 12 31 53 129 8 33 52 132 5 34 52 133 3 35 52 172 51 171 52 172 51 171 52 171 52 171 52 172 51 175 48 181 43 183 40 135
15328 2 219 8 214 11 212 13 209 16 206 19 204 20 203 22 201 23 199 25 198 26 196 28 152 7 35 31 151 10 26 37 150 14 20 40 150 16 16 42 150 74 150 74 149 75 149 75 150 74 150 74 150 74 150 74 150 74 150 74 150 74 150 74 151 73 151 73 151 73 151 73 151 74 150 74 150 75 149 76 147 77 147 77 147 78 145 79 144 80 144 80 143 82 142 82 141 84 140 85 138 87 137 88 136 89 134 90 134 91 133 92 132 93 131 94 129 96 128 97 127 98 126 100 124 104 120 109 33 29 53 124 7 47 46 195 29 197 27 198 26 198 26 198 25 199 25 199 25 199 25 199 25 199 25 199 25 199 25 199 25 199 25 199 25 199 25 199 25 199 25 199 25 199 25 199 25 199 26 198 26 198 26 198 26 198 26 198 26 198 26 198 26 198 26 198 26 198 26 198 26 198 26 198 26 198 26 198 26 198 26 198 26 198 26 198 26 198 25 199 25 199 25 199 25 199 25 199 25 199 25 199 25 199 25 199 25 199 25 199 25 199 25 199 25 199 24 200 24 200 24 200 23 201 22 202 22 202 20 204 16 208 13 211 11 213 10 214 8 216 6 218 4 220 3 221 1 223 1 3807 1 223 1 223 3 221 4 220 17 207 18 206
12297 4 216 10 211 15 207 18 204 21 202 23 199 26 197 27 146 7 41 31 141 13 37 33 134 22 31 38 127 29 29 40 122 34 27 42 113 43 24 44 110 47 21 47 106 52 17 49 102 58 13 52 99 61 2 1 3 58 98 127 96 128 96 128 95 130 94 130 93 132 92 133 90 134 90 134 89 136 88 136 87 137 86 138 85 139 84 140 82 142 81 143 80 144 80 144 79 145 77 147 76 148 75 149 74 150 72 152 71 153 69 155 68 156 66 158 64 160 60 164 57 167 55 169 53 171 51 172 51 173 50 174 49 175 48 175 49 175 48 175 48 176 47 176 48 176 46 177 47 177 45 178 46 177 46 177 47 177 46 177 47 176 48 176 47 176 48 175 48 175 49 174 50 173 50 173 51 171 52 171 53 170 54 169 54 169 55 167 56 167 57 165 59 164 59 164 59 164 60 163 60 163 61 162 61 162 62 161 63 160 63 160 64 159 65 158 66 157 68 154 70 153 73 34 7 109 76 31 9 107 80 26 13 104 86 20 14 103 90 13 18 102 122 101 123 100 123 100 124 99 124 100 124 98 126 98 125 97 127 94 130 93 131 92 132 91 133 91 133 90 134 90 117 6 10 91 116 10 6 91 116 108 115 109 115 109 114 110 113 110 113 111 113 110 113 111 112 112 112 111 112 111 113 111 113 110 113 111 113 110 113 110 114 110 114 109 114 109 115 108 115 108 115 108 115 109 113 111 110 113 109 115 107 117 104 120 101 123 99 125 97 127 95 129 93 131 92 132 90 134 89 136 85 139 83 141 80 145 78 147 75 150 74 150 73 151 73 151 73 151 74 149 75 149 77 146 75
3627 12 210 17 206 22 202 24 200 28 196 30 194 32 192 33 191 35 189 36 188 38 187 38 186 40 185 40 184 42 27 11 48 13 84 44 16 23 40 19 82 46 7 34 32 24 82 89 27 27 81 91 23 29 82 92 19 31 82 94 14 34 82 96 9 37 83 97 3 40 84 140 85 138 86 138 86 137 88 136 88 135 89 134 91 132 92 132 92 131 93 130 94 129 95 128 96 126 98 125 99 124 101 122 102 120 104 119 105 118 106 116 108 115 109 114 111 111 113 110 114 109 116 108 116 107 118 106 119 105 120 104 121 103 123 101 124 100 125 99 125 99 125 99 126 98 126 99 125 98 126 98 125 99 125 98 126 98 126 98 125 98 126 98 126 98 126 98 125 98 126 98 125 99 125 98 125 99 125 99 124 100 123 102 122 102 121 103 120 104 119 105 118 106 116 108 115 108 114 110 112 112 110 114 108 116 106 118 105 119 103 120 103 121 101 123 100 124 98 126 97 128 95 129 93 131 91 134 89 135 88 136 86 138 85 139 84 140 83 141 82 142 81 143 80 144 79 145 78 146 77 147 76 148 76 148 74 150 74 150 73 151 72 152 72 152 71 153 71 153 70 155 68 157 67 157 66 158 66 159 65 159 65 160 64 160 65 159 64 161 64 160 64 161 63 161 65 159 65 8 14 138 90 134 93 132 94 130 95 130 96 128 97 128 98 126 99 126 99 125 100 125 100 125 100 125 100 125 100 125 100 125 100 125 100 125 99 125 101 124 100 125 100 125 100 125 100 126 98 127 98 127 97 87 5 36 97 52 5 26 11 35 95 51 8 22 15 33 96 48 13 18 18 33 95 47 16 13 21 32 96 45 21 5 27 32 94 44 56 30 94 44 57 30 94 42 59 30 94 41 60 29 94 41 61 29 94 40 62 29 93 40 62 29 94 39 64 28 93 40 64 27 94 39 65 27 93 40 65 26 94 40 65 27 92 40 66 26 93 40 66 26 92 41 66 25 93 41 66 26 92 41 65 26 92 42 65 26 92 42 64 27 92 42 64 27 92 42 63 27 93 43 62 27 92 44 61 28 93 44 60 28 93 44 59 29 93 45 58 29 93 46 56 29 95 46 55 29 95 46 55 28 96 46 55 27 97 47 54 27 98 46 54 26 99 46 54 25 100 46 54 25 100 46 53 25 101 46 53 24 103 44 53 24 104 43 54 23 105 42 55 21 13
3962 7 215 16 206 22 200 26 197 28 194 32 191 35 188 39 184 42 181 45 178 47 176 50 172 53 170 56 166 59 164 61 162 63 160 66 157 68 156 69 154 71 153 72 152 73 150 76 148 76 148 77 147 78 146 78 146 79 53 5 87 79 51 9 85 79 50 12 83 80 48 14 83 79 48 16 14 8 59 79 47 18 6 1 1 15 57 79 46 46 53 80 44 49 51 80 43 51 50 80 43 52 50 78 43 55 48 77 43 56 48 76 44 58 46 75 44 59 46 74 45 60 44 68 51 62 43 65 53 65 39 66 54 65 21 2 14 67 54 68 6 96 53 171 52 172 52 172 52 171 53 171 52 172 52 172 52 172 52 172 52 172 52 172 52 171 53 171 53 171 53 171 53 171 53 171 53 171 54 170 54 169 55 169 55 169 56 168 57 166 58 166 59 164 60 164 61 163 62 162 63 161 64 161 63 161 64 160 65 159 66 158 68 157 74 150 75 149 76 148 76 148 76 148 77 148 76 148 77 147 77 147 77 147 77 148 77 147 77 147 77 147 78 146 78 147 77 147 77 92 4 51 77 91 6 50 77 90 8 49 78 88 10 48 78 87 12 47 78 85 14 47 78 84 15 47 79 82 17 45 80 80 19 45 80 78 21 45 80 75 24 44 82 72 26 44 82 71 27 44 82 70 29 42 83 69 30 42 83 69 30 42 83 69 30 41 84 69 30 41 84 69 30 40 85 68 31 40 85 68 31 39 86 68 31 38 87 67 33 36 88 67 33 35 89 28 1 38 33 33 91 26 4 37 33 33 90 27 5 36 34 31 92 26 5 35 35 31 91 27 5 35 35 31 91 27 5 35 35 31 91 26 7 33 35 33 90 26 7 33 35 33 90 25 8 32 36 34 89 25 9 28 39 34 88 25 9 27 40 36 87 25 9 24 43 36 87 24 11 21 44 37 87 24 11 20 44 39 86 23 12 18 45 40 86 23 12 15 48 40 86 23 13 13 48 13 6 22 86 22 14 12 48 13 9 20 86 22 15 9 49 12 12 19 85 23 16 4 52 12 13 19 85 22 71 13 15 18 85 22 70 13 17 17 84 22 69 14 18 17 84 21 67 1 1 14 20 16 83 21 66 17 21 16 83 20 65 18 23 15 82 20 66 15 26 15 82 19 68 12 28 15 81 20 69 9 30 14 82 19 72 1 1 1 34 14 81 20 109 14 81 20 109 14 81 19 110 14 81 19 110 14 81 18 111 14 81 17 112 14 83 13 114 14 85 5 119 15 209 15 209 15 209 15 209 16 209 14 211 13 211 12 213 11 215 7 221 1 1794 3 221 4 220 4 220 5 219 4 221 3 221 3 222 1 4297
2829 5 216 13 187 5 17 18 181 11 11 23 174 53 168 57 165 61 160 65 140 86 136 89 134 91 131 94 127 99 123 103 118 108 114 112 111 116 106 121 102 124 98 128 93 133 90 135 85 140 83 141 82 143 79 145 78 146 77 147 76 148 75 149 75 149 75 149 74 150 74 150 74 150 74 150 74 150 74 149 75 149 75 149 75 148 75 149 75 149 75 148 76 149 74 150 74 150 74 150 74 150 74 150 74 150 74 150 74 149 75 149 75 149 75 149 75 149 75 149 75 149 75 148 76 148 76 148 76 148 77 147 77 147 77 147 77 147 77 146 78 145 79 145 79 144 80 143 81 143 81 142 82 142 82 142 82 141 83 141 83 141 83 141 83 140 84 140 84 139 85 139 85 139 85 139 86 138 86 137 87 138 86 138 86 138 86 138 86 138 86 137 87 137 87 137 87 137 87 137 87 136 88 136 88 136 88 136 88 136 88 136 87 136 88 136 88 136 88 136 88 135 89 135 89 135 90 133 91 133 91 132 92 132 92 132 92 131 93 131 93 130 95 129 95 128 96 128 96 127 97 127 97 126 98 126 98 125 99 119 1 4 100 115 109 114 110 113 111 112 112 111 113 109 116 107 117 106 119 104 121 103 122 101 123 101 124 99 126 98 126 98 127 96 129 95 129 94 130 93 132 91 134 88 137 86 139 84 142 81 144 79 146 76 149 74 151 71 154 69 156 66 160 63 163 60 167 55 172 50 176 47 180 41 188 34 192 30 197 25 201 21 208 13 217 3 9529
27 61 29 9 124 64 26 12 121 67 22 14 120 72 15 19 118 75 9 22 117 108 116 108 116 109 114 110 114 110 114 111 51 1 61 111 40 19 53 112 35 27 50 113 31 32 48 113 29 36 46 114 26 39 45 114 25 43 41 116 22 46 40 116 20 50 38 117 19 50 38 118 16 53 37 119 13 56 36 121 5 1 1 60 35 189 35 190 34 191 33 191 33 192 32 192 32 193 30 194 30 194 30 195 29 195 29 196 28 196 27 197 27 197 27 198 26 198 25 199 25 200 24 200 24 200 23 201 23 201 22 202 22 202 21 203 20 204 20 205 18 206 18 206 17 207 17 208 15 209 15 209 15 209 14 210 14 210 14 209 15 209 15 209 15 209 15 209 15 209 15 209 15 209 14 209 14 210 14 209 14 210 13 210 14 210 13 211 13 210 13 211 13 211 12 212 12 212 12 212 12 212 11 213 11 214 10 214 10 214 10 214 10 215 9 215 10 214 9 216 9 215 8 216 8 217 7 217 7 218 6 218 6 219 5 220 4 221 3 222 2 223 1 9632 1 223 1 223 1 223 1 223 1 223 1 223 1 223 1 223 1 223 1 223 1 223 2 222 2 222 2 222 3 221 3 221 3 221 4 220 4 220 5 219 6 218 6 218 7 217 8 216 8 216 8 216 8 216 8 216 9 215 9 215 10 214 10 214 10 214 11 213 11 213 12 212 12 212 12 212 13 211 14 210 14 210 15 209 15 209 16 208 16 208 17 207 18 206 18 206 19 205 20 203 21 203 22 202 22 202 23 125 1 1 1 73 23 120 10 70 25 116 17 66 26 115 19 64 27 113 22 61 29 112 23 60 31 110 25 58 32 109 26 57 33 108 27 55 36 106 28 54 38 104 28 54 38 104 29 52 41 102 29 52 42 102 28 52 43 101 29 51 43 101 29 27 2 22 44 101 28 26 5 19 45 101 28 26 6 17 47 100 29 25 6 18 46 101 29 23 8 17 47 100 29 23 9 17 47 99 29 23 9 17 47 98 32 21 11 15 48 97 32 20 12 14 49 97 33 19 13 13 50 94 36 18 15 10 7
545 7 213 14 208 18 203 22 197 29 187 56 153 90 4 6 119 113 108 119 103 123 99 127 95 130 93 132 91 134 90 135 88 137 87 138 85 140 84 141 82 143 81 147 77 151 73 154 70 156 68 159 65 161 63 163 60 165 59 166 58 167 57 168 56 169 55 170 55 169 55 170 54 170 54 171 53 171 53 171 53 171 53 171 54 170 54 170 54 171 53 171 53 171 53 171 54 170 54 170 54 170 54 170 54 170 54 169 54 170 54 170 53 170 51 173 44 180 39 184 37 187 35 189 33 190 32 192 29 195 27 196 25 199 22 201 20 204 19 204 19 205 18 205 19 205 19 204 20 204 20 204 20 203 21 203 21 202 22 202 22 201 23 201 23 201 23 200 24 200 24 200 24 200 24 200 24 200 24 201 23 200 24 200 24 200 24 200 24 200 24 199 25 198 26 197 27 196 28 193 31 192 32 191 33 190 34 189 35 188 36 187 37 187 37 186 38 186 38 185 39 185 39 185 39 185 39 186 38 186 38 187 37 188 36 189 35 190 34 192 32 192 32 192 32 193 31 193 31 193 31 193 31 193 31 193 31 193 31 193 31 193 31 193 31 193 31 193 31 193 31 192 32 192 32 192 32 191 33 190 34 190 34 145 3 42 34 143 7 39 35 142 8 38 36 141 9 38 36 141 9 36 38 141 9 36 38 142 8 35 39 145 3 37 39 184 40 184 40 184 40 185 39 185 39 185 39 186 38 186 38 187 37 187 37 188 36 189 35 190 34 190 34 191 33 191 33 192 32 192 32 193 31 165 4 24 31 164 6 24 30 164 6 25 29 163 8 24 29 162 9 25 28 162 10 24 28 162 10 25 27 161 12 24 27 159 14 25 26 158 16 24 26 158 16 25 25 158 17 24 25 159 16 25 24 161 14 26 23 163 12 26 23 169 5 28 22 204 20 206 18 213 11 215 9 218 6 221 3 223 1 223 1 223 1 223 1 222 2 222 2 222 2 222 2 222 2 223 2 222 2 222 2 222 3 222 2 222 3 221 3 220 5 219 7 215 11 212 12 211 13 209 15 196 6 5 18 188 37 183 43 99 16 47 63 95 53 3 74 89 135 84 142 67 7 1 150 60 164 59 166 28 3 25 150
147 4 215 11 207 19 201 25 195 31 190 35 186 40 182 43 178 48 174 51 171 55 167 58 163 62 161 64 157 68 154 71 150 75 147 78 144 81 141 84 139 86 136 89 133 92 132 93 128 97 126 99 123 102 120 105 117 108 115 109 113 111 111 114 108 116 107 117 105 119 104 121 101 123 100 124 98 126 97 127 95 129 94 131 91 133 90 134 88 136 87 137 86 138 85 140 83 141 82 142 81 143 80 145 77 147 76 148 75 149 74 150 74 151 72 152 71 153 71 153 70 154 70 155 68 156 68 156 67 157 67 157 67 157 67 157 66 158 66 158 65 159 65 159 65 159 65 158 65 159 65 159 65 159 65 159 65 159 65 159 64 159 65 159 65 159 65 159 64 160 64 160 64 160 64 160 64 160 63 161 63 161 62 162 61 162 61 163 60 148 3 12 60 148 5 11 59 148 9 6 61 148 75 149 75 149 75 148 76 149 75 149 75 149 75 149 75 149 75 149 76 148 76 149 76 148 76 148 77 148 76 148 76 149 76 148 76 148 76 149 75 149 75 149 74 150 74 151 73 150 74 151 73 150 74 150 73 151 73 151 73 151 73 151 73 150 73 151 73 151 73 150 73 151 73 58 26 66 73 53 33 65 72 52 36 24 2 38 72 51 38 22 4 36 72 51 39 22 6 34 71 24 3 25 40 21 7 32 72 21 6 24 41 21 8 30 72 21 8 23 42 21 8 29 72 20 9 23 42 22 8 27 73 19 10 22 43 22 9 25 73 18 13 21 43 23 11 20 75 17 14 21 44 23 14 13 78 17 14 20 45 24 104 16 15 20 46 24 103 15 17 19 46 26 101 15 17 19 47 26 100 15 17 19 47 28 98 15 17 19 48 28 96 15 18 19 48 30 94 15 18 19 49 30 93 16 17 19 49 30 93 16 17 19 50 30 91 17 17 19 51 29 91 17 17 19 51 29 90 18 17 19 52 29 89 18 17 19 52 29 89 18 17 19 53 28 89 18 17 19 53 28 89 19 16 19 54 27 89 19 16 19 55 26 89 19 16 19 56 24 90 19 16 19 58 21 91 19 16 19 59 19 92 19 16 19 61 16 93 19 16 19 64 10 97 17 17 19 172 16 17 18 174 15 17 18 176 11 18 19 179 7 19 19 205 19 204 20 204 20 203 21 203 21 202 22 202 21 202 22 202 22 201 22 202 22 202 22 202 21 203 21 203 20 204 20 204 19 205 19 205 18 207 16 208 15 210 12 213 9 217 5 5995
5713 6 216 9 215 11 212 13 210 15 209 16 208 17 42 6 158 19 39 10 156 20 36 14 154 21 34 16 153 22 32 17 153 23 30 18 153 23 29 20 152 24 27 21 152 24 26 22 152 25 23 24 152 25 23 24 152 26 20 26 152 27 18 27 152 28 16 28 152 30 13 29 152 35 1 1 3 32 152 72 152 71 152 72 152 72 152 72 152 72 152 71 153 71 153 71 152 72 151 72 151 73 150 74 148 76 147 76 146 77 144 80 139 85 134 89 130 94 127 97 126 97 127 97 127 97 126 98 126 97 126 98 125 99 124 100 123 101 122 101 122 102 121 103 121 103 120 104 119 105 118 105 119 105 118 106 118 106 117 107 117 107 116 107 117 107 116 107 116 108 116 108 115 108 115 109 114 111 112 112 5 1 1 1 103 122 101 123 100 125 98 126 98 125 98 125 99 125 99 124 99 125 99 124 100 124 99 125 99 124 99 125 99 124 99 124 100 124 100 123 100 122 102 121 103 120 103 120 104 120 103 120 104 120 103 121 103 120 103 120 104 120 104 120 104 119 104 119 105 119 106 118 106 117 107 117 107 117 107 116 109 115 109 114 110 114 110 114 110 113 112 112 112 111 113 111 113 110 115 109 115 108 116 107 118 106 118 105 119 104 120 104 121 102 122 102 122 101 124 100 124 99 126 97 128 96 128 96 129 94 131 93 131 93 132 92 133 90 134 90 135 89 136 87 137 87 138 86 139 85 139 85 139 85 139 85 139 85 139 85 139 85 139 84 140 85 139 84 141 83 142 83 142 82 143 81 145 80 144 80 145 79 146 78 146 33 2 2 1 1 7 32 146 31 17 31 145 31 19 28 145 31 22 26 145 31 24 23 146 31 27 19 147 31 30 15 149 29 36 9 151 28 40 3 154 27 198 25 200 24 202 21 204 19 207 15 213 9 4616
6412 5 218 7 217 9 1 1 1 1 210 15 209 14 209 16 208 16 207 17 206 19 205 19 116 16 72 20 114 22 68 20 112 30 62 20 110 36 58 20 109 40 54 21 107 45 51 21 104 50 48 22 103 54 45 22 102 58 41 23 101 62 37 24 100 66 33 24 101 68 30 24 101 71 26 26 101 73 21 28 102 75 17 29 103 78 9 34 103 81 3 36 104 119 105 119 105 118 106 118 105 118 106 117 107 117 106 118 106 118 106 118 106 117 107 117 107 118 106 118 106 118 106 118 106 118 106 118 106 118 106 118 107 117 107 117 107 117 107 117 107 117 107 117 107 117 107 117 107 117 107 117 107 117 108 116 109 114 110 114 111 112 113 111 114 110 115 108 116 108 118 106 118 107 119 105 119 24 4 77 120 21 8 76 120 20 10 75 120 18 15 72 120 17 18 70 120 15 21 69 120 14 23 68 121 10 28 67 121 7 31 66 122 3 35 66 160 44 2 18 164 37 8 17 163 35 10 16 164 32 13 16 164 30 15 16 164 28 17 16 164 26 18 16 164 25 20 16 163 24 22 16 163 23 23 16 162 22 25 15 162 21 27 15 161 21 29 13 161 20 32 12 161 19 34 11 160 18 36 11 159 18 37 10 159 17 40 9 158 17 41 9 158 16 42 9 157 16 44 8 156 16 46 7 155 16 48 7 154 15 49 7 153 16 49 7 153 15 50 8 151 15 51 8 151 15 51 11 147 15 52 10 148 15 51 12 146 15 52 11 147 15 51 13 146 15 51 12 146 16 51 11 147 15 53 9 148 15 53 8 149 14 55 6 150 14 55 5 150 15 55 4 151 15 56 3 151 15 209 16 209 15 210 15 210 14 211 14 211 13 212 13 212 12 213 12 212 12 213 12 213 12 213 11 213 12 212 13 212 12 212 13 211 13 212 13 211 13 212 12 212 12 212 12 212 12 213 11 214 10 214 10 216 8 217 6 221 1 10391
26 125 96 129 93 131 91 134 88 136 87 137 86 138 86 137 86 138 86 138 85 139 84 140 84 140 84 140 84 140 84 140 84 140 84 140 84 140 85 139 85 140 84 140 84 140 84 141 84 140 84 141 83 141 84 140 84 141 84 140 85 139 85 139 86 137 88 136 89 135 89 135 90 134 90 133 92 132 92 132 92 132 92 132 92 132 92 132 93 131 93 131 93 131 93 131 93 131 94 130 94 130 94 130 95 129 96 128 97 127 98 126 99 125 100 125 100 124 101 123 101 123 102 122 103 121 103 121 104 121 103 121 104 120 104 121 103 122 102 122 103 122 102 122 102 123 101 123 102 123 101 123 101 124 101 123 102 122 102 122 103 122 103 122 102 123 101 125 100 126 98 127 97 128 95 129 95 130 94 130 93 131 92 133 91 133 90 135 88 136 88 136 87 138 86 139 84 141 83 142 82 143 80 145 79 146 78 147 77 149 74 151 73 152 72 153 71 155 69 156 68 158 65 160 64 161 63 162 62 163 61 163 61 164 60 164 60 165 58 166 58 167 57 168 56 168 56 169 55 170 54 170 54 171 53 172 52 172 52 173 51 174 50 174 50 175 49 175 49 175 49 175 49 176 48 176 48 176 48 176 48 177 47 178 46 178 46 179 46 179 46 179 45 180 44 181 44 181 43 181 43 182 42 183 41 184 40 185 39 185 39 186 38 186 38 186 38 186 38 186 38 186 38 186 37 187 37 187 37 187 37 187 37 187 37 187 37 187 37 187 37 188 36 188 35 188 36 188 36 188 35 189 35 188 36 188 36 187 37 186 38 186 38 186 37 187 37 187 37 188 35 189 35 189 34 190 33 191 33 191 32 192 31 193 29 195 27 197 22 202 19 204 18 206 19 204 20 203 21 203 21 202 22 201 23 201 23 200 24 59 11 128 26 56 17 123 29 52 23 98 51 48 30 83 65 42 36 69 80 36 41 55 1 1 95 1 1 23 51 47 179 43 187 33 207 11 2329
14422 17 204 25 197 29 194 32 191 35 187 37 186 40 184 41 182 44 179 46 177 48 175 50 173 53 171 53 170 56 167 57 166 60 164 60 163 62 162 63 160 65 159 66 157 68 156 69 155 70 154 71 152 73 151 73 151 74 150 76 148 78 146 80 144 82 142 84 141 85 139 86 139 86 138 87 138 87 138 87 140 85 143 81 144 81 144 81 144 80 145 80 144 81 144 80 145 81 143 81 144 81 143 82 143 81 144 81 144 81 144 80 144 81 144 81 144 80 144 81 144 81 143 81 144 81 143 81 144 81 143 81 144 80 144 81 144 80 144 81 143 82 142 82 142 82 142 83 141 83 141 84 139 85 139 86 138 86 138 87 136 88 136 88 136 89 134 90 134 90 133 91 133 91 133 91 132 92 132 92 132 92 131 93 131 93 130 94 130 93 130 94 129 94 129 94 129 94 130 93 130 92 132 91 134 89 135 87 139 1 11 5 7 57 170 48 180 23 206 14 11738
3958 11 210 17 205 20 82 1 119 24 77 10 112 26 75 14 108 28 73 18 103 30 72 21 99 33 71 23 68 20 7 36 70 27 54 73 70 32 17 1 3 6 2 93 70 155 69 155 69 155 69 155 70 155 69 155 70 154 70 154 71 154 70 154 71 153 72 153 71 153 72 152 73 152 72 152 72 152 73 152 73 151 73 151 74 151 73 151 74 150 75 149 76 149 75 149 76 148 77 148 76 148 77 147 77 148 77 147 77 147 77 147 77 148 76 148 77 147 76 148 77 148 75 149 75 149 75 149 75 149 75 150 73 151 73 151 73 151 72 153 71 153 70 154 70 155 69 155 68 156 68 157 66 158 66 158 66 159 64 160 64 161 62 162 62 163 61 163 61 164 59 166 58 166 58 167 57 168 56 168 57 168 56 169 55 169 55 170 54 171 53 171 53 172 52 172 52 173 51 174 51 173 51 174 50 174 50 175 49 175 49 176 49 175 48 177 48 176 48 177 47 177 47 177 47 178 45 179 45 179 45 180 44 180 44 180 44 181 43 181 43 181 43 182 42 182 42 182 42 182 42 182 42 183 40 184 40 184 40 184 40 184 40 184 40 184 40 184 40 184 40 184 40 184 40 184 40 185 39 185 39 185 39 185 39 185 39 185 39 185 39 185 39 185 39 185 39 185 39 185 40 184 40 184 40 184 40 184 40 184 41 183 41 183 42 182 42 182 43 181 44 180 44 180 45 178 46 178 47 177 47 177 47 177 48 176 48 176 49 175 49 175 49 175 49 175 49 175 49 174 50 174 51 173 50 174 50 174 50 174 51 173 50 174 50 174 50 174 50 174 50 174 50 174 50 175 49 175 49 175 48 176 48 171 1 4 48 171 1 5 46 171 2 5 46 172 2 4 46 172 1 6 45 172 2 5 45 172 2 6 44 172 2 6 44 172 2 7 43 172 3 6 43 172 3 6 43 172 5 4 43 172 6 2 44 172 52 172 52 171 53 171 53 171 53 171 53 170 54 170 54 170 54 170 54 27 3 45 3 91 56 24 7 40 8 88 57 23 11 35 12 36 6 43 60 21 13 32 14 33 9 41 24
4326 2 220 8 215 10 213 13 211 14 210 16 208 17 206 19 204 21 203 23 201 24 200 25 199 26 198 28 196 30 195 34 191 36 188 39 186 40 184 43 181 50 12 3 159 69 155 70 155 70 154 71 153 72 153 72 152 73 152 72 152 73 152 72 152 73 151 73 151 73 151 74 150 74 150 74 150 75 149 75 149 75 149 75 149 75 149 75 149 75 149 75 149 75 149 76 148 76 147 77 147 77 147 77 147 78 147 76 147 77 147 77 147 77 148 75 149 75 149 75 149 74 150 74 150 74 150 73 151 73 151 73 151 72 152 72 152 71 153 71 154 70 154 69 155 69 155 68 156 68 156 67 158 66 158 66 158 65 159 65 160 64 160 63 161 62 162 62 162 61 163 60 165 57 167 55 169 53 172 48 176 45 179 43 181 42 182 41 183 40 184 39 185 39 184 39 185 38 186 37 186 17 8 12 187 16 207 15 208 16 208 15 208 15 209 15 208 15 209 15 209 15 209 14 210 14 210 13 212 10 215 6 220 1 20309
5210 1 219 9 214 12 211 15 39 8 162 16 37 11 160 19 31 15 159 24 25 17 158 32 16 19 157 36 11 21 156 68 156 69 156 68 156 69 156 68 156 69 155 69 156 68 156 69 155 69 156 68 156 68 156 69 155 70 155 69 155 69 155 70 154 70 154 70 154 70 155 69 155 69 155 69 155 69 155 69 155 69 155 69 155 69 154 70 154 70 154 70 154 70 154 70 154 70 154 70 154 70 154 70 154 70 154 70 154 70 154 70 154 70 154 70 154 70 154 70 153 71 153 71 153 71 153 70 154 71 152 72 152 72 151 73 151 73 151 74 150 74 150 74 150 75 149 75 149 76 148 76 148 77 147 78 146 78 146 80 144 82 142 84 140 85 138 87 137 88 136 90 133 92 132 93 131 94 130 95 129 95 129 96 128 96 128 97 127 97 127 98 126 98 126 99 125 99 125 100 124 100 124 100 124 100 124 100 124 101 124 100 124 101 123 101 123 102 122 102 122 102 122 102 122 102 122 103 121 103 121 103 121 103 121 103 122 102 122 102 122 102 122 102 122 102 122 102 122 101 123 100 124 100 125 98 126 98 126 97 127 97 128 95 129 94 130 94 130 93 132 91 133 90 134 89 136 87 137 85 139 84 141 82 142 81 144 79 145 78 147 76 148 75 150 73 151 72 152 71 154 68 156 67 158 65 159 63 161 63 161 62 163 60 164 53 171 51 173 51 173 50 175 48 176 48 176 47 177 47 178 46 178 46 178 46 178 46 178 45 180 44 180 44 180 44 181 43 181 43 182 42 182 42 183 41 184 40 184 40 185 39 185 39 186 38 187 37 187 37 188 36 189 35 190 34 191 33 191 33 191 33 192 32 193 31 194 30 195 28 198 26 199 24 201 22 203 21 205 18 211 12 215 7 219 3 1017
13091 18 203 25 195 32 190 36 186 40 184 41 181 44 180 45 179 46 177 48 176 49 175 49 174 51 173 52 171 53 171 53 170 55 169 55 169 56 168 56 168 56 167 58 166 58 166 59 164 60 164 60 164 62 162 62 161 65 159 65 158 67 157 68 155 69 155 70 153 71 153 72 151 73 151 73 150 75 149 75 149 76 148 76 148 76 148 77 147 77 147 77 147 78 145 79 145 79 145 79 145 79 144 80 144 81 142 82 142 82 141 83 140 84 140 84 139 86 138 86 137 87 137 88 136 89 134 90 134 91 133 91 133 92 111 8 13 92 109 13 10 93 106 16 8 94 104 21 5 94 104 21 3 96 103 122 101 123 101 22 5 96 100 19 11 94 100 8 28 87 101 10 27 86 103 2 2 5 27 84 142 82 143 81 143 81 144 79 146 78 146 78 146 78 147 77 147 77 147 77 147 78 147 77 147 77 148 76 148 77 148 76 148 77 147 77 147 77 147 77 147 77 147 77 147 77 146 77 147 77 146 77 146 77 147 76 148 76 148 75 149 74 152 72 152 72 153 70 155 69 155 69 155 69 156 68 156 67 158 66 158 66 158 65 160 64 161 62 163 60 165 58 167 56 169 54 171 51 174 49 175 48 177 46 178 45 180 44 181 42 182 42 183 41 183 40 185 39 185 38 186 38 187 36 188 35 189 34 190 33 191 31 193 30 194 29 195 28 196 27 198 26 198 25 200 23 201 22 203 20 204 19 206 17 208 15 210 13 215 6 1676
6748 7 213 15 207 21 201 27 196 34 189 39 184 44 17 3 159 52 3 17 152 75 148 79 144 82 141 84 139 87 136 88 135 90 133 92 131 94 130 94 128 97 127 97 126 99 124 100 123 101 123 101 122 103 121 103 120 104 120 104 120 105 119 105 119 105 119 105 120 105 119 105 120 104 121 103 121 104 121 103 123 103 122 103 123 104 122 1 3 100 126 101 124 102 122 105 120 106 118 111 112 114 110 115 109 118 106 120 104 122 102 123 100 125 99 126 98 127 97 128 96 128 96 133 91 136 3 4 81 146 78 147 77 148 75 149 76 150 74 153 71 159 65 162 63 163 61 165 60 165 59 166 58 167 57 168 56 169 55 170 54 171 53 171 53 172 52 173 51 187 37 188 36 190 33 195 29 200 24 202 21 204 20 205 19 205 18 207 17 207 16 208 16 208 16 208 15 209 15 209 15 209 14 210 14 210 14 210 13 211 13 211 13 211 13 211 13 211 13 211 13 211 13 211 13 211 13 211 13 211 13 211 13 210 14 209 15 207 17 206 18 162 13 28 21 160 22 16 26 157 67 155 69 153 71 151 73 149 75 148 75 147 77 144 79 143 81 142 81 142 82 141 83 140 83 141 83 140 83 141 83 140 84 140 83 140 84 112 7 20 85 108 15 14 87 106 20 9 89 105 119 105 119 104 120 104 120 103 122 102 122 102 122 102 123 100 125 99 126 98 127 97 129 95 132 92 137 44 4 39 151 29 5 39 170 9 7 38 174 2 10 38 187 37 187 37 186 38 186 38 185 39 184 40 183 41 183 40 182 42 181 43 180 43 180 44 179 45 177 46 177 46 177 46 176 47 176 47 175 48 175 48 174 49 174 49 174 49 173 49 174 49 174 48 175 47 176 46 177 46 177 45 178 45 178 44 180 42 182 40 184 40 185 38 147
9976 2 1 3 215 19 204 26 196 33 190 39 184 42 181 44 180 45 178 47 177 48 176 49 174 51 172 52 172 53 170 54 170 54 169 55 170 54 169 55 170 54 170 54 170 53 171 53 171 53 171 53 171 53 170 54 170 54 170 52 171 52 171 52 172 52 171 52 171 53 169 54 170 54 168 54 169 54 168 55 168 56 167 56 166 58 165 58 165 59 163 60 163 61 162 61 162 61 162 56 166 55 168 55 168 55 168 55 168 55 168 56 167 57 166 57 165 59 163 61 162 61 162 62 161 63 160 64 159 65 158 66 157 68 155 70 152 72 149 75 148 76 146 79 144 79 144 81 142 82 141 83 139 85 138 85 138 86 137 87 136 87 136 88 135 88 135 89 134 90 133 90 133 91 132 92 131 92 130 94 130 93 130 94 129 94 128 96 127 96 128 95 128 95 128 95 129 94 129 95 129 94 129 94 130 94 129 95 129 94 130 94 129 95 129 95 128 96 128 96 127 97 127 97 126 98 126 98 126 71 1 26 125 67 9 23 125 65 11 23 124 64 14 22 124 64 14 22 124 63 15 22 124 63 16 21 124 62 17 21 124 62 17 21 124 62 17 21 123 62 18 21 123 62 19 20 122 62 20 20 122 62 20 21 121 62 20 21 120 63 20 21 120 63 20 21 120 63 21 20 120 63 21 20 120 63 21 20 120 63 21 20 120 62 22 20 121 61 22 20 122 59 23 19 124 58 23 19 126 55 25 18 127 54 25 18 128 52 26 18 129 50 27 18 130 48 28 18 130 47 29 18 132 43 31 18 133 41 32 18 136 36 34 19 138 32 35 20 141 13 8 5 38 19 205 20 205 20 204 20 205 20 205 19 205 19 206 17 208 16 209 14 212 11 214 8 220 1 4365
40 3 220 7 216 9 214 12 212 13 210 15 209 17 207 18 206 20 204 21 203 22 202 23 201 25 199 27 197 28 196 30 194 32 192 34 20 19 151 36 12 31 145 86 138 89 135 91 133 93 18 2 111 95 12 9 108 97 7 13 107 118 106 118 106 119 105 119 105 119 105 119 105 120 105 119 105 119 105 118 106 118 106 118 107 117 107 117 107 117 108 116 108 116 109 115 109 115 110 115 110 114 110 114 110 115 109 115 109 116 108 117 107 117 107 118 105 119 105 120 104 120 103 122 102 122 101 123 101 124 99 125 98 127 97 127 96 128 96 129 94 130 94 130 94 130 93 132 92 132 91 134 90 134 90 135 89 135 89 136 87 137 88 137 87 137 87 137 87 138 87 137 87 138 86 138 86 139 85 140 84 140 84 141 83 142 82 143 81 144 80 145 79 146 78 148 76 149 75 150 74 152 72 153 71 154 70 156 68 156 69 157 67 157 67 159 65 159 65 161 63 161 64 162 62 162 62 164 60 164 60 166 58 166 57 168 56 169 55 169 54 171 52 173 50 174 48 177 47 177 46 179 44 180 43 182 41 183 40 185 38 186 36 189 33 191 32 192 30 195 28 196 26 198 25 200 23 201 22 203 21 203 20 204 20 204 19 206 18 206 17 207 17 207 17 208 17 207 17 207 18 206 21 204 21 203 22 202 22 202 22 203 21 203 21 203 21 203 21 204 20 204 20 204 19 206 18 206 18 206 20 204 21 203 22 203 22 202 23 201 23 202 22 202 22 202 23 201 23 201 23 201 23 201 23 201 23 202 23 201 23 16 4 181 25 11 8 180 26 9 10 179 31 2 14 177 48 176 49 175 49 175 50 174 50 174 51 172 53 171 54 170 54 170 54 170 55 169 55 169 55 168 57 167 57 167 57 166 59 165 59 165 59 165 60 164 60 164 60 164 60 163 62 162 62 162 62 162 62 162 62 161 63 161 64 160 64 160 64 160 65 159 65 158 67 157 67 157 67 157 67 157 67 157 67 157 67 157 68 156 69 155 69 154 70 154 8
5240 6 216 10 213 13 210 15 208 17 206 19 204 21 202 23 201 24 199 26 197 27 195 30 192 33 189 35 187 38 184 40 184 41 182 43 180 45 179 46 177 48 176 49 175 49 175 50 175 49 175 50 174 51 173 53 171 54 171 54 170 54 170 55 169 56 168 56 168 57 167 57 167 57 167 58 167 57 167 58 166 58 165 59 166 59 165 59 165 59 165 59 165 60 164 60 164 60 164 60 164 61 164 73 151 74 150 74 150 75 149 75 149 75 149 75 149 75 149 75 149 75 150 73 151 74 150 74 150 74 150 74 151 73 151 73 151 73 151 74 151 73 151 73 151 73 151 74 150 74 150 74 150 74 150 74 150 74 150 75 149 75 149 75 149 75 149 75 149 75 148 76 148 76 148 76 148 76 148 76 148 76 148 77 147 77 147 77 147 77 147 77 147 77 147 78 147 77 147 78 146 78 146 79 145 79 145 79 145 79 145 79 146 78 146 78 146 77 147 76 149 74 150 74 151 72 152 72 152 71 154 70 154 70 155 69 155 68 156 68 157 67 157 66 159 65 159 65 160 64 160 63 162 62 162 62 162 62 163 60 164 60 164 60 165 59 165 59 165 58 166 58 167 57 167 57 167 56 168 56 168 27 1 1 3 24 168 20 16 19 169 20 18 17 169 19 19 17 170 17 21 15 171 17 21 15 171 17 21 15 171 17 21 14 173 15 22 14 173 15 22 14 173 15 22 14 173 15 22 14 173 15 22 13 174 15 22 13 174 14 23 13 175 13 23 13 175 13 23 14 174 13 23 14 174 13 23 14 174 13 23 15 173 13 24 14 173 13 23 15 174 12 24 14 174 12 23 16 173 13 23 15 173 13 22 17 172 13 23 16 171 14 23 17 170 14 22 18 170 15 21 18 170 15 21 18 170 15 21 18 170 15 22 17 169 17 21 17 169 17 21 17 169 17 23 14 170 17 25 12 171 16 28 8 172 15 33 2 174 15 210 14 211 12 213 10 215 9 216 6 3710
5169 6 216 11 212 13 210 16 207 18 206 20 203 22 202 23 201 25 198 27 197 28 196 30 194 30 194 32 192 33 191 34 190 35 147 7 35 36 144 11 33 37 141 14 32 39 137 17 31 40 134 19 30 44 129 21 30 47 124 23 30 50 119 25 30 52 116 26 30 54 112 28 31 54 109 30 31 56 106 31 31 57 103 33 31 59 99 35 31 62 94 37 31 95 59 39 31 101 49 42 32 104 42 46 32 107 26 3 6 50 32 109 22 61 32 111 18 62 33 114 12 65 33 117 4 69 34 190 34 190 34 189 35 189 35 188 36 188 35 189 35 188 36 188 35 189 35 188 36 188 36 187 37 187 37 187 38 185 39 185 39 184 41 183 41 182 42 182 43 180 44 180 45 179 45 179 45 178 47 177 47 177 48 177 47 177 48 177 47 178 47 178 46 180 44 181 44 182 42 183 41 185 40 188 36 188 36 189 35 190 34 190 34 191 34 191 32 193 32 193 31 193 31 193 31 194 30 194 31 192 32 192 32 192 32 192 32 192 33 191 33 192 32 192 32 193 31 193 32 193 31 194 30 194 30 194 30 195 30 195 29 195 29 196 28 197 27 198 27 197 27 197 27 198 27 197 27 197 28 196 30 195 30 194 31 193 31 193 33 191 33 191 35 190 35 189 36 188 38 186 39 185 40 184 42 182 43 181 44 129 11 40 46 113 29 36 46 110 36 32 48 105 45 26 48 103 49 24 49 100 55 20 50 97 61 16 52 92 68 12 54 87 73 10 56 83 77 7 58 80 81 4 61 75 150 71 157 64 162 59 169 52 174 48 182 7 11 20 11980
2287 6 216 10 213 12 211 13 210 15 209 15 208 16 208 16 208 16 207 18 206 18 206 18 205 19 205 19 205 20 204 20 204 20 204 21 203 21 203 22 202 23 201 23 201 24 200 25 199 26 199 25 199 27 198 31 1 1 191 41 183 45 180 46 179 47 177 49 175 51 174 52 172 54 170 57 168 58 166 60 164 62 162 64 35 14 111 65 30 39 89 68 24 45 87 70 18 50 86 72 14 53 84 75 10 55 84 78 4 59 82 142 82 143 80 145 79 145 78 146 77 147 77 147 76 149 75 149 75 149 75 149 74 150 74 149 75 149 75 149 75 148 76 148 76 147 77 147 77 146 77 147 77 147 77 146 78 146 78 146 78 145 79 145 79 145 79 145 79 144 80 144 80 144 81 142 82 142 82 141 83 141 83 141 83 141 83 141 83 141 83 141 83 141 83 141 83 141 84 140 84 141 83 141 83 141 83 142 82 142 82 142 82 141 83 141 83 141 83 141 83 141 83 141 83 140 84 140 84 140 84 140 84 140 84 140 85 139 85 44 4 91 85 43 7 89 85 41 10 88 85 41 12 85 86 40 14 84 86 39 16 83 86 39 17 81 87 38 19 80 87 38 20 79 86 39 20 78 87 38 22 76 88 38 22 76 87 39 23 75 87 39 23 75 87 39 24 74 87 39 24 73 88 39 24 73 87 41 23 73 87 41 23 73 87 41 23 73 87 41 23 73 87 41 22 74 87 41 22 74 88 40 22 74 88 40 22 73 89 39 22 74 89 38 23 74 89 36 25 74 89 34 27 74 89 33 28 74 89 32 29 73 90 31 30 73 90 31 30 73 90 30 30 73 91 30 31 72 91 30 30 73 91 30 30 72 92 30 30 72 92 30 31 71 92 31 29 72 92 31 29 72 92 31 29 72 93 30 29 72 93 30 29 73 92 30 29 73 93 29 30 72 93 29 30 72 94 27 31 72 94 27 31 72 94 27 31 71 96 25 32 71 97 24 32 71 97 23 33 71 99 21 33 71 100 19 34 71 102 15 36 71 105 10 38 71 153 71 153 71 153 71 153 71 153 71 153 71 153 71 153 71 153 71 153 71 153 71 153 71 154 70 154 70 154 70 154 70 154 70 155 69 155 69 155 69 155 69 156 35 2 30 157 35 3 29 158 34 4 28 158 34 5 26 160 32 7 24 161 32 9 22 162 31 10 20 163 31 12 17 165 29 16 11 169 28 196 28 197 26 199 25 201 22 203 20 207 12 2114
1423 7 215 13 210 17 206 20 203 24 200 25 55 1 143 27 47 10 140 28 42 14 140 29 38 19 138 30 37 20 138 30 33 24 137 31 30 27 137 31 29 28 136 31 28 30 135 32 26 33 134 32 23 36 133 33 20 38 134 32 18 41 133 34 13 46 132 34 9 50 132 92 133 92 133 91 133 91 134 91 133 91 134 90 134 90 134 90 135 89 136 88 136 88 137 87 138 86 139 85 140 84 141 83 141 83 142 82 143 81 143 81 144 80 145 78 147 77 147 77 147 77 148 76 148 76 148 76 149 74 150 74 150 74 150 74 151 73 151 73 152 72 152 72 152 72 153 71 153 71 154 70 154 70 155 69 155 69 155 69 155 69 155 70 154 70 153 71 154 70 154 70 154 70 154 70 155 69 155 69 155 69 156 68 156 68 157 67 157 67 158 66 158 66 159 65 159 65 160 64 161 63 162 62 163 61 163 61 164 60 165 59 165 59 166 58 166 58 167 57 167 57 167 58 166 58 167 57 167 57 168 57 167 57 167 57 166 58 165 60 162 62 158 67 151 73 135 89 126 98 122 103 119 104 118 107 116 107 116 108 115 109 113 111 113 111 112 112 111 113 111 114 109 115 109 115 108 116 108 117 107 117 106 119 105 119 105 120 104 120 103 121 103 122 102 122 102 123 100 124 99 125 98 127 96 128 93 132 90 134 88 136 87 137 85 139 84 140 83 142 81 143 81 143 81 143 80 143 81 144 80 143 81 143 81 143 81 143 81 143 81 142 82 142 83 141 83 141 83 140 85 139 85 139 86 138 88 136 89 134 91 133 92 132 93 131 94 129 98 126 102 122 105 118 108 116 109 115 111 113 112 112 113 110 115 110 115 109 116 108 116 109 116 108 117 108 117 109 116 110 115 111 114 113 111 114 111 115 110 116 109 116 109 116 110 114 111 113 113 111 114 110 115 109 116 108 116 108 117 107 118 106 119 105 120 104 121 104 123 101 125 99 129 95 130 94 131 93 131 94 130 58 4 32 130 54 10 29 131 52 12 29 131 51 14 28 131 41 1 1 1 6 15 27 133 38 6 4 17 25 134 37 8 2 18 25 135 34 31 23 28
3834 4 220 14 210 16 208 17 208 17 208 1 1 15 79 4 126 16 70 17 123 15 63 27 119 16 58 33 119 15 54 39 116 16 50 45 114 16 42 55 112 16 36 62 110 18 32 66 108 19 30 69 107 19 28 72 105 20 26 75 104 20 24 78 101 22 23 79 101 23 20 82 98 25 17 86 96 29 10 91 93 132 92 134 89 136 87 138 86 139 84 141 83 142 81 144 80 145 79 147 77 148 76 150 75 152 72 159 66 161 63 163 61 164 59 167 57 169 54 171 53 172 52 174 49 176 47 178 45 180 44 181 42 182 41 184 40 185 38 187 37 187 37 188 36 188 36 188 36 189 35 189 35 190 33 191 33 191 32 193 30 194 30 194 29 195 29 195 28 196 28 196 27 197 27 197 26 198 25 199 25 199 25 199 24 201 23 201 22 202 22 202 22 201 22 202 22 202 22 202 22 202 21 202 22 200 24 199 25 198 25 199 25 198 26 197 27 197 27 196 28 195 30 193 31 192 33 191 33 191 34 189 35 189 36 188 37 187 38 186 38 186 39 185 40 184 41 184 40 184 40 184 41 183 41 183 42 182 42 182 42 182 43 181 43 181 43 181 43 181 44 180 44 180 44 180 44 180 44 180 45 179 45 179 46 178 46 179 45 180 45 180 45 180 44 180 45 180 45 179 46 178 46 179 46 178 46 178 46 179 45 179 46 178 46 179 45 179 46 178 46 178 46 179 46 178 46 178 47 177 47 177 48 176 48 176 49 175 50 174 51 173 51 173 52 172 52 172 53 171 53 172 52 172 52 172 52 172 52 173 51 173 51 173 51 172 52 172 52 172 53 171 53 171 53 171 53 172 52 172 52 172 52 172 51 173 51 173 51 173 51 173 51 173 51 173 51 173 51 173 51 173 51 173 51 173 52 172 52 172 52 172 52 171 54 170 54 170 54 169 56 168 56 167 58 166 58 165 60 163 61 162 63 160 64 160 64 159 66 157 67 157 67 156 69 154 70 154 71 152 19
74 19 204 21 203 21 202 23 201 23 200 24 199 25 199 26 196 28 195 29 134 3 57 30 130 11 48 35 128 16 40 41 127 18 34 45 127 20 26 51 127 22 21 55 126 24 18 56 126 26 14 58 126 29 10 60 125 31 7 61 125 100 124 100 124 102 123 102 122 105 120 106 119 107 117 109 115 111 114 112 112 116 109 117 107 121 104 123 101 129 96 130 94 132 93 133 91 135 90 136 73 3 12 137 72 3 12 139 71 1 14 139 85 140 84 142 83 141 83 143 81 144 80 145 80 146 78 149 75 151 74 153 71 157 67 162 62 169 55 174 50 183 40 191 33 208 16 210 14 211 13 212 12 212 12 212 12 212 12 212 12 212 12 212 12 212 12 212 12 212 12 212 12 212 13 211 13 211 13 211 13 211 13 211 14 210 14 210 14 210 14 210 15 209 15 209 15 209 15 209 15 209 15 209 15 209 16 208 16 208 16 208 16 208 16 208 16 208 16 208 16 208 16 208 16 208 15 209 14 210 14 210 13 211 13 211 12 212 12 212 12 212 11 213 11 213 11 213 12 212 12 212 12 212 13 211 14 210 14 210 15 209 15 209 16 208 16 208 16 25 4 179 17 22 7 178 18 21 8 177 18 20 9 177 19 19 9 177 20 17 11 176 20 17 11 176 21 15 12 176 21 15 12 176 22 14 13 175 24 11 14 175 25 10 14 175 26 9 15 174 26 9 15 174 27 7 16 174 28 6 17 173 28 5 18 173 29 3 20 172 30 1 21 172 52 172 53 171 53 171 54 170 54 170 55 169 55 169 56 168 57 167 58 166 59 165 60 164 62 162 62 162 63 161 64 160 65 159 66 158 67 157 68 156 70 154 71 153 72 152 73 151 75 149 76 148 77 147 78 146 79 145 80 144 80 144 81 143 82 142 82 142 83 141 84 140 84 140 85 139 85 139 85 139 86 138 86 138 87 137 87 137 88 136 89 135 90 134 90 134 91 133 91 133 92 132 92 132 93 131 93 131 94 130 94 130 94 130 94 130 95 129 95 129 95 129 96 128 96 128 96 128 96 128 96 128 97 127 97 127 98 126 98 126 98 126 98 126 99 125 99 125 99 125 99 125 99 125 99 125 99 125 99 125 100 124 100 124 101 123 102 122
71 40 59 36 88 43 55 39 85 46 53 41 83 48 50 44 81 50 47 47 79 52 45 49 78 53 41 53 76 56 37 57 73 58 32 62 72 59 29 65 70 63 24 67 69 67 19 70 67 74 10 73 67 158 65 159 64 160 63 162 62 162 61 163 60 164 59 166 58 166 57 168 56 168 55 170 54 170 54 171 53 172 51 173 51 173 50 174 50 174 49 175 48 176 48 176 47 177 45 179 43 181 41 183 40 184 39 185 39 185 38 186 38 186 38 186 37 187 37 187 37 187 37 187 37 187 37 187 37 187 36 188 36 188 36 188 36 188 35 189 35 189 34 190 34 190 34 190 34 190 34 190 34 190 34 190 34 190 34 190 34 190 33 191 33 191 33 191 33 191 32 192 32 192 32 192 32 192 32 192 31 193 31 193 31 193 31 193 31 193 31 193 31 193 31 193 31 193 30 194 30 194 30 194 30 194 30 194 30 194 30 194 30 194 30 194 30 194 30 194 30 194 29 195 29 195 29 195 29 195 29 195 29 195 29 195 29 195 29 195 29 195 29 195 29 195 29 195 30 194 30 194 30 194 30 194 30 194 30 194 30 194 30 194 30 194 30 194 30 194 30 194 30 194 30 194 30 194 30 194 30 194 30 194 30 194 30 194 30 194 30 194 30 194 30 194 31 193 31 193 32 192 32 192 32 192 33 191 33 191 33 191 33 191 33 191 33 191 32 192 32 192 32 192 32 192 32 192 32 192 32 192 32 192 32 192 33 191 33 191 33 191 32 192 32 192 32 192 33 191 33 191 33 191 34 190 34 190 34 190 34 190 34 190 34 190 34 190 33 191 33 191 33 191 33 191 33 191 33 191 33 191 33 191 33 191 34 190 33 191 34 190 34 190 34 190 34 190 36 188 36 188 37 187 38 186 38 186 38 186 39 185 40 184 40 184 40 184 40 184 41 183 41 183 42 182 42 182 43 181 44 180 46 178 46 178 47 177 48 176 48 176 49 175 49 175 49 175 49 175 50 174 50 174 50 174 50 174 50 174 50 174 50 174 50 174 51 173 51 173 52 172 52 171 1
14176 4 11 2 206 7 6 7 204 21 202 22 202 23 201 23 201 23 200 24 200 24 200 25 199 25 198 26 198 26 197 27 197 27 197 27 197 27 196 28 196 28 196 27 197 27 196 28 196 28 196 28 196 28 196 28 196 28 196 28 196 28 195 30 194 30 194 30 194 30 193 31 193 31 193 32 191 33 191 33 191 33 191 33 191 33 191 33 191 34 190 34 190 34 190 34 190 34 190 34 190 33 191 33 191 33 191 33 192 31 193 31 193 31 193 31 194 29 195 29 195 29 196 28 196 28 196 28 197 27 197 27 197 27 197 27 197 27 197 27 198 25 200 24 201 23 202 22 203 21 204 20 204 20 205 19 205 19 205 18 207 17 207 17 207 17 207 17 207 17 208 17 208 15 210 14 210 13 214 10 217 6 16271
6453 1 221 5 217 7 212 13 209 15 205 19 196 28 181 43 178 46 177 46 178 46 177 47 177 47 177 47 177 47 176 48 177 47 177 47 177 47 177 47 177 47 177 47 177 47 177 47 177 47 178 46 178 46 178 46 178 46 178 46 179 46 177 46 179 46 178 46 178 46 178 46 178 46 178 47 177 47 177 47 177 48 176 48 175 50 174 50 174 51 172 53 171 53 170 55 169 55 169 56 167 57 166 59 165 60 163 61 163 62 161 63 161 63 161 64 159 65 159 65 159 66 158 66 157 67 157 67 157 68 156 68 156 68 156 69 155 69 154 71 153 71 153 71 153 71 153 71 153 72 152 72 151 73 151 73 151 74 150 74 150 74 150 74 150 74 150 74 151 73 151 73 151 74 150 74 150 74 150 74 150 74 150 74 150 74 151 73 151 73 151 73 151 73 151 74 150 74 150 74 151 73 151 73 151 73 151 73 151 73 152 72 152 71 153 71 153 71 153 71 153 70 154 70 154 70 154 70 154 69 155 69 155 69 155 68 156 68 157 67 157 66 158 66 158 65 159 65 160 63 161 63 161 62 162 62 162 61 163 61 163 60 164 60 164 59 166 20 2 36 166 20 2 36 166 20 2 35 167 20 2 35 167 20 2 35 168 19 2 35 168 19 2 34 169 19 3 33 170 19 1 33 171 52 172 51 174 49 175 48 176 47 177 47 178 45 179 44 180 43 181 43 181 42 183 40 184 40 184 39 185 39 185 38 187 36 188 36 188 35 190 33 191 32 192 31 193 30 194 29 195 28 196 27 197 26 198 26 198 26 199 24 200 24 201 23 201 23 201 23 202 22 202 22 203 21 204 20 205 19 206 19 205 19 206 18 206 18 206 18 207 17 207 17 207 16 208 16 209 15 209 15 209 14 212 11 213 10 218 5 61
10824 14 205 23 199 28 194 32 191 34 189 37 186 39 185 40 183 43 180 46 178 48 175 49 174 51 173 52 171 53 170 54 169 55 168 56 167 58 166 58 165 59 164 59 165 59 164 60 164 60 164 59 165 59 165 59 164 60 164 59 165 59 165 59 164 60 164 60 164 60 164 60 163 61 163 61 162 62 162 62 161 63 161 63 160 64 159 65 159 66 157 67 156 68 156 68 155 69 153 71 152 72 152 72 151 73 151 73 151 73 151 73 150 74 150 73 150 74 149 74 149 74 149 75 148 75 148 76 147 77 146 78 145 79 144 80 144 80 143 82 141 83 141 83 140 85 138 86 138 87 136 88 135 89 135 89 134 91 132 92 132 92 131 94 129 95 129 95 128 97 127 97 126 98 125 100 124 100 123 101 123 102 121 103 120 104 120 104 119 106 117 107 116 108 115 109 115 110 113 111 111 113 111 113 111 113 111 113 111 114 110 114 110 114 110 114 110 114 110 115 109 115 109 115 109 116 108 116 108 116 108 117 107 117 107 117 107 118 106 118 106 118 106 118 106 119 105 119 105 119 105 120 104 120 104 120 104 121 103 121 103 122 102 122 102 123 101 123 101 124 100 124 100 124 100 125 99 126 98 126 98 127 97 128 96 128 96 129 95 130 94 130 94 131 93 131 93 132 92 132 92 132 92 132 92 132 92 132 92 131 94 130 94 128 98 125 102 45 6 66 114 35 11 33 11 8 177 16 3504
11798 4 218 8 214 11 212 13 142 11 55 17 138 21 46 19 136 28 38 23 133 32 32 27 131 36 26 32 129 38 22 36 127 41 18 38 126 43 16 40 123 46 14 41 122 48 12 43 120 50 9 45 120 51 7 46 119 53 5 48 118 54 3 49 117 107 117 107 117 107 117 107 117 107 117 107 117 107 117 107 118 106 118 106 118 106 118 106 118 106 119 105 119 106 118 106 118 106 118 107 117 107 117 107 117 107 117 108 116 108 116 108 117 107 117 107 117 107 117 107 118 106 118 106 118 106 119 105 119 105 120 104 120 103 121 103 122 102 122 102 122 102 122 102 123 101 123 101 124 100 124 100 125 99 125 99 126 98 126 98 127 98 126 98 127 97 128 96 128 96 129 95 129 95 130 94 131 93 132 91 134 90 135 89 136 88 137 87 138 47 1 38 139 45 2 38 141 43 2 38 141 42 2 39 142 82 143 81 143 81 144 80 145 79 145 38 1 40 146 36 3 39 146 35 5 38 147 33 7 36 148 32 9 35 149 30 13 11 5 16 149 30 29 15 150 29 32 12 151 29 34 9 152 29 36 6 153 29 195 28 195 29 195 29 194 30 193 30 194 29 194 30 194 29 195 28 196 27 197 27 197 26 198 25 199 24 200 23 202 21 203 19 206 16 209 13 11993
4372 12 206 25 6 5 181 49 172 57 165 61 160 66 155 70 152 74 149 76 146 81 143 82 141 85 138 87 135 90 132 93 129 96 127 98 124 101 122 103 120 106 117 108 115 110 114 111 112 113 111 114 110 114 110 115 108 116 108 117 107 117 107 118 106 118 106 118 105 120 104 120 104 120 104 119 104 120 105 119 105 119 105 119 105 119 105 119 105 119 105 119 106 119 105 119 105 120 104 121 103 122 101 124 100 125 99 125 99 126 98 126 99 126 98 126 98 127 97 128 96 128 96 128 96 129 95 130 94 130 94 131 93 132 92 132 92 133 91 133 92 132 92 132 92 133 91 133 92 132 92 132 92 132 92 132 92 133 91 133 91 133 92 133 91 133 90 134 90 135 89 135 89 135 89 135 88 136 88 136 88 136 87 137 87 137 86 138 85 139 84 140 83 141 81 143 80 145 78 146 77 147 76 148 75 150 73 152 72 152 71 153 70 155 69 155 68 156 67 157 66 159 65 159 64 160 63 161 62 163 60 164 59 165 58 166 57 167 56 168 55 169 54 171 52 172 52 172 51 173 50 174 50 175 48 176 47 177 47 177 46 178 45 179 45 179 44 181 42 182 41 184 39 185 38 187 36 188 36 188 35 189 35 190 33 191 33 191 33 191 33 192 32 192 32 193 30 194 30 195 28 197 26 199 24 200 24 200 24 200 24 200 25 199 25 199 26 198 26 198 28 196 28 196 30 194 30 194 32 192 33 191 36 188 37 187 38 186 39 185 40 184 40 184 42 182 42 182 35 189 35 189 35 189 36 10 4 173 38 9 6 171 39 9 10 166 39 10 12 163 40 10 11 162 42 11 11 161 41 12 11 160 43 11 12 158 43 11 1 1 10 158 45 18 2 160 47 177 48 176 48 1 1 174 52 172 52 172 53 171 54 39 2 70 1 58 54 36 9 64 5 56 55 33 13 58 1 1 7 56 64 14 24 49 19 54 66 6 31 44 24 52 106 39 30 49 107 36 32 49 108 32 37 46 110 29 40 45 112 24 45 42 114 20 51 38 116 16 55 35 118 13 59 32 8
1721 9 211 19 202 29 191 34 187 39 182 43 179 45 176 49 174 51 172 53 171 54 169 56 168 56 166 58 166 59 163 61 163 62 161 63 160 64 160 64 160 64 160 65 158 66 159 65 159 65 159 66 158 66 158 66 158 67 158 67 157 67 157 68 157 68 157 67 157 67 158 67 157 67 158 66 158 66 158 66 158 66 158 66 158 65 159 65 160 64 160 64 160 63 160 64 160 63 160 64 159 64 115 19 18 71 112 112 109 114 108 115 107 117 105 118 105 118 106 117 105 112 112 111 112 111 112 110 114 110 114 109 114 110 113 111 113 111 112 112 112 113 110 114 110 115 108 116 107 117 107 118 105 119 104 120 104 120 103 121 102 122 102 122 101 123 100 125 99 125 98 126 98 126 98 126 97 128 96 128 96 128 96 128 95 129 95 129 94 130 94 130 94 130 94 130 94 25 5 100 93 24 8 99 93 22 11 99 92 21 12 99 91 21 14 98 91 21 15 97 91 20 17 96 91 20 18 95 90 21 18 94 90 21 20 93 90 20 22 92 90 19 23 92 89 19 25 91 89 18 26 91 88 18 28 90 88 18 28 90 87 19 29 89 87 18 30 88 88 18 31 87 87 18 32 86 88 18 32 86 88 18 32 85 88 19 32 84 89 18 33 84 88 19 34 83 88 18 34 84 88 18 35 82 89 16 36 20 4 59 89 15 37 19 6 58 88 15 38 18 7 58 88 15 38 18 7 58 88 14 39 17 8 57 88 15 39 17 9 56 88 14 39 17 10 56 88 14 39 16 11 55 88 14 39 16 12 34 4 17 88 13 40 16 12 28 13 14 88 13 39 16 13 26 16 13 87 13 40 16 13 24 18 13 87 12 40 16 14 23 19 13 86 13 39 16 15 22 20 13 86 12 40 16 15 21 21 13 85 13 39 16 16 20 22 13 85 12 40 16 16 19 23 14 83 12 41 15 17 19 23 14 83 12 40 15 18 18 24 14 83 11 41 15 19 17 24 14 82 11 42 15 19 17 24 14 82 9 44 14 20 17 24 13 83 8 45 14 20 17 24 13 83 6 47 13 21 17 24 13 83 5 48 13 21 17 24 13 84 3 50 11 22 17 24 13 137 11 22 17 25 12 137 11 22 17 25 12 138 10 23 16 25 11 140 9 23 16 25 11 140 9 23 16 25 11 140 9 23 16 25 11 140 8 24 16 25 11 141 7 24 16 25 11 141 7 24 16 25 11 141 6 25 16 26 10 141 7 24 16 26 10 142 6 25 15 26 9 143 6 25 15 26 9 143 5 26 15 27 8 144 4 26 16 26 7 146 1 29 15 26 7 176 15 26 7 176 15 26 7 176 15 26 7 177 15 25 7 177 15 25 7 177 15 25 7 177 15 25 7 178 15 24 7 178 15 24 7 178 15 24 8 177 15 24 8 177 15 24 7 178 15 24 8 178 15 23 8 178 15 23 8 178 15 23 8 179 14 23 8 179 14 23 8 179 14 23 8 180 13 23 8 180 14 21 9 180 14 21 10 180 13 21 10 180 13 22 9 180 13 22 9 180 13 21 10 180 13 21 10 180 13 21 10 180 13 21 10 180 13 21 10 180 13 22 9 181 12 22 9 183 10 22 9 185 8 22 8 187 7 22 7 188 6 23 7 189 5 24 5 221 1 2973
6372 1 1 9 9 7 192 33 188 37 185 40 182 43 180 44 179 46 177 47 176 48 175 49 174 51 173 51 172 52 171 54 170 54 169 55 169 55 168 56 168 57 166 58 166 59 164 60 164 60 164 61 162 62 162 62 162 63 161 63 161 63 160 65 159 65 159 65 159 66 158 66 158 66 158 66 158 67 157 67 157 68 156 68 156 68 156 68 156 69 155 69 156 68 158 67 158 66 159 65 160 65 160 64 161 64 161 63 162 63 162 62 162 63 161 63 162 63 160 65 160 65 158 66 158 67 157 68 157 68 156 69 155 70 154 71 153 72 153 72 152 73 151 73 151 75 149 75 149 76 148 76 148 77 147 78 146 79 145 80 144 80 144 81 144 81 143 81 143 82 142 83 141 84 140 85 140 85 138 86 138 87 137 88 136 88 136 89 135 90 134 90 134 91 133 91 133 92 132 92 132 93 130 95 129 95 129 96 128 97 126 98 126 99 124 100 124 101 123 101 123 101 122 103 121 103 121 103 120 104 120 104 120 104 119 106 118 106 118 106 118 106 117 107 117 107 117 107 117 107 117 107 116 108 116 108 115 109 115 109 114 110 113 111 112 112 112 112 110 113 110 114 109 115 108 116 108 115 108 116 109 44 4 67 109 43 6 65 112 39 9 64 115 35 10 63 119 31 12 61 121 30 12 59 123 29 14 56 125 28 16 53 126 29 16 51 128 28 18 46 131 28 21 41 133 28 23 37 136 28 26 32 137 28 31 23 142 27 197 26 197 26 199 24 200 23 202 21 204 19 207 15 214 6 7973
402 1 1 1 1 13 1 1 197 31 189 42 180 47 176 49 174 51 171 55 168 62 161 63 71 6 84 64 67 11 81 66 64 15 77 68 62 18 65 79 61 20 62 81 61 21 60 70 1 11 59 24 58 71 1 11 59 24 57 72 2 10 58 26 55 73 2 10 57 27 54 74 3 9 56 29 52 75 5 7 55 30 51 76 5 7 54 32 49 77 6 5 53 35 46 79 7 4 51 37 44 81 60 40 41 83 58 43 39 84 18 12 26 45 37 86 16 18 19 49 35 88 14 21 14 52 34 89 13 25 7 57 32 90 13 89 31 91 12 91 29 92 12 91 29 92 12 92 27 93 12 92 26 94 12 93 24 95 12 94 21 97 12 95 19 98 12 96 17 99 12 99 12 101 12 103 7 102 12 106 2 104 12 212 12 213 11 213 11 213 12 212 12 213 11 213 11 213 11 213 11 213 11 213 11 213 11 213 11 213 11 213 11 213 12 212 12 213 11 213 11 214 10 214 11 213 11 214 10 215 9 215 9 216 9 216 7 217 7 217 7 217 7 217 6 218 6 218 5 219 5 219 5 218 6 218 6 218 5 218 6 218 6 218 6 218 6 218 6 217 7 217 7 217 7 217 7 217 7 217 7 217 7 217 7 217 8 215 9 215 9 214 11 213 11 212 13 211 13 210 15 208 17 207 18 205 20 204 20 203 22 202 23 200 24 200 25 198 26 198 26 198 27 197 27 196 29 195 29 194 31 193 31 193 31 193 32 192 32 193 32 192 32 192 33 192 34 190 37 187 39 184 42 182 43 181 43 136 4 40 45 134 5 40 46 132 8 38 46 131 9 38 46 131 10 37 47 129 12 36 48 127 13 36 49 125 15 34 51 123 17 32 54 120 19 31 56 116 22 29 58 113 24 28 60 111 26 26 62 108 29 25 63 105 31 24 64 103 34 23 64 100 37 22 66 98 39 20 68 96 40 20 68 95 41 20 69 93 43 18 71 91 44 18 71 89 47 17 72 87 48 17 73 85 49 17 73 84 50 17 74 82 51 16 76 80 52 16 77 78 53 16 77 77 53 17 78 74 55 17 78 74 55 17 79 72 56 17 79 71 56 18 80 69 57 18 80 69 57 18 80 68 57 20 79 68 57 20 79 68 56 21 79 67 57 21 79 67 56 22 80 66 56 22 81 64 56 23 82 63 56 22 84 62 56 22 85 61 56 22 86 60 56 22 87 58 56 23 90 14 4 37 56 23 93 8 8 35 57 22 111 34 58 21 111 33 59 20 112 33 59 19 113 32 61 17 114 32 61 16 115 31 63 14 116 31 65 10 118 30 68 4 122 29 195 29 195 28 195 29 195 28 196 28 195 28 196 28 195 29 194 29 194 30 194 29 194 30 193 30 194 29 194 30 194 29 194 30 194 29 194 29 195 29 195 28 196 28 196 27 198 25 199 24 201 22 202 21 204 18 207 15 211 9 216 4 1037
2781 17 200 26 193 34 183 46 28 13 133 56 18 19 129 63 8 26 125 102 120 106 116 116 106 121 101 125 97 131 91 146 76 161 61 170 53 172 51 175 47 177 46 179 44 180 43 181 42 182 41 183 40 184 39 185 39 185 38 186 37 187 36 188 36 188 35 189 34 190 34 190 33 191 32 192 31 193 30 194 29 195 28 196 26 198 25 199 24 200 24 200 23 201 22 202 22 202 22 202 21 203 21 203 21 203 21 203 20 204 20 204 20 204 20 204 20 204 20 204 19 205 19 205 19 205 19 205 19 205 19 205 19 205 19 205 19 205 20 204 20 204 20 204 20 204 20 204 20 204 21 203 21 203 21 203 22 202 22 202 22 202 23 201 23 201 24 200 24 200 25 199 25 199 26 198 26 198 27 197 27 197 28 196 29 195 29 195 30 194 31 193 32 192 32 192 33 190 35 189 36 187 38 185 41 183 45 178 50 173 53 170 55 169 56 167 57 167 58 165 59 165 60 164 60 164 60 163 61 163 62 161 63 161 64 159 65 158 66 156 69 154 71 152 72 151 74 149 75 149 76 142 83 140 84 139 86 138 86 138 87 137 87 137 88 136 88 136 88 136 89 134 90 134 91 133 91 133 91 133 92 133 91 133 91 133 92 132 92 132 92 132 92 133 91 133 91 133 92 132 92 132 92 132 92 132 93 131 93 132 92 131 93 132 92 131 93 131 93 131 93 131 93 72 2 56 94 69 6 55 95 65 10 54 95 64 11 54 95 62 14 52 96 61 15 52 96 58 18 51 97 57 19 51 97 55 21 50 98 54 22 50 98 53 23 50 98 53 23 49 99 53 23 49 99 52 24 49 99 52 23 50 99 52 23 50 99 52 23 50 100 51 23 50 100 51 22 51 100 51 22 51 100 51 22 51 100 51 22 51 100 51 21 51 101 51 21 51 100 52 21 51 100 53 20 51 100 53 20 51 100 53 19 52 100 52 20 52 100 52 20 52 100 53 19 51 101 53 19 51 101 53 19 51 101 53 19 51 102 51 20 51 102 51 20 50 103 50 22 49 104 47 25 47 106 43 29 45 107 41 31 43 110 38 35 40 112 34 39 37 115 29 46 32 120 24 50 28 129 14 56 21 206 13 1845
3456 6 206 25 194 32 189 37 185 40 182 45 176 51 170 58 164 62 159 67 156 69 153 73 149 76 147 78 145 79 143 82 142 82 141 84 140 85 138 86 138 87 136 89 135 89 134 91 132 93 130 95 129 96 127 98 125 100 123 102 121 104 119 106 117 107 117 108 115 110 113 111 113 112 111 113 111 114 109 115 109 116 108 116 107 117 107 118 106 118 106 118 106 118 105 120 104 120 104 120 104 121 104 121 103 123 102 123 101 124 100 124 101 123 101 123 101 124 101 122 102 122 102 122 102 122 102 123 101 123 101 123 102 122 102 123 101 123 102 122 102 122 102 123 101 123 102 122 102 122 102 123 101 123 102 122 102 122 103 122 102 122 103 122 102 122 102 122 103 121 103 121 103 121 104 121 103 121 103 121 103 121 104 120 104 120 104 120 104 120 104 121 103 121 104 120 104 120 104 120 104 120 103 121 103 121 104 120 104 120 104 120 104 120 104 120 104 120 104 120 104 120 105 119 105 119 106 118 106 118 106 117 108 116 108 116 109 115 109 115 109 115 110 114 110 114 110 113 112 112 112 112 112 112 112 112 112 112 112 112 112 112 113 110 114 110 114 110 114 109 116 108 116 108 117 106 118 106 119 104 120 104 120 103 122 102 122 102 122 101 124 100 124 99 125 99 125 98 127 96 128 96 128 96 128 95 129 95 129 95 129 95 129 95 129 94 130 94 130 94 130 93 132 92 132 92 133 91 134 90 134 90 134 30 12 48 134 29 15 46 134 28 17 45 134 27 19 44 134 27 19 43 135 26 21 42 134 27 21 42 134 26 23 40 134 26 24 40 133 27 24 40 132 27 25 39 133 27 28 36 132 27 30 34 132 28 30 34 131 28 32 33 131 28 32 32 132 27 33 32 131 28 33 32 131 28 33 31 132 27 34 31 132 27 34 31 132 26 35 30 133 26 35 30 133 25 35 30 134 24 36 30 135 21 38 29 137 18 40 28 140 13 42 29 142 1 1 3 48 28 196 28 196 28 195 29 195 29 195 29 195 29 195 29 195 29 195 29 195 29 195 29 196 27 197 27 198 25 83
4361 2 1 1 1 1 1 14 198 31 7 5 178 47 176 48 174 50 172 53 169 56 166 58 163 62 159 66 156 69 153 72 149 76 147 78 144 80 143 81 142 83 139 87 136 89 134 91 132 93 131 95 128 97 126 99 125 100 123 101 122 103 119 106 117 107 115 110 112 112 110 115 106 118 103 122 100 124 99 125 98 126 97 128 95 129 93 131 92 132 91 133 90 134 89 135 89 135 89 135 89 135 88 136 87 137 87 138 86 138 85 139 84 140 83 142 81 143 81 143 80 145 79 145 79 145 79 146 78 146 78 147 76 148 76 149 75 149 74 151 73 151 72 153 71 153 71 153 71 154 69 155 69 155 69 155 68 156 68 156 68 156 67 158 66 158 66 158 65 159 65 159 65 159 65 159 64 160 64 161 63 161 63 161 63 161 62 162 62 162 62 163 61 163 61 163 61 163 61 163 61 163 61 163 61 163 61 163 61 163 61 162 62 162 62 162 62 161 64 159 65 159 66 157 67 156 68 156 68 155 70 154 70 153 71 153 71 153 71 153 71 153 72 152 72 152 72 152 72 153 71 153 72 152 72 153 72 152 72 152 73 151 74 151 73 151 75 150 74 150 75 149 76 148 76 149 76 149 76 148 76 149 76 149 75 149 76 149 75 149 75 150 75 150 74 151 73 151 73 152 72 153 70 154 70 154 70 154 70 154 70 154 70 154 70 154 70 154 70 154 70 154 70 153 71 153 72 151 73 150 74 150 74 148 77 146 78 144 81 141 83 139 85 138 87 135 89 132 93 129 95 127 98 126 98 125 100 123 102 122 102 121 104 120 104 119 106 118 107 117 109 114 111 113 113 31 1 78 116 25 9 49 1 24 120 19 12 45 7 20 123 15 15 42 10 19 127 7 20 40 13 16 156 38 16 13 159 33 22 9 162 29 27 3 167 23 205 13 2799
32 19 205 20 203 21 202 23 201 23 200 24 200 24 200 24 200 24 199 26 198 26 198 27 196 30 36 5 153 33 29 12 149 40 22 14 148 42 18 17 146 45 14 20 145 47 11 21 144 50 7 24 143 81 142 83 31 4 106 83 28 9 104 85 25 12 102 87 10 3 8 15 100 126 98 126 98 127 96 129 95 130 94 130 94 131 92 132 92 133 91 133 90 135 89 136 88 137 87 137 86 139 85 140 84 141 83 142 82 143 80 145 79 146 78 146 78 147 77 147 77 149 75 149 75 150 74 150 74 151 73 152 72 153 71 153 71 154 70 155 69 156 68 157 66 159 65 160 64 162 62 162 62 164 60 164 59 167 57 167 57 169 55 170 53 172 52 174 50 176 48 178 46 180 43 182 42 183 41 185 39 187 37 188 36 189 35 190 34 191 33 192 31 194 30 195 29 196 28 197 27 198 26 199 25 200 24 201 23 202 22 204 20 205 19 205 19 207 17 208 16 132 11 66 15 126 20 63 15 118 30 62 13 116 34 61 13 114 37 61 12 113 38 61 12 112 40 24 3 33 12 111 41 23 6 32 11 110 43 21 8 30 12 109 44 21 9 29 12 107 47 19 11 28 12 105 49 19 12 26 13 104 51 18 13 23 15 103 52 18 15 19 17 102 54 16 18 14 20 101 56 15 21 8 23 100 57 14 53 100 59 12 53 100 61 8 55 100 123 100 124 101 123 101 123 101 123 101 123 101 123 101 123 101 123 102 122 102 122 102 122 102 122 102 122 102 122 38 12 51 123 38 23 40 123 37 27 37 123 37 28 36 123 36 30 35 123 36 30 35 123 36 30 34 124 36 30 34 124 36 30 34 125 35 30 33 126 34 30 34 126 34 30 33 127 34 30 33 127 34 29 33 129 32 30 33 129 32 29 33 130 32 29 32 131 32 29 32 132 31 28 32 133 31 28 32 133 30 29 31 134 30 29 31 134 30 28 31 135 30 28 31 135 30 27 32 135 30 27 31 136 31 26 31 136 31 25 31 137 31 25 31 137 31 24 32 137 31 24 31 138 31 23 32 138 31 23 32 138 31 22 33 138 31 22 32 139 31 22 32 139 31 21 33 139 31 21 32 140 31 21 32 140 31 21 32 140 31 21 31 141 31 21 31 141 30 22 31 141 30 22 30 143 29 22 30 143 28 24 28 145 26 25 27 146 25 27 26 147 23 28 25 149 21 30 23 152 17 33 21 154 13 37 18 159 6 43 14 212 10 8652
3927 4 216 12 209 17 200 28 189 37 185 40 182 43 180 45 178 46 177 48 175 50 173 51 172 52 170 54 169 56 167 57 166 58 164 61 162 62 161 64 160 64 159 66 157 67 156 69 154 70 152 72 152 73 150 74 149 75 148 77 146 78 145 80 144 80 143 81 142 83 141 83 140 85 138 86 138 87 137 88 136 88 136 88 136 88 136 89 135 89 135 90 134 90 133 91 133 91 132 93 131 93 131 93 131 93 131 93 131 93 131 93 130 94 130 94 130 94 130 93 131 93 131 93 130 94 130 94 130 94 129 95 129 95 128 97 127 97 127 97 127 97 126 99 125 99 125 99 125 99 124 100 124 100 124 101 123 101 122 102 122 103 120 104 119 105 118 107 117 107 115 110 114 110 112 112 112 112 111 113 110 115 109 115 108 116 108 116 108 117 106 118 105 119 105 120 103 120 104 121 102 122 102 122 101 123 101 123 101 123 100 124 100 124 100 124 100 124 100 125 99 125 98 126 98 126 98 126 98 127 96 128 96 128 95 130 94 130 93 132 92 132 92 132 91 134 90 134 90 134 90 135 89 135 89 136 87 137 87 137 87 138 86 138 86 138 86 139 85 139 85 139 84 140 84 141 83 141 83 142 81 143 82 143 81 143 81 144 80 144 81 145 80 145 79 147 78 147 78 147 79 144 81 143 82 141 84 137 88 125 101 94 1 23 107 91 6 19 111 87 10 15 113 85 13 12 116 82 143 80 146 78 147 76 150 73 153 71 156 67 163 61 168 13 8 34 171 7 14 32 194 30 198 26 201 22 204 20 205 19 206 17 208 16 208 16 208 15 209 15 210 13 211 13 212 11 213 10 218 5 5255
12191 7 215 19 201 27 195 30 193 32 191 33 190 34 188 36 187 37 186 36 188 36 187 37 187 37 187 36 187 37 187 37 187 37 187 36 188 36 188 36 188 37 187 37 187 37 187 38 185 38 187 38 185 39 185 39 185 39 185 40 184 40 184 41 183 42 182 42 183 42 182 43 181 43 181 44 180 44 180 45 179 45 179 45 179 46 178 46 178 47 177 47 177 48 176 48 176 49 175 49 175 49 176 49 175 49 176 48 176 48 177 47 178 47 177 46 179 45 180 44 181 43 182 42 188 36 192 32 193 30 196 28 199 24 202 20 217 4 22727
1275 6 216 10 213 12 211 15 207 20 203 24 200 25 198 27 196 28 147 5 43 30 145 8 40 31 143 11 38 33 127 26 37 34 124 30 35 36 121 33 33 37 117 39 29 40 114 42 26 42 112 46 22 44 112 48 18 47 111 51 13 49 110 55 5 54 110 115 109 115 109 115 109 115 109 115 110 114 110 115 109 115 108 117 107 118 106 118 106 119 105 119 104 120 104 121 103 122 103 121 103 122 101 123 101 123 100 125 98 126 98 126 97 127 97 128 95 129 95 129 95 129 94 131 93 131 92 133 91 133 91 134 89 135 88 137 87 137 86 139 84 140 84 141 82 143 81 143 80 145 79 145 78 146 78 146 77 148 76 148 75 149 75 149 74 150 74 150 74 151 72 152 71 154 70 154 69 155 68 157 67 157 66 158 65 160 64 160 63 161 63 161 62 162 61 163 61 163 60 164 60 164 59 165 58 166 58 165 59 165 58 166 58 166 57 167 57 167 56 168 55 169 55 168 56 168 56 168 56 168 56 168 56 167 57 167 56 168 56 167 57 167 57 167 57 166 58 165 58 166 58 166 58 165 59 165 59 165 58 166 58 166 57 166 58 166 57 167 57 167 56 168 55 168 55 169 55 168 55 169 55 169 54 170 54 170 53 170 54 171 53 170 53 171 53 171 53 171 53 171 53 171 53 170 54 170 53 171 53 170 54 170 54 169 55 169 55 169 55 169 55 169 55 169 54 170 54 170 54 171 53 171 53 172 52 172 52 172 52 172 51 172 52 172 52 171 53 171 53 171 53 170 54 170 54 170 54 170 54 169 54 170 54 170 54 170 53 170 54 170 54 170 53 170 53 171 53 171 52 172 52 172 51 172 52 172 51 173 51 172 52 172 52 172 52 172 52 172 52 172 52 172 52 172 51 172 52 172 52 172 52 172 52 172 52 172 52 172 52 172 52 171 53 170 54 169 56 168 56 167 57 167 57 166 58 166 58 165 59 164 60 163 61 162 62 162 62 161 63 160 64 159 65 159 65 158 66 158 67 156 70 153 58
6323 1 219 10 213 14 209 16 208 18 206 19 205 20 204 21 203 22 202 23 201 24 199 25 200 25 199 26 198 26 199 25 199 26 198 26 198 27 198 26 198 27 197 28 197 28 196 28 196 30 194 30 194 31 193 32 192 32 192 33 191 33 191 33 190 35 188 36 186 38 185 40 144 5 34 42 142 9 29 44 141 13 23 48 139 16 19 51 138 18 13 56 137 22 5 60 137 88 136 89 135 90 134 90 134 91 133 92 132 92 132 93 131 94 130 94 130 94 130 95 129 95 129 96 128 96 128 97 127 97 127 98 126 98 126 98 126 99 125 99 125 99 125 99 126 99 125 99 127 97 128 96 130 94 132 92 133 92 133 91 133 91 134 90 135 89 135 89 136 88 136 88 137 87 137 88 136 88 136 88 136 88 136 88 136 88 136 88 136 88 136 88 136 89 135 89 135 89 135 89 135 89 135 89 135 90 134 90 132 92 131 93 129 95 127 97 126 98 125 99 124 100 123 101 122 102 121 102 122 102 122 102 121 103 121 103 121 103 121 103 121 103 121 103 121 103 121 103 121 103 121 103 121 103 122 102 122 102 122 102 122 102 122 101 123 101 124 100 124 100 123 101 123 100 125 99 125 99 125 99 125 99 125 99 126 97 127 97 127 97 127 97 127 97 128 95 129 95 129 95 129 95 129 94 129 95 129 94 130 93 131 92 132 91 132 91 134 89 134 90 134 90 134 90 134 90 134 90 134 91 133 91 133 91 133 92 132 92 132 92 131 93 132 92 131 92 132 92 132 92 132 91 133 91 133 90 135 88 136 88 137 86 138 85 139 84 141 83 141 83 141 82 143 81 143 80 144 80 144 80 144 80 145 78 146 78 146 78 146 77 147 77 145 79 145 79 145 78 147 77 147 77 148 76 142
2549 20 196 46 174 53 169 57 165 61 161 69 154 75 147 80 143 84 139 88 134 91 133 93 130 95 128 97 127 98 125 100 124 101 122 104 15 3 102 106 9 10 99 127 96 129 95 131 92 132 92 133 91 134 90 135 88 137 87 138 86 138 85 140 84 141 83 141 82 143 81 143 81 143 80 145 79 145 79 145 79 146 78 146 78 147 77 147 77 148 76 148 76 148 75 150 74 150 74 150 73 152 70 155 67 159 63 163 58 169 52 176 46 182 40 190 31 194 28 197 26 198 24 200 23 201 21 203 20 204 19 205 18 206 18 206 17 207 17 207 16 208 16 208 16 208 16 208 16 208 16 208 16 208 17 207 17 207 17 207 17 207 18 206 18 206 18 206 18 206 18 206 19 205 19 205 20 204 20 204 20 204 22 202 22 202 23 201 24 200 25 199 26 198 27 197 28 196 31 193 33 191 35 189 37 187 38 186 39 185 40 184 40 184 40 184 40 184 40 184 40 184 39 185 39 185 39 185 39 185 40 184 40 184 41 183 42 182 42 182 43 181 44 180 44 180 45 179 46 178 47 177 48 176 50 174 51 173 52 172 52 172 53 171 53 171 54 170 54 170 54 170 55 169 56 168 57 167 58 166 59 165 59 165 59 165 60 164 60 164 60 164 60 164 60 164 60 164 60 164 60 164 59 165 59 165 58 166 58 166 58 166 57 167 57 167 58 166 58 166 59 165 60 164 61 163 63 161 64 160 65 159 66 158 66 158 66 158 67 157 68 156 68 156 69 155 70 154 71 153 72 152 72 152 73 151 74 150 74 150 74 150 74 150 74 150 74 150 74 150 74 150 74 150 74 150 74 150 75 149 75 149 75 149 75 149 76 148 76 148 76 148 76 148 77 147 77 147 77 147 77 147 78 146 77 147 77 147 77 147 78 146 78 146 78 146 78 146 79 145 78 146 79 145 79 145 80 144 80 144
5053 8 213 13 198 28 192 33 189 37 184 41 181 56 1 1 1 1 163 63 160 66 157 68 155 69 154 70 153 71 153 70 153 71 152 71 152 71 152 70 152 71 152 70 153 69 154 69 154 69 154 69 154 69 155 69 154 69 154 70 152 72 151 73 150 73 149 76 146 77 146 79 144 80 142 82 141 83 140 84 139 85 138 86 137 87 137 87 135 89 134 90 132 92 130 94 127 96 126 98 123 101 122 102 120 104 119 104 119 105 117 107 116 107 116 108 115 109 114 110 113 110 113 111 113 111 112 112 111 113 111 113 110 113 111 113 110 114 110 114 109 115 109 114 110 114 109 114 110 113 111 112 111 111 113 100 124 99 125 98 125 99 125 99 125 98 126 98 126 98 126 97 126 98 126 98 125 99 125 98 126 98 125 99 125 99 124 99 125 99 125 99 125 99 124 100 124 99 125 99 125 99 125 98 125 99 125 99 125 98 126 98 126 98 127 96 127 97 128 96 128 95 129 95 129 95 129 94 130 94 130 94 131 92 132 92 132 92 132 92 132 92 132 91 133 91 134 90 134 90 134 90 135 89 135 89 135 89 135 89 136 88 136 88 136 88 136 88 136 88 137 87 137 87 137 87 138 86 137 87 137 87 137 86 138 86 137 87 137 87 137 87 137 87 137 87 137 87 137 86 138 87 137 87 137 87 137 87 137 87 137 87 138 86 138 86 139 86 138 87 137 92 2 8 122 104 121 105 119 105 120 105 119 105 119 105 119 106 120 104 120 104 121 103 121 103 122 101 124 100 125 99 127 96 130 93 132 91 136 87 141 83 149 74 154 68 165 1 1 55 175 47 180 20 1 7 201 10 4163
19413 10 212 15 207 21 202 24 200 26 197 27 196 30 194 31 192 33 191 33 190 35 189 35 188 37 187 37 186 38 186 38 186 39 185 39 185 40 183 41 183 41 183 42 182 42 182 42 183 41 183 41 183 41 185 39 186 37 188 36 188 36 188 35 190 33 191 33 191 32 193 31 193 31 193 30 194 31 193 31 193 31 192 32 192 32 191 34 190 34 189 35 189 36 187 37 187 37 186 38 186 39 185 39 184 40 184 41 183 41 183 41 182 43 181 43 181 43 180 45 179 46 178 46 177 47 177 48 176 48 176 49 175 49 175 49 175 50 174 50 174 51 173 51 172 52 172 53 171 53 171 53 171 54 170 54 170 54 170 55 169 55 170 54 170 55 169 55 169 55 169 55 169 56 168 56 168 56 168 57 167 57 168 56 167 58 167 57 167 58 166 58 166 59 165 59 165 60 165 59 165 59 165 59 165 60 164 60 164 60 165 60 164 60 164 60 164 61 163 61 163 61 164 60 164 59 165 59 165 59 165 58 166 58 166 58 166 58 166 57 166 58 166 58 166 57 167 58 165 59 165 58 166 58 166 58 165 60 164 60 164 60 163 61 163 61 162 62 163 61 164 59 165 58 167 57 30
9489 5 217 10 213 13 211 15 208 18 206 19 37 7 160 22 32 12 158 24 29 15 156 26 25 18 155 27 23 20 153 30 20 21 153 33 15 23 153 40 1 31 151 73 151 73 151 73 150 74 150 74 149 76 148 76 147 77 146 78 145 79 144 80 144 81 142 82 142 83 140 84 140 84 140 85 138 86 138 86 137 87 137 87 136 89 135 89 135 89 134 90 134 91 132 92 132 92 131 94 130 94 130 94 129 95 129 95 128 97 127 97 127 97 126 98 126 99 125 99 124 100 124 101 123 102 122 102 122 103 121 103 121 104 119 105 119 105 119 105 119 106 118 106 117 107 117 108 116 108 116 108 115 109 115 110 114 110 114 110 114 110 114 110 114 110 114 111 113 111 113 111 112 112 112 112 112 113 110 114 109 115 108 116 108 117 106 118 105 119 105 118 106 118 105 119 105 119 105 119 104 119 105 119 105 119 105 119 104 120 104 120 104 120 104 120 103 121 103 121 103 121 104 120 104 120 104 120 104 121 103 121 103 122 102 122 102 122 102 123 101 123 101 123 101 124 100 124 99 125 99 125 99 125 99 125 98 126 98 126 98 126 97 127 97 127 97 127 96 128 96 128 96 128 96 128 95 129 95 129 95 129 95 128 95 129 95 128 96 128 96 128 96 128 96 127 96 128 96 128 96 128 96 127 97 127 97 126 99 125 99 124 100 124 100 124 100 123 101 123 101 123 101 122 101 123 101 123 102 121 103 121 103 120 104 119 106 118 106 117 108 116 108 115 109 115 110 114 110 113 111 113 112 112 112 112 112 112 113 110 115 109 115 109 117 106 118 106 118 106 118 106 119 104 121 102 123 101 125 98 75
2048 6 216 10 212 13 210 15 209 16 207 18 206 19 204 21 203 22 202 23 201 23 201 25 33 8 158 26 29 12 156 29 25 15 155 32 18 20 154 70 154 71 153 71 153 70 154 70 154 70 153 71 153 70 154 70 154 70 154 70 154 69 155 69 155 69 154 70 154 69 155 69 155 68 156 68 156 68 156 67 157 67 157 66 158 66 158 66 158 65 158 66 158 65 159 65 159 64 160 64 161 63 161 63 161 63 161 63 161 63 161 63 161 63 161 64 160 64 161 64 160 65 159 66 158 67 158 68 156 71 153 75 149 81 144 86 138 89 135 92 132 94 130 96 128 98 126 100 125 100 124 102 122 103 121 104 120 105 119 107 117 108 116 109 115 110 114 111 113 112 112 112 112 113 111 114 110 115 109 116 108 117 107 118 106 119 105 120 104 121 103 122 102 122 102 123 101 123 101 124 100 124 101 124 100 124 100 125 99 125 99 126 99 125 99 126 98 126 98 127 98 126 98 127 97 127 97 128 96 128 96 129 96 128 96 129 95 129 95 130 94 130 94 131 93 131 94 131 93 131 93 132 92 132 93 132 92 132 92 132 92 133 91 133 91 133 91 133 91 133 90 135 89 135 89 135 88 136 88 137 87 137 87 137 86 138 86 139 85 139 85 139 84 140 84 140 84 141 83 141 82 142 82 142 82 142 82 143 81 143 80 144 80 145 79 145 79 50 1 94 79 48 5 93 77 48 7 92 77 47 8 93 76 46 10 92 75 46 11 93 74 46 11 94 73 45 12 95 71 46 12 96 70 45 13 98 67 46 13 100 64 47 12 103 61 47 12 106 57 48 12 110 51 51 10 115 45 54 9 124 35 55 9 141 1 5 13 54 9 150 10 55 9 151 8 55 9 152 8 54 10 152 8 54 10 152 8 53 11 152 8 53 11 152 8 52 12 152 8 51 13 152 8 51 13 152 9 49 15 151 10 48 16 150 12 44 21 147 30 26 28 140 32 22 47 123 34 18 60 112 38 10 80 23 17 55 139 3 30 52 179 27 9 1 1 5 187 15 1 1 5399
3030 22 199 28 195 31 190 36 186 39 184 42 181 44 178 48 175 50 174 50 173 52 172 53 171 53 170 54 170 54 170 55 169 55 168 56 168 56 168 57 167 57 167 57 167 57 167 57 166 58 166 58 166 58 166 58 166 58 165 59 165 60 164 60 164 60 164 60 164 60 164 59 164 61 163 60 164 61 163 61 163 60 164 60 165 59 165 59 166 57 167 57 167 56 168 56 168 56 168 55 168 55 168 55 158 65 154 69 154 68 153 70 152 72 151 72 150 74 149 75 148 76 147 77 147 77 146 78 146 78 145 79 145 79 144 81 143 81 142 82 142 82 141 84 140 84 140 85 138 86 138 87 137 87 136 88 136 88 135 90 134 90 134 90 134 90 134 91 133 91 133 91 132 92 132 92 133 91 133 91 133 91 133 91 132 92 132 21 4 67 132 20 6 66 133 18 7 66 133 18 8 65 133 17 10 64 133 17 10 64 133 16 11 64 133 16 12 63 133 16 12 62 134 15 13 62 133 16 13 62 133 15 14 62 133 15 14 61 134 14 15 61 134 14 15 61 134 13 16 60 135 13 16 60 135 12 17 60 135 12 17 59 136 11 18 59 136 11 17 60 136 11 17 60 136 10 18 60 135 10 19 60 136 9 19 60 135 9 20 38 4 17 137 7 21 34 9 17 136 7 21 19 24 16 137 7 21 18 26 16 135 8 21 17 27 16 136 6 22 17 27 16 135 6 23 16 28 16 135 6 23 16 29 15 135 5 24 16 29 15 135 5 24 16 29 15 135 5 24 16 29 16 134 5 24 16 30 15 134 5 24 16 30 15 133 6 24 16 30 15 133 5 25 16 30 15 133 5 25 16 31 14 133 5 25 16 31 14 134 4 25 16 31 14 134 3 26 15 33 13 134 3 26 15 33 14 162 15 33 14 162 14 35 13 162 14 35 13 162 14 35 13 162 14 36 13 161 14 36 13 162 13 36 13 162 13 37 12 162 13 37 13 161 13 38 12 161 13 38 12 161 13 39 12 160 13 39 12 160 13 40 11 160 13 40 11 161 12 41 11 160 13 40 11 160 13 40 11 159 14 41 11 159 13 41 11 158 14 41 11 158 15 41 11 157 15 41 12 156 15 41 12 156 15 42 11 156 15 42 12 155 15 43 12 154 15 43 12 155 14 44 12 153 15 44 13 152 15 45 12 152 15 45 13 151 14 47 13 150 15 47 12 150 14 48 11 151 15 49 8 152 14 52 5 153 15 209 15 210 14 210 14 210 14 210 14 210 14 210 14 211 13 211 13 212 12 213 10 216 8 218 5 5049
2348 7 213 15 207 20 203 23 201 26 197 28 195 31 193 31 192 33 191 33 191 34 189 35 189 35 188 37 187 37 186 39 185 39 184 41 182 42 181 44 179 45 178 47 176 49 174 50 174 51 172 52 171 54 169 55 169 56 167 57 166 59 165 59 164 61 163 61 162 63 161 63 160 65 159 65 158 67 157 68 155 69 155 70 153 72 152 72 151 74 150 75 148 77 147 78 146 79 144 81 143 82 142 83 141 84 139 85 139 86 137 87 137 88 136 88 135 90 133 91 133 91 132 92 131 93 131 94 129 95 128 96 127 97 127 97 126 99 125 100 122 102 122 103 120 105 118 107 116 109 114 111 112 113 111 114 109 116 107 117 106 119 105 120 103 121 102 123 100 124 98 126 97 127 96 128 95 129 94 130 93 131 92 131 92 132 92 132 91 132 92 32 2 97 93 31 4 95 94 30 5 94 95 29 6 93 96 28 7 92 97 27 8 91 98 27 8 91 98 26 9 90 99 25 11 89 99 24 12 89 100 22 13 89 100 21 14 88 102 18 16 88 103 15 18 88 105 11 20 88 136 88 136 88 136 88 136 88 136 87 137 87 137 87 137 86 139 85 139 85 139 85 139 84 140 84 141 83 141 83 141 83 142 82 142 82 142 81 143 81 143 81 143 81 143 81 144 79 145 79 145 79 146 78 146 77 147 77 147 77 148 76 148 76 148 75 149 75 149 75 150 74 150 45 5 24 150 42 9 23 150 29 4 4 15 22 150 27 25 22 150 26 26 22 150 25 27 22 150 24 28 22 150 24 28 22 151 23 28 22 151 23 28 22 151 22 29 22 151 22 29 22 151 22 29 23 150 22 29 23 149 23 29 23 149 23 30 22 149 22 31 22 149 22 31 23 147 23 31 23 147 23 31 23 146 24 31 24 145 25 30 25 144 25 30 26 142 26 30 27 141 26 31 27 140 26 31 28 138 27 31 29 137 27 31 29 137 27 31 30 135 28 31 30 135 28 32 29 135 28 32 29 134 29 33 28 134 29 33 28 134 29 34 27 134 29 34 27 134 28 36 26 134 28 37 24 135 28 38 23 135 27 40 21 137 25 43 17 139 24 46 14 141 22 50 8 145 20 205 17 209 13 216 3 4836
73 26 196 31 84 23 1 1 1 1 5 1 73 35 71 1 8 38 61 47 64 53 56 52 59 57 52 57 55 59 50 62 51 61 48 65 48 61 49 68 44 59 52 71 41 59 52 74 38 59 52 76 36 60 51 80 32 61 51 83 28 62 50 87 24 64 49 89 21 65 49 93 16 66 48 97 12 68 47 100 8 69 47 176 47 176 48 174 49 174 50 174 50 174 49 175 49 175 48 176 48 176 47 177 46 178 46 178 45 179 44 180 43 181 43 181 42 182 41 183 40 184 40 184 39 185 39 185 38 187 37 187 37 187 37 187 37 187 37 188 36 188 36 188 35 189 34 191 32 192 32 192 31 194 29 195 27 198 25 200 23 202 21 204 19 207 17 208 15 210 13 212 11 213 11 214 9 215 9 215 8 216 8 216 7 217 6 218 6 218 5 219 5 219 4 220 4 220 4 220 4 220 3 221 4 11 1 208 6 5 6 207 18 206 19 205 19 205 20 204 21 203 22 202 24 200 27 197 30 194 31 193 32 192 33 191 34 190 34 190 35 189 36 188 36 188 37 187 37 187 38 186 39 185 39 185 39 185 39 185 39 185 39 185 39 185 38 186 38 186 38 186 38 186 38 186 38 186 38 186 38 186 38 186 38 186 38 186 38 186 39 185 40 184 40 184 40 184 41 183 41 183 41 183 41 183 41 183 41 183 41 183 41 183 40 184 40 184 40 184 40 184 40 184 40 184 39 185 39 185 39 185 39 185 38 186 38 186 38 186 38 186 38 186 38 186 38 186 38 186 38 186 38 186 38 186 38 186 37 187 37 187 36 188 36 188 36 188 37 186 38 186 38 185 39 184 41 181 43 179 44 178 46 177 46 160 4 13 47 159 6 10 48 160 7 6 51 160 7 1 1 1 53 161 63 161 62 162 62 162 62 163 60 164 60 164 60 164 61 163 62 162 62 163 61 164 60 164 60 165 59 166 58 166 58 166 58 166 58 166 58 165 59 165 59 165 59 164 61 163 62 162 63 161 64 160 65 159 68 155 71 153 73 150 76 148 80 144 81 143 82 142 83 140 84 140 85 139 85 139 85 140 85 139 85 139 85 140 84 140 84 141 84 140 84 140 84 140 84 139 85 138 87 137 88 134 30
11753 5 217 11 212 14 209 16 207 19 205 20 203 22 202 23 200 24 200 25 199 26 198 27 197 27 197 28 195 29 195 30 194 30 194 30 194 31 193 31 192 32 192 33 191 33 147 1 1 1 40 34 145 13 31 35 145 16 26 38 144 20 20 40 144 29 9 42 145 79 146 78 146 78 148 76 149 75 150 74 151 73 152 71 155 69 155 69 157 67 158 66 159 65 159 65 160 64 160 64 161 63 161 63 161 63 162 62 163 61 163 61 164 60 165 59 165 60 165 59 165 60 165 59 165 59 164 61 163 61 163 62 162 64 160 65 159 68 156 70 154 73 152 74 150 76 148 77 148 78 146 79 146 80 144 82 143 84 140 88 136 92 133 93 131 95 130 96 128 98 126 100 125 100 124 101 123 103 122 103 122 103 121 104 121 103 122 103 122 103 122 103 123 102 124 101 125 100 125 100 124 101 124 101 123 102 122 103 120 105 119 105 119 106 118 106 117 108 116 109 114 111 112 112 108 117 91 133 83 142 78 147 75 149 74 151 72 152 72 152 72 153 71 154 71 153 71 154 71 153 71 154 71 153 72 2 3 147 84 141 84 140 85 140 85 3 13 123 105 119 107 118 110 17 7 90 115 10 10 90 135 89 135 89 135 89 134 90 133 91 132 92 132 92 132 92 133 91 134 90 135 89 136 88 138 86 139 85 141 83 144 80 146 78 147 77 109 1 38 76 108 3 39 74 107 5 39 73 107 5 39 72 108 5 40 70 109 5 40 70 109 6 39 69 110 6 39 67 112 6 39 67 112 7 38 66 113 7 39 65 114 6 39 65 114 7 38 65 114 8 37 65 114 11 34 65 114 11 34 64 115 12 33 64 115 12 33 64 115 13 32 64 115 13 31 65 115 13 31 64 117 10 34 62 119 8 36 60 165 43 5 10 23
7262 4 217 9 212 14 206 19 170 54 169 56 166 58 166 58 165 60 163 61 163 61 163 61 162 62 162 62 162 62 162 61 163 61 163 61 163 61 163 61 163 61 163 61 163 61 163 61 12 28 123 63 4 39 118 108 116 111 113 112 112 115 109 116 108 117 107 119 105 120 104 121 103 123 100 125 99 128 96 129 95 131 93 132 92 133 91 134 90 135 89 135 89 136 88 137 88 137 87 137 87 138 87 137 87 138 86 138 86 139 85 139 86 139 85 139 85 139 85 139 85 139 85 139 86 138 86 138 86 138 86 138 86 138 86 139 85 139 86 138 86 138 86 138 86 138 86 138 86 137 87 138 86 137 88 136 88 136 88 136 88 136 88 136 88 136 88 136 88 136 88 137 88 136 88 136 88 136 88 136 89 135 89 135 89 135 89 135 90 134 90 134 90 134 91 133 91 133 91 133 92 132 92 132 92 132 93 131 93 131 93 131 94 130 94 130 94 130 94 130 95 129 95 129 95 128 96 129 94 129 95 129 95 129 95 129 94 130 94 130 94 130 93 131 93 131 93 131 92 131 93 131 93 131 92 132 92 131 92 132 92 132 91 133 90 134 90 134 89 135 89 135 88 136 88 136 87 137 87 137 86 138 86 138 85 139 84 140 84 140 83 142 82 142 81 143 81 143 80 144 80 144 80 144 79 145 79 145 78 146 78 146 78 147 76 148 76 148 75 149 75 148 76 148 76 148 75 149 75 148 76 148 76 148 75 148 76 148 76 147 77 147 77 146 78 146 78 145 79 145 79 144 80 144 80 143 81 142 82 142 82 140 84 140 85 137 87 136 88 134 90 133 92 131 94 129 95 128 96 127 100 121 106 73 1 39 126 1 1 1 1 1 69 1 1 1 1 13 1 1 298
3657 6 217 8 216 9 215 10 214 12 211 13 211 15 209 16 208 17 207 18 206 19 70 3 51 1 1 5 74 21 64 9 44 14 72 23 24 11 25 13 38 19 71 26 7 29 19 15 36 21 72 64 15 17 32 24 72 67 10 19 26 30 72 70 4 22 24 32 72 97 20 35 72 97 18 37 72 97 16 39 72 97 14 41 72 98 11 43 72 99 8 45 72 152 72 152 72 152 72 152 72 152 72 152 72 152 71 153 71 153 71 153 70 154 70 154 69 155 68 156 68 156 67 157 66 158 65 159 64 160 64 160 63 161 63 161 62 162 62 162 62 162 61 163 61 163 60 164 60 164 60 164 60 164 59 165 59 165 59 165 59 165 59 165 59 165 59 165 58 166 58 166 58 166 58 166 58 166 58 166 58 166 58 166 58 166 58 166 58 166 58 166 58 166 59 165 59 165 59 165 60 164 60 164 60 164 60 164 61 163 61 163 61 163 61 163 61 163 60 164 60 164 59 165 58 166 57 167 56 168 41 183 39 185 20 4 13 187 18 7 10 189 16 10 7 191 15 13 3 193 10 214 9 215 8 216 6 218 4 220 4 220 4 220 3 221 3 221 2 222 1 223 1 223 1 223 1 223 1 223 1 223 1 223 2 222 3 221 4 220 5 219 7 217 10 214 13 211 20 7 10 187 44 17 7 156 70 154 71 153 72 152 72 152 73 151 73 151 73 151 73 151 73 151 73 151 72 152 72 152 72 152 72 152 71 153 71 153 71 153 70 154 70 154 70 154 70 154 70 154 70 154 71 153 72 152 72 152 73 151 74 150 77 37 12 28 8 11 1 1 1 16 10 22 79 31 72 5 19 18 84 23 103 13 93 5 1 7 109 7 11651
9759 5 217 8 213 12 208 17 203 22 197 29 192 33 189 38 184 42 180 46 175 50 163 62 158 66 154 71 150 75 147 78 144 81 141 83 138 87 135 89 132 92 126 98 124 100 122 102 121 103 120 104 119 105 118 106 117 108 116 108 115 109 114 111 112 113 110 114 109 116 107 118 105 120 103 122 101 123 101 124 99 126 98 126 98 127 97 127 97 127 97 127 96 128 96 128 96 128 96 128 96 128 96 128 96 128 96 128 96 128 96 128 96 128 97 127 97 127 97 127 97 127 98 126 98 127 97 127 97 127 98 126 98 126 98 127 97 127 97 127 97 127 97 128 97 127 97 127 97 127 98 127 97 127 97 127 98 126 98 126 99 126 98 126 98 126 98 126 98 126 98 126 98 126 98 126 98 126 98 126 98 126 97 128 96 128 96 128 96 128 95 130 94 129 95 129 95 129 95 129 95 129 95 128 96 128 97 127 97 127 97 127 97 127 96 128 96 128 96 127 98 126 98 125 99 125 99 125 100 123 101 123 101 123 102 122 102 121 103 121 104 120 104 120 104 120 104 120 105 119 105 119 106 118 106 118 107 117 107 116 109 115 109 115 109 115 110 114 111 113 111 112 113 111 113 111 113 111 114 109 115 109 115 108 116 108 116 108 117 106 118 106 119 104 120 104 120 103 122 101 124 100 125 98 126 97 128 96 128 95 129 95 129 95 130 93 131 93 131 93 132 91 133 91 133 91 133 91 134 90 134 90 135 89 135 90 135 89 136 89 135 57 3 30 135 55 5 29 136 53 7 29 135 53 7 30 135 52 7 30 136 51 8 30 135 51 8 30 136 49 9 30 137 47 11 29 137 46 12 29 138 43 15 28 67
6170 1 1 1 219 7 216 9 214 11 213 11 212 12 212 12 211 13 211 13 210 14 209 15 208 17 206 17 207 18 205 18 205 19 203 21 202 22 200 24 199 25 197 27 163 6 25 31 160 10 20 34 158 14 14 38 157 18 8 42 156 69 154 70 154 71 153 71 154 71 153 72 152 73 151 73 152 73 151 73 151 74 151 73 151 73 151 74 151 73 151 73 152 71 153 71 154 70 154 70 155 69 155 69 156 67 158 66 159 65 160 63 162 62 162 61 164 60 165 59 165 59 166 58 166 58 166 58 166 58 166 58 167 57 167 57 167 58 166 58 166 58 166 59 166 58 166 58 167 58 166 58 166 59 165 59 166 59 166 58 166 59 166 59 166 60 164 61 164 61 163 62 162 62 162 63 162 62 162 62 162 63 160 64 160 65 159 65 159 65 159 66 158 67 157 67 157 68 155 69 155 70 154 71 1 2 150 74 149 76 148 76 148 76 147 77 147 76 148 76 148 76 147 77 147 78 146 78 145 80 144 80 144 81 143 81 143 80 143 79 145 78 146 55 3 21 145 53 7 8 5 6 144 52 14 1 1 1 10 1 144 48 31 1 144 45 179 42 181 41 183 36 42 2 144 33 45 4 141 32 47 5 140 30 50 6 138 29 51 7 136 29 51 9 135 29 50 11 133 31 47 14 132 32 43 17 131 35 37 22 129 39 29 27 128 45 14 38 127 97 126 99 124 100 124 100 123 100 123 101 123 101 122 102 122 102 121 103 120 104 120 104 119 105 119 105 118 106 118 107 116 108 116 109 114 110 114 110 114 111 112 112 112 112 111 114 110 114 110 114 109 115 109 114 109 115 109 114 110 114 109 114 110 113 111 112 111 112 112 110 114 109 115 108 115 108 116 108 116 108 116 109 115 110 114 111 112 112 112 113 111 113 111 113 111 113 111 113 110 115 109 115 109 132 92 133 90 134 90 134 90 135 88 136 88 137 87 137 87 136 88 119 5 12 89 116 9 9 40
9424 6 217 8 215 10 214 11 212 13 16 4 5 5 181 14 14 16 179 17 11 18 178 19 7 20 178 46 178 46 178 46 178 46 178 46 178 46 177 47 177 46 178 45 179 45 178 45 179 45 179 44 180 44 180 43 180 44 180 44 180 44 180 44 180 43 181 43 181 43 181 44 180 44 180 51 23 31 119 127 97 131 93 135 89 141 83 143 81 146 78 148 77 149 75 151 73 152 73 153 71 155 69 156 68 157 68 157 67 158 66 160 64 162 62 164 61 166 58 168 56 175 49 178 45 185 39 190 34 193 30 195 28 200 6 3 15 210 13 212 11 213 10 214 9 215 7 218 6 218 6 218 6 219 5 219 5 220 4 1 1 1 5 212 14 210 16 208 17 207 18 109 1 1 3 91 20 45 14 23 33 88 22 41 74 25 18 31 19 1 15 40 76 23 31 15 40 37 78 22 87 37 78 21 88 36 79 20 90 35 79 20 90 34 79 20 92 33 79 19 93 32 80 19 94 31 80 18 95 30 82 16 96 30 82 15 97 29 83 14 98 29 84 13 98 28 85 12 99 28 86 9 101 27 90 4 102 28 196 27 197 27 196 27 197 26 198 25 199 25 198 25 199 24 200 24 199 24 200 23 201 22 201 23 201 22 201 22 202 21 202 21 203 20 204 19 204 20 203 20 204 19 204 20 204 19 205 18 205 19 205 18 205 18 206 18 205 18 205 18 206 18 205 18 206 17 206 17 207 17 207 16 208 15 209 14 210 13 212 11 214 9 10061
5938 4 218 9 214 12 211 15 209 16 208 18 206 20 204 22 66 11 125 24 62 15 123 25 59 18 122 28 54 20 122 31 49 23 121 36 43 25 120 44 33 27 121 49 25 29 121 54 1 3 12 33 121 103 121 103 121 103 120 104 120 103 122 102 122 102 122 101 124 100 124 100 124 99 125 99 124 100 124 100 123 100 124 100 124 100 123 100 124 100 124 100 123 100 124 100 123 101 122 102 122 102 121 103 120 104 120 104 119 105 119 105 118 106 118 106 117 107 117 107 116 108 116 109 114 110 114 110 114 110 114 111 112 112 112 112 112 112 112 112 112 113 110 113 111 113 110 114 110 114 109 115 107 117 106 118 104 120 103 121 101 123 100 124 98 126 96 128 94 130 90 134 88 136 86 137 84 140 82 143 79 144 78 147 73 151 71 153 69 155 67 157 64 160 62 162 60 164 55 169 50 174 47 177 46 178 43 181 31 193 23 201 20 205 16 208 15 209 14 210 13 211 13 211 13 211 13 211 13 211 13 211 13 211 13 211 13 211 13 211 13 211 13 212 12 212 12 212 12 212 12 212 12 212 12 212 12 212 12 212 12 212 12 212 12 212 12 212 12 212 12 212 12 211 13 211 13 210 14 206 18 205 19 204 20 204 20 203 21 203 21 203 21 203 21 202 22 202 22 202 22 202 22 202 22 201 23 201 23 199 25 198 26 197 27 195 29 194 30 193 31 191 33 190 34 77 1 111 36 69 25 41 6 46 39 59 35 38 8 44 41 26 69 35 9 43 138 34 9 42 140 32 10 42 141 31 10 41 143 30 10 40 145 28 10 40 147 27 10 40 148 26 10 39 150 24 11 38 152 22 12 37 154 21 12 36 156 19 13 36 158 15 15 35 161 11 17 34 190 32 192 31 193 30 194 29 195 28 197 26 199 24 200 22 203 19 207 13 214 6 4100
11 42 107 53 21 44 105 55 20 45 103 57 18 47 101 58 18 48 99 59 18 49 97 60 18 50 95 61 18 51 93 62 18 52 91 63 18 53 89 64 18 54 86 66 18 55 82 69 18 56 77 73 19 56 73 76 19 58 68 79 19 60 47 98 19 63 41 101 19 67 4 15 15 104 19 205 19 204 21 203 21 203 21 203 21 203 21 203 21 203 21 203 21 203 21 203 21 203 21 203 21 203 21 204 21 203 21 203 21 203 21 203 21 203 21 203 22 202 22 202 22 201 23 202 22 202 23 201 23 201 23 201 23 200 24 200 24 200 24 199 25 198 26 197 27 197 27 196 28 196 28 195 29 195 29 194 31 193 31 193 32 192 32 192 33 191 34 191 33 191 34 191 33 191 33 192 33 191 33 192 32 192 32 193 31 193 31 194 30 194 29 196 28 196 28 196 27 197 27 198 26 198 26 198 26 198 25 199 25 200 24 200 24 200 24 200 23 201 23 201 23 201 23 202 22 202 22 201 22 202 23 201 23 201 23 201 23 201 23 201 23 200 24 201 23 200 24 200 24 200 24 200 24 200 24 200 24 200 24 200 24 200 25 199 25 199 25 198 26 198 27 197 27 197 27 197 27 197 27 197 28 196 28 196 28 195 29 195 29 195 29 194 30 193 31 193 31 192 32 192 32 191 33 191 33 191 33 191 33 191 33 190 34 190 35 189 35 189 35 188 36 188 36 188 36 188 36 187 37 187 37 187 37 187 38 185 39 185 39 185 39 184 40 184 41 182 42 182 42 182 42 182 42 181 44 180 44 180 44 179 45 179 46 177 47 177 47 177 47 176 48 176 48 176 48 175 50 174 50 174 50 173 51 173 51 172 52 172 52 171 53 171 52 171 53 171 53 171 53 170 54 170 54 170 53 171 53 171 53 170 54 170 53 171 53 171 53 171 53 171 52 172 52 172 52 172 52 172 51 173 51 173 51 173 51 173 50 174 50 174 49 175 49 175 49 175 49 175 48 176 48 176 48 176 48 176 48 177 46 178 46 178 46 178 46 178 46 179 45 179 45 179 45 179 45 179 45 179 46 178 46 178 47 177 47 176 30
707 6 216 10 213 11 213 12 211 14 210 15 208 16 208 17 206 18 206 18 206 19 205 19 204 20 204 20 204 20 203 22 202 22 201 23 201 23 200 25 199 25 199 27 197 28 195 30 27 1 166 32 20 10 161 36 13 16 159 39 7 19 159 66 157 67 157 68 155 69 155 69 154 70 154 70 154 70 153 71 153 70 153 71 153 71 153 70 154 70 153 70 154 70 154 69 155 69 155 68 156 67 157 67 157 66 158 65 159 64 160 64 160 63 161 62 162 61 163 60 164 60 164 59 165 58 166 58 166 57 167 57 167 56 168 56 168 55 169 55 168 55 169 55 169 54 170 54 170 53 171 53 171 53 171 53 170 54 170 55 169 55 168 57 166 59 165 61 162 63 161 66 157 69 155 72 151 74 150 76 147 79 145 80 144 81 143 83 140 86 138 87 137 88 136 90 134 91 132 93 131 95 129 96 128 97 127 98 126 99 125 100 124 101 123 102 122 103 121 104 120 105 119 105 119 106 118 107 117 108 116 109 115 109 115 111 113 111 113 113 112 112 112 113 111 114 110 115 109 115 109 116 109 115 109 116 108 117 107 117 108 117 107 118 106 118 106 119 106 118 106 119 105 120 105 120 104 120 104 121 103 122 103 121 103 122 102 123 102 122 102 123 102 122 102 123 102 123 101 123 102 123 71 6 24 123 69 11 22 123 66 14 21 124 64 16 21 123 62 18 21 124 60 19 21 124 59 20 22 124 57 21 22 125 55 21 23 126 53 22 23 126 52 22 25 126 50 23 25 127 48 23 26 127 48 22 27 128 46 23 27 128 46 22 29 128 44 22 30 128 44 21 31 129 42 21 32 129 42 20 33 129 42 19 34 129 42 18 35 130 41 18 35 130 41 17 36 130 41 17 37 129 40 18 37 130 39 17 38 130 39 17 38 130 39 17 38 130 38 17 39 130 38 17 40 129 38 17 40 129 37 18 40 130 36 18 40 130 35 19 40 130 34 19 41 131 32 20 41 131 31 21 41 132 29 22 41 132 28 22 42 133 25 24 42 134 23 25 42 134 21 26 44 135 17 28 43 138 12 30 45 139 7 33 45 178 46 177 47 176 48 175 49 174 50 174 50 173 51 171 52 171 53 170 53 170 53 41 2 126 54 41 4 124 53 42 5 122 53 43 6 121 53 44 6 119 54 44 8 116 56 43 9 114 57 43 9 113 59 42 10 110 61 42 11 80 8 19 64 40 13 78 93 37 16 76 95 31 23 73 97 28 27 71 99 26 29 68 101 24 34 63 104 23 34 62 107 19 37 59 92
12822 5 216 12 210 17 204 24 110 24 62 31 104 30 57 36 99 35 49 43 93 42 41 50 87 50 34 55 75 2 3 58 30 58 70 67 27 61 66 72 23 65 61 75 22 67 57 79 19 71 53 81 18 74 48 84 17 80 10 11 16 90 16 208 15 209 14 210 13 211 13 211 12 212 11 213 10 214 10 214 9 215 9 215 8 216 7 217 7 217 6 218 6 218 5 219 5 219 5 219 5 219 5 219 6 218 6 218 7 217 7 217 8 216 8 216 9 215 10 214 10 214 10 214 11 213 12 212 13 211 13 211 14 210 14 210 14 210 14 210 15 209 15 209 15 209 15 209 15 209 15 209 16 208 16 208 16 208 16 208 17 207 17 207 17 207 18 206 18 206 18 206 18 206 18 206 18 206 19 205 19 205 19 205 20 204 20 204 20 204 21 203 21 203 22 202 22 202 23 201 24 200 25 199 26 198 27 197 28 196 28 196 30 194 31 193 32 192 33 191 34 190 35 189 36 124 5 59 37 120 10 57 39 116 13 56 39 115 14 56 40 113 16 55 41 111 18 54 43 107 21 53 44 105 22 53 46 102 24 52 47 99 27 51 49 89 36 50 50 87 37 50 52 84 39 49 53 82 41 48 55 77 46 46 56 74 48 46 57 68 55 44 57 65 59 43 58 63 61 42 59 61 63 41 60 60 64 40 61 59 64 40 64 56 65 39 66 54 65 39 69 51 66 38 70 50 66 38 72 48 67 36 75 46 67 36 76 45 67 36 77 44 68 35 77 43 69 34 79 42 69 34 80 41 70 33 80 42 69 33 81 41 69 33 81 41 69 33 82 40 69 33 82 40 69 33 82 40 69 32 82 41 69 33 81 41 69 32 82 41 69 32 82 41 68 33 82 41 67 34 82 41 66 35 82 41 65 36 82 41 65 36 82 41 64 37 83 40 64 37 83 40 63 38 83 40 62 39 83 40 61 40 83 40 60 41 84 39 60 41 84 38 61 41 84 38 61 41 84 38 62 40 84 38 62 25 5 10 84 38 63 21 9 9 84 37 64 20 11 8 84 37 66 16 13 8 84 37 68 12 15 8 84 37 95 8 84 36 97 7 84 36 96 8 84 36 97 7 84 36 97 6 86 34 98 5 87 34 100 2 88 34 108
7061 8 210 18 202 27 196 32 161 18 12 35 156 29 1 42 148 78 145 81 141 84 139 87 136 89 134 92 131 94 129 96 128 97 126 99 125 100 123 102 121 104 120 105 118 106 118 107 116 108 116 109 115 109 114 110 114 111 113 111 112 112 112 113 111 113 111 113 110 114 110 114 110 114 109 115 109 115 109 115 109 115 108 115 109 115 109 115 109 114 110 113 111 112 112 111 113 110 114 109 115 109 115 108 116 108 115 108 116 108 116 108 116 107 117 107 116 107 116 108 115 108 116 108 115 108 115 109 114 109 114 109 115 109 114 110 114 109 114 110 114 110 114 109 115 109 114 109 115 109 115 109 115 108 115 109 115 108 116 108 115 108 116 108 116 107 118 106 118 16 2 88 118 14 6 85 119 12 8 85 120 8 12 84 121 5 14 83 123 2 17 82 142 82 143 81 143 81 143 80 144 80 145 79 145 79 145 78 146 78 146 77 147 77 147 77 147 77 147 14 4 58 148 14 5 57 148 13 6 57 148 13 6 57 148 12 7 56 149 12 8 34 1 20 149 12 8 34 2 19 149 12 8 33 3 19 149 12 8 33 4 18 149 12 8 32 6 16 150 12 8 32 6 16 150 12 8 32 6 16 149 13 8 31 7 16 149 13 9 30 8 15 149 13 10 29 8 15 148 14 10 29 8 15 148 14 11 28 8 14 148 15 12 27 8 14 148 15 12 27 8 14 148 15 13 27 7 14 147 16 16 24 7 14 147 16 18 22 7 14 147 16 20 20 7 14 147 16 20 20 7 14 147 16 21 19 7 14 146 17 22 18 7 13 148 15 23 18 8 13 147 14 25 17 8 12 149 8 30 17 8 12 187 17 8 12 187 18 7 13 186 18 6 13 187 18 6 14 186 18 6 14 186 19 5 14 187 18 5 14 187 19 3 16 186 19 3 17 185 20 1 19 184 20 1 19 184 41 183 41 183 41 183 41 183 41 183 41 182 42 182 41 183 40 184 29 4 5 187 27 197 25 199 22 203 21 203 20 205 18 209 12 7949
6369 10 213 15 209 18 206 19 205 21 203 22 202 23 202 23 202 22 203 21 204 21 204 20 205 19 206 18 207 18 207 17 209 15 209 15 210 14 210 14 211 13 211 13 212 12 212 12 212 12 212 12 212 12 212 12 213 11 213 12 212 12 211 13 212 12 211 13 211 14 210 14 210 14 210 14 210 14 209 15 209 15 209 14 210 14 209 15 207 17 202 22 200 24 197 27 194 30 192 32 190 35 188 37 186 39 184 42 181 46 177 48 176 50 173 53 171 54 169 55 169 57 166 59 165 60 164 61 163 62 161 63 161 64 160 64 159 66 157 68 156 69 155 69 154 71 153 72 152 73 150 75 149 75 149 75 149 76 148 76 148 76 148 76 148 76 148 76 148 76 148 76 148 77 147 78 146 78 146 79 145 80 144 80 144 80 144 80 144 81 143 81 144 81 143 81 143 81 143 81 143 81 143 81 143 81 143 81 144 80 144 80 145 79 145 79 146 77 147 77 148 75 150 74 150 73 152 71 154 69 155 69 156 67 157 67 158 65 159 65 159 65 159 65 160 63 161 63 162 62 162 62 163 61 163 61 164 60 164 60 165 59 165 59 166 58 167 57 167 57 168 56 168 56 169 55 169 55 170 54 170 53 171 53 172 52 172 51 174 50 174 50 175 48 177 46 178 46 178 45 180 28 2 14 180 27 5 11 181 26 9 7 183 24 12 5 184 23 201 22 204 18 208 15 217 4 8393
10860 6 211 17 203 24 198 27 196 30 192 34 189 36 187 38 185 41 182 44 180 51 172 55 169 68 155 70 154 72 151 74 150 76 148 77 146 80 144 80 143 83 141 84 139 86 138 86 138 87 136 88 136 89 135 89 134 90 134 90 133 92 131 93 131 93 130 94 130 94 129 95 128 96 128 96 128 96 127 97 127 96 127 97 127 97 127 97 127 97 126 98 125 98 125 99 124 100 123 100 124 100 123 101 122 102 122 102 121 103 121 102 121 104 120 104 119 105 118 106 117 107 117 107 116 108 114 110 113 111 112 112 111 114 109 115 109 115 108 116 108 116 108 117 107 117 108 117 107 118 107 118 108 116 109 116 109 115 110 115 109 115 110 114 110 115 109 114 110 114 110 113 111 113 112 112 112 111 113 111 113 111 113 110 114 110 114 109 115 109 115 108 116 107 118 105 119 64 9 32 120 58 16 28 122 55 23 21 126 53 26 6 1 5 134 51 173 51 174 49 175 49 176 48 176 48 177 46 178 45 179 44 180 42 182 40 184 36 188 35 189 33 191 32 192 31 194 29 195 28 197 25 200 23 201 22 204 18 208 14 213 7 11338
5651 15 202 28 193 37 183 46 176 51 172 56 166 59 164 63 159 66 157 69 153 72 149 77 144 82 139 86 132 94 127 98 124 102 121 105 118 107 116 110 113 112 111 115 109 116 108 118 106 119 104 122 103 121 103 123 101 124 101 124 101 125 100 126 98 128 98 128 96 143 82 145 80 146 78 148 76 149 76 150 74 151 73 152 72 153 71 154 70 155 68 157 67 158 66 159 65 160 64 162 62 163 60 166 58 167 57 168 56 169 55 169 54 171 53 171 53 171 53 170 54 170 53 171 53 171 53 170 54 169 54 170 54 170 54 169 55 169 55 168 56 168 56 168 56 167 56 168 56 168 56 168 56 167 56 168 56 168 55 169 55 24 3 142 54 23 7 140 54 22 8 140 54 21 10 139 54 20 11 139 54 19 12 139 54 18 13 139 54 17 14 140 53 17 14 140 53 16 15 140 53 16 15 140 53 16 14 141 53 15 15 141 53 15 15 141 53 15 15 141 53 15 16 140 53 15 16 140 53 14 17 140 53 14 17 139 54 14 17 139 54 14 18 139 53 14 18 138 54 14 18 21 2 115 54 15 18 19 6 113 53 15 18 19 7 112 53 15 18 19 8 111 53 15 19 18 9 110 53 15 19 18 10 109 53 16 18 19 10 108 53 16 18 19 11 107 53 16 19 18 11 107 53 17 18 19 11 106 53 17 18 19 12 105 53 18 18 19 12 105 52 18 18 19 13 104 52 18 18 19 13 104 52 19 17 19 14 103 52 19 17 19 15 103 51 19 18 18 15 103 51 19 18 18 16 103 50 19 19 17 17 102 50 19 20 16 17 103 49 19 20 16 18 102 49 19 21 14 20 102 48 18 23 13 20 103 47 18 24 11 22 103 46 17 27 8 24 103 46 15 60 104 45 13 63 104 46 9 66 104 120 104 120 105 120 105 119 105 119 106 119 106 118 106 118 67 5 35 117 64 11 32 117 58 20 29 117 54 25 29 116 50 30 28 116 46 35 27 117 39 42 27 116 37 45 26 117 35 47 26 116 35 47 26 117 34 48 26 117 34 48 25 117 35 47 26 117 35 47 25 118 35 47 25 118 36 45 26 118 37 44 26 119 37 43 25 120 38 41 26 121 37 41 25 122 38 40 25 124 37 39 24 126 37 38 24 127 36 37 25 128 36 36 24 129 37 35 24 130 37 34 23 131 37 33 24 133 36 32 24 133 37 31 23 136 36 30 23 136 36 29 24 137 35 29 24 138 35 28 24 139 34 28 23 140 35 26 24 140 35 26 25 139 35 26 25 140 34 26 25 141 33 26 25 141 33 25 26 141 32 26 26 142 31 26 26 141 31 26 27 142 29 26 28 142 29 26 28 142 28 26 29 142 27 27 29 142 25 29 29 142 24 29 29 143 23 30 29 144 21 30 30 145 18 32 29 148 14 34 29 150 10 36 28 197 27 198 26 198 26 199 25 200 23 202 22 203 20 2
9075 12 210 21 201 26 196 30 192 33 188 37 183 42 180 45 175 51 8 5 158 71 151 76 146 82 140 88 134 92 130 95 128 97 124 101 122 103 120 105 117 108 114 111 112 112 110 115 108 116 107 119 105 119 104 121 103 121 102 123 101 124 100 125 98 127 97 128 96 129 94 130 94 130 93 131 92 132 91 132 91 133 90 133 89 134 88 136 86 137 80 143 73 150 67 156 65 158 61 160 62 161 62 161 62 162 61 163 61 163 60 164 59 166 57 167 56 169 54 171 52 172 51 174 49 175 49 176 47 177 47 178 46 179 46 179 48 176 49 176 49 176 48 177 48 177 48 177 47 177 48 177 47 178 47 178 46 179 46 179 45 180 45 180 44 181 43 182 43 182 42 183 41 184 41 184 40 185 39 186 39 186 39 185 39 186 39 185 40 184 40 185 40 184 41 184 41 183 42 182 43 181 45 180 46 178 48 176 53 172 58 166 60 165 63 162 67 158 72 153 76 149 82 143 92 133 99 127 100 124 103 122 104 120 106 118 107 117 108 116 108 116 108 116 108 116 108 116 108 116 108 116 108 116 108 116 108 116 108 116 108 116 107 117 107 117 107 117 106 118 106 118 106 118 105 119 105 119 105 119 105 119 105 119 104 120 104 120 104 120 103 121 102 122 102 122 101 123 101 123 100 124 100 124 100 124 99 125 99 125 98 126 98 126 97 127 97 127 97 127 97 127 97 127 96 128 96 128 96 128 96 128 96 128 96 128 96 128 96 128 96 128 97 127 97 127 97 127 97 127 97 127 97 127 98 126 98 126 98 126 98 126 98 126 98 126 98 126 99 125
15415 3 217 9 213 12 154 6 50 14 153 10 46 16 151 13 42 18 151 14 40 19 150 16 12 7 1 7 9 22 150 18 3 52 150 74 150 74 150 74 150 73 150 74 150 73 151 73 152 71 153 71 153 70 154 70 154 70 155 69 155 68 156 68 156 69 156 68 156 68 156 68 157 68 156 69 156 68 156 69 156 69 155 69 155 69 155 69 155 70 154 70 154 70 154 70 154 70 154 69 155 69 155 69 155 69 155 68 155 69 155 68 156 67 157 67 157 66 158 66 158 65 159 65 159 65 159 65 159 64 159 65 159 65 159 65 159 65 159 65 159 65 159 65 158 66 158 66 157 67 157 67 156 68 155 69 155 70 153 71 153 71 153 71 152 72 152 72 152 73 151 73 150 74 150 74 150 74 150 73 151 73 151 73 151 73 151 73 151 73 151 73 151 73 151 73 151 72 152 72 152 72 152 72 152 72 153 71 153 71 153 71 153 71 153 71 153 71 153 71 153 71 153 71 153 71 153 71 153 71 153 71 153 70 155 69 155 68 156 68 156 67 157 66 158 66 159 64 160 63 161 62 162 62 162 61 163 61 163 60 164 60 165 58 166 56 168 42 183 38 186 35 190 25 199 22 204 16 5689
11284 6 201 27 193 35 186 41 180 46 176 49 173 52 170 55 168 56 167 58 165 60 163 61 162 63 161 64 159 65 158 67 157 68 156 68 155 70 154 71 153 73 151 73 151 74 150 75 149 76 148 77 147 78 146 80 26 19 99 129 94 132 93 136 88 139 85 140 84 142 82 144 80 145 79 147 77 148 76 150 73 152 72 153 71 154 70 155 69 156 69 156 68 156 68 157 67 158 67 158 66 158 66 159 66 158 66 159 65 159 65 160 65 159 65 159 65 160 64 160 65 159 65 159 65 159 65 160 64 160 64 160 64 160 65 159 65 159 65 159 65 160 65 159 65 159 65 159 65 159 65 159 66 159 65 159 65 159 65 159 66 158 66 158 66 158 67 157 67 157 67 157 67 157 68 156 68 156 68 156 69 155 69 155 69 155 69 155 69 155 70 154 70 153 71 153 72 152 72 152 72 152 73 151 73 151 73 151 74 150 74 149 75 149 76 148 76 148 77 147 77 147 77 147 77 147 77 80 17 50 77 71 28 48 77 66 35 46 77 65 38 44 77 64 41 42 78 63 42 41 78 62 45 38 79 62 46 37 79 61 48 36 79 61 48 36 79 61 49 35 79 61 49 35 79 60 50 35 79 60 50 35 79 60 50 34 80 60 50 34 79 60 50 34 80 60 50 33 80 61 49 34 80 61 49 34 79 61 49 35 77 63 49 35 76 64 49 35 74 66 49 35 73 67 49 35 71 68 52 33 70 69 54 31 69 70 55 30 69 70 55 30 69 69 56 30 69 69 56 29 71 68 56 29 71 68 57 28 72 67 57 27 75 65 58 25 77 63 60 23 80 61 61 20 83 60 63 16 92 1 1 50 66 9 114 35 191 32 195 29 197 26 205 17 211 4 3930
25459 11 209 18 200 26 194 31 191 34 189 36 187 38 185 40 183 43 179 45 179 45 178 46 176 48 175 49 174 50 173 52 172 52 142 11 18 53 116 5 20 14 15 55 109 15 14 18 13 55 100 30 6 21 10 58 98 60 6 60 96 64 1 63 94 130 93 130 92 133 89 135 86 138 82 142 80 144 78 146 76 148 74 150 72 153 70 154 69 155 67 158 65 159 64 160 63 162 62 162 62 162 62 162 62 162 62 162 62 162 62 162 62 161 63 161 63 161 63 161 63 161 63 161 62 162 62 162 61 163 61 163 60 163 61 162 61 162 61 162 61 51 1 110 61 50 7 105 59 52 10 102 59 51 15 97 59 52 19 92 61 50 26 85 62 49 32 2 16 62 63 47 53 60 64 45 58 56 65 42 63 53 66 41 68 48 67 39 73 44 68 39 74 43 68 38 76 41 69 35 80 39 70 33 83 36 72 31 88 31 74 30 93 26 75 28 99 15 82 28 106 6 84 27 197 26 132 5 61 26 131 9 58 25 131 10 58 25 130 13 56 24 130 14 56 24 130 16 54 23 131 16 54 22 133 16 53 22 134 15 53 20 137 15 52 20 138 15 4 4 43 19 140 23 42 18 143 21 43 16 145 19 44 15 148 17 44 13 151 15 46 9 156 11 50 2 165 4 2513
49 40 181 45 178 47 19 3 152 52 14 8 149 55 8 16 143 89 132 99 122 105 116 110 112 113 110 115 108 117 106 119 104 120 103 121 102 122 101 123 100 124 100 124 99 125 98 126 98 126 98 126 97 127 96 127 97 127 96 128 95 129 94 130 93 131 92 132 91 133 90 133 89 135 88 136 86 137 86 138 85 139 84 139 85 139 84 140 84 139 85 139 85 139 85 138 86 138 86 138 86 138 86 137 87 137 87 137 87 136 88 136 88 136 88 136 88 136 88 137 87 137 87 137 87 137 87 138 86 138 86 138 86 138 86 138 86 138 86 137 87 137 87 136 88 136 88 135 89 134 90 134 90 133 91 132 92 131 93 130 94 129 95 127 97 125 99 121 103 118 106 115 109 113 111 112 112 112 112 112 112 112 112 112 112 112 112 113 111 113 111 113 111 114 110 114 110 114 110 115 109 116 108 116 108 117 107 118 106 119 105 120 104 120 104 120 104 121 103 122 102 122 102 122 102 122 102 123 101 123 101 123 101 123 101 123 101 122 102 122 102 122 102 122 102 121 103 120 104 120 104 119 105 117 107 115 109 113 111 111 113 107 117 102 122 100 124 99 125 99 125 98 126 97 127 96 128 95 129 94 130 93 131 91 133 89 135 68 6 10 140 66 158 65 159 64 160 64 160 63 161 63 161 62 162 61 163 60 164 59 165 58 166 57 167 56 168 54 170 54 170 53 171 52 172 51 173 51 173 50 174 49 175 48 176 48 176 47 177 47 177 47 177 46 178 46 178 45 179 45 179 45 179 45 179 44 180 44 180 44 110 1 69 43 107 8 66 43 105 10 66 42 105 13 64 41 106 13 64 40 106 15 63 39 107 15 63 38 108 16 62 37 109 17 61 36 109 19 60 36 109 20 59 35 109 21 59 35 110 21 58 34 111 21 58 34 111 20 59 33 113 19 59 33 113 19 59 32 116 16 60 32 117 14 61 31 119 12 62 30 128 1 65 30 194 29 195 29 195 28 196 27 197 26 198 25 199 25 199 25 199 24 200 24 200 24 200 23 201 23 201 24 200 24 200 24 200 25 199 26 198 27 197 28 196 29 195 30 194 31 193 32 192 32 192 32 193 30 193
11277 17 203 26 195 34 188 38 183 43 178 48 174 52 170 55 167 59 163 63 159 67 156 69 154 72 150 75 147 78 145 80 142 83 140 85 137 88 134 90 133 92 131 94 129 95 128 97 127 97 126 98 126 98 125 100 124 100 124 100 123 100 124 100 123 101 123 101 123 100 124 100 125 99 125 99 125 98 127 96 128 95 130 94 131 90 135 88 138 84 141 82 144 78 147 77 148 75 150 74 152 72 153 71 155 68 157 67 160 64 161 63 162 62 162 62 162 62 162 63 161 64 160 64 160 65 159 66 158 67 157 67 157 68 156 69 155 70 154 71 152 73 151 74 149 76 148 77 147 78 146 79 144 81 55 9 79 82 51 13 78 83 42 22 77 84 29 1 1 33 76 86 22 41 75 150 74 151 72 153 71 153 71 154 70 154 70 155 69 155 69 155 69 155 69 155 69 155 69 155 69 155 69 154 70 154 70 154 70 153 71 152 72 152 72 151 73 150 74 149 75 147 78 144 80 105 12 23 84 103 16 18 87 101 20 13 91 99 24 8 93 98 126 97 127 97 128 95 129 95 129 95 130 94 130 94 130 94 130 94 131 93 131 93 132 92 132 92 132 93 131 93 132 93 131 93 131 93 131 23 3 68 130 19 10 65 130 18 12 65 129 17 14 30 3 31 129 17 15 26 14 24 128 17 15 24 19 22 127 17 15 24 20 21 127 17 14 24 22 21 126 17 14 23 23 22 125 17 14 22 25 21 125 17 13 23 26 21 124 17 13 22 28 20 123 17 14 22 28 20 123 17 13 23 29 19 122 18 13 23 30 18 121 18 15 21 31 18 121 17 16 21 32 17 121 16 18 20 33 16 120 17 18 20 34 14 122 15 19 21 34 13 122 14 21 20 35 11 125 11 22 20 171 9 25 20 172 5 27 20 204 21 203 21 203 22 203 21 203 21 203 21 203 22 203 21 203 20 204 20 205 19 206 17 207 17 209 13 213 10 216 7 219 3 1015
104 47 44 26 107 59 31 29 104 62 27 31 103 67 21 34 102 72 13 37 102 74 10 38 102 77 7 38 101 81 3 39 101 123 101 123 101 123 100 124 100 124 100 124 99 125 99 125 98 126 98 126 98 126 97 127 97 127 96 128 96 128 96 128 95 129 94 130 94 130 94 130 93 131 93 131 93 131 93 131 92 132 92 132 92 132 92 132 91 133 91 133 91 133 90 134 90 134 90 134 90 134 90 134 89 135 89 135 89 135 89 135 88 136 88 136 88 136 88 136 87 23 2 112 87 22 3 112 87 21 4 112 87 21 3 113 87 137 87 137 87 137 87 137 87 137 86 138 85 139 85 139 83 141 82 142 80 143 79 144 78 145 78 145 77 146 75 148 69 153 68 155 66 157 62 162 58 166 53 170 51 173 49 175 46 178 44 180 42 182 40 184 38 186 37 187 35 189 34 190 33 191 32 192 31 193 30 194 30 194 29 195 29 195 28 196 27 197 27 197 26 198 26 198 25 199 25 199 25 199 25 198 25 200 24 199 25 199 25 199 24 200 24 200 23 201 22 201 22 202 21 203 20 203 19 205 18 205 17 206 17 207 17 206 17 207 17 206 18 206 18 205 19 205 19 205 19 204 20 204 20 204 20 203 21 203 21 202 22 202 23 200 24 200 24 199 25 199 25 198 26 165 3 30 26 164 5 28 27 163 6 27 29 162 7 26 29 161 8 25 30 161 8 25 30 161 9 23 31 160 10 23 31 160 10 23 32 159 11 21 33 159 11 21 33 159 12 20 33 159 12 20 34 158 13 19 34 158 13 19 35 157 13 19 36 156 14 17 38 155 14 17 40 19 6 128 14 17 41 15 31 106 14 17 42 12 35 104 14 17 44 5 41 103 14 17 91 102 14 17 91 103 13 17 91 103 13 17 91 103 13 17 92 102 13 17 92 102 12 18 92 102 12 17 93 102 12 17 93 48 9 45 12 17 94 44 16 41 12 17 94 41 20 40 12 17 94 39 23 39 12 17 94 37 25 39 12 18 94 35 27 38 12 18 94 34 28 38 11 19 94 33 29 38 11 18 96 32 30 37 11 18 96 31 31 37 10 19 96 30 32 37 10 19 96 30 32 37 10 19 96 30 32 37 9 20 96 29 33 37 9 20 97 28 33 37 9 19 98 28 33 37 8 20 98 28 33 37 8 20 98 28 33 37 8 20 98 28 33 37 7 21 98 27 34 38 6 21 98 27 34 38 6 21 98 27 34 38 6 21 99 26 34 39 4 23 98 26 34 39 4 23 98 25 35 38 6 22 99 24 35 38 6 22 99 24 35 38 6 22 99 24 34 39 6 22 99 24 34 39 6 23 98 24 34 39 6 23 98 24 34 39 6 23 98 24 34 39 6 23 98 24 34 39 6 23 98 23 35 39 6 23 98 23 35 39 6 23 97 24 35 39 6 23 97 24 35 38 7 23 97 24 35 38 8 22 97 23 36 37 9 22 97 23 36 37 10 20 98 23 36 37 11 19 98 23 35 38 12 18 98 23 35 37 14 17 98 22 36 37 15 15 98 23 36 37 17 12 99 23 36 37 19 9 100 23 35 38 128 23 35 37 129 22 36 35 131 22 36 31 135 22 36 29 137 22 35 29 138 22 35 27 141 21 36 25 142 20 37 24 143 20 38 22 78
5266 6 216 11 212 13 210 16 207 18 206 19 204 20 204 21 203 21 202 23 201 24 199 25 199 25 199 26 197 28 196 28 196 29 194 31 192 32 192 34 188 37 186 39 183 42 181 44 178 47 174 51 170 54 167 58 163 62 143 7 8 67 140 84 138 87 137 88 135 90 133 92 132 92 132 93 131 94 130 95 129 95 129 96 129 95 129 96 129 95 129 95 129 95 130 95 129 95 129 95 129 96 128 96 128 96 129 96 128 96 128 96 128 97 127 97 127 97 127 97 127 97 127 97 127 98 126 98 126 99 125 99 125 99 125 99 126 99 125 99 125 99 126 98 126 98 126 98 126 98 126 98 126 99 125 98 126 98 126 98 126 98 126 98 126 98 126 98 126 98 126 98 126 97 127 97 127 97 127 97 127 96 128 96 128 95 129 95 129 94 130 94 130 94 130 94 131 93 131 93 131 93 131 92 132 92 131 93 131 93 131 93 131 93 131 93 131 92 132 92 133 91 133 91 133 91 134 90 134 90 134 90 134 90 135 89 135 89 135 89 136 88 136 88 137 87 137 87 138 86 138 86 139 85 139 85 140 84 140 85 139 85 140 83 142 82 142 82 143 80 144 79 146 76 148 76 148 75 150 74 150 73 151 73 151 73 152 72 152 71 153 71 153 71 153 71 153 71 153 71 153 71 153 71 152 72 152 72 152 72 152 72 152 73 152 72 152 72 152 73 151 73 152 72 153 29 4 37 155 25 8 34 158 21 12 32 163 11 19 31 194 29 195 27 198 25 201 20 215 3 7034
1866 20 13 11 177 50 173 54 168 57 166 60 163 62 162 63 160 64 159 66 157 68 155 70 154 70 153 72 151 74 149 76 148 76 147 78 145 79 144 80 144 81 142 82 142 82 141 83 141 83 140 84 139 85 138 85 138 86 136 88 135 88 135 89 135 89 134 90 134 90 133 91 131 93 128 96 124 100 121 103 119 106 116 108 114 110 113 113 109 115 107 118 102 123 98 127 94 131 90 136 85 139 83 143 80 145 78 147 77 147 76 149 76 148 75 150 74 150 74 150 74 150 74 150 74 150 74 149 75 149 75 149 75 148 76 148 76 148 76 147 77 147 77 146 78 146 78 145 79 144 80 144 80 95 4 43 82 92 9 39 84 90 12 34 88 88 16 29 91 86 21 22 95 84 27 9 104 83 141 82 142 81 143 79 145 78 146 78 146 77 147 76 148 76 148 75 149 74 150 73 151 73 151 72 152 72 152 72 152 72 152 72 152 71 153 71 153 71 153 70 154 70 154 69 155 69 155 68 156 68 156 68 156 67 157 67 157 67 157 67 157 67 157 67 157 66 158 66 158 66 158 66 158 65 159 65 159 65 159 65 159 64 160 64 160 64 160 64 160 64 160 63 161 63 161 63 161 62 162 62 163 61 163 60 165 59 167 56 170 3 1 50 176 48 177 46 179 4 2 39 179 2 5 37 187 37 187 37 187 36 188 36 187 37 187 37 187 37 186 37 187 37 187 37 188 36 188 36 188 36 190 34 190 34 191 33 192 32 193 31 194 30 194 30 195 29 196 28 197 27 197 27 198 26 198 26 199 25 199 25 199 26 199 24 200 25 199 24 200 25 200 23 201 23 201 23 202 22 202 22 202 22 202 22 202 22 202 23 202 22 202 22 202 22 203 21 203 21 203 22 203 21 203 21 203 20 205 19 205 19 205 19 206 17 207 17 207 17 208 16 209 14 210 14 211 13 213 10 216 5 2637
11341 13 208 20 202 27 196 31 192 36 187 39 184 43 180 47 176 52 171 55 169 58 165 60 163 62 162 63 160 65 158 66 158 67 156 69 154 71 107 15 30 73 103 20 27 75 100 25 23 76 98 32 17 78 94 39 12 80 89 47 6 83 85 53 2 84 83 142 80 144 78 146 77 147 76 149 74 150 72 153 69 155 66 159 62 163 59 165 57 167 54 171 51 174 48 176 47 178 45 179 44 181 42 182 41 184 40 185 38 186 37 187 37 187 36 189 35 189 34 190 34 190 33 191 33 191 33 192 30 194 28 196 23 201 20 205 16 208 15 209 14 210 13 211 12 213 11 213 11 213 11 213 11 213 10 214 11 213 10 214 10 214 10 213 11 213 11 213 11 212 12 212 12 212 12 211 13 211 13 210 14 210 14 210 14 210 14 210 15 209 15 209 15 209 15 209 16 209 15 210 15 210 15 210 14 212 14 211 15 9 8 193 33 191 34 191 34 190 35 189 36 187 38 185 41 182 43 179 49 173 54 159 4 4 67 139 96 125 101 119 106 3 11 100 128 94 132 89 139 1 5 75 151 68 158 48 7 6 163 48 178 45 180 43 182 36 189 32 193 20 205 16 11301
5557 1 221 6 216 10 212 13 208 16 207 18 204 20 203 21 201 23 200 24 199 25 198 25 197 27 196 28 195 28 194 30 193 30 149 4 40 30 147 11 35 31 145 15 31 33 144 21 25 33 143 27 19 35 142 37 7 38 141 83 140 84 140 84 139 85 139 85 138 86 138 86 138 86 138 85 139 85 139 85 139 84 140 85 139 85 139 85 139 86 138 86 138 86 139 86 138 86 138 87 137 88 136 88 136 89 135 89 135 90 133 91 132 93 130 94 129 95 128 96 128 97 126 98 126 98 126 98 126 98 126 98 125 99 125 100 122 102 113 111 110 114 109 115 107 116 105 119 103 121 101 123 97 126 96 128 84 3 1 136 83 140 85 139 85 139 87 137 87 136 89 135 89 135 90 134 91 133 92 132 93 131 94 130 95 129 95 129 96 127 98 125 100 124 101 122 103 120 105 119 106 118 107 116 109 115 110 114 111 112 113 111 114 110 115 108 117 106 119 105 120 104 121 102 123 101 125 100 126 98 128 96 130 95 131 94 131 93 133 91 134 90 136 87 138 86 139 84 142 82 143 81 145 79 147 76 150 73 153 71 155 68 158 65 161 62 164 59 167 57 170 53 174 49 177 47 180 43 185 39 188 36 194 29 203 21 205 19 206 18 207 17 208 16 208 16 208 17 208 16 209 14 210 14 210 14 210 13 211 12 212 10 215 9 215 8 217 6 220 1 10591
5725 6 203 24 196 29 193 34 186 39 183 43 179 47 175 50 173 53 170 56 167 58 165 60 163 62 162 63 160 65 158 66 158 67 156 69 154 70 154 71 152 73 150 75 149 75 148 77 147 78 145 79 145 79 145 80 143 81 143 82 141 83 141 83 141 83 141 84 140 84 140 84 140 85 139 85 140 84 140 83 141 83 141 83 142 82 142 81 143 81 144 79 145 79 146 77 147 77 148 76 149 74 150 74 151 73 151 72 152 72 153 71 153 71 153 70 154 70 154 69 155 69 155 68 156 68 155 68 156 67 157 67 156 67 157 67 157 67 156 67 157 67 157 68 156 68 155 69 155 69 155 69 155 70 154 70 154 70 154 71 153 71 153 72 152 72 152 73 151 73 151 73 151 73 150 74 149 75 148 77 146 78 145 79 144 80 142 82 142 82 141 83 140 84 139 85 139 85 138 87 136 88 136 88 135 89 134 89 135 89 133 91 133 91 132 92 131 93 130 94 129 95 128 96 127 97 126 98 125 99 124 100 124 99 124 101 123 101 122 102 122 101 122 102 122 102 121 103 121 103 120 104 120 104 119 105 118 106 117 107 116 108 115 109 115 109 114 111 112 112 111 113 111 113 110 114 110 114 109 115 109 115 108 116 107 117 106 118 106 118 106 92 3 23 106 91 6 22 104 91 7 22 104 91 8 21 104 91 8 21 104 90 8 22 104 90 8 22 104 90 8 22 103 91 8 22 103 91 8 21 103 93 7 21 103 93 6 22 102 94 5 23 102 95 4 22 102 96 1 1 1 23 102 122 102 122 101 123 100 123 101 123 99 73 5 47 99 73 5 47 97 74 6 47 97 74 6 47 96 76 5 48 95 77 2 50 94 131 93 131 93 132 92 133 91 133 91 134 90 134 90 135 91 133 92 18 6 108 93 13 12 107 92 11 16 104 94 8 20 102 95 6 24 98 132 5 1 2 1 3 3 77 157 1 25 40 186 11 1 2 7 16 193 1 16 12 216 4 2088
3437 13 206 23 192 36 184 43 178 48 170 56 166 60 160 66 154 71 151 75 146 79 143 82 141 84 138 88 134 90 131 95 126 98 124 102 119 106 117 108 114 111 111 114 109 115 108 118 105 119 105 121 102 122 101 124 100 125 98 126 97 128 95 129 95 130 94 130 93 132 92 134 90 135 4 1 83 142 82 142 81 143 81 143 14 1 66 143 13 3 65 143 13 4 64 143 13 4 64 143 13 5 63 143 14 4 63 143 14 3 64 143 81 143 81 143 81 143 81 143 80 145 79 145 79 145 79 146 78 146 78 146 79 146 78 146 78 147 77 147 77 147 77 147 77 147 77 148 76 148 76 148 76 148 76 148 76 148 75 149 75 150 74 150 74 150 74 151 73 151 73 151 73 152 72 152 72 153 71 154 70 154 70 155 69 155 69 156 68 157 67 157 67 158 66 159 65 159 65 160 64 160 64 161 63 162 62 163 61 163 61 164 60 165 59 166 58 166 58 167 57 168 57 168 56 169 58 7 6 154 71 154 71 154 70 155 69 156 68 156 67 158 66 159 64 161 63 162 61 164 60 165 59 165 59 166 58 166 58 167 57 167 57 168 56 168 56 168 56 169 55 170 54 170 54 171 54 171 53 172 52 173 52 173 51 174 50 174 51 175 49 176 48 178 47 179 45 183 41 186 39 187 37 189 35 190 34 191 34 192 32 193 31 194 30 195 30 194 30 195 29 195 30 131 7 57 29 124 17 55 28 123 19 54 29 122 19 54 29 121 21 54 28 121 22 53 29 119 23 53 29 119 23 53 29 118 24 53 30 117 25 52 30 117 26 51 31 115 28 50 31 115 29 49 31 114 32 46 33 113 33 45 34 111 36 43 34 111 37 41 36 110 40 38 36 109 43 35 38 108 46 32 38 107 50 29 39 106 55 23 41 104 60 19 42 103 122 101 124 100 125 98 127 96 129 94 131 92 132 91 134 89 136 87 138 84 141 79 146 61 164 58 168 54 172 50 177 44 182 38 192 29 199 18 3276
12883 3 216 18 205 21 202 25 197 28 196 30 193 32 192 33 190 35 188 37 187 38 185 40 183 42 181 43 181 44 180 44 179 46 178 46 177 48 176 48 175 50 174 50 174 51 172 53 170 54 169 56 167 58 166 58 165 60 164 60 163 61 163 61 163 62 162 62 162 62 161 63 161 63 161 64 160 64 159 65 159 65 159 66 158 66 158 66 157 67 157 67 157 67 157 67 157 67 156 68 156 68 156 68 156 68 156 69 155 69 154 70 154 70 154 70 154 70 154 71 153 71 153 71 152 72 152 73 151 73 151 74 150 74 149 75 149 75 149 76 147 77 146 79 144 80 143 82 140 84 138 87 136 88 135 90 132 92 130 94 129 96 127 97 125 99 124 100 123 100 123 101 122 102 122 101 122 101 122 101 123 100 124 99 124 99 125 98 125 98 126 97 127 97 126 98 126 97 127 97 127 97 127 97 127 96 128 96 128 96 128 96 128 96 128 96 128 96 128 96 128 96 128 96 129 94 130 94 130 94 131 94 131 92 132 93 132 91 134 90 135 89 136 88 136 88 137 87 138 86 139 84 141 83 143 80 145 79 146 78 146 78 147 77 147 77 148 76 148 45 4 28 147 41 9 27 147 39 11 28 146 37 13 29 144 31 20 30 142 30 22 31 140 30 24 31 138 30 25 32 135 32 25 33 134 32 25 34 132 33 26 34 131 32 27 34 131 32 27 34 130 33 28 33 129 34 28 33 129 34 29 32 129 33 30 31 129 34 31 29 130 33 33 27 131 32 35 24 133 32 36 19 138 29 196 27 197 26 200 20 208 6 1714
4805 7 47 3 166 9 44 7 164 10 42 9 162 13 38 12 160 14 37 13 160 15 36 14 158 17 34 15 158 18 32 17 157 18 31 18 157 19 29 19 156 20 28 20 156 21 26 21 156 21 26 21 156 21 25 23 155 22 23 23 156 23 21 24 156 23 7 7 5 26 155 69 155 69 155 69 155 69 155 69 155 69 155 69 155 69 155 69 155 69 155 69 155 69 155 69 155 69 155 69 155 68 156 68 156 68 156 68 156 67 158 65 159 65 159 64 160 63 161 63 161 62 162 62 162 61 163 61 162 61 162 62 162 61 162 62 162 61 162 62 162 62 162 61 162 62 162 61 163 61 163 60 163 61 163 61 163 61 163 61 163 61 162 62 162 62 161 63 161 63 160 64 159 65 159 65 158 66 158 67 156 68 156 68 155 69 154 71 153 71 152 73 151 73 150 75 149 75 148 77 147 77 146 79 144 80 144 81 142 83 139 86 137 87 136 89 133 91 129 96 126 98 125 99 124 100 123 101 122 102 121 104 119 105 118 106 117 107 116 108 114 110 112 112 109 116 106 118 105 119 104 120 103 121 102 122 100 124 99 125 97 127 97 127 96 128 95 129 94 130 93 131 92 132 91 133 90 134 88 136 87 136 87 137 87 137 86 138 86 137 87 137 86 138 86 138 86 137 87 137 87 137 86 137 87 137 87 137 88 136 88 136 88 135 89 135 89 135 89 135 89 135 89 134 91 133 91 133 91 132 92 132 93 131 93 131 93 130 94 130 94 130 95 130 94 130 94 130 94 130 95 129 96 128 97 127 98 126 100 124 103 121 105 119 109 115 113 111 117 107 118 107 118 106 118 106 118 106 119 105 119 105 120 104 121 103 122 101 124 100 124 100 125 99 126 98 127 97 128 96 128 96 129 96 129 95 130 94 131 93 132 92 133 91 134 91 135 88 145 1 4 8 7 60 173 50 176 47 179 1 1 40 190 13 4 14 197 1 21 2 1420
2145 5 1 2 210 18 185 42 178 48 173 53 169 57 165 60 162 64 159 66 156 70 153 72 151 75 148 78 145 81 142 84 139 89 134 92 131 95 129 96 127 99 124 101 122 103 121 104 119 106 118 107 116 109 114 111 113 112 111 113 110 116 107 118 105 120 103 121 102 123 100 124 100 125 98 126 97 127 96 128 96 129 94 130 93 131 93 131 92 133 91 133 90 135 89 135 89 136 88 136 88 136 88 137 87 137 86 139 85 139 85 139 85 139 84 141 83 141 83 141 82 143 80 144 80 144 79 146 77 147 76 149 75 149 74 150 73 151 73 151 73 151 72 152 72 152 72 152 71 154 70 154 70 154 70 154 70 154 70 154 70 154 70 155 69 155 70 154 70 155 69 155 69 155 69 156 67 158 66 158 66 159 65 160 63 162 62 162 61 163 61 163 61 163 60 164 60 165 59 165 59 165 59 165 59 166 58 166 58 166 57 167 57 167 57 167 56 168 56 168 56 167 56 168 56 167 57 166 58 165 59 164 60 163 60 164 61 162 62 162 62 161 64 160 64 160 64 161 64 160 65 159 65 159 66 158 66 158 66 158 67 157 66 158 66 158 66 158 66 159 65 159 64 160 64 160 63 162 62 162 61 163 61 164 59 165 59 165 58 167 57 167 56 169 55 169 55 169 55 170 54 170 54 170 54 171 53 172 52 172 52 173 51 175 49 176 48 177 47 178 46 180 45 180 44 181 43 182 42 183 41 184 40 184 40 184 40 184 40 184 40 184 40 184 39 185 39 185 39 185 38 186 38 186 38 186 38 186 37 187 36 188 36 188 35 189 34 190 34 190 33 191 32 192 32 192 31 193 31 193 30 194 30 194 30 194 29 195 28 196 28 196 27 197 27 197 26 198 25 199 25 199 24 200 24 200 23 201 22 202 22 202 21 203 21 203 20 204 20 204 19 205 19 205 19 205 19 205 19 205 20 204
102 32 188 40 182 46 175 52 164 62 159 66 7 1 148 70 1 8 143 84 138 90 132 93 130 96 127 98 124 101 122 103 120 105 118 107 116 110 113 113 110 116 107 118 105 120 103 121 103 123 101 123 101 125 99 126 97 128 96 129 95 130 94 131 92 133 91 134 89 136 88 137 86 139 84 141 82 144 79 146 77 149 73 152 70 155 68 157 65 160 63 161 60 166 56 168 54 171 52 173 51 174 50 174 49 176 48 176 48 176 48 177 47 177 47 177 47 178 46 178 45 179 45 179 44 180 44 180 44 180 44 181 43 181 42 182 42 182 42 182 42 182 42 182 43 181 43 181 43 181 43 181 43 181 43 181 43 180 45 179 45 179 45 179 46 178 46 178 46 177 48 176 49 175 50 174 51 173 53 170 54 170 55 169 55 169 55 169 55 168 57 167 57 167 57 167 57 167 57 166 59 165 59 165 60 164 60 163 62 162 62 162 62 162 62 161 63 161 63 161 63 161 63 161 62 162 62 162 63 161 64 159 65 159 65 159 60 2 4 158 57 5 4 158 56 6 4 158 55 7 4 158 54 7 6 4 7 146 52 8 19 144 51 9 20 145 46 12 22 144 44 12 25 143 43 12 26 143 43 11 28 142 42 11 29 142 41 11 31 140 42 10 32 140 42 10 32 140 42 9 34 139 42 8 35 139 42 8 36 138 42 8 36 137 43 7 37 137 45 4 38 136 46 3 39 135 90 133 91 131 94 127 97 126 99 123 102 121 104 119 106 118 62 3 10 1 1 6 24 117 62 3 9 10 25 115 62 5 4 13 26 113 63 5 3 14 27 113 62 5 2 14 29 112 62 4 3 13 31 111 61 19 34 110 61 17 36 110 60 17 38 109 60 16 39 110 59 15 40 110 59 14 41 110 60 11 43 111 59 9 45 111 60 3 50 111 113 111 113 111 113 111 114 110 114 110 114 110 114 110 115 109 115 109 116 108 116 108 116 108 117 107 117 107 118 106 118 106 119 105 121 103 122 102 123 101 124 100 125 99 126 98 127 97 128 96 129 94 130 94 131 93 131 92 133 91 133 91 134 90 134 90 135 90 134 90 134 91 133 91 133 91 132 93 131 93 131 93 130 95 128 96 128 50 4 42 127 49 7 41 126 49 9 40 126 48 10 40 125 48 12 39 125 47 13 39 125 45 16 38 124 45 17 38 124 44 19 36 125 43 21 35 125 43 21 35 125 42 23 34 125 41 25 33 125 40 26 33 125 39 28 31 126 38 30 30 127 36 32 29 127 35 34 28 128 32 37 26 129 32 38 25 31
812 5 2 3 208 21 186 11 5 23 182 44 178 48 173 53 170 56 166 61 162 69 154 74 150 76 147 79 144 82 141 85 138 87 137 88 135 91 132 95 129 97 126 100 124 102 121 105 119 106 117 108 116 108 116 109 115 109 114 111 113 111 113 112 112 112 112 113 111 113 111 114 110 115 109 116 108 117 107 118 106 118 107 118 106 118 106 119 106 118 107 118 106 118 108 116 108 117 108 117 107 117 107 118 106 118 106 118 106 118 106 118 106 118 106 118 106 118 106 118 107 117 108 116 108 116 109 114 110 114 110 113 111 113 111 112 113 111 113 110 114 109 115 108 116 107 117 105 119 104 120 102 122 102 122 101 123 100 124 100 124 99 124 100 123 100 122 101 97 125 91 131 88 135 87 135 87 137 85 138 84 140 82 141 81 143 80 144 80 144 79 145 78 147 76 148 75 149 74 150 73 151 72 152 72 153 70 154 69 155 68 156 68 156 67 157 66 158 65 159 64 160 63 161 63 161 62 162 62 162 61 163 60 164 60 163 60 164 59 166 58 165 58 167 56 168 55 169 55 169 54 170 54 170 53 171 53 171 52 173 51 173 50 175 48 176 47 178 45 180 43 182 41 183 40 185 38 187 36 189 34 191 32 193 30 194 29 196 27 198 25 199 25 199 24 201 23 201 22 203 20 204 20 205 19 206 17 207 17 207 17 208 16 208 16 208 16 56 6 146 17 53 12 142 17 52 15 140 17 51 19 137 18 50 21 135 19 48 24 133 19 47 26 132 21 44 28 131 21 43 29 131 23 40 31 130 24 37 34 129 25 34 36 129 27 28 40 129 30 19 47 128 32 14 50 127 38 6 54 126 98 126 100 60 6 58 100 58 12 54 102 55 15 51 103 55 15 51 105 54 15 50 105 54 15 49 107 53 16 48 108 53 14 48 111 52 13 48 111 52 13 47 114 51 11 48 115 50 11 48 117 49 9 48 119 48 8 48 121 47 7 49 122 47 5 49 124 47 3 49 125 99 126 97 127 97 127 97 127 97 127 97 127 97 127 48 2 47 127 48 2 46 129 47 3 45 130 45 4 45 131 43 5 45 132 40 7 44 134 39 8 42 137 34 11 42 140 29 13 41 143 26 15 39 148 20 18 36 154 15 21 32 161 9 26 26 168 1 31 20 2278
1633 16 203 26 194 33 189 38 185 40 182 45 178 48 174 52 171 55 167 59 160 65 158 68 154 71 152 73 150 75 148 77 146 79 145 79 144 81 142 83 140 84 140 85 138 87 136 89 135 89 134 90 133 92 132 92 131 93 131 93 130 94 129 96 128 95 128 96 128 96 127 97 127 97 126 98 126 99 124 100 124 101 123 102 121 104 120 105 119 105 118 108 116 108 116 109 115 110 113 112 112 112 111 114 110 115 108 117 107 117 107 118 105 120 104 120 103 122 102 122 102 122 101 124 100 124 100 124 99 125 99 125 99 124 100 124 100 124 101 123 101 124 100 125 99 126 98 129 96 131 93 136 88 138 87 139 85 140 84 141 84 140 85 139 85 140 85 139 86 139 88 136 91 133 94 131 94 130 94 131 94 131 93 132 92 133 91 134 90 134 89 136 88 137 87 138 85 139 85 140 84 140 83 142 82 142 81 144 80 144 79 146 78 146 77 148 76 148 76 149 74 150 74 150 73 152 72 152 71 153 71 154 69 155 69 155 69 156 67 157 67 157 67 158 66 158 65 160 64 160 64 161 62 162 62 162 62 163 60 164 60 165 59 165 59 165 58 166 58 166 58 167 57 167 57 167 57 167 57 167 57 167 56 168 56 168 56 169 55 169 55 169 55 169 55 169 55 169 55 169 55 169 56 168 56 168 56 168 56 168 56 168 56 167 57 167 57 167 57 167 57 121 1 45 57 119 4 44 57 118 6 43 57 117 7 42 58 117 7 42 58 116 9 41 58 116 9 41 58 115 11 40 58 115 11 40 58 114 13 39 58 113 14 38 59 113 14 38 59 112 16 37 59 112 16 36 60 111 17 36 60 111 18 35 60 110 19 35 61 109 20 34 61 109 20 33 62 109 21 32 62 109 21 32 63 108 21 32 63 109 21 30 64 109 21 30 64 109 21 30 65 108 22 29 65 108 22 29 65 109 21 29 65 109 21 29 66 109 21 28 66 109 21 28 67 109 20 28 67 109 20 28 67 110 19 28 68 109 19 29 67 110 18 29 68 109 18 29 68 109 19 28 69 37 2 70 18 28 69 33 12 64 18 29 68 32 14 63 18 29 69 31 16 62 18 28 69 30 17 62 18 28 69 30 18 61 19 27 69 30 18 61 19 27 69 29 19 61 20 27 68 29 19 61 20 27 68 29 20 60 21 26 68 29 20 60 21 26 67 30 21 59 21 26 67 29 22 59 21 27 66 29 22 60 21 26 66 29 22 60 21 26 66 29 23 59 21 26 66 28 25 57 23 24 67 28 25 57 23 24 68 26 27 56 24 23 46
56 76 147 80 143 82 122 5 13 86 120 6 11 89 120 4 11 91 132 93 131 95 128 98 125 101 117 1 3 106 114 112 112 114 110 116 108 117 107 118 106 119 105 120 104 121 102 123 101 124 99 126 98 127 96 129 95 131 92 132 92 133 90 135 88 136 88 136 87 137 87 137 86 139 84 140 84 140 84 140 83 140 84 140 83 140 84 140 84 139 84 140 84 140 83 143 81 145 79 147 76 150 74 151 73 153 70 154 70 155 68 157 67 157 67 157 66 159 65 159 65 159 64 160 64 160 64 160 64 159 65 159 65 159 65 159 65 159 66 158 66 158 66 159 66 158 66 158 66 158 66 158 66 158 67 157 67 157 67 157 67 157 68 157 67 157 67 157 67 157 67 158 67 157 67 157 67 158 67 157 67 158 66 158 67 158 66 159 66 158 66 159 65 159 65 159 66 159 65 159 65 159 65 160 65 159 65 159 65 160 64 160 64 160 65 159 65 160 64 160 65 159 65 159 65 159 66 158 66 159 65 159 66 158 66 158 66 158 66 158 67 157 67 157 67 157 67 157 67 157 67 157 67 157 66 158 66 157 67 157 67 157 67 157 67 157 68 156 68 156 68 156 69 154 70 154 70 154 70 154 70 153 71 152 72 152 72 151 73 150 74 150 74 149 75 148 76 148 76 147 77 147 77 146 79 145 79 145 80 143 81 143 81 142 83 141 83 140 85 139 85 138 87 136 88 136 89 134 90 133 92 131 94 129 95 129 96 127 98 125 99 124 101 122 103 120 104 119 106 117 108 115 110 113 112 111 113 110 115 108 117 106 118 106 119 104 121 103 122 101 124 100 124 99 126 97 128 94 132 91 135 86 140 81 145 74 152 69 156 54 1 1 169 40 186 35 191 31 195 28 198 24 210 11 217 5 5945
3445 4 214 35 186 50 172 54 169 57 166 62 161 66 157 69 154 71 153 72 151 74 150 75 148 77 147 77 147 77 147 78 146 78 146 78 146 78 146 79 146 78 146 78 146 78 147 76 148 76 148 76 149 75 149 75 149 74 151 73 151 72 154 70 155 68 158 66 158 65 160 64 161 62 162 61 163 60 164 58 167 54 170 53 171 52 172 52 173 51 173 51 173 51 173 51 173 51 173 51 173 51 173 51 173 51 173 51 173 52 172 52 172 52 172 53 170 54 170 54 170 54 170 55 169 55 168 56 168 57 166 58 166 58 165 59 165 60 164 60 163 61 163 62 161 63 161 63 160 65 159 65 159 66 157 67 157 67 156 69 155 69 154 71 153 71 152 73 151 73 150 75 149 75 149 76 147 77 147 77 147 77 146 79 145 79 145 79 145 79 145 79 144 80 144 81 143 81 143 81 143 81 143 81 143 81 143 81 143 81 143 82 141 83 141 84 140 84 140 85 139 85 139 86 138 86 138 86 138 87 137 87 137 87 137 87 137 87 136 88 136 88 136 88 136 88 135 89 135 89 134 90 134 90 133 92 132 92 131 93 130 94 130 94 130 94 129 96 128 96 128 96 128 96 127 97 127 97 127 97 127 97 127 98 126 98 126 99 125 99 126 98 126 99 125 99 124 101 124 100 124 101 123 101 124 101 123 101 123 102 122 102 122 103 122 102 122 102 121 104 120 105 119 105 119 106 118 106 117 108 115 110 113 111 112 114 110 114 110 115 108 48 11 58 107 46 16 56 106 44 19 56 104 44 22 55 103 43 24 55 102 41 27 56 100 40 29 56 98 39 32 56 96 39 33 57 95 33 40 58 92 31 44 59 90 29 47 60 88 27 49 61 87 25 52 62 85 24 53 28 5 31 83 22 56 25 9 30 82 22 56 24 11 30 82 20 58 23 12 30 81 20 59 21 14 29 81 19 63 17 16 28 81 19 66 12 18 29 80 19 97 28 80 19 98 27 80 19 99 26 80 18 101 25 80 18 103 22 81 18 105 20 81 18 108 16 82 18 110 13 82 20 113 6 85 20 204 20 203 21 203 21 203 21 203 21 204 19 205 18 206 17 158
24482 9 213 15 207 18 204 22 201 24 199 27 196 30 193 35 188 44 179 48 174 51 173 52 171 53 171 54 169 56 168 56 168 57 166 59 165 59 164 60 164 60 163 60 164 60 164 60 164 60 164 60 164 60 164 59 165 59 164 60 164 60 163 61 162 63 160 64 160 64 159 66 158 66 157 67 157 67 156 68 155 69 155 69 154 70 153 71 152 72 152 72 151 73 151 73 150 73 151 73 150 74 150 44 1 29 150 41 5 28 150 40 7 26 150 39 9 25 151 38 10 7 170 35 12 3 174 33 191 32 192 30 195 27 198 24 201 16 4371 3 218 18 202 24 196 29 194 31 192 32 190 34 189 36 186 37 185 39 180 44 178 45 178 45 178 46 177 47 176 48 175 49 174 51 172 51 171 53 170 54 169 55 168 56 168 56 168 55 169 55 169 54 171 23 4 24 175 20 6 22 177 13 1 1 11 21 204 8 3 7 208 3 508
2082 4 218 10 46 9 156 14 41 27 140 18 34 39 131 21 29 46 126 24 26 51 121 26 23 56 118 28 20 62 112 31 17 67 108 33 14 71 105 34 11 76 101 37 8 80 97 40 5 83 95 131 52 6 33 135 49 9 30 138 46 12 27 141 44 14 24 143 43 15 21 147 41 16 19 149 40 18 16 151 39 22 10 154 38 188 36 189 35 190 34 191 33 192 32 193 31 194 30 195 30 195 29 196 28 197 28 197 27 198 27 198 26 199 26 198 26 199 26 198 27 198 26 198 27 198 26 198 26 199 26 198 26 198 26 199 25 199 25 199 25 200 24 200 24 201 23 201 23 202 23 201 23 202 22 202 22 203 22 202 22 203 21 203 21 204 20 204 20 205 19 205 19 205 19 206 18 206 18 207 17 207 17 207 17 208 16 208 16 208 16 209 15 209 15 209 15 210 14 210 14 210 14 210 14 211 13 211 13 211 13 212 12 212 12 213 11 213 12 212 12 213 12 212 12 212 12 212 13 211 13 211 13 211 14 210 14 210 15 209 15 209 16 208 16 208 17 207 18 206 19 205 19 205 20 204 21 203 22 201 24 200 25 198 27 196 29 195 30 193 32 192 33 191 35 188 37 186 40 184 41 183 43 180 45 179 48 175 51 172 54 170 56 167 58 166 59 164 61 162 63 161 64 159 66 158 66 157 68 156 68 72 6 77 69 70 10 74 71 69 12 71 72 68 13 71 72 67 16 68 73 67 16 67 74 66 17 66 76 65 17 66 76 64 19 64 77 64 20 62 78 64 21 61 78 64 22 59 78 65 22 58 79 65 23 56 80 66 22 55 81 68 19 55 82 73 14 54 83 74 12 54 83 75 11 54 84 75 8 56 85 74 7 58 85 75 3 60 86 137 86 137 87 137 87 30 1 105 88 28 5 102 89 27 6 102 89 26 7 101 90 26 7 100 91 25 8 100 91 25 8 99 92 24 9 98 92 25 9 98 93 24 9 97 93 25 9 96 95 24 9 95 96 24 9 33 7 54 97 24 9 31 9 54 97 23 10 30 9 54 98 23 10 29 9 54 99 23 10 29 9 54 99 23 10 30 6 55 100 23 9 32 3 56 101 24 8 91 101 24 8 90 102 25 7 89 104 24 7 88 105 25 5 88 106 26 4 87 108 26 2 87 109 114 111 112 112 111 113 109 115 108 117 105 119 104 121 101 123 100 124 97 127 94 131 91 133 90 135 87 137 86 139 84 140 83 142 80 145 78 147 49 3 23 149 46 11 16 152 44 14 12 155 42 17 7 158 41 184 39 186 37 188 35 189 35 190 32 122
4744 16 206 22 201 25 198 29 193 32 191 35 188 36 186 40 183 42 181 44 180 45 178 47 176 49 174 51 173 52 171 54 170 54 169 56 168 56 167 58 166 58 165 60 164 60 164 61 163 61 163 62 162 62 162 63 161 64 160 65 159 65 159 66 158 66 158 67 157 67 157 69 155 69 155 70 154 71 153 72 152 73 151 73 151 74 150 75 148 76 148 76 148 77 147 77 147 78 146 78 145 80 144 80 144 81 143 81 142 83 141 84 140 84 140 85 138 86 138 87 137 88 135 90 134 90 134 91 133 92 132 93 131 94 129 97 127 98 126 99 125 101 123 103 121 105 119 107 117 108 116 109 115 110 114 111 114 110 114 111 113 111 114 111 113 111 113 112 113 111 113 111 113 111 114 110 114 110 114 110 114 110 115 109 115 109 115 109 115 109 116 108 116 109 115 109 115 109 115 110 114 111 113 111 114 111 113 111 113 112 112 112 112 113 112 113 111 113 111 114 110 114 111 114 110 115 109 116 109 115 109 116 108 117 107 118 106 119 105 120 104 121 103 122 103 121 103 122 102 122 102 123 101 123 101 124 100 124 100 124 100 124 100 125 99 125 99 125 99 126 98 126 25 4 69 126 23 7 69 125 21 11 67 125 20 12 67 126 18 13 67 126 17 15 66 126 15 17 66 28 1 98 13 19 65 25 8 94 11 21 65 24 10 93 10 22 65 22 13 93 7 25 65 20 14 93 6 27 64 19 16 93 3 30 63 19 16 126 63 19 17 126 62 18 18 126 62 18 18 127 61 18 18 128 60 18 18 129 59 18 18 130 58 18 18 131 57 18 18 133 55 18 18 135 53 18 18 136 52 18 18 138 50 18 18 139 49 18 18 140 48 18 18 141 47 18 18 141 47 18 18 142 46 18 18 22 1 119 46 17 19 21 4 117 45 18 20 19 7 114 46 18 20 18 9 113 46 18 20 17 11 112 46 18 20 17 12 110 46 19 21 16 13 108 47 18 22 15 15 107 47 18 22 14 17 106 47 18 23 13 19 103 47 19 23 12 22 101 47 19 23 11 24 99 47 20 23 11 26 96 48 20 24 9 31 51 13 18 1 7 49 21 24 8 34 45 22 3 1 5 61 20 26 6 37 34 100 21 27 4 39 29 103 22 71 16 6 1 107 22 75 10 117 22 80 2 119 22 202 22 201 22 201 22 202 21 203 21 203 20 204 19 205 19 206 17 207 16 210 13 212 11 216 8 219 3 866
2714 1 218 12 210 25 197 31 187 39 183 42 180 45 178 47 176 49 174 51 172 53 171 54 168 57 167 57 166 59 165 60 164 61 163 62 162 63 161 64 160 65 159 66 158 68 156 70 154 74 150 74 150 74 150 75 149 76 148 76 148 76 148 77 147 77 147 77 147 78 146 78 146 78 146 78 146 78 146 78 146 78 146 78 146 78 146 78 146 79 145 79 145 80 144 80 144 82 142 83 141 85 139 87 137 90 134 92 132 98 126 101 123 126 10 14 74 152 72 155 70 156 68 159 65 161 63 163 62 164 61 166 59 167 58 168 57 169 55 171 54 173 51 176 48 179 45 181 43 182 42 183 41 183 41 184 40 185 39 185 40 185 39 186 38 186 39 186 38 186 38 187 37 187 37 187 37 187 38 188 36 197 27 201 24 203 21 206 18 208 17 208 16 209 16 210 14 211 13 211 13 211 13 211 14 210 14 210 14 210 15 209 15 209 15 209 15 209 15 209 15 209 15 209 15 209 16 208 16 208 17 207 17 207 18 206 18 206 18 206 19 205 19 205 20 204 20 204 20 204 21 203 21 203 21 203 22 202 22 202 23 201 23 201 24 200 25 199 26 198 27 197 28 196 29 195 29 195 30 194 30 194 31 193 31 193 32 191 33 191 34 189 35 189 36 187 38 186 38 185 40 184 40 184 40 183 42 51 9 122 42 50 12 4 5 111 43 48 24 109 43 48 26 6 4 97 44 47 39 94 44 46 41 93 45 45 43 92 44 45 44 91 44 45 46 90 44 44 47 89 44 44 48 89 44 43 54 84 44 42 57 81 44 42 59 79 45 41 59 80 45 40 59 80 45 40 60 79 46 39 60 79 46 38 62 78 47 37 62 78 47 37 63 77 47 37 63 48 8 21 47 37 63 48 10 19 47 37 63 47 12 18 48 36 63 47 13 17 48 36 63 46 15 16 48 36 64 45 16 14 50 35 64 19 4 22 17 13 50 35 64 18 5 22 18 11 52 34 64 18 6 21 19 10 52 33 66 17 6 21 20 8 53 33 67 16 7 20 23 1 58 32 68 14 8 20 82 31 70 12 9 20 82 31 71 11 10 19 83 30 72 9 11 19 83 30 73 7 12 19 84 29 74 5 14 18 84 29 76 1 16 18 85 28 94 16 86 27 95 16 86 27 95 16 87 26 95 16 87 26 96 15 88 25 96 15 88 24 97 15 89 22 99 14 89 21 100 14 89 21 100 14 89 20 101 14 90 18 102 14 90 17 103 14 91 15 104 13 92 13 105 14 93 10 108 13 95 2 114 13 211 12 214 10 214 9 217 6 36
79 27 195 33 190 36 186 41 181 48 175 51 172 54 169 56 167 59 164 61 162 64 159 66 158 67 156 69 155 70 153 71 153 72 151 74 150 75 149 75 149 76 148 78 145 81 143 83 141 85 138 88 136 89 134 91 133 93 130 95 129 97 126 99 125 100 123 102 121 103 120 105 119 105 118 106 118 106 117 107 116 108 116 108 115 109 114 110 114 110 113 111 112 112 112 112 111 113 110 113 111 113 111 113 110 114 110 114 109 115 109 116 108 116 107 117 107 117 107 116 108 117 107 117 107 117 107 117 107 117 107 117 107 116 108 116 108 116 108 115 109 115 109 114 110 113 111 113 112 111 113 111 113 109 115 109 115 107 117 106 118 105 120 103 121 103 121 102 122 102 122 102 122 102 122 102 122 102 122 102 122 102 121 103 121 104 119 105 118 106 117 108 115 109 114 110 113 111 112 112 111 114 109 115 108 116 107 117 106 119 104 120 103 121 103 121 102 122 102 122 101 123 101 123 100 124 100 124 99 125 99 125 99 125 98 126 98 126 98 126 97 127 97 127 96 128 96 128 96 129 94 130 94 130 93 130 94 130 94 130 93 131 93 131 92 132 92 132 92 132 91 133 91 135 89 135 89 136 88 137 86 139 85 140 84 141 83 142 82 143 81 144 80 146 78 147 77 148 76 150 74 152 71 153 71 155 69 156 68 157 67 159 65 161 63 163 61 165 59 166 58 168 56 170 54 172 52 173 51 174 50 175 50 176 48 177 47 178 46 179 45 181 43 182 42 183 41 184 40 185 39 186 39 186 38 187 37 189 35 190 35 190 34 191 34 191 33 191 34 191 34 190 34 191 34 190 35 189 35 189 36 189 35 189 35 189 36 189 35 189 35 189 36 188 36 189 36 188 36 188 37 187 37 188 37 187 37 187 38 186 38 186 39 186 38 186 39 185 39 185 40 184 40 184 41 183 41 183 42 183 41 183 42 182 42 182 42 183 41 183 41 183 42 182 42 182 43 180 6
84 11 212 12 211 14 210 15 208 16 208 16 208 17 206 18 206 19 205 19 204 21 203 21 203 23 200 24 200 26 198 27 197 28 195 31 193 33 191 34 190 37 186 40 184 42 182 44 179 47 177 48 176 50 173 53 171 55 13 8 147 60 4 14 146 79 144 81 142 83 140 84 139 85 139 85 138 87 136 88 136 88 135 88 136 88 136 88 135 89 135 89 135 89 135 89 134 89 135 88 135 89 135 88 135 88 136 88 135 87 137 87 137 86 138 85 138 86 138 85 139 85 139 84 139 85 139 85 139 84 140 84 139 85 139 85 139 85 139 85 139 85 138 85 139 86 138 85 138 87 137 87 137 87 9 9 118 88 8 11 117 88 6 15 114 90 4 18 111 91 3 20 110 91 2 22 107 119 104 122 102 123 100 125 98 126 97 127 96 129 95 129 94 130 94 130 94 129 95 129 95 129 94 130 94 130 94 130 94 129 95 129 95 129 95 130 93 131 93 131 93 131 93 131 93 132 92 132 92 132 93 131 92 133 92 132 91 134 90 135 89 135 88 137 86 139 85 140 83 141 81 143 80 145 78 146 76 148 74 151 72 152 71 154 69 155 68 156 67 157 65 159 58 166 49 175 46 177 46 178 44 179 44 180 43 181 42 182 42 182 42 181 43 182 42 182 42 184 40 184 40 185 39 186 38 187 37 188 36 189 35 191 1 7 25 200 24 201 23 202 22 203 21 204 21 205 19 206 19 206 19 206 18 206 19 205 21 204 22 202 24 200 36 189 39 185 45 180 46 178 52 173 53 171 56 169 60 164 71 153 72 152 73 151 74 150 74 150 75 149 75 149 76 148 76 148 76 148 77 147 77 148 77 147 77 148 77 147 77 148 77 149 75 150 75 151 73 152 72 152 72 152 71 153 71 153 71 153 70 154 69 154 69 155 68 155 33 7 28 156 29 18 19 157 26 198 24 200 21 203 19 205 17 207 16 207 16 208 15 209 14 210 14 210 13 211 13 211 12 211 13 211 13 211 13 211 13 211 13 210 14 210 14 210 15 208 16 208 17 206 9
88 32 191 36 187 38 185 40 182 43 180 45 177 48 175 49 174 52 172 52 171 55 168 57 166 61 163 64 159 68 155 71 152 74 150 75 148 77 146 79 145 80 143 81 143 81 142 82 142 82 141 83 141 83 140 84 140 84 140 84 139 85 139 85 139 85 139 85 138 85 139 85 139 84 140 84 140 84 141 82 142 82 142 81 143 80 144 79 145 77 147 75 149 73 151 71 153 70 154 70 154 70 155 69 155 69 155 69 157 67 158 67 158 66 158 66 159 65 159 65 160 63 161 63 161 63 161 63 162 62 162 62 162 62 162 61 162 62 162 62 162 62 161 64 159 65 159 66 157 67 157 68 155 70 154 71 152 73 151 74 149 77 147 77 146 79 144 80 144 81 142 83 141 83 141 84 139 85 138 87 136 88 136 89 134 90 134 90 134 90 133 91 133 91 133 91 132 92 132 92 131 93 131 93 131 94 129 95 128 96 128 96 127 97 127 97 126 97 127 97 126 98 126 98 125 99 125 98 126 19 2 77 126 18 4 76 126 16 8 74 127 14 9 74 128 11 11 74 129 9 13 72 131 7 15 71 132 5 16 71 133 3 17 71 133 1 19 71 153 71 153 70 155 69 131 3 21 69 130 4 21 68 131 4 21 68 131 4 22 67 131 4 22 66 132 5 21 66 133 4 21 66 126 3 3 6 20 66 126 5 2 5 21 65 125 5 4 3 22 64 127 5 2 4 22 63 128 4 29 63 161 62 162 61 163 60 164 59 165 59 165 59 164 60 164 59 165 59 165 59 164 59 165 59 165 59 119 4 42 58 119 5 42 57 119 8 39 58 118 10 38 57 119 11 37 56 120 12 35 57 119 15 32 57 119 18 29 58 119 20 25 59 119 24 13 68 119 105 119 105 119 105 119 104 120 104 120 104 119 105 119 105 119 104 120 104 120 104 120 104 120 104 120 104 119 105 119 105 119 105 119 105 119 105 119 105 118 106 118 106 118 106 118 106 118 106 118 106 118 106 118 106 118 106 118 106 118 106 118 107 117 107 117 107 117 107 117 108 116 108 116 108 117 108 116 109 115 109 115 110 114 111 113 111 113 113 111 114 110 115 109 116 108 115 110 114 110 112 112 110 114 109 115 108 117 60 3 42 120 59 3 41 121 58 4 40 123 55 1 1 3 40 126 52 7 38 129 46 12 36 131 44 14 34 134 40 17 32 101
1369 5 214 13 206 37 181 47 174 54 167 61 161 77 146 81 143 84 140 85 139 88 136 89 135 91 133 92 132 94 130 96 128 98 126 99 125 101 123 103 121 104 120 106 118 107 117 108 116 109 115 110 114 110 114 111 113 111 113 111 113 111 113 111 113 111 113 111 113 110 114 110 114 109 115 109 115 109 115 109 115 109 115 109 115 110 114 114 110 120 104 124 100 128 96 131 93 134 90 135 89 139 85 141 84 145 79 154 70 167 1 4 54 177 49 185 41 184 41 184 40 184 41 183 41 182 42 178 46 176 49 172 52 170 54 168 56 166 58 163 61 153 71 148 76 147 77 146 78 146 78 146 78 146 77 147 77 147 77 147 77 147 77 147 77 147 77 147 77 146 78 146 78 146 78 146 79 145 79 144 80 144 80 144 80 144 80 143 81 143 81 142 82 142 82 142 82 142 81 142 82 142 82 142 82 142 82 142 82 141 83 141 82 142 82 142 82 141 83 141 83 141 84 140 83 140 84 140 84 140 84 139 85 139 85 115 2 21 86 114 4 20 86 114 4 19 87 113 6 18 88 112 6 17 90 110 8 15 93 107 10 13 96 104 12 11 100 101 13 9 103 98 15 7 107 94 18 3 112 90 137 86 142 81 149 73 153 69 157 64 161 61 164 58 167 56 168 55 170 53 171 52 173 50 174 50 174 49 176 48 177 47 177 47 178 46 180 44 184 41 199 26 199 25 200 26 198 29 196 31 194 32 192 36 189 37 187 40 185 41 183 42 183 41 183 42 183 42 183 41 184 39 186 38 187 37 189 34 191 33 194 29 203 20 208 12 216 1 1 1 10419
12854 13 207 20 200 27 194 32 191 35 187 38 185 41 182 44 179 46 178 47 176 49 175 51 15 5 152 53 12 8 151 54 10 11 148 57 7 13 147 59 4 15 145 79 145 80 144 80 144 81 143 81 143 81 143 81 143 82 142 82 142 82 142 82 142 83 141 83 140 84 140 84 139 85 138 86 137 87 136 88 135 89 134 90 133 91 132 93 131 93 130 94 130 95 128 96 129 95 129 95 130 94 133 91 133 8 19 64 133 6 22 63 133 5 24 62 133 5 25 61 133 4 27 61 132 3 28 61 164 60 164 60 164 61 162 62 162 62 162 62 161 63 161 63 161 63 160 65 159 65 159 65 159 65 158 66 158 66 157 67 157 68 155 69 155 69 156 68 156 68 157 67 158 66 159 65 160 64 160 64 161 63 162 62 162 62 163 61 164 60 164 59 166 58 167 57 167 57 167 57 168 56 168 55 169 55 169 55 169 55 169 55 169 54 169 55 170 54 171 53 171 52 172 52 172 51 173 51 173 50 174 50 174 49 175 49 176 47 177 47 177 47 178 14 2 29 179 11 8 26 180 9 10 24 182 7 12 23 182 7 13 22 183 5 14 21 184 4 16 20 205 19 205 18 207 17 207 17 207 16 208 16 208 16 208 15 209 15 209 15 209 14 210 14 210 14 210 14 210 14 210 13 211 13 211 13 211 13 211 14 210 14 210 14 210 14 210 14 210 14 210 14 210 14 210 14 210 14 210 15 209 15 209 15 209 15 209 16 208 16 208 17 207 17 207 17 207 18 207 17 207 17 207 16 208 16 208 16 208 15 209 15 209 14 211 12 212 12 213 10 86
1801 9 214 12 211 15 209 17 207 19 204 21 203 23 201 24 200 25 198 27 197 28 196 29 195 30 194 31 193 31 193 32 192 33 191 33 192 33 191 34 190 35 189 35 98 4 88 35 92 12 85 36 88 16 84 37 82 22 83 37 80 25 82 38 77 27 82 38 75 29 82 39 72 31 82 39 70 33 82 40 67 35 82 40 66 35 83 41 63 37 83 42 60 39 83 43 58 39 85 46 52 41 85 71 25 43 85 74 21 43 86 76 18 44 87 77 14 46 87 80 9 47 88 83 3 50 88 136 88 135 89 135 89 134 90 134 90 134 90 133 91 133 91 132 92 132 92 131 93 131 94 129 95 129 95 129 96 127 97 127 97 126 99 125 99 124 100 124 101 122 102 122 103 120 104 120 104 119 106 118 107 116 108 116 108 115 109 114 110 114 110 113 111 112 112 111 113 110 114 109 114 109 115 108 115 109 115 108 116 107 116 108 116 107 116 108 116 108 115 109 115 109 114 110 114 110 114 111 112 113 111 115 109 116 108 119 104 122 102 124 99 128 96 131 92 135 88 139 85 141 82 145 78 148 76 150 73 152 72 154 70 155 68 158 66 160 64 163 61 166 58 169 56 170 54 172 52 174 50 175 49 176 48 178 46 178 46 179 45 180 44 181 43 181 42 183 41 183 41 184 40 185 38 186 39 186 37 187 37 188 36 188 36 188 36 189 35 189 35 189 35 189 35 190 34 190 34 190 34 190 34 191 33 191 33 192 33 191 33 192 32 193 31 194 30 194 30 194 30 194 30 193 31 193 31 193 31 193 31 193 31 193 30 195 30 194 29 195 29 195 29 195 29 194 30 194 30 194 30 193 31 193 31 193 31 193 31 193 31 193 31 193 31 193 31 193 31 194 30 194 30 195 30 194 31 194 32 192 38 186 42 183 42 182 43 181 44 180 45 135 1 43 46 124 1 1 1 1 10 39 48 113 25 38 48 107 32 36 50 100 39 34 52 95 44 32 54 84 57 27 56 29 6 46 63 23 58 26 13 39 77 8 62 23 16 36 150 21 19 31 154 18 21 29 158 14 24 25 164 7 29 22 202 21 204 19 207 15 210 13 2379
3296 6 217 7 216 9 214 10 213 11 212 12 212 12 211 13 211 14 210 14 210 14 209 15 170 7 32 16 168 11 29 16 167 14 27 17 166 16 25 17 166 18 22 18 166 19 21 19 165 20 20 19 165 21 18 20 166 21 16 22 165 22 13 24 165 23 11 25 166 23 9 26 166 26 3 30 166 58 166 58 166 58 167 58 166 58 166 58 166 58 166 59 166 58 166 58 166 58 167 57 167 57 167 57 168 56 168 56 168 56 169 55 169 55 170 54 171 53 171 52 173 51 174 50 174 50 175 49 175 49 175 49 89 4 82 49 87 8 80 49 86 10 79 49 85 13 77 48 86 14 76 48 86 15 74 49 85 17 72 50 85 20 68 51 85 40 46 52 87 45 38 54 87 54 27 57 86 61 16 61 86 66 7 65 87 136 88 136 88 136 88 136 88 137 87 137 88 136 87 136 88 137 87 137 87 137 87 136 87 137 87 137 87 137 86 138 86 138 86 138 85 139 85 138 85 139 85 139 85 138 85 139 85 139 84 140 84 140 84 140 84 140 84 140 84 140 85 139 85 139 85 139 85 138 86 138 86 138 86 138 86 138 86 138 86 138 86 138 86 138 86 137 88 136 88 136 88 136 88 136 88 136 88 136 88 136 88 136 88 136 88 136 88 136 88 136 88 136 88 43 3 90 88 42 6 87 89 41 8 86 89 41 10 84 89 40 13 82 89 40 14 81 89 40 16 79 89 39 19 76 90 39 20 75 90 39 22 73 90 38 23 73 90 38 24 72 90 37 26 70 91 37 26 70 91 36 27 70 92 35 28 68 93 34 29 68 93 34 28 69 93 33 29 36 1 1 1 1 9 20 94 31 30 30 20 19 94 31 30 28 23 17 95 30 31 27 24 17 95 30 31 26 25 17 95 29 31 26 26 17 95 28 32 25 28 16 95 27 33 24 28 17 95 27 33 23 30 16 95 26 34 22 30 17 95 25 35 21 31 16 96 24 35 21 32 16 96 24 35 20 33 16 95 24 36 20 33 16 95 23 37 19 34 15 96 22 38 18 35 15 96 22 38 18 35 15 95 22 39 18 35 14 96 22 39 17 36 14 96 21 40 17 37 13 96 21 39 18 37 13 96 21 39 17 38 12 97 21 39 17 38 12 97 20 40 17 38 12 97 20 40 17 38 12 96 21 40 16 39 12 96 21 40 16 39 11 97 20 41 16 39 11 97 20 41 15 40 11 98 19 41 15 40 11 98 19 41 15 40 11 98 19 41 14 41 11 98 20 40 14 41 11 98 20 39 15 41 11 98 20 39 15 41 11 98 20 39 14 42 11 99 20 38 14 42 11 99 20 38 14 42 11 99 21 38 13 42 11 99 22 37 13 42 10 100 22 37 12 43 11 99 23 36 12 43 11 99 23 36 12 44 10 99 24 35 12 44 10 100 24 34 12 44 10 100 24 35 11 44 11 99 25 34 11 44 11 99 25 34 11 44 11 99 25 34 11 44 12 98 25 34 11 44 12 98 24 35 11 44 13 97 22 37 12 43 14 96 21 38 12 43 14 96 20 39 12 43 16 94 19 40 12 44 15 94 19 40 13 43 16 93 19 40 13 43 17 93 18 40 13 43 17 93 17 41 14 43 16 94 16 41 15 42 17 95 14 41 15 43 15 100 9 42 16 44 13 104 2 45 16 52 3 153 17 207 17 207 17 207 17 207 16 209 15 115
1226 6 200 2 3 22 196 30 11 5 176 37 5 8 173 52 171 54 168 56 164 61 160 65 157 68 152 73 147 78 144 81 142 83 140 85 137 89 134 91 132 93 131 94 129 96 128 97 126 99 125 100 123 102 121 104 120 104 119 106 117 108 115 109 114 111 112 112 112 113 110 115 108 116 108 117 107 118 106 118 106 119 105 120 103 121 103 122 102 122 102 123 101 123 101 123 101 124 100 124 99 125 99 125 99 126 98 126 97 127 97 127 97 128 96 128 96 129 94 131 93 131 93 131 93 132 91 133 91 133 91 134 89 135 89 135 88 136 88 137 86 139 85 139 84 141 83 142 82 142 82 143 80 145 79 147 77 149 75 150 74 151 73 152 72 153 71 154 70 155 70 154 70 155 69 155 69 156 68 156 68 157 67 157 68 157 67 157 67 158 66 158 66 159 65 159 66 159 65 159 65 159 65 159 65 160 64 160 64 160 64 160 65 159 66 158 66 158 66 157 68 156 68 156 67 157 67 156 67 156 67 157 65 158 64 160 63 160 63 160 63 160 64 159 64 159 65 158 65 155 69 154 70 152 73 150 74 149 75 148 76 147 77 147 77 146 78 145 80 143 81 142 83 141 84 139 94 129 97 126 106 11 5 100 126 97 129 93 132 91 135 89 137 86 141 82 145 78 150 71 157 62 170 44 191 19 3 9 199 10 216 5 15333
2357 5 217 9 214 11 212 13 210 15 209 16 207 17 207 18 205 19 205 20 204 20 203 22 202 22 202 22 202 23 35 8 158 23 33 11 157 23 31 14 156 24 28 16 156 24 27 18 155 24 25 20 155 25 22 22 155 25 21 23 155 26 19 24 155 26 17 26 155 27 15 27 154 28 13 29 154 30 10 30 154 70 154 69 155 69 154 70 154 70 154 69 155 69 155 68 156 68 156 67 157 67 158 65 159 65 159 64 160 64 161 63 161 63 162 61 163 61 163 60 165 59 165 58 166 57 168 55 169 54 170 53 171 52 173 49 175 48 176 47 177 46 178 45 179 44 180 43 181 43 181 42 182 41 183 40 183 41 183 40 183 41 183 40 183 41 182 41 183 41 182 41 183 41 182 42 181 43 181 43 180 44 180 44 179 45 179 45 178 46 177 47 177 47 176 48 175 50 174 50 173 51 172 52 172 52 171 53 170 54 169 55 168 56 166 58 165 59 164 60 164 60 163 61 162 62 161 63 160 64 159 65 159 65 158 65 159 65 158 66 158 66 157 67 157 67 156 68 156 68 155 69 154 69 155 69 154 70 154 70 153 71 153 70 153 71 153 71 152 71 152 72 152 72 151 72 151 73 150 74 150 74 149 74 149 75 149 75 148 76 147 76 148 76 147 77 146 78 146 77 146 78 146 78 145 79 145 78 145 79 145 79 144 80 144 79 144 80 144 80 144 79 144 80 144 80 143 80 143 81 140 84 138 85 137 87 136 88 135 89 134 89 134 90 133 91 133 90 133 91 133 91 132 92 132 91 132 92 132 92 132 92 132 92 132 91 132 92 132 92 132 92 132 92 132 91 133 91 133 91 132 92 132 92 132 92 132 92 132 92 133 90 134 90 134 90 134 90 135 89 136 89 136 88 137 87 140 85 142 82 145 1 1 1 2 75 152 72 153 71 154 36 2 32 156 32 7 30 155 30 10 29 157 27 11 29 157 26 12 28 160 22 14 28 161 18 18 27 163 11 23 26 198 26 198 25 199 24 201 22 203 19 206 16 211 7 1000
171 29 194 31 193 31 191 34 190 34 189 36 187 37 187 37 82 9 95 39 80 11 93 40 79 15 89 41 78 17 87 42 77 20 84 44 76 22 82 44 75 25 79 45 75 26 78 46 74 28 75 47 73 31 72 48 73 32 71 48 73 33 69 50 72 35 66 51 71 38 64 51 71 40 61 52 71 41 59 53 71 43 57 53 71 44 55 54 71 45 53 55 71 46 51 56 71 48 48 57 71 50 44 59 71 51 23 79 71 53 18 82 71 55 13 85 71 60 4 90 71 153 71 153 71 153 71 153 72 152 72 153 71 153 71 153 72 152 72 152 72 152 72 151 74 150 74 150 74 151 73 151 73 152 73 152 72 153 71 154 70 154 71 153 71 153 71 153 71 153 71 153 72 152 72 152 73 151 73 151 73 151 74 151 73 151 73 151 74 150 74 149 75 149 76 147 77 147 77 146 79 144 80 144 81 142 82 142 82 141 84 140 84 139 86 137 87 137 88 135 89 135 89 135 89 135 89 135 89 135 89 135 89 135 89 134 90 134 91 133 91 133 91 133 91 133 91 133 91 134 90 134 90 134 90 135 89 135 89 136 88 137 87 138 85 140 84 141 83 143 81 144 80 145 79 145 80 145 79 145 79 145 79 145 79 145 78 145 79 145 78 140 2 3 78 140 84 143 79 146 78 146 77 148 75 150 73 151 72 152 71 153 70 155 68 156 67 157 67 157 67 157 67 157 67 157 68 156 69 156 68 156 69 155 69 155 70 154 70 154 69 155 69 155 69 155 69 155 68 156 68 156 68 156 68 156 68 156 68 156 68 156 68 156 68 156 69 155 69 155 70 154 72 152 74 150 74 150 76 147 77 147 78 146 79 145 80 144 80 144 81 143 81 143 81 143 81 143 81 143 81 143 81 143 81 143 81 144 80 144 80 144 80 144 80 144 80 144 80 144 81 143 81 143 82 142 82 142 82 142 83 141 83 141 83 141 83 141 84 140 84 140 84 140 84 139 85 139 85 139 85 139 86 138 86 138 86 138 87 137 87 137 87 136 89 135 89 135 90 134 90 134 90 134 90 134 91 133 91 133 91 133 91 133 91 133 91 133 91 133 91 133 91 134 90 133 91 133 92 132 92 131 11
1885 13 22 8 180 17 15 18 173 20 9 26 168 24 1 33 164 62 159 66 156 69 154 71 152 73 150 75 148 77 146 79 129 4 10 82 126 99 123 102 121 104 117 108 114 110 112 113 109 116 106 118 104 121 101 125 98 127 95 129 94 131 92 133 90 134 88 138 85 139 85 141 82 142 82 143 80 145 79 146 78 147 76 150 74 152 72 154 69 158 66 160 63 163 61 165 58 167 57 169 54 171 53 173 50 174 50 175 48 177 46 179 44 180 43 182 40 185 38 186 37 189 34 191 32 193 30 196 28 196 27 198 25 199 24 200 23 201 23 201 22 202 21 204 20 204 19 206 18 207 16 208 16 209 14 210 14 210 14 211 13 211 12 211 13 211 13 210 14 209 14 209 15 208 15 208 16 208 15 209 15 209 14 210 14 210 14 210 14 211 13 211 13 211 13 211 13 212 12 212 12 212 12 211 13 211 13 211 13 211 13 211 13 211 13 211 13 211 13 211 13 211 13 211 13 211 13 210 14 210 14 210 14 210 14 210 14 210 14 210 14 210 14 210 14 209 15 209 15 209 15 208 16 208 16 208 16 208 16 207 17 207 17 207 17 206 18 206 18 206 18 207 17 207 17 207 17 208 16 208 16 207 17 205 19 204 20 203 21 203 21 202 22 202 22 202 22 201 23 201 24 201 23 201 23 201 23 202 22 203 21 203 22 203 22 203 21 204 20 205 20 205 19 206 18 206 8 2 9 205 6 4 10 206 5 3 10 209 1 4 10 209 3 3 10 208 3 2 12 207 3 2 12 208 2 3 12 212 12 212 13 211 14 210 14 210 15 208 16 208 17 205 19 205 20 203 21 202 23 200 25 199 26 197 27 197 28 195 30 193 32 191 34 190 35 188 37 187 38 186 38 185 41 183 41 183 42 181 44 180 44 179 46 178 46 178 47 177 47 41 5 130 48 41 7 128 49 40 7 128 49 41 6 128 50 41 5 128 51 42 1 130 52 6 4 162 64 159 66 158 67 157 8 5 55 156 7 6 55 156 6 7 56 156 4 8 56 156 4 8 56 168 56 168 56 167 57 166 59 137 9 1 5 1 5 6 62 134 22 5 10
4835 4 218 8 215 10 212 12 210 15 208 16 207 17 205 20 200 24 198 26 196 28 193 31 191 33 188 37 185 39 182 42 179 45 177 47 175 49 173 52 170 54 169 56 166 59 163 61 162 63 159 65 158 67 155 70 153 72 150 76 146 79 143 85 137 89 133 94 11 6 111 99 5 9 110 115 12 3 92 117 10 6 90 120 6 8 89 122 2 12 87 137 87 137 86 139 84 140 84 140 83 142 82 142 81 143 81 143 80 144 80 144 80 143 81 143 81 143 80 142 82 142 82 140 84 140 83 141 83 141 83 141 83 141 83 141 83 141 83 142 82 143 81 143 81 143 81 144 80 143 82 142 83 141 84 140 85 138 87 137 88 136 89 135 90 133 92 132 93 131 93 131 94 130 94 129 94 130 94 128 95 129 95 128 95 129 94 130 94 130 94 131 92 135 88 136 88 136 88 133 90 133 90 132 92 131 93 130 93 129 95 127 97 125 98 124 100 123 100 121 103 120 104 119 104 120 104 119 104 120 104 120 104 120 103 121 103 121 102 122 102 122 101 123 101 122 102 122 101 123 101 123 100 124 100 124 99 125 98 126 98 126 97 127 97 126 97 127 96 128 95 128 96 128 95 129 95 128 95 129 94 130 93 130 93 131 92 132 91 132 91 133 89 135 88 137 86 139 83 142 80 145 78 147 76 148 74 151 73 151 72 153 70 153 71 154 69 154 70 154 70 153 71 153 71 153 71 153 71 141 2 10 72 138 5 9 74 133 8 9 76 128 12 8 77 44 5 75 15 8 80 39 9 66 23 6 83 37 9 64 25 6 85 33 11 61 29 4 87 31 13 34 1 1 7 1 3 9 33 3 89 29 15 20 160 29 15 16 166 27 15 15 167 27 15 14 170 25 15 1 1 10 173 25 16 8 176 24 16 5 181 22 204 18 210 2 1 5 1 1 1 3 5990
7217 7 209 19 199 29 191 35 187 39 183 43 179 46 177 48 174 52 170 55 168 57 166 60 163 63 92 13 54 66 88 21 48 69 83 27 45 71 74 37 41 75 63 48 37 78 52 59 35 82 45 64 32 86 40 67 31 89 23 83 28 93 12 92 27 198 26 199 24 201 23 201 23 202 22 202 21 203 21 203 21 203 21 203 21 203 21 202 22 202 22 202 21 203 21 203 21 203 21 203 21 203 21 203 21 203 21 203 21 204 20 204 20 204 20 204 20 204 20 204 20 204 20 204 21 203 21 203 21 203 21 204 20 204 21 203 21 204 20 204 20 205 19 205 19 206 18 206 19 205 19 205 19 205 19 205 19 204 21 203 21 202 23 200 24 199 26 197 28 194 30 193 32 191 33 190 35 189 35 189 36 47 3 137 37 46 5 116 5 15 38 44 7 114 7 14 38 44 8 112 9 12 40 42 10 110 12 9 41 42 11 108 15 5 44 40 14 105 65 40 15 103 66 40 17 101 67 38 19 99 68 38 21 96 69 38 23 93 70 37 26 90 71 37 28 87 73 36 30 84 74 36 34 79 75 35 42 71 76 35 46 66 78 34 47 64 80 33 49 61 81 33 51 57 83 33 51 55 86 32 52 51 89 32 52 45 95 33 52 42 97 33 52 41 99 32 52 40 100 32 52 38 102 33 52 36 103 34 51 35 105 34 50 34 106 34 50 33 107 36 48 32 108 37 47 31 110 37 46 30 111 37 46 30 111 36 47 29 112 36 46 30 113 34 47 29 114 25 56 29 114 21 60 29 114 20 61 28 116 18 61 29 116 18 61 29 117 16 62 29 117 15 63 28 119 13 63 29 120 11 64 29 123 4 68 29 195 29 195 30 194 30 194 31 192 33 191 35 189 35 189 36 188 36 188 37 188 36 188 36 188 35 189 34 190 33 191 22 202 20 205 19 205 19 205 19 205 20 205 20 204 20 205 21 203 21 204 21 203 22 203 21 203 21 204 20 204 20 206 17 208 15 211 12 6589
4345 11 200 29 189 37 185 42 181 45 178 48 175 50 173 52 172 52 171 54 169 56 168 56 167 57 167 57 166 58 166 59 164 60 164 60 163 62 162 62 162 62 161 64 160 64 160 65 159 65 159 66 158 66 158 67 157 67 157 67 157 68 156 68 156 69 155 69 155 70 154 70 154 70 154 70 155 69 155 70 154 70 154 70 154 70 154 70 154 71 153 72 152 73 151 74 151 74 151 75 149 76 148 77 147 78 147 78 147 78 146 1 2 75 146 1 4 74 151 74 151 73 151 74 151 74 150 75 149 75 149 76 148 76 149 76 148 76 148 76 149 76 149 75 149 75 150 75 149 76 148 77 147 78 146 79 146 78 146 80 144 81 143 82 142 83 141 84 140 85 139 87 137 88 136 89 135 89 135 90 134 91 133 92 133 92 132 93 132 93 131 95 130 95 129 96 128 97 127 99 125 99 125 101 123 102 122 103 121 104 120 105 119 106 118 107 117 108 117 108 116 109 115 110 115 109 115 110 114 111 113 112 113 112 112 113 112 112 112 114 111 113 111 115 110 114 110 116 109 115 110 116 108 116 109 116 108 117 108 117 107 117 108 117 107 117 108 117 107 118 107 117 107 118 107 117 107 117 108 117 108 116 108 116 108 116 109 116 108 116 108 116 108 116 108 116 107 117 107 117 108 116 109 115 109 115 109 115 109 116 108 116 108 116 108 116 91 9 6 118 86 138 85 139 83 141 82 142 81 143 81 143 80 144 81 143 81 143 82 142 87 137 90 134 90 134 90 134 93 131 95 129 96 128 98 126 98 126 98 126 99 125 99 125 99 125 99 125 98 125 99 125 99 124 100 124 100 124 101 122 103 121 107 117 111 112 120 10 7 87 140 1 1 82 151 31 17 24 162 16 27 18 209 14 214 8 2037
160 29 97 3 95 30 93 10 90 31 91 14 87 33 89 16 85 34 87 18 84 35 87 20 82 35 86 22 79 36 86 24 77 37 86 26 74 38 85 29 71 39 85 31 68 40 85 33 64 41 85 36 60 43 85 39 55 45 85 42 50 47 85 50 27 62 85 58 1 79 86 138 86 138 87 137 87 137 87 137 88 135 89 135 89 135 90 134 90 134 90 134 90 134 90 134 91 133 91 133 91 133 91 133 91 133 91 133 92 132 92 132 92 132 92 132 92 132 92 132 92 132 92 132 91 133 91 133 90 134 89 135 89 135 88 136 88 136 87 137 86 138 86 138 85 139 84 141 82 142 82 142 81 143 80 144 80 145 79 145 78 146 78 146 79 146 78 146 78 146 78 147 77 147 77 147 77 147 77 148 76 148 76 148 76 148 75 150 74 150 74 151 73 151 72 152 72 152 72 152 73 152 72 152 72 152 72 153 71 153 70 154 70 154 70 155 68 156 67 157 67 158 65 159 64 160 64 161 63 161 63 161 63 161 63 162 62 162 62 162 62 162 61 163 61 163 61 163 60 164 60 164 58 166 35 189 32 192 28 197 25 199 23 201 23 201 23 201 23 201 23 201 23 202 22 202 22 202 22 203 21 203 21 203 21 203 21 204 20 204 20 205 19 205 19 206 18 206 18 207 17 207 17 208 16 208 16 209 15 210 14 210 14 211 13 211 13 212 12 212 12 213 11 214 10 214 10 214 10 215 9 215 9 215 9 215 9 215 9 216 8 216 8 216 8 216 8 216 8 216 8 216 8 216 8 216 8 216 8 216 8 216 8 216 8 216 8 216 8 216 8 216 8 216 8 216 8 216 8 216 8 215 9 215 9 215 9 215 9 215 9 215 9 215 9 215 9 215 9 215 9 215 9 215 9 216 8 217 7 215 9 208 16 207 17 206 18 205 19 204 20 203 21 202 22 201 23 200 24 199 25 198 26 197 27 196 28 194 30 193 31 192 32 191 33 190 34 189 35 188 36 187 37 187 37 186 38 185 39 184 40 184 40 183 41 183 41 182 42 182 42 182 42 182 42 181 43 180 44 180 44 179 45
4174 3 219 6 217 9 214 12 140 8 62 15 138 10 61 16 135 15 57 18 133 17 55 20 131 20 53 21 130 21 51 22 129 25 47 24 128 27 45 25 126 32 39 28 124 36 35 29 124 39 29 33 122 43 24 35 122 46 17 40 120 52 1 1 7 43 120 104 119 105 119 106 118 107 116 108 116 109 114 110 114 110 113 112 112 112 111 113 111 114 109 115 109 115 108 116 108 117 107 117 107 117 106 118 106 118 105 119 105 119 105 119 105 119 105 120 104 120 104 120 104 120 104 120 103 122 102 122 101 123 101 123 100 124 100 125 98 126 97 128 95 129 94 131 92 132 92 133 90 134 90 135 88 136 88 137 86 138 86 139 85 139 84 141 83 141 82 143 81 143 80 144 80 144 80 145 79 145 78 146 78 147 76 148 76 148 75 150 74 150 73 151 73 152 72 152 72 152 71 154 70 154 70 154 70 155 69 155 69 155 69 156 68 156 67 157 67 157 67 157 67 157 67 158 66 158 65 159 65 159 64 160 64 160 64 160 64 160 64 161 62 162 62 162 62 162 62 162 62 163 61 163 61 163 61 163 61 163 61 163 60 165 59 165 59 165 59 165 59 165 59 166 58 166 58 166 58 166 57 167 57 167 56 169 55 169 54 170 54 170 53 171 53 172 51 173 51 173 51 174 50 174 49 175 49 176 48 176 48 176 48 176 48 176 48 177 47 177 48 175 48 176 49 175 49 175 49 175 49 175 49 175 50 174 50 173 52 172 52 172 53 171 54 169 55 169 55 168 56 168 57 167 58 165 59 165 59 165 59 165 59 164 61 163 61 163 61 163 61 163 61 163 62 161 63 161 63 162 62 162 62 162 63 161 63 161 63 161 63 161 63 161 63 161 63 161 63 161 63 161 63 161 63 161 63 161 63 161 63 161 63 160 64 160 64 160 64 160 64 159 65 159 65 159 65 159 65 159 64 160 64 160 64 160 65 159 65 159 65 158 67 156 40
10864 23 195 32 190 38 185 46 177 51 172 54 169 56 167 58 165 60 163 62 162 62 161 64 159 65 159 65 158 67 156 68 121 5 29 70 119 8 25 72 117 13 1 1 1 2 16 73 116 24 9 75 102 122 99 125 98 126 97 127 96 129 95 129 94 130 94 130 93 131 93 132 92 132 91 133 91 134 90 134 89 136 88 136 88 137 86 138 86 138 86 138 85 139 85 139 85 139 85 139 84 140 84 140 84 140 84 140 84 139 85 139 85 139 84 140 84 139 85 139 85 139 85 138 86 138 86 138 86 138 86 138 86 139 85 139 85 139 85 139 85 139 85 139 86 138 86 138 86 138 86 138 87 137 87 137 87 138 86 138 86 138 86 138 86 137 87 137 88 136 88 136 89 135 89 134 91 133 92 132 92 132 93 131 94 130 94 130 96 127 97 127 98 126 99 124 101 123 102 121 103 121 103 120 105 119 105 118 106 117 108 116 108 115 109 114 110 114 110 113 111 113 112 111 113 111 113 111 113 111 113 111 114 110 114 110 115 109 116 108 117 33 2 73 116 32 4 72 117 31 5 72 117 29 7 71 117 29 8 71 117 28 8 71 117 28 9 70 118 27 9 71 117 27 9 70 119 26 9 70 120 25 10 69 120 24 11 68 122 23 11 67 123 23 11 66 125 21 13 63 128 19 14 60 132 17 16 56 138 12 18 54 171 41 183 40 185 39 186 38 186 38 187 37 189 36 189 35 192 32 193 31 195 29 196 28 197 26 198 26 199 24 201 21 205 17 208 14 215 6 5703
4115 7 216 10 213 25 198 31 192 36 188 41 182 50 174 51 172 53 171 54 170 55 168 56 168 57 166 58 165 60 164 61 162 62 161 64 159 65 159 66 157 67 156 68 156 69 154 70 154 70 154 70 153 71 153 71 153 71 153 71 153 71 154 70 154 70 154 70 154 69 156 68 156 68 156 68 157 67 157 67 158 66 159 65 160 64 160 64 161 63 161 64 161 63 161 63 161 63 161 64 160 65 159 66 158 67 157 69 155 70 154 71 152 73 151 73 151 74 150 75 149 76 148 76 148 78 146 78 146 79 145 80 144 81 143 82 142 82 142 83 141 84 140 84 140 85 139 85 139 86 138 87 137 87 137 88 136 88 136 89 136 88 136 89 135 89 135 90 134 90 134 91 133 91 134 91 133 91 133 91 133 92 132 92 132 92 133 91 133 92 132 92 132 92 132 92 133 92 132 92 132 92 132 92 133 92 132 93 132 93 131 93 132 93 131 94 130 95 130 95 129 96 129 95 129 96 129 95 129 95 130 95 129 95 130 94 130 94 131 93 132 93 131 93 132 93 131 93 132 92 132 92 133 92 133 91 133 91 134 90 134 90 135 90 134 90 135 89 136 88 136 88 137 87 138 86 138 86 139 85 139 85 140 83 141 83 142 81 143 80 144 80 145 78 146 77 147 76 149 75 149 74 150 73 152 72 152 72 152 71 153 70 154 70 154 69 155 69 154 69 154 69 155 67 155 59 165 57 165 24 4 30 165 24 5 29 165 24 7 27 165 25 7 26 165 26 7 25 166 25 9 23 167 25 9 22 167 26 9 22 167 25 10 21 168 25 10 21 168 24 11 21 169 22 12 20 170 20 14 20 172 17 15 20 174 12 18 21 176 6 21 20 203 22 202 22 202 23 201 23 201 23 200 24 200 25 199 25 198 26 198 26 198 26 198 25 199 25 199 25 199 24 200 23 201 22 202 19 206 16 208 13 212 11 214 7 985
14445 3 216 14 207 23 198 29 193 34 188 39 184 42 180 46 177 48 174 51 171 54 169 55 168 58 165 59 164 62 161 63 160 66 158 67 156 69 155 70 153 72 152 72 152 73 150 74 150 75 148 76 148 76 147 77 147 78 145 79 145 79 145 79 144 81 143 81 142 82 142 82 141 84 140 84 140 85 138 86 138 86 138 87 136 89 135 89 135 90 133 91 133 92 132 93 130 94 130 95 129 95 128 97 127 97 127 97 127 97 127 97 127 97 127 97 128 96 129 94 132 92 133 90 137 85 140 82 144 79 146 76 149 73 152 71 155 67 157 66 160 63 162 61 164 60 165 58 166 58 166 58 166 58 166 58 166 58 166 58 166 59 164 60 164 60 164 60 163 62 162 62 162 62 161 63 161 63 161 63 160 65 159 65 159 65 159 65 159 65 158 66 158 66 158 66 158 66 158 67 157 67 157 67 157 68 157 67 157 67 157 67 157 68 156 68 155 69 155 69 155 70 154 70 154 70 153 71 152 73 149 75 145 79 143 81 142 82 141 83 140 84 139 85 138 87 137 87 136 88 136 88 136 89 134 90 134 90 133 91 133 92 132 92 131 94 130 95 129 96 128 97 127 100 124 103 121 105 119 106 118 107 117 108 116 109 115 110 114 110 114 111 113 111 113 111 113 111 113 111 113 111 113 111 113 111 113 111 113 112 112 112 113 111 113 110 114 110 115 109 50
4334 3 215 19 203 24 198 29 194 31 191 35 187 39 182 46 175 52 170 55 168 58 164 61 162 63 160 66 157 68 155 70 153 72 151 74 148 76 147 78 145 80 142 83 140 85 138 87 137 87 137 88 135 89 134 91 133 91 132 93 130 94 130 95 128 96 127 97 127 98 126 98 125 100 124 101 122 102 122 103 121 104 120 104 119 105 119 106 117 107 117 107 116 108 115 110 114 110 113 111 112 113 110 114 109 116 108 116 108 117 106 119 104 120 104 5 5 111 102 5 6 111 101 5 7 112 100 5 8 111 99 5 9 112 97 5 10 113 96 5 11 112 94 7 11 112 94 7 11 113 93 7 11 114 92 7 12 114 91 8 11 114 91 8 11 115 90 9 10 116 89 9 11 116 88 10 10 117 87 10 10 118 86 11 9 118 87 10 8 120 86 11 7 120 87 10 6 122 86 10 6 122 86 11 4 123 86 11 4 123 87 10 3 124 88 9 3 124 88 9 1 126 88 136 88 136 88 136 88 136 87 136 88 136 88 136 87 137 87 137 87 137 86 138 86 138 86 138 86 139 84 140 84 141 83 141 84 141 83 141 83 142 82 143 81 144 80 145 80 145 80 146 79 147 79 147 79 148 77 150 75 152 72 154 71 155 69 156 68 158 66 159 65 160 63 162 62 164 60 165 58 170 54 173 50 180 43 183 40 185 39 186 37 189 35 193 31 195 28 199 25 201 23 201 23 203 21 204 20 205 19 206 18 206 18 206 17 207 17 207 16 208 15 209 15 209 14 210 14 210 13 211 12 212 12 212 12 212 11 213 11 213 11 213 11 213 11 213 10 214 10 214 11 213 11 213 11 213 11 213 11 213 10 214 10 214 10 214 9 215 9 215 8 216 8 216 7 217 6 218 6 218 5 219 4 220 4 220 4 220 4 220 3 221 4 220 4 220 4 220 4 220 4 220 4 220 4 220 4 220 5 219 5 219 5 219 5 219 5 219 5 219 5 219 5 219 4 220 4 220 4 220 3 221 3 221 3 221 4 220 4 220 6 217 1
340 7 215 11 210 16 207 22 1 9 192 22 1 10 190 35 189 36 187 40 184 42 181 44 179 45 39 8 132 46 33 17 122 52 27 25 117 55 14 40 112 59 9 46 107 64 3 51 103 122 100 124 99 126 97 128 95 129 94 130 93 131 92 132 91 134 89 135 88 136 87 138 86 138 85 139 85 139 84 140 84 140 83 142 82 142 81 143 81 143 80 144 78 146 77 147 76 147 76 148 74 150 72 152 71 153 69 154 69 155 68 155 68 156 67 157 67 157 66 157 67 157 66 158 66 158 66 157 67 157 67 156 67 157 67 156 68 155 69 154 70 153 71 151 73 150 74 149 74 150 74 150 73 151 73 150 73 152 71 153 71 153 70 154 69 156 68 156 67 157 66 158 66 159 64 160 64 161 62 163 61 164 60 164 60 164 60 164 59 165 58 167 57 167 56 169 55 169 54 170 54 170 54 170 54 170 54 170 54 170 54 170 54 169 55 168 56 166 58 165 59 164 60 163 61 163 61 162 62 162 63 161 64 160 64 160 65 159 66 157 67 157 67 157 67 156 68 156 68 156 68 156 68 155 70 154 70 153 72 152 72 151 73 151 73 151 73 150 74 150 74 150 74 150 74 150 74 150 74 150 74 150 74 150 74 150 74 149 75 149 75 149 75 149 75 149 75 149 75 149 75 149 77 147 79 145 81 143 83 141 83 141 84 140 84 141 84 140 84 140 84 139 86 138 86 138 87 137 87 137 87 137 87 137 87 137 87 137 87 137 87 137 87 137 87 137 86 138 86 138 86 138 86 138 86 138 85 139 85 139 85 139 85 139 85 139 84 140 84 140 84 140 83 141 83 141 83 141 83 141 82 142 82 142 82 142 82 142 82 142 82 142 82 142 82 141 83 141 83 141 82 142 82 142 82 142 82 141 82 142 82 142 81 143 81 143 80 144 79 144 79 145 78 146 78 146 77 147 76 147 76 148 76 148 76 148 76 147 77 147 77 147 78 145 80 144 81 143 82 141 84 140 85 139 86 138 87 136 89 134 90 134 40
10885 6 2 1 1 7 204 28 194 32 150 6 34 36 144 13 29 40 139 18 25 43 135 23 22 45 132 27 19 47 128 31 16 50 124 35 14 52 119 41 11 53 106 55 10 54 99 63 6 56 96 67 4 58 93 131 92 133 90 134 89 135 88 137 87 137 86 138 86 138 85 140 84 140 84 141 83 141 83 141 83 142 83 141 84 140 88 136 89 135 90 135 90 134 91 133 91 133 92 133 91 133 91 133 91 134 91 133 91 133 91 133 91 133 91 133 91 132 92 132 92 132 93 130 94 130 94 130 95 128 96 128 96 128 97 127 97 127 98 126 98 126 99 125 100 124 101 122 102 122 103 121 103 121 104 120 104 120 104 119 105 96 3 20 105 95 5 19 105 95 5 19 105 95 6 18 105 94 7 18 105 93 9 17 104 94 9 16 105 93 11 15 105 93 11 15 105 92 13 14 105 92 13 14 105 91 15 13 105 90 16 13 105 90 16 13 105 89 17 13 105 89 17 13 105 88 18 13 106 86 19 13 106 85 19 15 105 84 20 15 105 83 21 15 105 82 22 15 105 81 23 15 105 80 24 15 105 79 25 16 104 78 26 16 104 77 27 16 105 75 28 16 105 74 29 16 105 74 29 16 105 74 29 15 107 72 30 15 107 72 31 13 109 71 31 12 112 69 32 10 113 69 35 5 116 68 157 68 156 68 157 67 157 67 157 68 156 68 156 68 156 23 7 37 158 21 11 34 158 20 16 30 158 20 20 26 158 20 21 25 159 18 24 23 159 18 25 22 159 18 26 21 159 18 27 20 160 17 27 20 160 17 28 18 161 17 28 18 161 17 28 18 162 16 29 17 162 15 30 17 162 16 29 17 162 15 30 17 162 16 29 17 162 16 29 16 163 16 29 16 163 16 29 16 164 15 29 16 164 15 29 16 164 15 29 15 165 15 29 15 165 15 29 15 165 15 29 15 164 16 28 16 164 16 28 16 164 16 28 15 165 16 28 15 165 16 28 15 165 16 28 15 165 16 27 16 165 15 28 16 165 15 28 16 165 15 28 16 165 14 29 15 166 14 29 15 167 11 30 16 169 7 32 16 171 1 36 16 207 17 207 16 208 16 208 16 207 17 207 17 206 18 206 17 207 17 206 18 206 18 206 18 206 17 207 17 207 17 207 16 207 17 207 17 207 16 208 15 211 12 213 10 216 7 108
2589 9 212 15 208 17 206 20 203 22 200 25 199 26 197 28 195 29 194 31 192 33 191 34 189 35 189 36 187 38 186 39 184 40 183 42 182 42 181 44 180 44 179 45 179 46 177 47 176 49 174 50 174 50 173 52 171 53 169 56 166 59 161 63 156 69 149 75 82 2 61 80 79 7 55 84 77 10 50 87 77 12 46 90 75 15 42 93 74 18 36 97 73 20 26 106 71 23 20 112 69 27 12 117 68 157 67 158 66 159 65 160 64 161 62 162 62 163 61 163 61 164 60 164 60 164 60 164 60 165 60 164 60 165 59 165 59 165 59 165 60 165 59 165 59 166 57 167 57 168 56 168 56 169 55 169 55 169 55 169 56 169 55 169 55 170 54 170 55 169 55 170 54 170 54 170 54 170 53 172 52 172 52 172 52 172 52 172 51 174 50 174 49 176 48 176 48 176 47 178 46 178 46 179 45 179 45 180 44 180 44 181 44 181 43 181 43 182 42 183 41 184 40 184 40 185 39 185 39 186 38 187 37 188 36 188 35 190 34 191 33 191 33 192 32 192 32 193 31 193 31 193 31 194 29 195 29 196 28 196 28 197 27 197 27 198 26 198 26 199 25 199 25 200 24 200 24 201 23 202 22 202 22 203 22 203 21 203 21 204 20 205 19 206 18 207 17 208 16 209 15 210 14 211 13 212 12 213 11 214 10 215 9 215 9 215 9 215 9 215 8 216 8 216 4 220 3 221 3 221 2 222 1 223 1 223 1 223 1 447 1 3832 5 218 7 216 9 192 1 21 10 192 1 21 11 191 1 20 13 190 1 20 13 190 1 19 15 189 1 18 17 188 2 16 18 188 3 13 21 187 3 11 24 186 4 8 27 185 6 5 28 185 40 184 40 184 41 183 42 182 42 182 43 181 43 181 43 181 44 180 44 180 44 180 44 180 45 179 45 179 45 179 44 180 45 179 45 179 46 178 46 178
7956 5 216 11 212 13 210 15 208 16 164 6 37 18 161 11 33 19 160 16 28 21 158 21 23 22 158 32 9 25 159 65 159 65 160 65 159 65 160 64 160 65 160 64 161 63 161 63 162 63 162 62 163 61 164 60 165 59 165 59 166 58 167 57 167 58 166 58 166 58 166 58 166 58 166 58 166 58 166 59 165 59 165 59 165 60 164 60 164 60 164 60 164 61 163 61 163 61 163 62 162 62 162 62 162 63 161 63 161 64 159 65 159 65 158 67 156 68 156 68 155 70 154 70 154 70 154 71 153 71 153 71 153 72 152 72 152 72 153 71 153 71 153 71 154 71 153 71 153 71 154 70 154 70 154 71 153 71 153 71 153 71 153 71 152 73 151 73 150 74 150 74 149 75 149 75 149 76 147 77 147 77 146 78 146 78 146 78 145 80 144 80 143 81 143 81 143 81 143 80 144 80 143 81 143 81 143 81 143 81 143 81 143 80 144 80 144 80 143 81 143 81 143 81 143 81 143 81 143 81 143 81 143 81 143 81 143 81 143 81 143 81 143 82 142 82 142 82 142 82 142 82 142 82 142 82 142 83 141 83 140 84 140 84 139 84 140 84 139 85 139 85 138 86 138 86 137 87 137 87 137 87 136 88 136 88 136 88 136 88 135 89 135 90 134 90 134 90 134 90 134 91 133 91 133 91 132 93 131 93 131 93 131 93 131 93 131 93 130 94 130 94 130 94 130 94 130 94 130 94 130 94 130 94 130 94 130 94 130 94 130 94 130 94 130 95 129 95 129 97 127 98 126 99 125 101 123 102 122 103 121 103 121 104 120 104 120 104 120 104 121 102 122 102 123 101 124 51 11 37 126 35 28 34 131 22 1 1 39 28 200 1 1 1 3 1 1 7 527
3048 6 216 10 213 12 211 14 209 15 208 16 208 17 206 18 205 19 204 20 203 21 175 8 1 1 16 23 173 15 11 25 172 19 4 29 171 53 169 55 168 55 168 56 168 56 168 57 166 58 166 58 166 58 166 59 166 58 165 60 164 61 163 62 162 63 161 64 159 66 158 68 155 70 154 71 152 72 152 73 150 74 150 75 148 76 148 77 146 79 145 79 144 81 142 83 141 83 140 84 140 85 138 86 138 87 136 88 136 88 136 89 134 90 134 90 134 90 133 91 133 91 133 91 133 91 133 92 132 92 132 92 132 92 132 92 132 92 132 92 132 92 132 92 132 92 132 93 131 93 130 94 130 94 130 94 129 94 130 94 130 94 129 95 129 95 128 96 128 96 127 96 128 96 128 96 128 95 128 96 128 95 129 95 128 96 128 95 128 96 128 95 128 95 129 94 130 93 130 94 130 93 131 93 130 94 130 93 131 93 131 92 131 93 131 92 131 93 130 94 129 95 128 96 127 97 127 97 126 98 126 98 126 98 125 99 125 100 124 100 123 101 123 101 122 102 122 102 121 103 121 104 119 105 119 105 118 107 117 107 116 109 115 110 113 111 113 112 112 112 111 113 111 113 110 114 110 114 109 116 108 116 108 116 108 116 108 116 108 116 108 116 108 116 108 116 108 116 108 116 109 115 109 115 109 115 109 115 109 115 109 114 110 114 111 112 112 112 112 111 113 110 114 109 115 107 117 105 119 104 120 103 121 102 123 100 124 99 125 98 126 98 126 97 127 96 129 94 129 94 131 92 131 93 132 91 133 90 134 89 135 88 137 86 139 84 141 81 144 78 146 75 150 73 151 70 154 69 156 67 158 66 159 63 162 15 5 1 10 31 162 11 25 23 167 7 33 3 4599
6178 3 217 9 213 12 211 14 139 3 66 16 135 12 60 18 132 15 57 20 131 18 54 21 130 20 52 22 128 23 50 22 128 24 48 24 127 26 45 26 126 28 43 26 126 30 39 29 126 30 37 31 125 32 34 32 125 33 32 35 124 34 29 37 123 36 26 39 122 39 22 42 121 41 17 46 119 51 1 55 117 108 116 109 114 112 112 113 110 115 109 117 106 120 104 132 91 137 87 140 83 143 81 145 79 146 78 147 76 149 75 149 74 151 73 152 72 152 72 152 71 154 70 154 70 155 69 155 69 155 69 156 68 156 68 157 67 157 67 157 67 158 66 158 66 158 66 159 65 159 65 159 65 160 64 160 64 160 64 161 63 161 63 162 62 162 62 163 61 163 61 163 61 164 60 164 60 164 60 165 60 164 60 164 60 164 60 164 60 164 60 164 60 164 60 164 60 164 60 164 60 164 60 164 60 164 60 163 61 163 61 163 61 163 60 164 60 164 60 164 59 164 60 164 60 164 60 164 60 164 59 165 59 165 59 164 60 164 59 165 59 165 59 165 59 164 60 164 60 164 59 165 59 165 59 165 59 165 58 166 58 166 58 165 59 164 60 162 62 161 63 160 65 159 65 159 65 159 66 158 66 158 66 158 66 159 65 159 65 159 65 160 64 160 64 160 64 161 63 161 63 161 64 160 64 161 63 161 63 161 63 160 64 160 65 159 65 159 65 158 66 157 67 156 68 156 68 154 70 153 71 151 73 150 75 146 78 143 81 139 86 134 91 79 7 37 102 75 19 23 111 68 30 2 9276
131 31 192 37 187 38 185 41 182 44 180 44 180 44 179 46 178 45 178 47 177 46 177 47 177 47 176 48 176 48 175 48 175 49 175 49 174 49 174 50 174 49 174 50 174 50 173 51 173 50 173 51 173 51 173 50 173 51 173 51 173 50 173 52 171 52 172 53 170 54 169 55 167 57 148 9 5 62 145 79 61 3 79 81 60 9 71 84 60 17 61 86 59 22 56 87 59 24 53 88 59 28 47 90 59 34 37 94 60 36 32 95 61 37 30 96 62 39 25 98 62 43 20 98 63 46 15 99 65 49 9 101 66 157 68 155 70 153 72 152 73 150 74 149 77 146 78 144 81 142 83 139 86 136 88 135 90 133 92 132 93 130 95 129 96 127 98 126 99 125 100 125 101 123 102 122 103 121 105 120 106 118 108 117 110 114 112 112 114 111 114 110 116 108 117 108 117 107 118 107 117 107 118 107 118 107 117 108 116 109 115 110 114 113 112 113 111 115 110 115 109 118 107 118 106 119 106 119 105 120 104 121 104 121 104 120 104 122 102 123 102 124 100 125 100 127 97 128 97 129 96 129 95 131 94 131 94 132 92 133 92 134 90 135 90 136 89 136 89 136 89 137 88 137 87 138 87 139 85 140 84 142 83 142 82 144 80 145 78 147 76 148 75 150 73 152 70 155 69 156 66 159 63 162 62 163 60 165 59 166 58 166 58 166 59 165 60 165 60 164 61 163 61 163 62 162 62 162 62 162 62 162 62 162 62 162 62 62 4 96 62 61 7 94 63 58 10 92 64 57 12 91 65 54 15 90 65 53 17 90 65 50 20 89 65 48 22 89 66 46 24 88 66 45 25 88 67 42 28 87 68 40 30 86 70 36 32 86 71 33 35 85 73 30 37 84 74 27 40 83 76 24 42 82 77 21 44 82 80 16 46 82 82 12 48 82 86 4 52 82 142 82 143 81 143 81 143 81 143 81 144 80 144 80 144 80 144 80 145 79 145 79 146 78 146 78 147 77 148 76 148 76 148 76 149 75 149 75 150 74 150 74 152 72 153 71 154 70 155 69 156 68 156 68 156 68 157 67 158 66 159 65 160 64 162 62 164 60 165 59 166 57 169 55 131 6 33 54 129 9 33 52 126 13 34 51 124 15 35 49 124 17 35 45 127 17 36 41 129 18 36 39 131 19 35 39 133 16 37 37 136 14 38 34 139 13 38 34 140 10 41 32 15
562 1 1 1 219 10 212 14 208 16 207 19 204 22 201 24 199 26 198 26 198 26 198 27 197 27 197 27 197 26 199 25 199 25 199 24 201 23 201 12 2 8 202 9 5 8 203 5 9 6 205 3 11 4 4253 8 213 13 207 18 203 22 198 27 195 29 193 32 191 34 189 35 188 36 187 38 185 40 183 42 181 44 153 1 24 47 145 15 16 49 142 20 12 50 141 25 4 55 138 86 137 87 136 89 135 89 135 90 134 90 134 90 134 91 134 90 134 90 135 90 134 90 135 89 135 89 135 89 135 89 136 88 136 88 137 87 138 86 139 85 141 83 143 81 144 80 145 79 146 78 146 78 147 77 147 77 146 78 146 78 146 78 145 79 145 79 144 80 144 81 143 81 142 82 142 82 141 83 141 83 140 84 139 86 138 85 139 85 138 86 138 86 138 86 138 85 139 85 139 85 138 85 139 85 139 85 139 85 139 85 139 85 139 85 139 85 139 85 139 85 139 85 139 85 139 85 140 84 140 84 140 84 140 84 141 83 141 25 7 51 142 23 10 50 141 23 10 49 143 23 10 48 143 23 10 49 142 23 11 47 143 23 12 46 143 23 13 44 144 23 14 43 145 21 16 42 145 21 17 41 145 20 19 39 146 20 20 37 147 20 22 34 148 20 22 31 152 19 23 24 158 19 24 22 159 19 24 22 159 19 24 22 159 19 25 20 161 17 26 20 161 17 26 20 161 17 26 19 162 17 26 19 162 17 26 18 164 16 27 17 164 16 27 17 164 16 27 17 165 14 28 16 166 14 28 16 166 14 28 16 166 14 28 15 167 14 28 15 167 14 28 15 167 14 28 16 166 14 28 16 166 14 28 16 166 15 27 17 165 15 27 17 164 16 27 18 163 16 27 18 163 16 27 18 163 16 27 18 162 17 27 18 162 17 27 18 162 17 28 17 161 17 29 17 160 19 28 16 161 18 30 15 161 18 30 15 161 18 31 13 162 18 32 12 162 18 34 9 163 17 36 8 163 17 36 8 164 15 38 6 165 15 40 4 166 13 42 2 167 12 213 9 217 5 7762
3902 1 220 7 216 9 213 14 209 16 208 17 206 18 206 19 204 21 203 22 202 22 201 24 200 24 200 25 199 25 198 26 198 27 197 27 197 27 197 28 195 29 195 30 194 32 192 47 177 49 175 51 173 53 171 56 167 58 166 61 163 62 162 64 160 64 160 65 159 66 158 67 157 67 157 68 156 69 155 70 154 70 154 71 153 71 153 71 153 72 152 72 152 72 152 72 152 72 152 72 152 72 152 72 152 72 152 72 152 72 153 71 153 70 154 70 154 70 154 70 154 70 154 70 155 69 155 70 154 70 154 71 153 71 153 72 152 72 152 73 151 73 151 73 151 73 150 75 149 75 149 75 149 75 149 75 149 75 148 76 148 76 148 76 148 76 148 76 147 77 147 77 146 78 146 78 145 79 145 79 144 80 144 80 144 80 143 80 144 80 144 80 144 80 144 80 144 80 144 80 144 79 145 79 145 79 145 79 145 78 146 77 147 77 148 76 148 75 149 75 149 74 150 74 151 72 152 72 152 72 153 70 154 70 154 70 155 69 155 68 156 68 157 67 157 67 157 66 159 65 159 65 159 65 160 64 160 63 161 63 161 63 161 63 162 61 163 61 163 61 164 59 165 59 165 59 165 59 166 57 167 57 168 56 169 54 171 53 172 52 173 51 174 50 176 48 177 47 178 46 178 46 178 46 177 47 177 47 177 47 176 49 175 29 2 18 174 29 4 17 174 28 5 17 174 27 6 17 174 26 7 17 174 25 9 16 174 25 9 16 174 24 10 16 174 23 11 15 175 22 12 15 176 20 13 15 176 19 14 15 176 17 17 13 178 13 20 13 179 9 24 11 181 6 28 8 218 4 7703
2603 7 215 12 210 15 208 18 205 19 205 21 202 22 202 23 200 25 198 26 198 27 197 27 196 29 195 29 194 30 194 31 193 31 192 32 192 33 190 34 190 34 190 35 189 35 188 36 188 37 187 37 187 37 187 38 185 39 185 39 185 39 184 41 183 41 182 42 182 42 182 43 181 43 180 44 180 44 180 45 178 46 178 46 178 46 177 48 100 6 70 48 97 12 67 48 96 16 64 48 95 20 60 49 94 23 58 49 94 26 55 50 93 28 52 51 92 32 49 51 92 33 47 52 92 36 44 53 91 38 41 54 91 40 36 57 92 40 32 60 92 43 25 64 92 45 21 66 92 47 16 69 93 48 12 71 93 51 7 73 94 130 94 130 94 130 95 129 95 129 95 129 96 127 98 126 98 126 99 124 100 124 101 122 103 121 103 120 105 119 106 117 107 117 108 115 110 114 110 114 111 112 113 111 113 111 114 110 115 109 116 108 116 107 118 106 119 105 120 104 120 103 122 102 122 102 123 100 124 100 125 99 125 99 126 97 127 97 128 96 129 95 130 94 131 93 132 92 133 91 135 89 136 88 138 86 140 84 142 82 142 82 144 80 144 80 145 79 146 78 147 77 148 76 149 75 150 75 150 74 150 74 151 73 152 73 153 71 154 70 155 69 156 69 156 68 157 67 158 66 159 65 159 66 159 65 160 64 160 64 161 63 161 63 161 64 159 65 159 65 157 67 155 69 154 70 153 72 151 73 150 74 149 76 147 77 146 78 145 80 143 81 142 83 140 84 139 86 136 89 134 91 132 92 132 93 130 94 129 96 127 98 125 100 123 101 123 102 121 104 120 105 118 106 117 108 115 109 115 110 113 111 112 112 111 113 110 115 108 116 106 118 105 119 104 121 102 122 101 123 99 125 98 126 97 128 94 130 92 132 90 134 88 136 86 138 84 140 83 141 82 142 80 144 79 145 77 148 75 149 73 151 71 153 68 157 65 159 63 161 63 161 62 163 61 163 60 164 60 165 58 166 58 166 58 166 60 164 60 163 62 161 40
3901 1 220 6 215 11 207 19 202 23 195 31 190 35 188 38 184 42 180 46 177 48 175 50 173 52 171 54 170 54 168 57 166 59 164 60 164 61 162 63 160 66 158 67 157 68 156 70 153 71 153 73 150 76 148 80 144 85 139 87 136 90 133 92 132 94 129 96 127 98 126 100 124 101 122 103 121 104 119 106 118 106 118 107 117 108 115 110 113 112 112 112 112 113 110 114 109 116 108 116 107 118 106 118 106 119 104 120 104 121 103 122 102 122 102 122 102 122 102 123 101 123 101 124 100 124 100 124 99 125 99 126 98 126 98 126 97 127 97 127 97 128 96 128 95 129 95 129 95 129 95 129 95 129 95 129 94 130 94 130 94 130 94 130 94 130 94 131 93 131 93 131 93 131 93 131 93 131 94 130 94 129 96 128 96 128 98 126 98 126 99 125 100 123 101 123 102 122 103 120 104 120 105 119 105 118 107 117 107 117 108 115 109 115 110 114 110 114 111 113 111 112 113 111 113 111 114 110 114 110 115 109 116 107 117 107 118 106 118 106 119 104 121 103 121 102 122 102 123 101 124 99 125 99 126 98 127 96 128 96 129 95 130 93 132 92 133 90 134 89 135 89 136 87 137 86 138 86 139 84 140 83 141 83 142 81 144 80 144 79 145 79 145 78 147 77 147 77 148 75 149 75 149 74 150 74 151 72 152 72 152 71 153 71 153 70 154 70 154 69 155 69 155 69 155 68 156 68 156 68 156 68 156 67 156 68 156 68 156 67 156 68 156 32 2 33 157 30 6 31 157 28 8 30 158 25 11 30 157 24 13 29 158 23 14 29 159 21 15 29 159 20 16 28 162 16 17 29 164 12 19 29 195 28 196 28 196 27 198 25 200 23 203 20 206 16 213 8 4133
5727 18 175 18 5 29 168 58 162 66 156 71 152 75 148 77 146 81 142 84 139 90 133 94 130 97 126 99 124 101 122 103 121 105 118 108 115 111 112 113 109 116 107 118 105 120 103 121 102 123 100 125 98 127 96 128 95 130 93 131 92 133 90 135 88 136 88 137 86 138 85 139 85 140 83 141 83 142 81 143 80 144 79 146 77 147 77 148 75 150 73 151 72 153 71 153 70 155 69 155 68 156 68 157 67 157 66 159 64 160 64 161 62 162 62 163 37 17 6 164 34 23 2 165 31 194 28 197 24 200 21 203 17 208 15 209 14 211 12 212 12 212 12 213 11 213 11 213 11 213 11 213 11 213 11 213 11 213 11 213 11 213 11 213 11 213 11 213 11 213 11 213 11 213 11 212 12 212 12 211 13 211 13 210 14 209 15 208 16 207 17 206 18 205 19 204 20 202 22 200 24 199 25 198 26 195 29 193 31 190 34 187 37 184 40 177 47 169 55 168 56 168 56 168 56 168 56 168 56 168 56 169 55 169 55 169 55 170 54 170 54 170 54 170 54 171 53 171 53 171 53 171 53 171 53 172 52 172 52 172 52 172 52 173 51 173 51 173 51 174 50 174 50 175 49 175 49 176 48 176 48 176 48 176 48 177 47 177 47 177 47 177 47 177 48 176 48 176 50 174 51 173 54 170 58 166 60 164 60 165 60 164 61 163 62 162 63 161 64 160 66 158 67 156 69 155 69 155 70 154 71 154 72 152 76 148 79 145 80 144 84 141 86 138 90 135 91 133 93 133 92 132 94 97 7 28 94 92 12 27 95 88 16 26 95 85 21 23 96 82 25 22 96 80 27 22 95 78 31 20 96 76 34 19 95 74 37 18 96 72 38 18 97 70 40 18 97 67 43 17 102 60 45 17 103 57 48 16 105 54 49 17 105 52 51 15 108 49 53 14 108 48 56 12 109 46 58 11 110 45 59 8 112 44 60 7 114 42 62 5 116 40 186 36 188 36 189 34 109
3694 27 195 31 191 35 188 38 184 42 181 44 178 48 175 49 174 52 171 53 170 56 167 57 166 60 164 60 163 62 162 63 160 65 158 67 156 69 154 71 151 73 150 75 147 78 143 82 141 84 139 86 138 87 136 90 134 91 132 93 130 94 130 95 128 96 127 98 125 99 124 100 124 100 123 101 122 102 122 102 121 104 120 104 119 105 119 106 117 107 117 107 117 108 115 109 115 109 115 110 113 111 113 111 113 111 112 112 112 112 112 112 112 113 110 114 110 114 110 114 110 114 110 115 109 115 109 115 109 115 108 116 108 116 108 117 107 117 107 117 108 116 108 116 109 115 109 116 108 116 108 116 109 116 109 115 110 114 112 113 112 112 112 112 113 112 112 112 113 111 113 112 113 111 114 111 114 111 114 110 115 110 115 110 117 108 118 106 120 105 120 105 121 104 120 104 121 104 120 104 121 104 121 103 122 103 121 103 122 103 121 103 121 104 120 104 119 105 119 105 118 106 117 107 115 109 113 111 112 112 111 114 109 115 107 117 106 119 103 121 99 125 95 129 89 136 74 1 1 1 5 142 65 159 64 161 63 161 62 163 61 163 61 164 60 165 59 165 58 167 57 168 56 169 55 170 54 170 54 171 53 171 53 172 52 172 52 172 52 173 51 173 51 173 51 173 51 173 51 173 51 173 51 174 50 173 51 173 51 173 51 172 52 171 53 170 55 61 16 91 56 52 27 87 59 47 31 84 63 42 36 80 67 38 39 77 72 29 46 74 78 20 52 62 163 53 171 52 172 50 175 48 177 46 179 44 181 42 184 38 196 1 2 21 8128
12 34 189 37 186 40 184 43 180 45 179 46 178 47 177 47 177 47 177 47 178 46 178 46 178 46 178 46 178 46 178 46 178 46 179 46 178 46 178 46 179 46 178 46 178 46 178 47 177 47 177 48 176 48 176 49 175 50 175 50 175 50 174 52 173 52 172 53 172 54 172 53 172 55 170 55 169 56 169 55 170 55 169 56 168 57 168 57 167 58 166 59 165 60 164 61 163 62 162 63 161 64 160 64 160 65 159 66 158 67 156 69 155 70 154 71 153 72 152 73 151 74 150 74 150 75 149 76 149 76 148 77 148 78 146 79 147 78 146 78 147 78 147 77 148 76 149 76 149 76 149 76 148 77 147 78 147 78 147 78 147 79 146 80 144 82 142 82 143 84 2 3 135 94 131 94 130 95 129 95 129 95 129 96 128 96 127 97 127 97 126 99 125 99 124 101 123 101 122 102 121 104 120 105 119 105 118 107 117 108 115 110 114 110 113 112 111 114 108 117 105 120 101 125 98 127 95 131 92 133 89 40 4 92 86 42 6 91 82 44 8 91 79 45 10 90 73 51 10 91 71 51 12 91 69 51 14 92 67 37 29 92 66 30 37 92 65 27 40 93 64 25 44 92 63 24 46 92 62 23 49 91 62 18 54 91 62 12 60 91 61 10 63 91 63 5 66 92 132 93 132 94 131 95 130 95 129 96 129 97 128 98 38 2 86 100 29 11 84 102 21 17 85 105 11 24 85 139 86 138 87 137 88 135 90 134 91 132 93 130 95 128 97 126 99 123 102 121 104 118 107 116 109 114 110 70 5 38 112 68 8 30 118 68 12 23 122 66 159 65 160 64 161 63 161 63 162 62 164 60 165 59 167 57 167 57 169 56 168 56 169 55 169 55 170 54 170 54 171 53 172 52 173 52 173 51 174 51 173 51 174 51 174 50 175 50 174 50 175 49 175 50 175 49 176 48 176 47 178 46 180 43 181 43 182 42 183 41 184 39 185 39 185 39 186 38 186 38 186 38 187 37 187 37 187 36 188 36 188 36 188 36 187 37 188 36 187 36 188 36 187 36 188 36 187 20 3 13 187 20 4 13 186 20 5 13 186 20 5 12 186 21 5 12 186 21 4 13 185 22 3 13 186 22 3 13 186 21 4 12 187 20 6 8 191 18 6 7 1 1 191 17 9 3 70
2861 13 204 23 197 29 194 31 190 36 187 37 186 39 184 40 183 42 181 43 180 45 178 46 177 48 132 5 37 50 131 7 35 52 129 9 33 53 128 11 31 54 127 13 30 54 126 15 28 55 125 16 28 55 124 17 27 55 124 19 26 55 124 19 25 56 123 20 25 55 123 22 23 56 122 23 23 55 123 23 22 55 123 24 21 55 123 25 20 55 123 26 19 54 124 27 17 54 125 28 16 53 126 30 13 52 128 31 11 52 128 34 8 52 129 35 6 52 130 93 129 95 129 94 129 95 129 95 128 96 128 96 128 96 127 98 126 98 125 100 124 100 123 102 121 103 119 106 116 108 114 110 112 112 110 115 109 115 108 116 107 117 107 118 105 119 104 120 104 120 103 122 102 122 101 123 101 123 101 123 101 123 101 123 101 123 101 123 101 123 101 123 101 123 101 122 102 122 101 123 101 123 101 123 100 124 100 124 100 123 101 123 100 124 100 124 100 124 99 125 99 125 98 126 97 126 97 127 96 128 95 129 95 129 94 130 93 131 93 131 92 132 92 132 91 133 90 134 90 134 89 135 88 136 87 137 87 137 86 138 85 139 85 138 85 139 84 140 84 140 83 141 82 142 81 143 81 143 80 144 79 145 79 144 80 144 79 145 79 145 78 145 79 145 79 145 79 144 79 145 79 145 79 145 79 144 80 144 80 144 81 143 81 143 82 142 83 141 85 138 87 137 88 136 88 136 90 134 91 133 92 131 95 129 96 127 97 127 98 126 97 126 99 125 99 124 100 124 100 124 100 123 101 123 102 122 102 121 104 120 104 120 105 118 106 118 107 116 109 115 110 113 111 113 112 111 114 110 116 108 116 107 118 105 120 104 120 103 121 103 122 101 123 101 123 100 123 101 124 99 125 99 126 98 126 97 128 96 128 95 129 95 129 95 129 94 130 94 131 92 132 91 135 89 136 87 137 86 139 84 140 83 141 82 142 82 142 18 18 45 144 15 22 42 146 13 23 41 149 8 28 38 187 36 189 35 190 33 192 31 194 29 196 28 197 26 199 24 200 24 201 21 204 19 206 17 208 14 92
1971 5 217 9 213 13 210 15 208 17 206 20 204 22 201 23 201 25 198 26 198 28 195 30 126 11 56 32 122 16 54 32 120 19 51 28 1 5 119 22 48 27 124 26 46 27 123 30 43 27 122 35 38 28 121 46 1 3 8 45 120 104 119 105 117 107 117 108 115 109 115 109 114 110 114 110 114 110 114 110 113 112 112 112 113 111 113 111 113 111 113 111 114 110 114 109 115 109 115 109 116 108 116 108 116 108 116 108 116 108 117 107 118 106 119 105 120 103 123 101 125 99 126 97 127 97 128 96 128 95 129 95 129 95 128 96 128 96 128 96 128 96 127 97 127 97 127 97 127 97 127 97 127 97 127 98 126 98 126 98 126 99 125 100 124 100 123 102 122 102 122 103 121 103 121 104 120 104 121 103 121 104 120 104 120 105 119 105 119 105 119 106 118 106 118 107 117 107 117 108 116 108 116 109 115 109 115 109 114 111 113 111 113 112 112 112 111 114 110 114 109 115 109 116 107 117 107 117 106 118 106 118 106 118 106 119 105 118 106 119 105 119 104 120 104 120 104 120 104 120 104 120 104 120 103 122 102 122 102 122 102 122 102 122 102 122 101 123 101 124 100 124 100 124 100 124 99 125 99 125 99 125 99 125 99 125 99 125 99 125 99 126 97 127 97 127 97 129 95 128 1 2 92 132 92 131 93 130 94 130 94 130 94 130 94 131 93 132 92 133 91 133 5 2 84 141 83 141 84 141 83 141 83 142 82 142 82 143 81 143 81 143 82 143 81 143 81 143 81 143 81 143 81 143 81 143 82 142 82 142 82 142 82 142 82 142 82 142 82 142 83 141 83 141 83 141 83 141 84 140 84 140 84 140 84 140 84 140 85 139 85 139 86 138 86 138 87 137 87 137 88 136 88 136 89 135 89 135 89 135 89 31 5 99 89 31 7 97 89 30 10 95 89 30 14 15 16 60 89 30 18 8 29 50 89 30 59 46 89 31 59 45 89 31 60 44 89 31 60 44 90 30 61 43 90 30 62 42 90 31 61 42 90 31 61 42 90 31 62 41 90 31 62 41 90 31 62 41 90 32 62 40 90 32 62 40 90 32 62 40 90 32 62 40 91 31 63 39 91 31 63 39 92 30 63 38 1
6572 8 213 16 206 26 195 32 191 35 187 38 184 40 181 44 177 48 175 49 174 51 172 53 171 53 170 55 169 56 167 58 166 58 165 60 163 62 161 64 159 66 158 66 157 68 155 69 155 69 154 70 154 71 153 71 153 71 153 71 153 71 153 71 153 71 153 72 152 72 153 71 153 71 153 71 153 71 154 71 153 71 154 71 153 71 154 72 152 74 19 14 118 77 10 29 108 81 3 36 105 121 104 122 102 124 101 123 102 123 101 124 100 124 101 123 101 123 101 124 100 124 100 124 101 123 101 123 101 123 101 123 101 123 101 123 101 123 101 123 102 122 102 122 102 122 102 121 103 121 103 121 103 122 102 122 102 122 102 122 102 123 100 124 100 124 100 124 100 124 101 123 101 123 101 123 101 123 101 123 101 124 100 124 100 124 100 124 100 124 101 123 101 122 102 122 102 122 102 122 102 122 102 122 102 123 101 123 101 123 101 123 101 123 101 124 100 89 5 30 101 87 8 28 101 85 12 26 102 83 16 23 103 78 22 21 103 76 25 20 104 74 27 19 105 73 28 18 106 71 30 16 107 70 32 14 109 67 35 13 109 67 35 12 110 66 37 10 112 65 38 7 114 64 40 5 115 64 160 64 160 64 160 64 160 64 160 64 160 64 160 63 162 62 162 62 162 62 162 62 163 61 163 61 163 61 164 60 164 60 165 58 166 58 166 58 166 58 166 58 166 58 167 57 168 56 168 55 170 54 170 54 171 53 172 52 173 51 175 49 175 49 176 48 178 46 179 45 179 45 180 44 180 43 182 42 182 42 185 38 195 28 200 23 202 21 204 18 207 15 210 8 217 4 5939
108 18 204 21 203 22 201 24 199 26 197 26 197 26 198 25 198 25 198 24 199 24 199 23 200 23 199 24 197 26 192 31 189 33 188 36 185 38 184 39 182 42 180 44 179 46 176 48 175 50 172 52 171 54 169 55 168 57 166 58 165 60 163 61 163 61 162 63 160 64 160 64 159 65 159 65 159 65 159 66 158 66 158 66 158 67 156 68 157 68 156 68 156 68 156 68 156 69 154 70 154 70 154 70 154 71 153 71 153 71 153 71 153 71 153 71 153 71 154 70 154 70 154 71 153 71 154 70 154 71 154 70 154 72 152 83 142 86 138 88 136 90 134 92 133 92 132 94 130 95 129 95 129 96 128 97 128 97 127 97 127 98 126 98 126 99 125 99 126 98 126 99 125 99 125 100 124 100 124 101 123 101 123 102 121 103 121 104 119 106 118 106 118 106 117 108 116 108 115 109 115 110 114 110 114 110 114 110 114 110 114 110 114 110 114 110 115 110 115 109 115 109 117 107 127 97 128 96 129 95 129 95 130 95 130 94 130 95 130 94 130 95 130 94 131 94 130 94 131 94 131 93 131 93 132 92 132 92 132 92 132 92 132 92 132 91 133 90 134 90 133 90 133 89 135 88 135 87 136 86 138 83 140 83 141 81 142 81 143 80 144 79 144 79 145 79 146 76 148 75 149 74 151 71 154 69 156 67 159 63 162 62 163 60 165 58 167 57 168 31 5 19 169 30 7 18 170 27 9 17 171 27 10 16 171 26 11 16 172 25 11 16 172 25 10 17 172 25 10 17 173 24 10 17 173 25 9 17 174 25 7 18 174 27 5 18 175 28 1 20 176 49 176 48 177 48 177 47 179 46 179 46 179 46 179 46 179 46 179 45 180 45 180 45 179 46 179 45 180 44 180 45 180 44 181 43 181 43 181 43 182 42 182 42 182 42 182 42 182 42 183 40 184 40 184 38 186 34 190 26 198 24 200 24 200 23 201 22 202 22 202 22 202 22 202 22 202 22 202 22 202 22 202 22 202 21 203 20 205 18 207 16 208 15 210 12 214 8 775
3953 21 196 31 186 40 179 48 174 51 171 56 167 59 163 63 160 64 121 9 29 67 116 22 18 68 112 29 13 71 107 35 10 72 103 43 3 76 100 124 98 127 97 128 95 129 93 131 93 132 91 133 91 133 91 134 89 135 89 135 88 137 85 139 83 142 82 142 80 144 78 146 76 148 75 150 72 152 71 154 68 156 66 158 64 162 61 165 58 167 57 167 55 170 54 170 52 172 50 175 48 177 46 180 43 181 43 183 40 184 40 185 38 186 38 187 37 187 36 188 36 188 36 188 35 190 34 190 34 190 33 192 32 192 32 192 32 193 30 194 30 194 30 195 29 195 29 196 28 197 26 198 26 198 26 198 26 199 24 200 24 200 23 201 23 201 23 201 23 201 23 201 22 203 21 203 21 203 21 203 21 203 21 203 21 204 21 203 21 203 21 203 20 205 20 204 20 204 20 204 20 204 20 204 20 204 20 204 21 203 21 203 21 203 21 203 21 203 21 203 21 203 21 203 21 203 21 203 21 203 21 203 21 203 21 203 21 203 21 203 20 204 20 204 19 204 20 204 19 205 18 205 18 206 18 206 17 207 17 207 16 208 16 207 17 207 17 207 17 206 18 206 18 206 18 205 19 205 19 205 19 204 20 204 20 204 19 205 19 204 20 204 20 203 22 202 22 202 22 202 22 201 23 201 23 201 24 200 24 199 25 199 25 199 26 198 26 198 26 198 27 196 28 196 29 195 29 195 29 195 29 195 29 195 28 195 29 195 29 195 29 195 29 195 29 195 29 195 29 57 5 132 30 56 7 131 30 55 8 131 30 54 10 130 30 53 12 128 31 52 13 128 30 51 16 127 30 50 17 127 30 49 19 126 30 48 20 126 30 47 21 126 29 47 23 125 29 47 23 125 29 46 24 125 28 46 26 124 28 44 28 124 28 43 30 123 28 42 32 122 27 42 34 121 27 41 36 120 26 41 38 120 25 40 40 119 25 40 41 79 5 34 24 40 43 72 11 34 24 40 43 63 21 33 24 39 45 58 26 32 24 38 47 55 29 31 24 36 49 54 30 32 22 35 52 52 31 32 22 34 53 52 32 31 22 33 54 51 33 31 22 32 55 51 33 31 22 31 56 51 33 31 22 31 56 51 34 30 22 30 58 49 35 29 24 28 63 45 35 28 25 28 65 42 37 27 26 26 68 40 37 27 20
6814 7 203 2 9 12 198 29 194 32 191 34 190 35 188 38 185 39 185 41 183 41 182 44 180 44 180 45 178 47 177 48 176 49 174 50 174 51 173 51 172 53 171 53 171 54 170 55 169 55 169 56 167 57 167 58 166 60 164 73 151 76 148 78 146 79 145 81 143 82 142 84 140 85 139 86 138 88 136 90 134 91 133 92 132 93 131 94 130 96 128 97 127 98 126 100 124 100 124 101 123 102 122 103 121 103 121 104 120 104 120 104 120 104 120 104 120 104 120 104 120 104 120 104 120 104 121 103 121 103 121 102 122 102 122 102 123 100 124 100 124 99 126 98 126 97 128 96 129 95 129 95 130 94 130 93 132 92 133 91 133 91 134 90 135 89 136 88 136 88 137 87 138 86 138 86 139 85 139 85 139 85 140 84 140 83 142 82 142 82 142 82 142 82 143 81 143 81 143 81 144 80 144 80 145 79 146 78 147 77 148 76 149 75 151 73 153 71 156 68 159 64 162 62 163 60 166 58 167 57 168 55 170 53 175 49 178 46 180 43 183 41 185 38 190 34 192 31 195 8 7 13 198 1 14 4 15529
728 5 217 9 129 8 76 12 127 10 74 15 123 13 72 17 121 15 70 20 118 17 68 22 116 18 68 23 114 20 66 25 112 21 65 27 110 23 64 28 108 24 63 30 106 25 63 31 104 26 63 32 103 26 62 34 101 27 62 35 99 28 62 35 98 29 61 37 96 31 60 37 95 32 60 39 92 33 60 39 91 34 59 42 88 35 59 42 87 36 59 43 85 37 59 44 83 38 59 45 81 39 59 46 79 40 59 47 77 41 59 48 75 42 59 49 73 43 59 50 71 44 59 50 70 45 58 52 68 46 58 53 66 47 58 53 65 48 58 55 62 49 58 55 61 49 59 56 59 50 59 57 57 51 59 58 20 15 20 52 59 60 13 25 14 53 59 104 6 55 59 165 59 164 60 164 61 163 61 163 61 163 61 163 61 162 62 162 63 161 63 161 63 160 64 160 64 160 64 159 66 158 66 158 66 157 67 157 68 156 68 155 69 155 69 155 70 154 70 154 70 153 71 153 72 152 72 152 72 152 72 152 73 151 73 151 73 151 73 151 73 150 74 150 74 150 74 150 74 150 74 150 75 148 76 148 76 148 76 148 76 148 76 148 76 148 76 148 76 148 76 148 77 146 78 146 78 146 78 146 78 146 78 145 80 144 80 144 80 144 80 143 81 143 81 143 82 142 82 142 82 142 82 142 82 142 82 142 82 142 82 142 82 142 82 142 81 143 81 143 81 143 81 143 80 144 80 145 78 146 78 146 77 147 76 148 75 150 73 151 73 151 72 152 71 153 70 155 68 157 66 159 65 160 63 162 61 164 59 166 57 168 56 168 55 170 53 172 51 173 50 175 49 175 48 177 47 177 46 178 45 179 45 179 44 179 45 179 44 179 44 179 45 178 45 179 44 179 45 178 45 178 46 178 45 177 47 175 48 173 50 172 52 168 55 168 56 167 56 168 56 167 56 168 56 168 55 169 55 169 54 170 54 170 53 171 53 171 52 172 52 172 51 173 51 173 50 174 50 174 50 174 49 176 48 176 48 176 48 176 47 178 46 178 46 179 44 181 43 181 43 182 41 184 40 184 40 185 39 185 38 186 38 187 37 187 37 76 8 103 37 74 13 100 37 73 16 98 37 71 21 95 37 70 24 15 3 75 37 69 29 8 8 73 36 69 47 72 36 68 49 71 36 68 51 68 36 68 58 1 3 57 37 68 66 17 8 5 4 17 39 68 69 12 74 68 74 6 76 68 156 68 156 69 155 69 155 69 156 67 157 66 159 60 159
31 65 15 7 135 96 40 8 1 15 63 99 37 29 19 2 37 102 34 54 32 107 30 56 31 110 27 56 32 113 23 56 32 117 18 57 34 118 15 56 35 121 11 56 38 122 7 57 38 186 1 3 35 190 34 190 35 190 34 190 34 191 33 191 34 190 34 190 34 190 35 189 35 189 35 189 36 188 36 188 36 188 36 188 37 187 37 186 39 185 39 185 40 184 40 184 41 182 42 182 43 180 44 180 45 179 45 178 47 177 48 175 49 175 50 173 51 173 51 172 52 172 53 170 54 170 54 169 56 167 57 167 58 165 59 164 61 162 62 162 63 160 65 158 66 156 69 153 72 150 74 150 75 148 76 147 78 146 78 145 80 144 80 143 81 143 81 143 81 143 80 144 79 145 78 146 78 146 77 147 76 148 75 149 74 150 73 151 60 165 55 169 54 170 52 172 51 174 48 176 47 177 45 179 44 180 42 182 41 184 39 185 39 185 38 186 37 187 36 188 35 189 35 189 35 189 34 190 34 190 33 191 33 191 33 191 32 192 32 191 33 191 32 192 32 192 32 192 32 192 32 192 32 192 31 193 31 193 30 194 30 195 29 195 28 196 28 196 28 196 28 196 28 196 28 196 28 196 29 195 29 195 29 195 29 195 29 194 30 194 30 194 30 194 30 194 30 194 30 194 30 194 30 194 30 194 30 194 31 193 31 193 31 193 31 193 31 193 31 194 31 193 31 193 31 194 30 194 30 193 31 193 30 194 30 194 30 193 30 194 29 195 27 197 26 199 24 200 23 201 23 201 23 201 23 201 23 201 23 201 23 44 2 155 23 43 4 154 23 41 8 152 23 41 9 150 24 40 12 148 24 40 13 146 26 38 17 142 28 37 18 139 32 34 21 136 47 19 25 130 100 92 135 69 158 62 165 44 185 36 190 33 195 27 203 19 213 7 8851
6362 17 204 23 199 27 194 31 188 38 182 42 181 44 179 46 177 48 175 50 173 52 172 52 171 54 170 55 168 57 167 58 165 59 165 60 164 61 163 61 163 61 163 62 162 62 161 63 161 63 161 64 160 64 159 65 159 64 160 64 160 64 161 63 161 63 161 62 162 62 162 62 163 60 164 60 164 59 166 57 167 56 168 56 169 54 170 54 170 54 170 53 171 53 171 53 171 53 170 54 170 54 170 54 169 55 169 55 169 55 169 55 169 55 168 56 168 55 169 55 169 55 169 55 168 56 168 56 168 57 167 57 166 60 163 63 160 66 158 67 156 68 155 70 153 71 153 72 151 73 151 63 1 9 150 63 5 6 149 63 7 5 149 63 6 6 148 64 6 6 148 65 2 9 147 66 1 10 146 78 146 78 145 79 145 79 144 80 143 81 143 82 141 83 140 84 140 84 139 85 138 87 136 88 136 89 134 90 134 90 133 91 133 91 132 92 132 92 131 93 131 93 131 93 130 94 129 96 127 97 126 98 126 98 125 100 123 101 121 103 120 105 117 107 115 110 113 112 111 113 109 115 107 118 104 120 102 123 88 136 86 139 84 140 85 140 83 142 82 142 82 143 81 143 81 144 80 144 80 145 79 114 3 28 79 113 5 28 78 112 8 26 78 111 9 27 77 111 10 27 76 110 12 26 76 110 12 27 75 109 14 26 75 109 14 27 74 110 14 27 73 110 14 27 73 110 14 28 72 111 12 29 72 112 11 30 71 114 1 1 8 30 70 120 5 30 70 106 2 11 4 32 69 105 4 10 5 33 67 104 6 9 6 33 68 102 6 9 8 32 68 102 5 9 10 32 70 98 6 7 16 28 73 94 9 2 20 29 74 87 35 30 73 83 39 31 72 80 42 32 71 26 14 37 45 33 71 21 21 33 46 33 71 18 24 32 47 32 77 10 27 31 48 31 115 30 49 31 115 29 50 29 117 28 51 28 117 28 52 26 118 28 55 22 120 27 58 17 122 27 198 27 198 26 198 26 199 25 199 25 199 25 200 24 200 25 199 25 199 25 200 23 202 21 206 17 214 8 2819
2829 9 214 12 211 14 209 16 207 18 206 18 205 20 204 20 204 21 203 22 201 23 201 24 200 24 200 25 199 25 199 26 198 26 198 27 196 29 195 29 195 31 193 32 46 3 143 35 42 5 142 39 36 7 142 44 30 10 140 47 25 14 138 86 138 87 137 79 3 4 138 78 4 4 138 78 5 4 137 78 5 4 138 77 4 5 138 86 138 86 138 85 139 85 139 85 139 85 139 85 139 85 139 85 139 85 139 86 138 86 36 13 89 86 33 26 78 88 30 33 62 5 3 91 27 45 47 105 26 62 28 108 24 67 21 112 24 70 11 119 23 202 21 203 21 202 20 204 20 204 19 205 18 205 19 205 18 206 17 207 16 209 14 210 14 210 13 210 13 212 12 211 13 211 14 210 15 209 15 209 16 208 16 208 17 207 17 207 17 207 17 207 17 208 16 208 16 209 14 210 13 211 13 211 12 213 11 213 11 213 10 214 10 214 10 214 9 215 8 216 6 218 4 220 3 221 3 221 2 222 2 222 1 223 1 1790 1 223 1 222 2 221 3 220 4 217 7 194 2 17 11 188 12 10 14 185 39 183 41 180 44 176 48 174 50 171 53 168 56 166 58 165 59 163 61 161 63 159 65 157 67 90 4 59 71 85 26 1 5 31 76 83 36 26 79 82 40 7 5 6 84 81 143 80 144 80 144 79 145 79 145 78 146 78 146 78 146 77 147 76 148 76 148 75 149 74 150 74 150 73 151 73 151 72 152 71 153 71 153 70 154 69 155 68 156 66 158 65 159 64 160 62 162 60 164 57 167 55 169 54 170 54 170 53 171 53 171 53 171 53 75 3 93 53 61 10 3 6 2 7 82 53 60 11 3 16 81 52 59 12 4 14 83 52 55 17 4 12 84 52 53 18 13 1 87 52 52 18 102 52 51 17 104 51 51 16 106 51 47 19 107 50 47 18 109 50 46 15 113 50 45 11 118 49 45 6 125 48 46 2 128 48 176 47 177 47 177 47 177 47 177 47 177 47 177 47 176 48 176 48 176 48 176 48 176 48 176 48 176 48 176 48 176 48 176 48 176 48 176 48 176 48 176 48 176 48 176 48 176 49 175 49 175 49 175 49 175 49 176 47 177 46 178 45 178
14963 6 215 11 100 4 107 18 90 20 95 23 84 26 90 30 78 30 85 32 76 39 76 35 73 45 71 37 69 52 65 39 67 56 23 17 21 40 66 60 14 27 16 41 64 65 8 32 12 43 63 109 6 47 60 164 59 165 58 166 57 167 57 167 56 169 54 170 54 170 54 170 54 171 53 171 52 172 52 171 53 171 52 172 52 172 52 171 53 171 52 172 52 171 53 171 53 171 53 171 53 171 53 171 53 171 53 171 53 171 53 171 53 171 53 171 53 171 53 171 53 172 52 172 52 172 52 172 52 173 51 173 51 173 51 174 50 174 50 174 50 174 50 175 49 175 49 175 48 176 48 176 48 176 48 177 47 177 47 177 48 176 49 175 49 175 50 174 51 174 51 173 52 172 54 2 1 2 5 160 66 158 68 156 69 155 71 153 73 151 75 149 77 147 79 145 80 144 81 143 82 142 82 142 83 141 83 141 84 139 85 139 86 138 87 137 88 136 89 134 97 127 98 126 99 124 101 123 101 122 103 121 103 37 3 80 103 36 7 78 103 34 11 75 104 32 15 73 104 31 20 68 105 29 25 64 105 29 29 61 105 27 32 59 106 25 35 58 107 23 37 56 108 22 38 56 109 19 40 56 110 15 44 54 170 54 171 22 4 26 173 19 8 24 174 16 11 22 179 10 14 21 205 18 208 13 215 2 8322
3450 3 219 9 214 12 211 15 209 17 207 19 205 21 39 13 151 23 31 25 145 24 26 33 141 26 21 38 139 29 15 44 137 32 7 52 133 94 131 96 128 98 126 100 124 101 124 102 122 103 121 105 119 105 120 105 119 106 118 107 116 109 115 110 114 111 113 112 111 114 109 116 107 117 106 119 103 122 101 124 99 125 98 127 96 128 95 130 93 131 92 133 90 134 88 137 86 138 84 141 81 143 80 144 79 145 77 148 76 148 75 149 74 150 74 151 72 152 71 154 68 156 67 157 66 158 64 161 61 163 60 164 60 165 58 166 58 166 58 167 57 167 58 167 57 167 57 168 56 169 55 169 55 169 55 170 54 170 54 170 54 171 52 172 52 172 52 173 51 173 50 174 50 174 49 175 49 175 48 177 47 177 46 178 46 178 45 179 45 179 44 180 23 1 20 180 18 12 13 181 16 15 10 183 13 19 7 185 11 20 7 186 10 23 2 189 10 214 10 214 12 212 14 210 15 209 16 208 17 207 18 206 19 205 20 204 21 203 22 202 22 202 22 202 22 202 22 202 21 203 21 203 21 203 20 204 20 204 19 205 19 205 19 205 18 205 19 205 19 205 18 206 18 206 17 207 17 207 17 207 17 208 16 208 15 209 14 210 14 209 15 209 5 2 7 210 7 217 8 216 9 215 9 214 11 213 12 212 12 211 14 210 15 208 16 208 18 206 18 205 21 203 21 203 23 201 23 201 24 199 26 198 28 196 28 196 30 194 31 193 34 190 35 189 37 187 39 185 42 181 45 179 47 176 62 161 68 155 70 152 74 148 78 145 83 138 88 134 94 120 1 2 104 102 128 57 7 13 158 1 1 1 1 1 1 1 3 27 7709
7234 2 213 36 181 49 172 60 3 10 150 80 143 84 139 88 135 92 131 94 130 95 128 97 126 98 125 100 123 102 122 102 121 104 119 106 116 108 116 109 113 111 112 113 110 114 108 117 105 119 104 122 100 126 97 128 94 132 91 134 88 137 86 140 83 141 82 143 80 145 79 145 78 147 76 148 75 150 73 151 72 152 71 154 70 154 69 156 68 156 67 158 65 159 65 160 63 162 62 163 61 163 60 165 59 165 58 167 57 167 57 167 57 167 57 167 57 167 57 167 57 168 56 168 56 168 56 169 55 169 55 169 55 169 55 169 56 168 56 168 56 168 56 168 57 167 57 168 57 166 58 167 58 166 59 165 59 164 62 162 62 162 63 161 64 159 65 159 66 157 68 155 69 155 70 153 72 152 73 150 75 148 76 148 77 146 80 143 82 142 83 140 84 139 87 137 87 136 89 135 89 134 91 133 91 133 92 133 91 133 91 134 91 133 91 134 91 133 91 134 90 135 89 136 89 136 88 137 87 138 87 138 87 138 87 138 88 136 90 135 90 134 91 134 90 134 90 135 90 134 90 135 89 135 89 136 88 136 88 137 88 136 88 137 87 137 87 138 86 139 85 140 84 140 84 142 82 142 82 143 81 144 79 145 78 147 77 148 75 149 75 150 73 152 71 154 70 154 69 156 68 157 66 159 65 159 64 161 63 162 61 164 60 165 59 166 57 167 57 168 56 169 54 171 53 172 52 173 51 173 50 175 49 176 48 177 47 178 45 181 43 181 43 183 41 184 39 186 38 187 37 188 36 188 36 189 36 189 35 190 34 191 34 192 32 193 32 194 30 194 31 194 30 194 30 194 31 193 31 193 32 192 32 192 32 191 1
1375 3 219 9 213 13 211 15 208 19 51 3 151 26 42 8 148 34 10 8 13 13 146 79 145 80 144 81 144 80 144 80 145 80 144 80 144 80 145 79 145 79 145 79 146 78 146 78 146 77 147 77 147 77 147 77 148 76 148 76 148 75 149 75 149 75 149 75 149 75 149 75 149 75 149 75 149 75 149 75 149 75 149 75 148 76 148 76 148 77 147 77 146 79 145 80 144 81 143 81 143 82 142 82 142 83 141 83 141 83 141 84 140 84 140 84 141 84 140 85 139 86 138 86 138 88 136 89 135 90 133 93 131 95 129 96 128 98 126 99 125 100 123 102 122 103 121 104 120 105 119 105 118 107 117 107 117 108 116 109 115 109 115 110 114 111 29 6 78 111 26 11 75 113 21 17 73 114 16 22 72 114 14 26 70 115 11 28 70 116 8 31 69 117 5 34 68 157 67 158 66 158 66 159 65 159 65 160 64 160 64 160 64 161 63 161 63 161 63 161 63 162 62 162 62 162 61 163 61 164 60 164 60 165 59 165 59 165 60 164 60 165 59 165 59 166 58 166 58 166 58 166 58 167 57 167 57 167 56 168 56 169 55 169 55 169 55 169 55 170 54 170 54 170 55 170 54 170 54 170 54 171 53 171 53 171 53 172 52 172 52 172 52 172 52 172 52 173 51 173 51 173 50 174 50 174 50 174 50 174 50 175 49 175 49 175 49 175 49 175 49 174 50 174 51 173 51 173 51 173 51 173 52 172 52 172 53 171 53 171 54 170 55 169 55 169 56 168 56 167 58 166 59 165 59 165 60 164 60 164 62 161 64 160 65 158 67 157 67 157 68 156 68 156 68 156 68 156 68 156 68 156 68 156 68 155 69 155 69 154 70 154 70 154 70 154 69 76 5 74 69 71 13 70 70 66 19 70 69 58 27 69 70 55 30 69 70 55 31 68 71 53 32 68 71 52 33 68 72 51 33 67 73 51 33 67 74 49 35 66 75 48 35 65 78 46 35 64 80 44 36 64 82 42 36 63 85 40 36 62 95 30 37 61 98 28 37 60 100 26 38 59 102 24 39 59 104 20 42 57 106 17 44 56 109 13 46 56 113 3 53 54 170 53 171 53 171 52 172 52 172 51 175 48 177 47 179 44 47
69 80 143 85 138 89 133 94 128 99 124 102 121 106 117 108 114 112 111 113 110 116 107 121 101 129 94 133 90 136 87 139 84 141 82 143 80 145 78 146 78 147 76 149 74 150 73 152 71 153 70 154 69 156 67 157 66 158 64 161 62 162 61 163 59 165 58 166 57 168 55 169 54 170 53 171 52 172 51 173 50 175 48 176 47 177 46 178 46 178 45 179 44 181 43 181 43 181 42 182 42 183 41 183 41 183 40 184 40 185 39 185 39 186 37 187 38 186 38 187 37 187 37 188 36 188 36 188 36 188 36 188 37 187 37 187 37 186 38 186 39 185 40 184 40 183 42 182 42 181 44 180 44 179 46 178 46 177 48 176 49 174 50 173 52 170 54 169 56 166 59 164 61 161 64 159 66 156 69 154 72 151 74 149 78 145 82 141 87 135 94 129 104 119 109 114 114 109 120 104 125 98 128 95 131 92 133 91 135 1 5 82 144 79 145 77 146 77 147 75 148 75 149 74 150 72 151 71 153 70 154 67 156 67 157 65 159 65 159 64 159 64 160 62 162 61 163 59 165 58 165 58 166 57 167 56 168 55 168 55 169 54 170 52 171 52 172 51 173 50 173 49 175 49 174 48 176 48 176 47 176 47 177 47 177 46 177 47 177 46 178 46 177 47 177 47 177 47 176 47 177 46 178 46 178 45 179 44 180 43 181 42 182 42 182 41 182 42 182 42 182 42 182 41 183 41 182 42 182 42 182 42 182 41 182 42 182 42 181 42 182 42 182 41 182 42 182 41 182 42 182 41 182 42 182 41 182 42 181 42 182 41 182 41 182 42 181 42 181 43 180 43 179 45 177 46 178 46 178 45 179 45 178 46 178 45 178 46 178 46 178 46 177 46 178 46 177 47 177 47 177 47 177 46 177 47 177 47 177 47 177 47 177 47 177 46 178 46 178 46 178 46 178 45 179 45 180 44 180 44 180 43 181 43 182 42 182 41 183 41 183 41 183 40 185 38 186 38 187 35 130
2576 11 206 21 197 30 191 36 185 41 181 47 174 51 171 54 169 56 167 59 164 61 163 62 161 64 160 64 159 66 157 68 155 70 153 71 153 71 152 73 150 74 150 75 148 76 147 77 147 78 145 79 144 80 144 80 144 81 142 82 142 82 141 84 140 84 140 84 139 85 139 85 139 86 138 86 138 87 137 87 136 89 135 90 134 90 134 91 133 91 133 92 132 92 131 94 130 94 130 95 128 96 128 96 128 97 127 97 127 97 127 97 126 98 126 98 126 98 126 98 126 97 127 97 127 97 127 96 128 96 128 96 128 95 129 95 129 95 129 94 129 94 130 94 130 94 130 94 130 93 131 93 131 93 131 93 130 94 130 95 129 95 129 95 128 96 128 97 127 97 127 97 126 98 126 98 126 98 126 98 125 99 125 100 124 100 124 100 124 100 124 100 124 101 122 102 122 102 122 103 121 103 121 103 121 104 120 104 120 105 119 105 119 105 119 106 118 106 118 106 118 107 117 107 117 107 117 108 116 108 116 109 115 109 115 109 115 109 116 109 115 109 115 110 114 110 114 111 114 110 114 110 114 111 114 110 114 110 114 111 113 111 114 111 113 111 113 112 112 112 112 113 111 114 109 115 109 116 107 118 105 119 104 121 102 122 101 124 99 126 97 128 95 129 94 131 92 132 92 133 90 134 89 136 88 137 86 139 85 140 83 142 82 143 80 145 79 145 78 147 77 148 75 149 75 150 74 150 73 151 73 151 72 152 72 152 71 153 70 155 68 156 67 157 65 159 62 163 59 165 58 167 55 169 54 170 52 172 51 172 51 173 50 173 50 174 49 173 51 172 52 171 52 170 54 169 55 167 57 164 60 143 4 14 63 139 11 8 66 136 88 133 92 130 94 129 96 127 97 126 99 124 100 123 101 123 101 122 102 122 102 121 103 121 102 26 7 88 103 24 9 87 104 20 14 86 104 14 21 85 104 12 24 83 105 10 28 80 107 7 31 78 109 6 31 77 86
4182 5 184 15 16 13 178 51 171 57 165 63 159 71 150 77 145 81 141 84 138 87 135 90 133 91 132 93 129 95 128 97 126 98 125 99 125 99 124 100 124 100 123 102 121 103 121 103 120 104 120 105 118 106 118 106 118 106 117 108 116 108 115 109 115 110 114 110 113 111 113 112 111 113 111 113 110 115 109 115 108 116 108 117 106 118 105 120 104 121 102 123 100 125 99 126 97 128 96 129 94 130 94 130 93 132 92 132 92 132 91 133 91 134 90 134 90 134 90 134 89 135 89 134 90 134 89 134 90 134 89 134 89 135 88 135 88 135 88 135 88 136 86 137 86 138 85 138 84 140 82 141 81 142 80 144 77 146 75 148 72 152 69 154 68 156 66 157 66 157 65 159 64 160 62 161 62 162 61 163 60 164 58 166 58 166 57 166 58 166 57 167 57 167 57 167 56 168 56 168 56 168 57 167 57 166 58 166 58 166 59 165 59 165 60 163 61 163 61 163 62 161 64 160 65 158 68 156 70 153 72 152 73 150 75 149 76 148 76 147 77 146 78 145 79 145 80 143 81 142 82 141 83 140 84 140 84 139 85 138 86 137 87 136 88 135 89 135 90 133 91 133 91 132 92 132 92 132 92 131 93 131 93 131 94 130 94 130 94 130 94 130 95 129 95 128 96 128 97 126 98 126 98 125 100 124 100 123 102 122 102 121 103 121 104 33 3 84 104 32 5 83 105 30 7 41 8 32 106 29 8 39 12 30 106 28 9 38 14 29 106 28 10 37 15 28 106 28 10 36 16 29 106 27 10 36 17 28 106 27 10 36 17 29 105 27 10 36 17 30 104 27 10 35 18 31 102 28 10 35 18 32 101 28 11 34 18 33 100 28 11 34 18 34 99 29 11 33 18 36 96 30 11 33 19 35 96 30 12 32 19 36 95 30 12 33 18 36 95 30 12 33 18 37 94 30 13 32 18 37 94 30 13 32 18 38 93 30 13 32 18 38 93 30 14 31 19 38 92 30 14 31 19 38 92 30 14 31 19 38 92 30 14 31 20 37 92 29 15 32 20 36 92 29 15 32 21 35 92 29 15 32 22 34 92 29 16 31 23 33 92 29 16 31 23 32 93 28 17 31 24 31 93 28 17 31 25 29 95 27 17 31 25 28 96 26 18 31 26 26 98 25 19 30 27 24 99 24 20 30 28 21 102 22 21 30 30 17 105 21 21 31 32 8 112 19 22 31 153 17 23 31 154 14 26 30 157 9 28 31 159 2 32 31 193 31 193 31 193 31 193 31 194 30 194 30 105
51 11 212 13 210 15 209 16 208 17 207 18 206 18 207 18 206 18 206 18 206 19 206 18 206 19 205 19 206 19 205 19 206 19 205 19 205 20 205 19 205 20 204 20 205 20 204 20 205 20 204 21 204 21 203 21 204 21 203 21 204 21 203 22 203 22 203 21 203 22 203 21 203 22 203 22 203 22 202 23 201 25 200 28 196 34 191 36 188 39 185 40 184 42 183 42 182 43 181 45 179 46 178 47 177 49 175 50 174 51 173 52 25 7 140 54 20 11 138 56 18 13 137 57 16 15 39 5 92 58 14 16 37 9 90 60 11 18 34 12 89 62 8 19 33 13 89 64 4 21 32 15 88 90 30 16 88 90 28 19 86 91 26 21 86 92 23 23 86 93 20 25 86 94 17 27 86 97 5 36 86 138 86 138 86 137 87 137 87 136 88 136 88 135 89 135 89 134 90 134 90 134 91 132 92 132 92 132 92 132 92 131 93 131 93 131 93 130 94 130 94 130 94 130 94 130 94 130 94 130 94 130 94 129 95 130 94 130 94 130 94 130 94 130 94 130 94 130 94 130 94 130 95 129 95 129 95 129 95 129 95 129 95 129 96 128 96 128 96 127 97 127 97 127 97 127 98 126 98 126 98 126 98 125 99 125 100 124 100 123 101 122 103 121 103 120 105 118 106 118 106 117 107 116 109 115 109 114 111 113 111 112 113 111 114 109 116 107 117 107 119 15 3 85 122 12 6 81 127 8 9 78 131 3 12 76 148 74 150 73 151 70 154 69 155 67 157 65 159 64 160 63 161 61 163 60 163 60 164 59 165 58 166 58 166 57 167 57 167 56 168 56 168 55 169 55 169 55 169 55 169 28 5 21 170 25 9 20 170 24 11 19 170 23 12 19 170 23 13 18 170 22 14 18 170 22 14 18 171 21 14 18 171 21 14 18 171 21 14 18 171 20 15 19 170 20 15 19 170 20 15 20 169 20 15 21 168 20 15 22 166 21 15 23 165 21 15 24 164 22 15 23 163 23 15 24 162 23 15 24 161 24 15 24 161 24 16 23 160 24 17 24 159 24 17 24 158 25 18 23 157 26 19 21 158 25 21 20 157 26 22 19 157 26 24 16 158 25 27 13 159 25 32 6 161 25 199 24 200 23 201 22 203 21 204 19 205 17 208 15 210 12 214 7 3927
759 4 169 8 37 13 164 15 24 21 162 26 9 28 161 64 159 65 159 66 157 67 157 67 156 69 155 69 155 69 155 69 154 70 154 71 153 71 153 71 153 71 153 71 153 71 153 71 153 71 153 71 153 71 153 71 153 71 153 71 153 71 153 71 153 71 154 70 154 70 154 70 154 70 154 70 154 70 154 70 154 71 153 71 152 72 152 73 151 74 150 75 150 76 148 77 147 79 145 80 144 81 143 81 143 83 142 82 142 83 141 84 140 84 140 85 139 86 137 87 137 89 135 89 134 91 133 92 132 93 130 94 130 95 128 96 128 97 126 99 125 99 124 101 123 101 122 103 120 104 120 105 118 106 118 107 116 108 116 108 115 109 115 110 113 111 113 111 113 112 111 113 111 114 110 114 109 115 109 116 108 116 107 117 107 118 106 118 105 119 105 119 105 120 104 120 104 120 104 120 103 121 103 122 102 122 102 122 102 122 102 122 102 122 102 122 102 122 102 122 102 123 101 123 101 123 101 123 101 124 100 124 100 124 100 124 100 125 100 124 100 124 100 124 100 124 100 124 101 124 100 124 101 123 101 123 101 123 102 122 102 123 102 122 102 122 102 122 102 122 103 121 103 121 103 121 103 121 103 121 103 121 104 120 103 69 4 48 103 67 7 47 103 65 10 46 103 63 13 45 103 58 18 45 103 56 20 45 103 28 4 23 21 45 103 27 6 22 21 45 103 27 7 20 22 45 104 25 9 19 22 46 103 25 9 19 23 45 103 25 9 19 23 45 103 25 9 19 23 46 102 26 9 18 23 46 102 26 9 18 23 46 103 25 9 18 23 46 103 24 10 18 24 46 102 24 10 18 24 46 102 24 10 18 24 46 102 24 10 17 25 47 102 23 10 18 24 47 102 23 11 16 26 46 102 23 11 16 26 46 103 22 11 16 26 46 103 22 11 16 26 46 103 22 11 16 26 46 104 21 11 16 27 45 104 21 11 16 27 45 104 21 11 16 27 23 2 21 103 21 11 16 28 22 2 21 103 21 10 17 28 21 4 20 104 20 10 17 28 21 4 20 104 20 10 17 28 21 5 19 104 20 10 16 30 20 5 19 104 20 9 17 30 19 7 19 103 20 9 16 31 19 7 19 103 20 9 15 32 19 7 19 103 20 9 14 33 19 7 20 102 20 9 13 34 20 6 20 103 19 9 12 35 20 6 20 102 20 13 7 36 20 7 20 101 20 15 4 38 19 7 20 101 20 56 20 7 20 101 20 56 20 7 21 100 20 56 21 6 22 99 20 56 21 6 22 99 20 56 21 6 22 99 20 56 21 6 22 99 20 56 21 5 24 98 20 56 22 4 24 98 20 56 22 5 23 98 20 57 22 3 23 99 20 56 23 3 23 99 20 57 22 2 24 99 20 56 48 100 20 57 45 102 20 57 43 104 20 57 42 105 19 58 40 106 20 58 32 1 3 110 20 59 29 116 19 60 28 118 17 62 24 121 17 62 20 126 14 65 13 132 12 68 7 139 8 3548
25889 10 212 14 208 17 204 21 200 25 197 28 194 30 193 32 191 34 190 34 189 36 188 36 188 36 187 38 185 39 185 39 184 40 182 42 181 43 179 45 175 49 170 54 167 56 165 60 162 62 160 65 157 67 156 69 154 70 152 72 151 73 151 74 149 75 148 76 148 76 147 78 145 78 146 79 144 80 143 81 143 82 142 82 142 82 142 82 142 82 142 82 142 83 142 82 142 82 143 81 143 80 145 80 144 79 146 78 146 78 146 79 146 78 147 77 147 78 148 76 149 75 150 75 151 74 151 73 153 72 154 70 155 69 157 67 158 67 158 66 158 66 159 65 160 64 161 63 161 63 161 31 2 30 162 28 9 26 162 26 12 24 162 25 15 23 162 24 17 21 162 24 19 19 163 23 20 19 162 23 21 18 163 22 23 16 164 21 25 13 166 20 27 11 167 19 30 6 169 19 206 18 207 16 209 15 210 14 211 12 214 8 218 4 3242
3674 1 28 7 185 8 22 10 183 11 19 12 181 13 18 13 179 15 16 15 177 17 14 16 176 18 12 18 175 19 12 18 174 21 10 19 173 22 9 20 172 23 9 19 171 25 8 20 170 27 6 21 168 29 5 22 167 30 4 23 165 32 3 24 163 61 161 63 159 65 158 66 157 67 156 68 155 69 154 71 152 72 151 73 150 74 150 74 149 76 148 76 147 77 148 76 147 77 147 77 147 77 147 77 148 76 148 76 149 75 149 74 151 73 152 72 153 71 155 69 157 67 158 66 159 65 159 65 159 65 159 65 159 65 159 65 159 66 158 66 158 66 158 66 159 65 159 65 160 2 3 59 165 58 167 57 167 9 4 44 167 8 6 43 167 7 7 43 167 5 10 42 166 6 11 41 166 3 15 39 165 4 15 39 165 4 14 1 1 9 1 28 165 4 10 2 1 13 3 25 165 5 8 21 1 22 167 5 7 22 1 24 165 6 5 48 165 7 3 50 164 61 163 61 164 61 163 61 163 62 162 63 161 63 161 64 160 65 160 64 161 64 160 64 160 65 159 65 160 65 159 66 158 66 158 67 156 68 156 68 156 69 155 69 154 71 152 72 151 73 150 74 149 76 146 78 144 81 141 83 140 85 137 88 134 92 130 95 127 98 125 101 122 104 120 104 119 107 117 108 115 110 114 111 113 112 112 113 111 114 110 114 111 114 110 114 110 115 109 115 110 114 110 114 110 115 110 114 110 114 111 113 111 113 111 113 111 114 111 113 111 113 111 113 111 114 111 113 111 113 111 113 111 114 111 113 111 113 112 112 112 113 111 113 112 113 111 113 111 113 112 112 112 113 111 113 112 113 111 113 111 113 111 114 110 115 109 115 109 115 109 115 109 116 108 116 107 118 106 118 106 118 106 119 104 120 104 88 2 31 103 86 5 30 102 85 8 30 101 85 9 30 100 84 10 30 99 84 11 30 99 83 13 30 97 83 14 30 97 82 15 31 96 81 17 31 94 81 18 31 93 81 20 31 92 80 21 31 92 79 23 31 91 77 26 30 91 76 27 31 90 75 29 30 90 73 31 30 90 72 33 29 91 70 34 29 91 69 36 28 92 67 37 28 93 66 38 27 93 65 39 27 94 63 41 26 95 22 5 34 43 24 97 19 7 33 44 24 98 16 10 32 45 22 101 12 13 29 49 19 129 26 52 16 133 22 56 11 139 17 60 3 146 12 215 4 1690
1476 4 218 7 216 9 214 10 213 11 212 12 211 13 210 14 209 15 207 17 206 18 206 18 205 19 204 20 203 22 199 25 185 39 182 42 162 1 14 48 156 11 5 52 154 70 153 71 153 73 150 74 150 76 148 78 146 79 145 80 144 81 143 82 143 82 142 83 141 84 141 84 140 85 139 85 139 86 138 87 138 87 137 87 137 88 137 88 136 89 135 89 135 90 134 90 133 92 132 93 131 93 130 96 128 96 127 98 126 99 125 99 124 101 123 101 122 103 121 103 120 105 119 105 118 107 117 107 116 108 116 109 114 110 114 111 112 112 112 112 112 113 110 114 110 115 109 116 107 117 107 116 107 116 108 115 109 114 109 114 110 112 112 112 111 113 110 114 109 115 109 115 108 116 107 118 106 118 105 119 105 119 105 119 105 119 105 119 105 118 106 118 107 117 107 117 108 116 108 116 108 116 108 116 108 116 108 116 108 116 108 116 110 114 111 113 112 111 113 111 114 110 114 110 114 110 115 108 116 108 116 108 116 107 117 107 118 105 119 105 121 102 123 101 126 96 144 79 163 1 6 50 21346
5158 3 218 10 213 13 210 16 207 17 82 8 117 19 77 13 115 20 75 15 114 21 72 18 113 22 70 19 113 24 67 21 112 25 64 23 112 27 61 24 112 28 58 26 112 30 54 28 112 33 49 30 112 39 41 32 112 44 26 42 112 111 113 111 113 111 113 111 114 110 114 110 114 110 115 108 117 107 117 107 117 107 118 106 118 106 118 105 119 105 120 104 120 104 120 103 121 103 122 102 122 102 122 102 122 102 122 102 122 104 120 108 4 5 107 129 94 139 85 144 80 148 76 152 72 155 68 160 64 162 62 165 59 168 55 173 50 177 46 182 42 184 40 187 37 189 34 192 32 193 31 196 28 197 27 199 25 201 23 203 21 204 20 206 18 207 17 208 16 209 15 210 14 211 13 212 12 213 11 214 10 214 10 215 9 216 8 216 8 217 7 217 7 218 6 218 6 219 5 219 5 220 4 221 3 222 2 223 1 223 1 8960 1 223 1 223 2 222 3 221 3 221 4 220 5 219 6 218 7 217 8 216 8 216 9 215 10 213 11 213 12 212 12 211 14 209 15 209 15 209 15 209 16 208 16 208 17 207 17 207 18 165 6 34 20 164 9 31 21 162 13 27 22 162 15 24 24 161 17 21 26 160 23 4 3 5 30 159 66 158 67 157 69 46 1 62 4 42 70 4 4 4 5 26 6 57 8 40 90 23 7 55 10 38 94 22 5 51 16 35 97 20 4 49 26 27 97 70 37 15 102 64 160 60 164 57 167 25 2 26 171 25 3 23 173 24 9 18 174 22 10 18 174 20 12 18 174 20 12 18 175 19 12 19 175 17 12 20 178 13 13 20 179 12 13 20 180 10 13 21 181 8 14 1 3 1 1 15 182 5 24 13 36 1 174 13 35 2 174 13 36 1 175 12 35 2 177 11 218 5 219 1 1 1 2141
8822 9 207 26 195 50 172 55 167 59 163 63 160 66 156 69 154 71 152 73 149 76 146 79 144 81 141 84 139 86 137 88 135 89 135 90 133 92 131 94 130 95 128 97 127 98 126 99 125 100 124 101 123 101 123 102 122 103 122 102 122 102 122 103 121 103 121 103 121 103 122 102 122 102 122 102 123 100 124 100 124 100 124 100 124 100 124 100 124 100 124 100 124 100 124 100 124 101 123 102 121 103 121 104 119 106 118 107 117 108 115 109 115 110 114 111 112 113 111 114 110 115 109 118 105 120 104 122 102 124 100 126 98 127 97 130 94 133 90 138 86 139 85 140 84 141 82 143 81 143 81 144 80 144 79 146 78 146 78 147 76 148 76 149 75 149 75 150 73 152 72 152 72 152 72 153 70 154 70 155 69 156 68 157 66 158 66 159 65 159 64 161 63 161 63 161 63 162 62 162 62 162 62 162 62 162 62 162 62 162 62 161 63 161 63 161 63 161 63 161 64 160 64 160 64 159 65 159 65 159 65 159 65 159 65 158 66 158 66 158 66 157 67 157 67 156 68 155 68 156 67 156 68 156 67 156 67 156 67 155 67 155 64 159 59 164 58 165 58 165 57 166 57 166 57 166 57 166 57 165 58 165 59 164 59 164 60 164 59 164 60 163 61 161 63 160 64 160 65 157 67 155 69 153 71 29 4 118 74 24 10 1 1 112 76 20 18 109 77 19 20 107 80 14 23 106 82 11 26 101 89 3 32 97 128 95 129 95 131 26 11 55 133 22 16 13 8 1 1 29 135 20 18 11 16 10 7 6 139 16 24 5 19 5 10 6 142 11 51 1 14 5 147 4 68 4 4109
7452 11 205 24 14 9 173 31 7 16 166 60 162 64 158 67 156 69 153 72 150 74 149 76 147 78 145 79 143 82 141 84 139 85 137 88 136 88 135 90 134 90 133 92 132 92 131 93 131 93 54 13 64 94 49 23 58 94 45 29 56 94 34 42 53 95 29 49 27 1 23 95 25 54 20 8 22 95 21 60 15 11 22 95 19 64 9 15 22 95 17 67 6 17 22 96 15 91 22 96 13 93 23 95 11 95 23 96 8 97 23 201 23 201 24 200 24 200 25 199 25 199 25 199 26 198 26 198 27 197 27 197 27 197 28 196 28 196 28 196 28 196 28 196 29 195 29 195 29 195 29 195 29 195 30 194 29 195 30 194 30 194 29 195 29 195 28 196 28 196 27 197 26 198 26 198 25 199 25 199 25 199 25 199 25 199 24 200 24 200 24 200 24 200 24 200 24 200 24 199 25 199 24 199 25 199 25 198 26 197 27 197 27 196 28 195 29 195 29 194 31 192 31 192 32 191 34 189 35 189 35 188 36 187 37 187 38 185 39 184 41 182 42 181 44 179 46 177 48 175 49 173 51 172 29 3 20 171 30 4 19 169 33 3 19 167 36 1 19 167 55 168 55 167 56 166 58 164 59 164 59 164 60 164 59 164 60 163 60 159 65 157 66 154 69 153 71 152 71 151 73 150 73 149 75 147 76 146 77 146 78 28 4 112 79 26 10 106 81 26 15 2 9 85 86 25 29 77 92 25 31 65 102 25 33 62 102 26 34 61 101 27 34 61 100 27 36 60 99 29 35 61 98 29 34 62 99 28 33 63 100 27 31 64 102 27 29 65 103 26 29 64 105 25 29 61 109 24 28 60 112 23 27 60 114 22 26 59 117 21 26 57 120 20 25 56 123 17 26 55 127 14 26 54 132 8 29 50 171 51 171 50 172 50 172 47 175 47 175 49 174 49 174 48 174 49 173 49 174 46 177 45 178 44 179 43 180 43 181 42 181 41 183 40 183 39 185 38 186 36 188 34 191 32 192 30 194 28 197 24 202 20 207 9 1986
138 1 50 10 161 5 47 12 158 8 46 12 157 10 43 15 155 12 41 16 155 13 40 16 154 15 38 17 154 15 37 18 154 16 34 20 154 17 32 21 154 18 29 23 154 18 29 23 154 19 26 25 154 21 23 27 154 23 18 29 154 70 155 69 155 69 155 69 155 69 155 69 156 68 156 67 157 67 158 65 159 65 159 64 160 64 160 64 161 62 162 62 162 62 162 62 162 62 163 61 163 61 163 61 164 60 164 60 164 61 164 60 164 61 164 60 164 60 164 60 164 60 165 58 166 58 166 57 167 57 166 58 166 58 166 58 165 59 165 59 164 60 162 61 162 62 161 63 159 65 158 66 157 67 156 69 154 70 152 72 151 73 150 74 149 75 148 77 146 77 146 79 144 80 143 81 142 82 141 84 138 86 133 91 128 85 1 10 125 87 4 8 122 89 5 8 119 91 6 8 117 92 8 6 115 95 8 5 114 96 10 3 112 99 10 1 111 102 120 103 119 105 117 107 115 109 114 110 113 110 113 111 112 112 111 113 110 114 109 116 107 116 108 117 106 117 106 118 106 118 105 119 104 120 103 121 103 121 102 122 102 121 102 122 102 122 101 123 101 122 101 123 101 122 102 122 101 123 101 122 101 123 101 122 101 122 102 121 102 122 102 121 102 121 103 120 104 120 103 120 103 120 104 120 103 120 104 120 103 120 104 119 104 119 105 119 104 119 105 118 105 119 105 118 106 118 106 118 105 118 106 118 106 117 106 118 106 117 106 118 106 117 107 117 106 117 107 116 108 116 107 117 107 117 107 117 106 117 107 118 106 118 105 119 105 119 105 118 105 119 105 119 105 119 105 119 105 118 106 118 105 119 105 119 105 119 105 119 105 118 106 118 106 118 106 118 106 118 106 118 106 118 106 118 106 118 106 118 106 118 106 118 106 118 106 118 105 119 105 119 104 120 104 120 103 121 103 121 103 121 103 122 101 123 101 124 100 124 99 126 98 127 96 130 93 132 91 135 88 97 5 35 86 95 10 34 83 95 13 34 80 96 14 35 60 7 7 100 15 35 57 117 16 35 56 117 16 35 56 117 17 34 56 117 17 34 56 118 17 33 56 118 17 33 56 118 18 31 57 117 20 30 57 117 21 28 58 116 23 26 59 115 28 19 62 114 41 2 67 112 112 107 117 96 128 90 134 68 7 7 1 1 141 56 167
18738 1 1 1 216 10 210 15 206 18 202 22 199 25 196 28 193 31 190 34 184 40 178 46 175 49 172 51 170 54 167 56 167 57 165 58 165 59 163 60 163 61 163 61 162 61 162 62 162 62 161 63 160 64 160 64 159 65 158 66 158 66 157 67 156 69 154 70 152 72 149 76 146 78 143 81 141 84 138 86 135 90 131 93 129 95 128 97 125 99 123 101 120 104 114 110 112 112 110 114 109 114 109 115 109 115 108 116 107 117 106 118 105 119 104 120 103 121 102 122 52 5 44 124 47 11 41 125 45 15 38 126 42 19 37 126 41 20 36 127 40 22 34 129 38 23 33 130 37 25 31 131 35 27 30 132 33 30 29 132 32 31 28 134 29 33 27 135 27 35 26 137 24 37 25 138 21 40 24 140 17 43 23 142 13 46 22 146 6 49 21 203 20 203 20 204 18 205 19 204 18 204 20 202 21 199 24 197 26 196 27 196 27 196 28 195 28 195 29 194 30 194 30 193 31 192 32 192 32 191 33 190 34 189 35 189 35 188 37 186 38 184 40 183 41 181 43 180 44 178 47 172 52 170 54 167 58 163 61 162 62 161 63 161 63 161 63 161 63 162 62 163 61 164 61 164 60 164 60 164 60 165 59 165 59 164 60 164 61 163 61 162 62 161 64 160 64 159 65 158 66 157 67 140 5 11 68 138 10 7 69 136 89 134 89 135 90 133 91 131 94 130 94 128 88
10210 9 212 14 208 17 206 19 203 22 201 24 199 26 197 28 196 29 145 9 40 31 142 13 36 34 139 17 33 35 136 22 30 37 131 27 29 38 129 29 27 39 124 35 25 42 120 38 24 42 116 43 22 44 108 50 22 44 105 54 20 46 102 56 19 47 100 59 16 51 97 61 14 52 96 65 3 61 94 131 93 132 92 133 90 135 89 135 88 137 87 138 85 141 83 142 82 143 81 144 79 147 77 147 77 149 75 149 75 150 74 151 73 151 73 152 72 153 71 153 71 154 69 155 69 156 68 156 68 156 68 157 66 158 66 158 66 159 65 159 64 160 64 161 63 161 63 161 63 161 63 161 63 162 62 162 63 161 63 161 63 161 63 162 62 162 62 163 61 163 61 164 61 164 60 164 60 165 59 118 7 40 60 116 10 39 59 115 12 38 60 112 15 38 59 111 17 37 60 109 20 35 61 107 21 34 62 105 25 32 63 103 27 31 63 101 30 29 65 99 32 27 66 98 34 25 67 97 37 22 68 95 41 18 70 94 45 13 72 92 132 91 134 88 136 87 137 86 139 84 140 84 140 84 141 82 143 81 143 81 144 79 146 78 146 77 148 76 149 75 149 75 150 74 151 73 151 73 151 73 152 71 153 71 153 71 154 70 154 70 154 70 154 70 154 70 153 71 153 72 151 73 151 73 150 74 149 75 149 75 148 76 147 77 146 78 146 77 146 78 146 78 146 78 145 79 145 78 146 77 147 76 147 76 148 75 150 73 151 71 153 69 155 67 157 64 161 59 165 53 171 17 7 28 173 14 10 26 175 11 12 25 178 6 16 23 201 22 202 22 202 21 203 20 205 18 206 17 207 16 209 14 211 11 214 8 4632
1060 5 219 6 1 3 210 17 204 20 202 23 200 26 196 31 127 7 58 35 121 13 54 37 118 17 52 38 115 21 49 41 111 24 47 43 107 28 46 45 103 32 43 47 100 36 40 50 96 41 35 53 93 61 2 1 9 58 91 134 89 135 88 136 86 138 85 138 84 140 84 140 82 142 81 142 82 142 81 143 80 144 80 143 81 142 82 141 83 138 88 123 113 109 117 106 119 103 122 101 125 97 128 95 130 92 134 89 135 88 137 87 138 86 138 85 139 85 138 86 137 87 137 87 136 88 135 89 134 90 133 91 132 93 130 93 131 93 130 94 129 95 129 95 128 96 127 97 126 98 126 98 125 99 123 101 122 102 121 103 120 103 120 104 119 105 118 105 118 106 118 105 118 106 117 106 117 106 116 108 115 108 114 109 113 111 111 112 111 112 111 113 110 113 110 114 109 115 109 115 108 116 108 115 108 117 107 117 106 118 106 118 105 120 104 120 104 122 101 124 100 126 98 128 95 132 92 133 90 136 88 137 86 140 84 141 83 142 82 142 81 144 80 145 79 146 77 148 76 149 75 150 73 152 72 152 72 153 71 153 70 155 69 156 68 156 68 157 67 158 66 158 66 159 65 160 64 160 64 160 64 161 62 162 62 163 61 164 61 164 59 165 60 165 58 167 57 168 56 168 56 169 56 169 55 170 54 172 53 139 7 26 52 138 11 24 51 136 15 24 49 135 19 21 50 133 23 19 49 132 26 18 49 130 30 16 48 130 31 16 47 129 34 16 45 129 34 17 45 128 36 15 45 127 37 16 45 125 39 15 45 124 41 14 46 120 46 12 46 120 47 10 48 117 51 8 49 116 53 5 51 114 55 4 52 112 58 1 55 109 116 108 118 105 120 104 121 102 122 102 123 101 123 100 125 99 125 99 126 97 127 97 127 97 128 96 128 95 129 95 130 95 129 95 129 95 129 95 129 95 130 94 130 95 129 95 129 95 129 41 7 47 129 39 11 45 128 39 14 43 128 36 30 30 128 33 36 27 128 30 42 24 128 30 43 23 128 29 45 22 128 28 46 22 128 27 47 22 128 27 47 22 128 26 48 22 128 26 48 22 129 25 47 22 130 25 47 22 130 25 47 22 130 25 47 21 131 26 46 21 131 26 45 21 132 26 45 20 133 26 47 18 133 26 47 18 133 27 47 16 134 27 48 15 134 27 48 13 137 26 48 12 138 26 48 11 139 27 46 13 138 27 45 15 137 27 45 13 139 26 47 10 142 25 47 9 144 24 48 4 96
66 14 208 17 206 18 204 21 164 8 29 23 162 13 25 24 160 18 20 27 158 21 15 30 157 67 157 67 156 68 155 69 155 69 155 69 154 70 154 70 154 70 153 70 154 70 154 70 154 70 153 71 38 11 104 71 36 15 102 71 34 18 101 71 33 22 98 70 33 24 97 70 32 27 95 70 31 31 92 70 30 37 87 69 31 40 85 68 30 44 82 68 30 46 80 69 28 50 77 69 27 52 76 78 17 55 75 80 13 56 75 84 8 58 74 150 75 150 74 150 75 149 75 149 76 148 76 148 77 147 78 146 79 145 79 145 80 144 81 143 82 142 82 142 83 140 85 139 86 138 87 137 88 136 88 135 90 134 90 134 90 134 90 134 91 134 90 134 90 135 89 135 89 136 88 136 88 116 6 14 88 115 7 15 87 114 9 14 86 114 11 13 86 113 13 11 87 113 14 9 89 111 17 6 89 112 113 110 114 110 114 110 114 109 116 108 116 108 116 107 117 107 117 107 117 107 117 107 117 106 117 107 117 107 117 107 116 108 116 107 116 108 116 108 115 109 115 108 116 108 115 109 115 109 115 108 116 108 116 108 115 109 115 108 116 108 116 108 116 108 116 107 117 107 117 107 117 106 118 106 118 106 118 105 118 106 118 105 119 104 120 104 120 103 121 102 122 102 122 101 123 100 124 99 125 99 125 98 125 98 126 97 127 97 127 96 128 96 127 97 127 97 127 97 127 97 127 97 126 98 126 99 125 99 125 99 124 101 123 101 123 102 29 19 73 104 17 44 59 172 52 176 47 181 43 184 39 188 36 191 32 195 29 198 25 201 23 203 20 206 18 208 15 210 14 211 12 213 11 213 11 213 10 214 10 214 9 215 9 215 9 215 8 216 8 216 7 217 7 217 6 218 6 218 5 219 4 220 3 221 3 221 2 222 1 223 1 447 1 4479 1 447 1 223 1 223 1 223 1 223 1 223 1 223 1 223 1 223 1 223 1 223 1 223 1 223 1 223 1 223 1 223 1 223 1 223 1 223 1 223 1 222 3 221 1
6596 3 220 7 34 1 182 8 30 6 179 11 26 9 178 12 24 11 177 13 21 14 175 15 19 15 175 17 16 17 174 20 11 19 174 51 173 51 173 51 173 51 173 52 173 51 173 51 173 52 172 52 173 52 172 53 171 53 171 54 171 54 170 54 169 56 168 56 168 57 166 58 166 59 165 60 164 60 163 62 162 62 162 63 161 63 160 65 159 66 158 66 157 68 156 68 155 69 155 70 153 71 152 73 151 74 149 75 148 77 145 80 140 84 137 88 134 90 131 94 126 98 122 103 119 105 117 107 117 107 116 10 1 97 117 7 3 98 116 5 5 98 116 4 6 98 118 1 6 99 124 100 122 102 122 102 120 104 118 106 118 106 117 107 116 108 116 108 116 108 115 109 115 109 114 110 114 111 113 111 113 111 114 110 115 109 115 110 114 110 115 109 115 109 115 109 115 109 115 109 115 109 115 31 6 70 118 25 15 65 122 19 36 45 130 1 55 37 199 2 7 13 22907
10608 3 220 7 216 9 25 8 181 11 22 11 180 12 19 14 178 15 15 16 178 16 12 19 176 19 8 21 176 22 2 24 176 48 175 50 174 50 174 50 173 51 173 51 173 51 173 51 173 51 173 51 173 50 174 50 174 50 174 50 173 52 172 52 172 52 172 52 172 53 171 54 170 55 169 55 169 56 168 56 168 56 168 57 167 57 167 57 167 57 167 57 166 58 166 58 166 58 166 58 165 59 165 59 165 59 165 59 164 61 163 61 162 62 162 63 161 63 161 63 160 64 160 65 159 65 159 65 159 65 158 66 158 66 158 66 158 66 157 67 157 68 156 68 156 69 155 69 155 72 152 73 151 77 146 80 144 83 141 87 137 92 132 94 129 96 128 97 126 99 125 100 124 101 122 103 121 104 120 105 119 105 119 106 118 106 117 107 117 108 116 108 116 108 115 110 114 110 113 112 112 112 111 114 110 115 108 117 107 118 106 119 104 122 102 123 101 124 99 126 98 126 98 126 98 127 96 128 96 127 97 127 97 127 97 126 97 127 97 126 98 125 99 124 100 124 99 124 100 122 102 121 104 118 106 115 109 103 121 94 131 91 133 87 138 83 141 82 143 79 145 75 150 71 154 68 158 64 164 57 174 25 202 12 214 7 9326
5958 14 205 22 193 33 179 46 173 54 166 59 160 67 153 72 150 75 146 79 142 84 139 86 137 88 134 90 132 94 129 96 127 99 123 104 118 110 113 114 108 118 105 120 102 124 100 124 99 125 98 127 97 127 96 128 96 129 95 130 93 132 92 133 91 134 90 136 87 138 86 139 85 140 84 140 84 140 84 140 83 142 82 142 82 142 81 143 81 144 79 145 79 146 76 148 75 150 72 153 69 156 67 158 64 160 62 163 58 167 55 169 53 172 50 175 47 177 45 180 42 183 39 185 37 188 34 190 32 193 30 195 27 198 25 200 23 203 21 204 19 206 18 207 16 209 15 209 15 210 14 210 14 210 14 210 14 210 14 210 14 210 14 210 14 210 14 210 15 209 15 209 16 208 16 208 16 208 17 207 17 207 17 207 18 206 19 205 19 205 20 204 20 204 21 203 22 202 22 202 23 201 24 200 25 199 26 198 29 195 31 193 34 190 36 188 37 187 38 186 39 185 40 184 40 184 40 184 40 184 40 184 40 184 40 184 40 184 40 184 40 184 40 184 40 184 40 184 40 184 41 183 41 183 42 182 42 182 43 181 48 176 54 25 11 134 67 1 2 1 21 132 92 132 94 130 94 130 94 130 94 130 95 129 96 128 98 126 99 125 101 123 102 122 103 121 103 121 104 120 104 120 104 120 104 120 105 119 105 119 105 119 105 119 105 119 105 119 105 119 105 119 105 119 105 119 105 119 106 118 106 118 106 118 107 117 108 116 108 116 109 115 110 114 110 114 111 113 111 113 112 112 112 112 112 112 112 112 112 112 113 111 112 112 112 112 112 112 112 112 112 112 112 112 112 112 112 112 111 113 112 112 112 112 112 112 112 112 112 112 112 112 112 112 112 112 112 112 112 112 113 110 1
2323 4 62 9 147 8 58 12 145 11 54 15 144 12 51 18 142 13 50 19 142 14 48 20 142 15 46 21 142 16 45 21 142 17 43 22 142 17 42 23 142 18 40 24 143 18 38 25 143 19 37 24 145 19 35 25 145 21 32 25 147 41 10 26 147 44 6 26 149 75 150 73 151 72 153 71 153 70 154 70 155 68 156 68 156 67 157 66 159 65 159 64 160 64 160 63 161 63 161 62 162 61 163 60 164 60 164 59 165 57 167 55 169 53 171 53 171 52 172 52 172 52 173 51 173 51 173 51 173 51 173 51 173 51 174 50 174 51 173 52 172 52 172 53 171 54 171 54 170 55 169 55 169 56 168 56 168 57 167 57 167 57 167 58 166 58 166 59 165 59 165 60 164 60 164 61 163 62 162 62 163 62 162 62 162 63 161 64 160 65 158 67 157 67 157 68 156 69 154 71 153 71 153 72 151 74 150 74 150 75 148 76 148 77 147 77 147 77 146 79 145 79 145 80 144 80 144 80 144 81 143 81 143 81 143 81 143 81 143 82 142 82 142 83 141 83 141 84 140 84 140 86 139 85 139 87 137 88 136 88 136 89 135 90 134 90 134 91 133 91 133 92 132 92 132 93 131 93 131 94 129 95 129 96 128 96 127 98 126 98 126 98 126 98 126 99 125 99 125 99 125 99 125 99 125 98 125 99 125 99 125 98 126 98 126 98 126 98 126 97 127 97 126 98 126 98 126 98 125 22 1 75 126 21 3 74 126 21 3 73 127 22 1 74 126 97 127 97 127 96 128 96 128 95 129 94 129 94 130 94 130 93 131 93 130 94 130 43 4 46 130 43 7 44 130 42 10 41 130 42 15 37 130 19 4 18 24 28 131 19 5 16 26 27 131 18 7 13 29 25 131 19 8 9 33 24 131 18 51 24 130 19 52 22 131 18 53 22 131 18 53 22 130 19 54 21 130 18 55 21 130 18 55 20 130 19 56 19 130 18 57 19 130 18 57 19 130 18 57 20 128 18 59 19 127 19 59 19 127 19 59 19 126 20 59 19 125 21 59 19 124 21 60 20 123 21 60 20 121 23 60 20 120 24 60 21 118 25 60 21 117 25 61 22 116 25 61 22 115 26 61 23 114 25 62 23 114 25 62 24 112 26 62 24 112 26 62 24 112 25 63 25 111 25 63 25 111 24 65 24 112 23 65 24 112 22 66 24 112 20 69 23 114 17 70 23 115 13 74 22 203 20 206 17 209 13 213 8 953
18084 11 209 21 201 28 194 38 184 44 175 51 161 65 153 72 140 85 133 91 125 100 116 108 111 113 106 118 103 121 101 123 97 127 93 130 92 132 91 133 89 136 87 137 85 139 84 140 84 140 83 141 82 142 82 142 81 143 80 144 80 144 79 146 77 147 76 148 75 149 74 150 73 151 72 152 71 153 70 154 70 153 70 154 69 155 69 155 68 155 68 156 66 158 62 162 60 163 58 166 55 168 54 170 52 171 51 173 49 175 48 176 46 178 45 179 44 180 43 181 41 183 40 183 40 184 39 185 38 185 38 110 5 70 37 110 11 65 37 109 16 61 36 110 21 56 36 111 23 53 37 110 27 50 36 86 2 23 29 47 36 83 8 21 31 44 36 81 13 19 32 42 37 80 14 19 33 40 37 53 2 26 16 18 34 38 37 48 9 23 17 18 35 37 37 45 13 22 18 18 35 35 38 43 16 21 19 19 33 35 39 39 20 20 19 20 33 33 40 35 25 20 19 22 31 32 41 30 30 19 20 21 32 30 43 24 36 19 20 22 31 29 44 21 39 18 21 22 31 27 46 17 43 18 21 23 31 24 48 15 45 17 22 22 32 22 51 10 49 17 21 21 35 18 113 16 22 20 36 17 115 13 24 13 44 13 118 12 26 8 48 11 120 10 29 3 51 11 121 8 85 9 125 3 88 7 217 7 218 5 220 4 221 3 222 1 10353
2650 10 210 16 205 20 201 24 198 27 195 29 193 31 192 33 189 35 188 36 44 15 127 37 43 22 122 37 42 28 115 39 41 31 112 40 40 34 109 41 40 36 106 41 40 38 104 42 40 40 101 42 41 41 99 44 40 43 97 43 41 45 94 44 42 46 91 45 42 47 89 46 42 49 86 46 43 50 84 48 42 52 81 48 44 52 44 11 24 50 43 54 39 18 19 51 43 55 34 24 15 53 43 57 28 95 45 57 18 104 45 59 11 109 45 60 7 111 46 178 46 178 47 176 48 176 48 176 48 176 49 174 50 174 50 174 50 174 50 174 50 173 52 172 52 172 52 172 53 171 53 171 53 171 53 170 54 170 54 170 54 169 56 168 56 168 57 167 58 165 59 165 60 164 61 163 62 162 63 161 63 161 64 160 64 160 64 160 65 159 65 159 66 158 66 158 67 157 67 157 67 157 68 156 69 154 70 154 71 152 73 151 73 150 75 149 76 147 78 145 79 144 81 141 84 139 86 136 88 136 88 135 89 134 91 133 91 133 91 132 93 131 93 131 93 131 94 131 93 131 94 130 94 130 94 131 93 131 93 131 94 131 93 131 94 130 95 129 96 128 97 127 98 126 98 125 99 125 100 124 100 124 100 124 100 124 101 123 101 123 101 123 101 123 101 123 101 123 100 124 100 124 100 124 99 125 99 125 98 125 99 125 98 126 98 126 97 127 96 127 97 127 96 128 95 129 94 130 93 131 93 131 91 134 90 134 88 136 88 136 87 138 85 139 84 140 83 141 82 142 82 141 82 141 83 141 82 142 81 142 82 142 81 143 80 144 80 143 80 144 79 143 79 144 79 143 79 143 80 143 80 144 78 145 78 145 78 146 77 146 77 146 77 147 76 147 77 147 76 147 76 148 75 148 76 148 75 149 74 149 75 149 75 149 75 149 75 149 74 150 74 150 74 150 74 150 74 150 74 150 74 150 74 150 75 149 75 149 75 148 77 147 78 146 79 145 80 144 81 142 83 141 85 138 91 133 93 131 106 118 114 109 120 104 121 102 123 100 125 98 130 83 755
4864 3 219 8 214 11 212 14 116 3 90 15 113 9 86 17 110 13 83 18 109 15 82 19 107 17 80 20 107 19 77 21 106 20 76 23 105 22 74 23 105 22 73 24 105 23 71 26 103 25 69 27 103 26 67 29 102 26 67 29 102 27 65 30 102 28 63 32 100 30 62 32 100 31 60 33 100 32 58 34 100 32 57 35 100 33 55 37 99 34 54 37 99 35 52 38 99 35 51 39 99 36 49 40 99 37 47 41 99 38 45 43 98 39 43 44 98 40 41 45 98 41 39 46 98 43 35 48 97 45 33 50 96 48 27 53 96 55 15 58 96 128 96 127 97 127 97 127 97 127 96 128 96 128 96 128 96 129 95 129 95 129 95 129 95 129 95 129 95 129 95 128 96 128 96 128 96 128 96 128 96 128 97 126 98 126 98 126 98 125 99 125 100 124 100 123 101 123 102 121 103 121 103 121 104 120 104 120 105 119 105 119 105 119 106 118 106 118 106 117 107 118 106 118 106 118 106 118 106 118 107 117 107 117 107 117 107 117 107 117 107 117 107 117 107 117 106 118 106 118 106 118 106 118 106 118 106 118 106 118 106 118 106 118 106 118 106 118 107 116 108 116 108 116 108 116 108 116 108 116 108 116 108 116 109 115 109 115 109 115 109 115 109 115 109 115 109 115 109 116 108 116 108 116 108 116 108 116 108 116 108 116 109 115 109 115 109 115 109 114 110 114 110 114 110 114 110 114 110 114 110 114 110 114 110 114 110 114 110 114 110 114 110 114 110 115 109 115 108 116 108 116 108 116 107 117 107 117 106 118 106 119 104 120 104 120 103 121 102 123 101 123 100 124 100 124 99 126 98 126 97 127 97 128 95 129 95 129 95 129 94 130 94 130 94 131 93 131 92 132 92 132 92 132 92 132 92 132 92 132 91 133 91 133 91 133 90 134 90 134 89 135 89 135 88 135 89 135 88 136 88 137 87 137 86 138 86 138 86 138 85 140 84 140 83 141 83 141 82 143 81 143 80 144 80 144 80 145 78 146 78 146 77 148 76 148 76 148 76 148 77 146 43
7722 14 208 18 204 24 198 30 192 47 175 50 172 53 170 55 168 58 166 58 165 60 163 62 162 62 161 64 159 65 159 65 159 66 158 66 157 67 157 68 156 68 156 69 156 69 155 69 155 70 154 70 154 70 154 70 155 70 154 70 154 71 153 71 153 71 153 71 154 71 153 71 153 71 153 71 154 70 154 70 154 70 154 70 155 69 155 69 155 69 155 69 155 70 153 71 153 72 152 73 151 74 150 75 149 77 147 78 146 79 145 80 143 82 142 83 141 85 139 86 138 90 134 92 133 91 133 92 132 92 132 92 132 92 133 90 134 91 132 92 132 92 132 92 132 92 132 92 132 93 131 93 131 93 131 94 129 96 128 96 128 97 127 98 126 99 125 99 125 100 124 100 124 102 122 102 122 103 121 104 120 105 119 106 117 108 116 108 116 109 115 110 115 109 115 110 114 111 113 111 113 112 112 112 112 113 111 114 110 114 111 114 110 114 110 115 109 116 108 116 109 116 108 117 107 118 107 117 107 118 107 118 106 118 107 117 107 118 107 117 108 116 108 116 109 116 108 116 110 114 110 114 112 113 111 113 112 112 113 111 113 111 114 110 114 111 114 110 115 109 116 108 117 107 117 107 118 106 118 106 118 106 119 105 120 104 121 104 121 103 121 102 123 101 123 101 122 102 122 102 123 100 123 101 124 100 125 98 128 96 128 96 129 95 129 95 129 95 129 96 128 98 126 37 4 1 1 7 2 46 126 36 18 7 5 32 126 33 22 5 7 31 126 32 23 4 10 28 127 31 25 2 18 19 128 31 47 18 128 31 47 17 129 30 49 16 129 29 50 17 128 28 52 16 128 27 53 16 129 25 55 15 129 24 57 15 128 23 58 15 129 22 58 16 1 3 124 20 60 21 124 19 61 20 125 16 63 20 126 13 65 21 127 2 74 21 203 21 203 21 204 20 204 21 203 20 204 20 206 16 209 11 1 1 213 6 11
2136 4 212 22 192 35 186 41 181 45 177 50 171 55 167 61 152 77 141 85 136 91 131 95 128 99 124 104 119 107 116 110 113 113 110 115 109 116 107 118 106 119 105 120 104 120 103 122 102 122 102 123 101 123 100 125 99 125 98 126 97 128 93 132 91 133 89 136 86 138 82 143 76 148 73 152 71 154 68 157 66 159 56 5 1 163 53 172 52 174 49 176 47 178 46 179 45 180 44 181 43 182 41 184 40 185 39 185 39 186 38 186 38 187 37 187 36 189 35 189 35 189 35 190 34 190 34 190 34 190 34 190 34 189 35 189 36 187 37 187 37 187 37 186 38 186 39 184 40 184 40 183 41 183 41 182 42 182 42 181 43 180 44 180 44 180 43 180 44 180 44 179 44 180 44 180 43 180 43 181 43 181 42 182 42 181 42 182 42 182 42 181 42 182 42 171 2 7 44 170 55 168 56 167 58 166 58 166 59 164 60 164 60 164 60 164 60 164 60 163 61 163 62 162 62 162 62 162 62 161 63 161 63 160 65 158 66 157 67 156 68 155 69 154 70 153 72 151 73 150 74 148 77 146 78 145 79 144 81 143 82 141 83 140 85 139 86 138 86 137 88 136 88 136 89 135 89 135 90 134 90 135 89 134 90 135 90 133 91 133 91 133 91 133 91 132 92 131 93 129 95 128 96 126 98 125 100 122 102 121 104 118 106 117 108 115 109 114 111 112 111 112 111 113 111 112 112 112 113 110 114 110 114 110 115 109 115 108 116 108 116 108 116 108 117 107 118 57 7 42 118 55 11 40 118 52 16 37 120 48 20 36 120 42 28 34 121 39 31 33 121 36 35 32 121 35 37 30 122 33 40 29 122 32 42 28 122 32 42 28 122 31 44 27 122 30 46 25 123 30 46 25 123 29 47 25 123 29 47 25 123 28 48 25 123 28 48 25 123 27 50 23 124 27 50 23 124 27 50 23 124 27 50 23 124 26 51 23 124 26 51 23 124 26 51 23 124 26 51 23 125 25 52 23 124 25 52 22 125 25 52 23 124 25 52 23 125 24 52 23 125 24 52 23 125 24 52 23 125 24 52 23 125 25 51 24 124 25 51 24 123 26 50 25 123 26 50 25 123 26 50 26 122 26 50 26 122 26 50 26 123 25 51 25 123 25 51 25 124 24 51 25 85
6613 1 1 11 2 10 181 48 171 55 164 62 158 68 153 72 149 76 144 81 141 84 137 89 133 92 130 95 127 98 124 101 121 104 119 106 116 108 115 110 113 111 112 112 111 112 112 112 111 113 111 113 111 112 111 113 111 112 112 111 113 110 113 110 114 109 116 107 117 105 119 104 120 102 122 101 124 99 125 99 126 97 127 97 128 96 128 95 130 94 131 93 132 92 133 91 136 88 140 84 141 84 140 84 141 83 141 83 141 83 141 83 141 83 141 83 141 83 141 83 141 83 141 83 141 83 141 82 142 82 142 82 142 82 142 81 143 81 144 80 144 79 145 79 145 79 145 78 146 78 147 77 147 76 148 76 148 76 149 76 148 76 147 78 145 79 144 81 142 82 140 85 139 85 138 86 138 87 136 88 136 88 135 89 135 89 135 90 134 90 133 91 133 91 133 91 133 91 133 91 133 91 133 91 133 92 132 92 132 92 132 92 131 93 131 93 131 93 131 94 130 94 129 95 129 95 129 95 129 95 129 95 128 96 128 96 128 96 129 95 129 95 129 95 129 95 129 95 129 47 3 45 129 46 5 44 129 46 5 44 129 45 7 43 129 44 8 43 129 44 8 43 129 43 9 43 129 43 9 43 129 42 9 44 129 40 11 44 129 40 11 44 129 40 11 44 129 40 11 44 129 40 10 45 129 30 4 5 11 45 129 28 8 3 11 45 129 28 10 1 11 45 129 27 23 45 129 27 23 45 129 26 24 45 128 27 24 46 127 27 24 46 127 26 26 45 127 26 27 44 127 26 27 44 127 25 30 42 127 25 32 40 127 25 34 38 127 25 34 38 128 23 45 28 128 23 47 26 128 23 51 22 128 23 51 22 128 22 53 21 128 22 53 21 128 22 53 22 127 22 53 22 127 22 54 21 127 21 54 22 127 21 54 22 127 21 54 22 127 21 54 23 125 22 54 23 125 22 54 23 124 23 53 24 124 23 53 24 123 24 53 25 122 25 52 25 121 26 52 25 121 26 52 26 120 26 52 26 119 27 52 26 119 26 53 27 118 26 54 26 117 26 55 26 117 26 55 26 117 25 56 26 117 25 56 26 117 24 58 25 118 23 58 24 119 22 59 24 120 20 62 21 123 16 66 18 126 12 72 6 135 7 1950
8424 3 219 7 216 9 214 11 213 11 212 13 210 14 210 15 208 16 208 16 207 17 207 18 205 19 205 19 204 21 203 21 202 22 202 23 201 23 200 24 200 25 198 26 197 28 196 28 114 7 74 30 106 31 57 31 102 37 53 33 72 6 19 44 49 35 71 9 12 51 45 37 69 75 42 39 68 77 39 41 67 82 32 44 66 85 29 46 64 88 25 50 17 5 39 90 22 54 8 13 37 92 19 78 35 95 15 79 35 98 12 80 34 99 10 80 35 102 5 82 35 189 35 189 35 189 35 188 36 188 36 187 37 187 37 187 37 186 38 186 38 185 39 184 40 183 41 182 42 181 43 180 44 180 44 179 45 179 45 178 46 178 46 178 46 178 46 178 46 177 47 177 47 177 47 177 47 176 48 176 48 176 48 176 48 176 48 175 49 175 49 175 50 174 51 173 52 172 54 170 56 168 57 167 57 167 58 167 57 167 57 167 58 166 58 167 57 167 58 166 58 166 59 165 59 166 59 165 60 164 61 163 62 162 62 162 63 161 64 161 64 160 65 160 66 159 66 158 67 158 68 157 69 155 71 154 71 153 72 153 72 152 74 151 74 150 78 147 80 145 82 142 84 141 85 140 87 137 89 136 89 135 91 134 91 134 92 133 93 131 94 86 4 41 95 82 9 38 97 79 12 37 98 76 15 36 99 72 18 36 99 70 20 36 101 66 23 35 101 64 25 34 103 61 27 35 103 58 29 35 104 56 31 35 103 55 31 37 103 54 32 36 103 54 32 36 103 56 30 37 103 55 30 38 102 56 29 39 101 57 28 39 102 57 27 40 101 58 26 40 102 58 25 40 102 58 24 41 103 58 23 41 104 57 23 41 104 59 21 40 106 59 20 40 108 58 18 40 109 60 16 39 111 60 15 38 114 59 14 37 116 60 12 36 118 61 11 34 120 62 9 33 122 62 8 32 125 61 8 30 127 59 9 29 129 58 9 28 131 57 10 26 134 55 11 24 136 53 14 20 139 52 16 15 142 51 22 6 147 49 176 49 177 47 179 45 181 43 183 41 186 38 188 35 192 32 194 29 197 26 202 21 207 15 213 8 1386
2296 9 212 14 207 20 203 22 201 24 199 26 197 28 195 30 193 32 192 32 192 34 189 35 189 36 188 36 188 37 187 37 187 38 186 38 187 38 186 40 184 41 183 43 182 44 180 46 179 46 178 48 177 48 176 49 176 50 174 52 171 55 169 57 167 59 164 61 162 65 159 66 157 69 154 71 152 74 150 76 147 78 146 79 144 81 143 82 141 85 138 88 4 10 122 104 119 106 118 107 116 108 116 110 114 110 113 112 112 112 111 114 110 115 108 117 107 118 105 120 104 120 104 121 102 123 101 123 101 124 100 125 99 126 97 128 96 129 95 136 88 140 84 144 80 146 78 148 76 150 73 153 71 154 70 156 68 157 66 160 64 161 63 163 61 164 60 165 59 166 58 167 57 167 57 168 56 169 54 170 54 171 53 172 52 172 52 173 52 173 51 174 50 174 50 175 49 176 48 177 47 178 46 179 45 180 44 182 42 183 40 185 39 186 38 186 38 187 37 187 36 188 36 187 37 187 37 187 37 187 37 186 38 186 38 186 38 186 38 186 38 185 39 185 40 184 40 184 40 184 41 183 41 182 43 181 43 181 44 179 45 179 46 178 47 176 48 176 50 173 52 172 53 170 55 14 5 150 56 12 6 149 59 10 7 147 61 9 7 147 65 5 7 146 69 1 8 146 79 144 80 144 80 144 79 144 79 144 80 144 80 143 81 143 81 142 83 140 85 88 10 40 86 81 17 39 88 67 31 37 90 63 35 34 92 62 36 33 94 60 38 31 96 58 39 30 98 57 39 29 100 56 40 27 102 54 41 26 104 53 41 25 106 51 42 24 108 50 42 23 110 49 42 22 113 46 42 22 115 45 41 22 117 43 41 22 119 42 40 22 123 38 39 23 125 37 38 23 127 35 38 23 129 34 37 24 130 32 37 24 131 31 37 24 132 31 36 24 133 30 36 25 132 30 36 24 133 29 38 24 132 29 38 24 132 29 38 24 131 30 39 24 130 30 40 23 130 30 40 24 129 30 41 23 128 31 42 23 128 30 43 22 128 30 44 22 127 30 45 21 127 30 46 20 128 30 46 20 128 29 47 19 128 30 48 17 129 29 49 16 130 28 51 14 130 29 53 11 131 28 57 7 132 27 197 27 197 26 198 25 200 24 200 23 201 22 204 19 207 15 213 10 219 1 1264
2855 21 193 33 185 40 182 43 179 46 177 48 175 50 173 52 171 54 169 56 167 57 166 59 164 61 163 61 162 62 162 63 161 63 161 63 161 63 161 63 161 63 161 63 161 63 161 63 161 63 161 62 162 62 163 61 163 60 164 60 165 58 166 58 166 58 166 58 166 57 167 57 167 57 167 57 167 56 168 56 168 55 168 55 167 56 167 56 166 57 163 60 162 61 162 61 162 62 161 62 161 63 160 64 159 65 158 66 157 68 155 69 154 70 153 71 152 72 151 73 150 73 150 74 149 75 148 76 147 70 1 5 147 71 2 3 147 71 152 72 150 74 149 74 149 75 148 76 147 77 146 78 145 79 144 80 143 81 142 82 141 83 140 85 139 85 138 86 137 87 137 87 136 88 135 89 134 91 133 91 132 92 131 93 130 94 130 94 129 95 128 96 127 97 126 98 125 98 125 99 124 100 123 100 123 101 123 100 123 101 122 102 121 102 122 102 121 102 121 103 121 102 121 103 120 103 121 102 121 103 121 102 121 103 121 102 121 103 121 103 120 104 120 103 120 104 120 104 119 105 119 105 118 106 118 106 117 108 116 108 115 109 115 109 114 111 113 111 113 111 112 113 111 113 110 114 110 115 109 116 107 117 107 118 106 118 106 119 104 120 104 120 103 122 102 122 101 90 3 31 100 89 5 30 72 5 22 90 5 30 67 23 8 91 5 31 64 30 2 93 5 30 64 126 4 31 63 128 2 31 63 161 64 161 69 1 11 143 90 135 91 133 92 101 1 31 93 99 3 29 94 98 4 29 93 75 1 21 6 29 93 72 9 2 8 6 6 30 92 69 21 5 8 40 82 67 23 4 9 44 77 66 25 3 9 45 77 63 28 1 11 45 76 61 43 45 75 60 45 44 76 58 46 44 76 58 46 44 76 58 47 43 77 58 46 43 78 57 47 42 78 58 46 42 79 58 45 42 79 60 43 42 80 60 43 41 81 63 38 42 81 84 17 42 82 86 14 41 84 86 13 41 85 87 11 40 87 87 9 38 91 129 96 124 102 120 105 118 109 115 110 114 112 112 113 112 115 109 115 110 118 38 15 1 4 48 120 26 34 44 123 15 45 41 129 4 52 38 187 37 188 34 192 31 195 25 202 4 6 1 2067
1643 8 214 16 207 18 206 21 202 24 199 27 197 27 12 5 180 28 10 8 179 28 8 10 178 29 7 11 177 29 6 13 176 31 3 15 175 49 175 50 174 50 175 50 174 50 174 50 174 50 174 51 174 50 174 51 173 52 172 53 172 54 170 56 168 57 168 58 166 59 165 61 163 61 164 62 162 62 163 62 162 63 162 62 163 62 163 62 162 62 163 62 162 62 162 62 162 62 161 63 161 63 161 63 160 65 159 65 158 66 158 66 158 66 157 67 157 68 155 70 154 71 152 74 150 75 148 77 147 77 146 79 144 80 143 82 141 83 140 84 139 84 138 86 137 86 137 87 136 87 136 87 136 88 135 88 135 88 135 88 135 89 134 89 135 87 136 84 139 72 4 2 145 70 153 70 153 71 152 71 152 72 151 73 150 74 149 75 148 76 147 77 146 78 145 79 145 79 144 80 144 80 143 82 142 82 141 83 141 83 140 84 140 84 140 84 140 85 139 85 139 85 139 85 138 86 138 86 138 86 138 86 138 86 138 86 138 86 137 87 137 87 137 87 137 87 137 87 136 88 136 88 136 88 136 88 136 88 136 89 136 88 136 88 136 88 136 88 136 88 136 88 136 88 136 88 136 88 137 86 138 86 138 86 138 86 139 85 139 85 139 64 2 19 140 62 4 18 140 61 6 17 141 59 7 17 141 58 8 17 141 58 9 16 141 56 11 16 142 53 14 16 141 31 4 9 1 1 1 1 19 16 141 29 38 17 140 29 39 16 141 27 40 16 141 26 41 16 141 26 42 16 141 25 42 16 142 25 41 16 143 24 41 16 144 23 41 17 144 22 42 16 145 21 42 17 145 20 42 18 145 19 43 18 144 19 43 19 144 18 43 20 143 18 43 21 143 17 44 21 142 17 44 22 141 18 44 21 141 18 44 22 140 18 45 21 140 18 45 21 140 18 46 20 140 18 46 20 140 18 47 19 140 18 48 18 140 18 49 16 141 18 50 14 142 18 53 10 143 18 58 1 147 18 206 18 206 18 206 18 206 18 205 19 205 20 204 20 204 20 204 20 204 20 204 19 205 19 205 19 205 18 206 17 208 16 208 15 210 13 212 11 214 8 218 4 4195
26735 16 204 23 199 27 195 31 192 33 189 36 186 39 184 41 182 43 180 45 179 46 177 48 176 50 173 57 1 2 12 1 16 8 127 103 121 105 119 107 117 108 116 109 114 111 113 112 112 114 110 116 108 118 106 119 105 120 103 122 102 124 99 125 99 127 96 129 95 130 93 131 93 133 91 133 90 135 89 135 89 136 88 136 88 136 88 137 87 137 86 138 86 139 85 139 85 140 84 141 82 143 81 144 79 147 76 149 74 152 71 154 68 158 64 162 60 165 58 131 3 33 55 132 6 32 51 134 7 33 48 98 10 27 9 32 46 98 13 26 10 31 44 99 15 25 12 30 41 101 16 24 13 28 40 102 17 24 14 27 39 41 12 12 8 30 17 24 16 24 38 40 40 25 17 24 20 20 37 39 43 23 17 25 23 15 38 37 47 22 17 25 33 1 40 36 51 21 16 26 72 36 53 20 17 26 70 36 55 20 16 27 68 37 56 20 15 27 68 35 59 19 15 28 65 35 62 19 14 29 63 33 66 18 13 30 63 33 67 18 13 30 61 33 69 18 12 29 62 32 70 19 12 28 62 31 72 18 12 27 64 30 73 19 11 22 68 29 75 18 12 21 68 28 77 19 11 20 69 27 78 18 12 18 71 25 80 19 25 2 73 24 81 19 100 23 82 19 100 21 84 20 101 18 85 20 101 17 86 20 103 12 88 21 105 5 93 21 203 22 202 22 202 22 203 20 204 20 204 19 206 18 206 17 208 16 209 14 212 9 776
14630 20 200 26 194 32 183 45 167 1 1 60 69 2 81 75 63 22 62 81 58 24 60 86 52 29 56 90 48 31 54 96 42 34 52 98 39 35 51 101 36 37 50 103 33 38 50 106 29 40 49 110 23 42 49 114 18 43 48 118 14 44 48 126 5 46 47 177 48 176 48 176 48 177 47 177 48 176 48 176 49 175 49 175 50 174 51 173 52 172 54 1 5 7 3 153 72 152 73 150 75 149 75 149 75 149 75 148 76 148 76 147 77 147 77 146 78 145 78 144 80 142 82 142 82 141 83 140 84 140 84 140 84 139 85 139 85 44 6 89 84 44 8 88 84 42 11 87 83 41 14 86 83 39 17 84 84 37 20 83 83 37 23 80 84 37 24 78 85 36 27 75 85 36 28 74 86 36 30 72 86 35 31 71 87 34 33 67 90 32 35 65 93 29 38 62 95 28 40 61 95 27 42 59 96 26 44 58 97 24 46 56 98 23 48 55 98 22 52 52 99 20 54 51 100 19 55 49 101 18 58 47 101 18 60 44 102 17 62 42 104 16 62 41 105 16 62 39 108 15 63 37 109 15 63 37 109 14 64 36 111 13 64 36 112 11 66 34 113 11 66 33 116 9 67 31 118 8 67 30 122 2 70 28 196 26 198 26 198 25 199 25 199 25 199 24 200 24 199 25 199 25 199 25 199 25 199 25 199 25 199 25 199 25 199 25 199 23 201 23 201 23 201 22 202 22 202 21 204 20 204 19 205 19 205 19 205 19 205 20 205 19 205 19 206 19 207 18 206 18 207 18 207 17 208 16 208 16 209 15 209 15 211 13 212 13 213 11 214 10 218 6 218 6 220 2 5670
5492 18 202 24 199 27 195 30 193 33 189 36 187 38 185 40 183 42 181 43 181 44 179 46 178 46 178 46 178 46 177 47 177 48 176 48 176 48 176 48 176 48 176 48 176 48 176 48 176 48 176 48 176 48 176 48 176 47 177 47 178 46 178 45 178 46 178 45 179 45 179 44 180 43 180 43 181 41 183 40 183 40 184 40 184 40 184 40 184 40 184 39 185 39 185 39 185 39 185 39 184 40 184 40 184 40 184 40 184 41 183 41 182 43 181 43 180 45 179 46 177 48 176 48 175 50 174 50 174 50 174 50 174 50 173 52 172 52 172 52 172 52 172 53 170 54 170 54 170 54 170 54 169 56 168 56 168 57 167 57 167 57 166 58 166 58 166 58 166 58 166 59 164 60 164 60 164 60 164 60 164 60 164 60 164 60 163 61 163 61 163 61 163 60 164 60 164 60 164 60 164 60 164 59 165 59 165 59 165 59 165 59 164 60 164 60 163 61 162 62 159 65 158 66 156 68 155 69 154 70 154 70 153 71 153 71 152 72 152 72 152 72 152 73 151 73 151 73 151 73 151 74 150 74 150 74 150 74 150 74 150 74 150 74 150 74 151 73 151 72 153 71 154 70 154 69 156 68 157 67 158 65 160 64 160 64 161 62 162 62 163 61 163 61 163 61 163 61 163 61 163 61 163 61 164 1 1 59 168 56 171 53 172 22 6 24 173 19 10 22 174 17 11 22 174 17 12 21 175 16 13 20 175 15 15 19 175 15 15 19 176 14 16 18 176 14 17 17 176 14 17 17 176 14 17 16 177 14 17 17 176 14 17 16 177 14 17 17 176 14 17 17 175 15 17 17 175 15 17 17 175 15 16 18 175 15 16 18 174 16 16 19 173 16 16 19 172 18 15 19 172 18 15 19 171 19 15 19 171 19 15 19 171 19 15 19 171 19 15 19 171 19 16 18 171 19 16 17 172 18 18 16 172 18 19 14 173 18 21 12 174 16 23 9 177 15 28 2 180 13 212 11 214 9 219 2 1688
3182 4 215 11 208 19 202 24 197 29 193 33 188 38 184 42 180 46 176 50 173 54 169 57 166 59 164 62 161 64 159 67 58 13 85 69 54 20 81 70 48 28 77 73 44 33 74 75 40 36 72 78 37 39 70 79 35 40 69 83 30 44 67 85 27 45 66 88 24 47 65 89 22 49 63 91 20 51 62 93 16 53 62 95 13 55 60 98 10 57 59 101 5 60 58 167 56 169 55 169 55 170 54 171 53 172 52 173 51 174 50 174 50 175 49 175 49 176 48 176 48 177 47 177 47 177 48 176 48 176 48 176 49 176 48 176 48 176 49 175 49 175 50 174 50 175 50 174 50 175 49 175 50 175 49 175 50 175 49 176 48 176 49 176 48 176 49 176 48 176 48 177 47 177 47 178 47 177 47 177 47 177 47 178 46 178 46 178 46 178 46 179 45 179 45 179 44 181 43 181 42 183 41 183 40 185 39 185 38 187 37 187 37 187 36 188 36 189 35 188 36 188 36 188 35 189 36 188 36 188 36 188 36 188 36 188 36 188 36 44 3 141 36 42 7 139 36 40 10 138 37 38 12 137 37 37 14 136 37 37 15 135 38 35 16 135 38 35 17 134 38 34 19 133 38 34 20 132 39 32 21 132 39 32 22 130 41 31 23 129 41 31 24 128 41 30 25 127 43 29 26 126 43 29 27 124 45 28 28 123 45 28 28 122 47 27 29 121 48 26 30 119 49 26 30 119 50 25 31 117 52 24 31 117 52 24 32 116 53 22 33 116 54 20 34 116 55 18 36 115 56 16 37 115 57 14 38 116 58 9 41 116 108 116 108 116 107 77 5 35 107 77 6 34 107 76 8 33 107 76 9 32 107 76 10 31 107 76 11 29 108 75 14 26 109 75 15 25 109 75 16 23 110 75 17 20 112 75 19 16 114 76 22 7 119 76 148 76 149 76 148 76 148 76 149 76 148 76 148 77 148 76 148 76 148 77 148 76 148 76 148 76 148 76 149 75 149 75 149 75 149 75 149 75 150 74 150 73 151 73 151 72 152 70 155 67 157 38 5 20 161 38 8 11 168 37 187 37 188 36 188 37 188 36 188 36 190 35 189 35 190 35 190 34 191 33 191 34 191 33 191 34 191 33 191 33 192 32 192 32 192 32 192 32 193 31 193 31 194 30 194 30 195 29 195 28 197 27 197 26 199 24 200 23 202 21 204 19 207 15 210 13 107
376 8 213 13 204 23 199 29 193 33 190 35 157 2 29 36 154 8 25 38 151 12 22 40 149 14 20 41 148 15 19 42 147 17 17 44 145 19 14 46 145 20 12 48 143 23 8 50 142 82 142 84 139 88 136 90 71 4 58 93 67 7 57 94 66 9 54 97 63 11 52 99 62 13 49 101 61 14 46 104 60 15 41 109 59 17 30 119 58 19 21 126 58 20 17 130 58 21 13 132 58 23 8 136 57 167 58 166 58 166 58 167 57 167 57 167 57 167 57 167 57 167 57 167 58 167 57 167 57 168 56 168 56 169 56 168 56 168 56 169 55 169 56 168 56 168 57 167 57 167 57 167 57 167 57 168 57 167 57 167 58 165 59 164 60 162 63 160 64 159 66 157 67 156 69 154 70 153 71 152 72 152 73 150 74 150 74 149 76 147 77 147 78 145 79 144 80 143 82 142 82 141 83 140 85 139 85 138 87 137 88 135 89 135 90 134 90 133 91 132 93 131 93 130 95 129 95 129 96 127 97 127 98 126 98 126 98 126 98 126 98 126 98 126 98 126 98 126 99 124 100 124 101 123 101 123 102 122 103 121 103 121 104 120 104 119 106 118 106 118 107 117 108 116 109 115 112 111 114 110 116 107 118 106 120 103 121 103 122 101 124 100 125 10 5 83 126 9 8 80 128 9 8 79 128 8 9 78 131 6 9 77 132 5 10 77 146 37 1 39 147 35 4 38 146 34 7 37 146 33 8 36 147 32 10 35 147 31 11 35 147 30 12 35 147 29 13 34 148 27 15 34 147 28 15 34 147 27 16 33 148 25 18 33 148 22 21 33 148 21 22 33 148 20 23 33 149 18 23 33 150 18 23 33 150 17 24 33 151 16 23 34 151 15 24 33 153 13 24 34 154 11 25 33 155 9 26 33 157 7 27 33 158 3 30 33 191 32 192 32 191 33 191 32 192 32 192 32 192 32 192 32 192 31 193 31 192 32 192 31 192 32 191 33 191 32 191 33 190 34 189 34 189 35 187 36 188 36 188 35 189 35 188 35 189 34 189 35 188 35 188 36 187 36 187 36 187 36 188 35 189 34 191 29 196 26 201 20 213 9 6813
9568 6 217 8 215 10 213 12 212 13 210 14 209 16 208 17 206 18 206 18 166 4 1 1 34 19 162 11 31 20 161 13 30 20 161 14 29 21 160 15 28 21 160 16 27 22 159 17 26 22 159 18 25 22 160 18 23 23 161 18 22 23 162 18 21 24 162 18 20 24 164 17 18 25 164 18 17 25 165 19 13 28 165 19 11 29 165 24 1 34 166 58 166 58 167 57 167 58 167 57 167 57 167 57 168 56 168 57 167 57 167 56 168 56 168 56 167 57 167 56 167 57 167 57 166 58 166 57 166 58 166 58 165 59 165 59 165 59 165 58 166 59 165 59 165 59 165 59 165 60 163 61 163 61 163 61 162 63 160 64 159 65 159 66 157 67 156 68 156 68 156 68 156 68 156 69 155 69 155 69 156 68 156 69 156 68 156 68 157 67 157 67 158 66 159 65 160 64 160 63 163 61 164 60 165 59 167 57 169 56 169 54 171 54 170 54 169 55 169 56 167 58 165 59 163 62 161 63 159 66 154 70 152 73 149 75 146 78 144 81 139 85 136 88 128 96 121 103 116 108 114 110 111 114 108 116 106 118 104 120 102 122 101 123 99 125 97 127 96 128 95 129 94 130 92 132 91 133 90 134 88 136 87 137 86 138 85 139 83 141 82 142 81 144 79 145 78 146 77 147 76 148 76 149 74 150 74 150 73 151 73 151 72 152 72 152 72 152 72 152 72 151 73 151 73 151 73 151 74 150 74 150 75 149 75 149 75 149 77 146 79 144 82 142 87 136 97 111 4 10 100 109 8 3 104 44 7 18 3 37 114 39 21 8 7 34 115 33 29 3 12 32 114 31 48 30 115 29 56 23 115 29 58 22 115 27 61 19 120 20 66 17 125 13 69 14 131 5 76 1 1 5 3429
12921 27 195 32 190 35 187 39 183 42 90 3 1 1 85 45 77 21 80 47 74 26 76 49 72 36 67 49 71 43 60 51 69 50 53 52 67 68 35 55 65 72 31 56 64 75 27 59 63 76 24 61 62 79 19 64 61 81 14 68 61 84 5 75 59 165 58 166 58 166 57 167 57 167 56 168 56 168 56 168 56 168 55 168 56 168 56 168 57 167 57 166 58 166 58 166 58 165 59 165 59 165 60 164 60 163 61 163 62 162 62 162 63 161 64 159 65 159 66 158 66 158 67 157 67 157 68 155 70 154 70 154 71 153 72 152 72 152 73 151 74 150 75 148 77 147 78 146 79 145 80 144 81 143 84 140 88 135 93 131 95 129 96 128 97 127 98 76 1 48 100 72 6 46 102 68 10 44 103 66 12 43 104 64 14 41 106 62 16 40 107 60 18 39 109 57 20 37 111 56 21 36 112 54 22 36 113 53 23 34 114 53 24 33 114 28 6 19 25 32 114 27 8 18 25 31 115 26 10 17 27 29 115 25 12 16 27 29 115 25 13 15 29 27 114 26 13 15 29 26 115 25 15 15 30 24 115 25 15 15 31 23 114 25 17 14 32 22 114 24 18 13 34 21 114 24 18 13 35 20 113 24 20 12 36 18 113 25 20 12 36 18 113 24 21 12 36 18 111 25 23 10 37 18 110 25 25 8 38 17 110 25 28 5 38 18 107 26 73 17 105 28 73 18 103 28 74 19 102 28 75 18 102 28 75 19 102 26 76 19 102 26 76 20 102 24 77 20 104 20 79 20 106 16 81 21 108 3 92 20 205 18 207 17 210 13 217 4 12153
10821 3 1 1 214 17 204 23 199 27 195 31 190 34 189 36 187 38 183 41 182 42 180 45 178 46 177 46 177 47 177 47 176 47 177 47 176 47 177 46 178 45 179 41 182 35 189 34 190 33 190 33 191 33 191 32 192 32 38 4 150 32 32 17 143 32 28 23 141 33 24 28 139 33 22 31 138 35 17 36 136 37 13 39 135 90 134 91 133 93 131 94 130 95 129 96 128 97 127 98 126 98 126 99 125 99 125 100 124 100 124 101 123 102 122 102 121 104 120 104 120 105 118 107 117 107 117 107 117 108 115 109 115 110 114 110 114 110 113 111 113 111 113 111 113 112 111 113 111 112 112 112 111 113 111 113 110 114 110 114 109 115 108 115 109 115 109 115 108 116 108 115 109 115 108 116 108 115 109 115 109 115 109 115 109 115 109 114 109 115 109 115 109 114 110 114 110 114 110 114 110 113 111 113 111 113 111 113 111 113 111 113 111 113 111 113 111 113 111 113 111 113 111 113 110 114 110 114 110 114 111 113 111 113 112 112 113 31 7 72 117 27 10 69 122 20 16 66 125 15 20 63 131 8 23 62 162 62 163 60 166 58 167 56 169 55 170 53 171 53 172 52 171 52 172 52 172 52 172 51 172 20 10 22 172 17 17 18 172 14 21 17 172 13 23 16 173 11 24 16 174 8 26 16 176 5 27 16 178 2 28 17 207 17 206 18 205 19 205 19 205 19 204 20 204 20 204 20 203 21 203 20 204 19 206 17 207 16 210 12 213 10 216 5 5701
14483 13 208 17 167 15 23 19 167 17 20 21 165 21 16 22 164 23 13 24 164 26 7 27 164 59 165 59 165 59 165 59 164 60 164 59 164 60 160 64 154 69 148 76 146 77 144 80 142 81 141 83 139 84 139 84 139 85 138 86 138 86 137 86 137 87 136 88 136 88 136 88 135 89 135 89 135 89 134 90 134 90 134 90 133 91 133 92 132 91 132 92 132 92 132 92 132 92 131 93 131 93 131 93 131 93 131 93 131 93 131 93 131 93 131 93 132 92 132 92 132 92 132 93 131 94 131 93 131 93 131 92 132 91 134 90 134 90 135 88 137 86 139 85 140 83 142 81 143 81 144 79 146 78 147 76 150 74 151 73 153 71 157 66 160 64 164 59 169 55 171 52 173 51 174 49 176 47 178 45 179 45 180 43 182 42 183 40 185 39 186 38 187 37 188 36 190 34 191 34 7 4 180 33 6 7 180 46 180 45 183 41 185 38 188 35 190 33 192 31 194 29 197 25 201 12 215 4 11962
7266 16 206 23 199 31 191 39 182 44 178 47 175 51 172 55 168 59 164 61 163 63 161 64 159 67 156 71 152 73 150 75 148 77 146 78 145 80 144 80 143 82 140 85 139 85 138 87 135 90 133 92 132 92 131 94 129 96 128 96 127 98 126 98 126 98 125 100 124 100 123 101 122 103 120 105 109 115 104 121 99 125 96 129 92 133 88 137 83 142 76 149 66 159 53 171 52 173 50 174 50 174 50 175 49 175 49 176 48 176 48 176 48 176 48 177 47 177 47 177 47 177 47 177 47 177 47 177 47 177 47 177 47 176 48 176 48 176 48 175 49 175 49 175 49 175 49 175 49 176 48 48 2 126 48 46 5 125 48 43 9 124 48 40 13 123 48 37 17 122 48 33 21 122 49 28 25 122 49 25 28 123 48 20 33 123 48 12 40 125 48 6 45 125 48 4 47 125 49 2 48 126 97 127 97 128 96 128 96 129 96 128 96 129 95 129 95 130 93 131 93 132 92 131 94 130 94 130 95 129 95 129 96 129 96 128 96 128 97 127 97 127 98 126 99 125 99 126 99 125 100 124 102 123 101 123 102 122 103 121 104 120 105 120 105 119 106 118 106 118 107 117 108 116 109 115 109 115 110 114 111 113 112 112 113 111 114 111 114 110 116 108 117 107 118 107 118 106 119 106 119 105 120 104 121 104 121 103 121 104 121 103 122 48 4 51 123 44 8 49 124 42 10 49 124 40 11 50 124 38 13 49 125 36 14 50 124 36 14 50 124 36 15 49 124 36 15 50 124 35 16 49 124 35 16 50 123 36 16 49 123 36 16 50 122 37 16 49 122 37 16 49 122 37 17 49 121 38 17 48 122 37 18 47 122 38 18 46 122 38 19 45 122 39 18 45 123 38 19 44 123 38 19 44 123 39 20 42 123 39 20 42 123 40 22 39 123 41 23 36 124 41 24 34 125 42 24 33 125 42 26 30 126 43 26 28 128 42 32 21 129 43 34 17 130 43 181 44 180 44 180 44 180 44 180 44 180 44 181 43 181 43 182 42 182 42 182 42 183 40 186 38 186 38 187 36 82
5321 2 214 16 204 24 197 30 190 36 183 44 177 49 173 52 170 56 166 60 162 63 159 67 155 71 152 73 149 76 147 79 144 80 143 82 141 84 139 85 138 86 137 88 136 88 135 90 133 91 133 91 132 93 131 93 130 94 130 95 128 96 127 97 127 97 126 98 125 99 125 99 124 101 122 102 121 103 120 104 119 105 118 107 116 108 115 109 115 109 114 110 113 112 112 112 111 113 111 114 109 115 109 115 108 116 107 117 107 117 106 119 104 120 104 120 103 121 103 121 102 122 101 123 100 125 98 126 97 127 96 129 93 131 92 133 90 135 88 136 87 138 85 140 83 141 82 143 80 144 78 147 75 149 68 156 63 161 57 167 52 172 50 174 47 177 45 179 43 181 39 185 32 192 24 200 16 208 3 221 1 6718 1 222 2 220 4 219 5 215 9 213 11 211 13 210 14 209 15 207 17 207 17 205 19 204 20 203 21 202 22 200 24 199 25 198 26 198 26 197 27 197 27 197 27 197 27 197 27 197 27 197 27 198 26 198 26 198 26 198 26 198 26 198 26 198 26 198 26 198 26 198 26 198 26 198 26 198 26 198 26 199 25 199 25 199 25 199 25 199 25 199 25 199 25 200 24 200 24 200 24 201 23 201 23 201 23 201 23 201 23 202 22 202 22 202 22 202 22 202 22 203 21 203 21 203 21 203 21 203 21 204 20 204 20 204 20 205 19 205 19 205 19 205 19 206 18 206 18 206 18 206 18 206 18 206 18 206 18 205 19 204 21 202 21
14216 1 221 5 218 6 187 2 25 10 183 10 19 12 180 15 17 13 178 17 14 15 176 21 10 17 175 24 6 20 173 51 173 51 172 52 173 51 173 52 172 52 172 52 173 52 173 51 173 51 174 51 173 51 174 51 173 52 173 52 173 52 173 52 16 7 150 53 6 20 146 89 135 91 134 92 132 93 131 95 130 95 129 97 127 98 126 100 124 101 123 103 121 104 120 106 118 107 117 109 115 110 114 111 112 113 111 114 110 115 109 116 108 117 107 117 107 118 107 117 107 118 106 119 105 119 105 120 105 120 104 121 103 121 104 121 103 121 103 121 104 121 103 121 103 121 104 120 104 120 104 121 103 121 104 120 104 121 103 121 102 123 101 123 100 124 99 125 98 126 97 127 97 127 96 128 95 129 94 129 95 129 94 130 93 131 76 6 10 132 74 10 7 133 73 151 72 152 72 152 71 153 71 153 71 152 72 152 72 151 73 150 74 149 76 146 79 143 82 132 94 126 102 43 13 64 107 36 22 57 111 30 32 49 115 26 52 28 119 23 60 8 1 1 131 22 203 20 206 16 212 9 11573
8586 1 218 35 182 45 172 54 165 62 157 69 151 75 147 77 146 80 143 81 141 84 139 86 137 87 137 87 136 89 134 90 133 91 133 92 131 93 131 93 131 94 129 95 129 96 127 97 126 99 125 100 124 101 122 103 121 106 117 108 116 111 113 113 111 115 108 118 106 120 104 121 104 121 103 122 102 124 100 125 100 125 99 126 98 128 96 130 94 132 92 133 91 135 90 136 88 137 87 138 86 139 86 138 86 139 85 139 86 139 85 139 87 138 88 136 93 131 103 122 104 120 106 118 109 116 112 112 116 109 120 104 123 101 124 100 125 99 126 98 128 97 129 95 131 93 133 91 134 90 135 89 136 88 136 87 138 86 138 86 139 85 139 85 140 84 140 84 141 83 141 83 141 83 141 83 142 82 142 82 142 82 143 80 144 80 144 80 145 79 145 79 145 79 145 79 146 79 146 79 146 78 147 78 147 78 147 77 148 77 148 77 149 76 149 76 149 76 149 75 151 75 149 75 151 74 151 40 3 32 150 36 9 30 150 35 11 30 149 33 14 31 147 31 17 31 146 30 19 31 145 30 20 30 144 30 21 29 145 31 20 29 145 32 20 26 147 32 21 23 149 32 22 20 151 31 23 14 159 29 24 7 181 13 213 11 213 11 213 10 215 9 215 8 217 6 11722
13519 3 216 13 198 29 192 33 189 38 184 41 182 43 180 45 177 48 175 50 173 52 171 53 170 55 168 56 168 56 167 57 166 58 166 59 164 60 164 60 163 61 163 61 162 62 162 62 162 63 160 64 160 64 160 64 159 65 159 65 159 65 159 65 158 66 158 66 157 68 156 68 156 68 156 68 155 69 155 69 154 70 154 70 153 70 154 70 154 70 154 70 153 71 153 71 153 71 152 72 152 72 151 73 150 74 150 74 149 76 148 76 148 76 148 77 146 78 146 79 144 80 144 80 143 82 142 82 141 83 141 83 140 84 139 85 138 86 137 87 133 91 134 90 133 91 133 91 135 89 136 87 140 84 142 82 143 81 144 79 145 79 146 78 147 77 153 71 153 71 154 69 156 68 156 30 5 33 157 21 15 31 157 21 15 30 158 20 18 28 158 20 19 27 159 19 19 27 159 19 19 27 159 19 19 27 159 19 19 27 159 20 19 26 159 20 19 26 159 20 19 26 160 19 19 26 160 19 19 26 161 18 19 26 161 18 19 26 160 19 19 26 160 20 18 26 160 20 18 26 160 20 18 26 161 19 18 27 161 18 18 27 162 17 18 27 163 16 19 26 164 15 19 26 165 13 20 26 164 14 20 26 165 13 20 26 164 14 20 26 164 14 20 26 164 14 20 25 164 15 20 24 165 15 20 23 166 14 21 20 170 12 23 16 175 9 24 13 182 4 26 9 216 6 220 1 1 1 8650
20097 6 215 16 203 26 170 65 129 98 122 103 118 108 113 113 109 116 106 121 101 126 94 133 89 136 86 139 84 141 82 143 80 144 79 146 77 147 76 149 74 150 73 152 71 153 69 155 68 156 66 158 65 159 64 160 62 162 60 165 56 168 52 172 48 176 46 178 44 180 42 182 41 183 40 184 38 186 37 187 36 188 34 190 33 191 31 193 29 195 26 198 24 200 23 201 22 202 22 201 23 201 24 199 25 199 26 197 27 197 28 195 29 195 30 194 30 194 31 193 32 191 33 191 33 191 34 190 35 189 35 189 36 188 37 187 37 186 39 184 41 183 43 114 6 60 45 111 10 57 47 107 14 55 50 102 17 52 61 89 23 41 73 81 29 35 80 78 33 31 83 75 35 28 88 70 41 21 94 66 47 10 102 64 161 62 164 59 166 58 167 56 169 55 170 53 172 52 173 50 174 50 175 48 177 46 178 46 179 44 182 41 184 39 186 37 188 35 192 30 197 25 204 18 219 1 7301
12458 26 182 50 172 62 160 68 154 73 147 82 139 90 132 95 128 98 124 102 120 104 119 107 116 108 114 112 111 113 110 115 107 118 104 121 101 124 98 126 97 128 94 131 91 133 90 135 87 137 86 139 84 140 84 141 82 143 81 143 81 143 81 144 79 145 79 145 79 145 79 146 79 145 79 145 79 145 79 145 79 145 80 144 80 145 79 145 80 144 80 143 81 143 81 143 81 142 82 142 82 141 82 142 82 141 83 140 84 140 83 141 83 140 83 140 84 140 83 140 83 141 83 140 83 141 82 141 82 140 83 138 86 137 86 137 86 138 85 138 85 139 84 140 83 140 84 140 83 141 82 141 83 141 82 142 82 141 83 141 82 142 82 142 81 143 81 143 81 143 80 144 79 145 79 145 78 146 77 147 77 147 76 148 75 148 75 149 74 149 74 150 72 152 71 153 70 154 70 154 69 155 68 157 67 157 66 158 66 159 64 160 63 161 62 162 62 162 61 163 60 164 59 166 58 166 57 168 55 169 54 170 52 173 48 176 46 178 43 182 41 183 38 186 36 187 35 189 34 190 33 190 33 191 32 191 32 191 32 192 30 193 30 193 30 193 30 193 30 193 30 194 30 193 30 194 30 194 30 194 30 193 31 193 31 193 31 192 32 192 32 191 33 190 33 191 33 190 34 189 35 189 35 188 36 188 36 187 37 187 37 187 37 187 37 187 38 185 39 185 39 184 39 185 39 185 39 185 39 185 39 184 41 183 42 181 43 181 40
9095 10 212 14 209 16 207 17 206 19 158 7 39 20 157 11 35 21 156 14 32 22 155 17 29 23 155 18 28 22 156 20 25 23 155 22 23 24 155 25 19 25 155 27 16 26 155 30 12 26 156 34 6 28 156 68 156 68 157 67 157 67 157 67 157 67 157 67 158 66 158 66 158 66 158 66 158 66 158 66 159 65 159 65 159 66 158 66 158 66 158 66 159 65 159 65 159 65 159 65 159 65 159 65 159 65 159 65 159 65 159 65 159 65 159 65 159 66 158 66 158 67 157 67 157 68 156 68 156 68 156 69 155 68 156 69 155 68 156 68 156 68 156 68 156 68 156 68 156 68 155 69 155 69 155 69 155 70 154 70 154 70 153 71 153 71 153 71 153 71 152 72 152 72 152 72 151 73 151 73 150 74 150 74 149 75 148 76 148 76 147 77 146 78 146 77 146 78 146 78 146 78 145 79 145 79 145 78 145 79 145 79 144 80 144 79 145 79 144 80 144 80 144 81 143 81 143 81 142 82 142 82 142 82 142 82 142 82 142 82 141 83 141 83 140 84 140 84 139 85 139 85 138 86 138 85 138 86 138 86 138 86 137 87 137 88 135 89 135 89 135 89 134 90 134 90 134 90 134 90 133 92 132 92 131 94 130 94 130 95 129 95 128 97 127 97 127 97 127 98 125 99 125 99 125 99 125 99 125 99 125 99 125 99 125 99 125 99 125 99 125 99 125 99 125 99 125 99 125 99 125 99 125 99 125 99 125 99 126 98 126 97 127 97 127 97 127 97 128 96 128 95 129 95 129 94 130 94 130 94 130 93 132 92 132 91 133 91 134 90 134 89 136 88 137 87 137 87 138 86 139 85 139 85 140 83 142 82 142 81 77
2264 10 1 1 1 1 209 22 201 26 21 1 1 1 1 1 1 1 170 27 14 16 167 59 165 61 163 62 162 63 161 64 160 65 159 66 158 66 158 67 157 67 156 69 155 70 154 70 78 1 1 9 65 71 73 18 62 71 71 26 56 72 69 39 44 72 68 44 40 72 67 47 38 73 65 51 35 73 64 54 34 73 63 56 32 73 62 59 32 71 62 61 31 71 60 65 29 70 60 66 28 71 59 67 27 71 58 69 25 73 18 22 17 69 26 73 10 34 10 71 25 122 4 73 26 1 2 195 32 192 33 191 33 191 34 190 34 190 35 189 35 189 35 189 36 188 36 188 36 188 36 188 36 188 37 187 37 187 38 186 38 186 38 186 39 185 40 184 41 183 42 182 43 180 46 177 48 175 51 172 53 171 55 168 58 165 60 163 63 141 1 18 66 136 7 15 67 134 9 13 69 132 10 12 71 130 12 10 73 128 16 7 74 126 18 5 76 124 21 2 77 123 101 123 102 121 103 121 103 121 103 121 103 120 104 120 105 119 105 119 105 119 105 119 105 119 106 118 106 117 107 118 106 117 107 118 106 117 107 117 107 117 108 116 108 116 108 116 108 116 108 116 108 116 108 116 108 116 107 117 107 117 107 117 107 117 107 118 106 118 106 118 106 118 106 118 106 118 106 118 106 118 106 117 107 117 106 118 106 118 106 118 106 118 106 117 106 118 106 118 106 118 106 117 106 118 106 118 106 118 105 118 106 118 106 118 106 118 105 119 105 119 105 119 105 120 104 120 103 121 103 121 103 121 102 122 102 122 101 123 99 125 95 129 88 136 84 140 80 144 77 146 75 149 72 152 70 154 67 157 62 162 55 169 49 175 46 177 45 179 44 180 44 180 44 180 44 180 44 180 44 180 44 179 45 179 45 179 45 179 45 179 45 179 45 178 46 177 47 175 49 175 49 174 50 174 50 173 51 173 51 173 51 173 51 173 51 173 51 173 51 172 52 172 52 172 52 172 52 172 52 173 51 173 51 173 51 173 51 174 50 174 50 174 50 174 50 174 50 174 50 174 50 174 50 174 50 174 50 174 50 174 50 175 49 175 49 175 49 175 49 176 48 176 48 176 48 176 48 176 49 175 48
9077 5 214 15 190 10 5 22 12 3 169 43 3 12 162 65 156 69 153 73 149 76 145 81 141 84 138 88 133 92 129 96 127 98 125 100 123 102 121 104 119 105 119 106 117 107 117 108 116 108 116 108 116 108 116 108 117 107 117 107 118 106 118 106 119 105 120 104 120 104 120 104 121 103 121 103 122 102 122 101 124 100 125 99 125 99 126 97 128 96 128 96 129 95 130 93 132 92 133 91 133 91 134 90 135 89 135 89 136 88 137 87 137 87 137 87 137 87 138 86 138 86 139 85 139 84 140 84 140 84 139 84 140 84 139 85 139 85 138 86 138 86 138 86 137 87 137 87 136 88 136 88 135 88 134 90 131 93 122 102 115 109 111 112 108 116 105 119 101 122 100 124 97 127 94 130 92 132 90 134 88 136 86 139 82 142 80 144 77 148 73 151 71 154 69 155 68 157 66 158 65 160 63 161 63 162 62 162 61 163 61 164 60 164 60 164 60 165 59 165 59 165 59 165 59 166 58 166 58 166 58 167 57 167 57 167 57 167 57 168 56 168 56 168 56 168 56 168 56 169 55 169 55 169 55 170 54 170 54 171 53 171 53 172 52 172 52 173 51 173 51 173 51 172 52 171 53 170 54 169 55 169 55 169 55 170 54 170 54 170 54 170 54 170 54 170 54 170 54 171 53 171 53 171 53 171 53 173 51 173 51 175 49 177 47 178 46 178 46 179 45 180 45 180 43 182 42 183 41 184 40 185 39 187 37 187 37 187 38 188 36 188 36 189 36 188 37 99 3 86 37 33 6 45 29 74 39 28 26 19 50 61 41 1 3 21 33 9 57 48 64 1 1 6 113 35 215 5 1842
2508 7 216 10 213 12 212 13 210 15 209 16 208 16 208 17 207 17 207 18 206 18 206 19 39 3 163 19 36 9 160 20 32 13 159 21 29 16 158 23 26 18 157 25 22 20 157 31 14 22 157 36 7 24 157 67 157 67 157 67 157 67 157 66 158 66 158 66 158 66 158 65 159 65 159 64 160 64 160 63 161 63 161 62 162 62 162 61 163 60 164 60 164 59 164 59 165 58 166 58 166 57 167 57 167 56 168 56 168 56 168 55 169 55 169 55 169 55 169 55 169 55 169 55 169 55 169 55 168 56 168 56 168 57 167 57 166 58 166 58 166 59 165 59 165 59 165 59 165 60 164 60 164 60 164 60 163 61 163 61 163 62 162 63 160 64 160 65 159 66 158 67 157 68 155 70 154 71 153 72 152 73 151 74 149 76 148 78 146 78 146 80 144 80 145 80 143 82 142 82 142 83 142 82 142 83 141 84 140 84 140 85 139 85 139 85 139 85 139 86 138 86 139 86 137 87 138 86 138 86 138 86 139 86 138 86 138 86 138 86 138 86 138 87 137 87 138 86 138 86 138 86 138 86 138 87 137 87 137 87 137 87 137 88 136 88 136 88 136 88 136 88 137 88 136 88 137 87 137 87 137 87 138 87 137 87 137 87 137 87 138 87 137 87 138 86 138 87 137 87 137 87 138 87 137 87 137 88 136 88 136 88 136 88 136 88 137 87 137 87 137 87 138 85 139 85 139 85 140 84 140 84 140 84 140 84 141 83 141 83 141 83 141 83 142 82 142 83 141 83 141 83 141 83 141 84 140 84 140 84 140 85 139 85 139 86 138 86 138 87 138 86 138 87 137 88 136 88 136 90 134 91 133 92 4 4 124 94 1 4 125 95 129 94 131 91 133 89 135 87 137 87 137 87 137 87 137 88 137 87 137 87 137 88 135 89 135 88 136 87 136 87 137 85 138 85 139 83 141 81 143 77 146 37 1 27 159 34 9 18 163 33 11 14 167 31 14 6 174 29 195 29 196 27 146
11068 5 212 18 199 28 194 32 189 35 187 39 183 41 181 45 178 46 176 50 173 52 170 55 167 59 163 63 159 67 156 69 153 72 152 74 149 75 148 77 146 79 145 80 143 82 142 82 141 84 140 84 139 86 138 86 138 87 137 87 137 87 136 89 135 89 135 89 135 89 135 89 135 89 135 89 135 89 135 89 135 89 135 89 135 90 134 91 133 91 134 92 132 96 128 99 125 101 124 102 123 103 121 104 120 106 119 107 118 107 117 109 115 110 115 111 113 113 111 115 109 117 108 118 106 120 104 123 101 125 99 128 96 130 94 132 92 132 92 133 90 135 89 135 88 136 88 137 87 137 86 138 86 139 85 139 85 139 84 140 84 140 84 140 83 141 83 141 83 141 82 141 83 141 82 142 82 141 82 141 83 120 103 116 107 112 112 110 113 110 113 110 113 110 113 111 113 111 112 112 111 113 110 113 111 113 110 114 110 113 110 114 110 113 111 112 112 111 112 111 113 50 10 50 114 49 12 47 116 48 13 47 116 47 15 45 117 47 15 44 118 46 17 42 119 46 17 42 119 46 18 40 120 45 19 40 120 45 19 40 120 44 20 40 120 44 20 40 120 44 20 40 120 44 21 39 120 44 21 38 122 43 22 37 122 42 23 37 123 41 23 37 123 41 23 37 124 40 24 36 124 40 24 36 124 40 25 35 125 39 25 35 125 40 24 35 125 40 24 35 125 40 25 34 126 39 25 33 127 39 25 33 127 39 25 32 128 38 26 32 128 38 27 31 128 38 28 29 129 37 30 28 129 37 32 25 131 35 34 23 132 34 37 19 134 33 40 14 137 32 192 31 194 29 195 27 198 25 199 24 201 21 204 15 212 3 4432
9087 10 211 17 205 23 200 26 196 30 193 33 190 36 187 39 184 42 181 44 179 47 176 49 175 50 173 51 172 53 170 54 170 55 168 56 168 57 166 58 166 58 165 59 165 59 165 59 164 60 164 59 165 59 165 59 165 59 164 60 164 59 165 59 164 59 165 59 164 60 163 61 162 62 161 63 160 65 121 6 16 4 11 65 121 9 12 9 7 67 119 11 9 12 5 68 118 14 5 87 117 107 116 108 116 108 115 109 114 110 113 111 113 111 112 112 112 112 111 113 111 113 110 114 110 114 110 114 110 114 110 114 110 114 110 114 110 115 109 115 109 115 109 115 109 115 110 114 110 114 110 114 110 114 110 114 110 114 110 114 110 114 110 114 110 114 111 112 112 112 112 112 112 112 112 112 112 111 114 82 5 23 114 81 7 22 114 80 10 20 114 79 11 19 115 78 13 18 115 77 15 17 116 75 17 16 116 75 19 14 116 74 22 12 116 73 25 10 117 71 27 8 118 70 29 7 118 69 31 6 118 68 33 5 120 64 36 2 122 63 162 61 164 58 166 56 169 54 170 53 172 51 174 49 177 46 179 45 180 43 182 42 183 40 185 38 186 38 186 38 187 36 188 36 189 35 189 34 190 34 190 34 190 34 190 33 192 32 192 32 192 32 193 30 194 30 194 30 195 29 196 28 197 26 199 25 201 22 206 17 209 14 212 10 218 1 10885
3690 4 213 24 197 31 191 36 183 45 175 53 169 58 164 62 161 66 157 69 154 72 151 74 149 78 145 81 141 85 137 88 134 92 130 95 128 97 126 99 124 101 122 103 120 105 118 107 116 109 114 111 112 112 111 114 109 116 106 119 104 121 102 123 100 125 97 129 94 131 92 134 89 137 87 138 85 141 82 142 82 143 81 144 79 145 79 146 78 146 77 147 77 148 76 148 76 148 76 148 76 149 75 149 75 150 74 150 75 150 74 150 74 151 74 150 74 151 73 151 73 151 73 152 72 152 73 151 73 152 72 152 72 153 72 152 72 152 72 152 73 152 72 152 72 153 72 152 72 152 72 153 72 152 72 153 71 153 72 152 72 153 71 153 71 154 70 154 70 155 69 155 69 156 67 157 67 157 67 157 66 158 66 158 66 158 65 159 65 159 65 159 65 159 65 159 65 158 65 159 65 159 65 159 66 157 67 157 67 156 69 155 69 154 70 153 72 152 73 150 74 150 75 150 75 150 75 149 76 149 76 149 76 149 76 149 77 147 78 147 78 147 78 147 77 148 76 148 76 150 73 152 72 153 71 154 70 156 68 157 66 160 64 160 63 163 61 164 60 165 58 166 58 166 57 167 57 167 57 167 56 168 56 168 56 168 56 168 56 168 55 169 55 169 55 169 55 169 55 169 55 169 55 169 55 169 55 169 54 170 54 170 54 170 54 170 54 170 54 170 54 170 54 170 54 170 54 170 54 170 54 170 54 170 54 170 54 170 54 170 54 170 54 170 55 169 55 169 55 169 55 169 55 169 55 169 55 169 55 169 55 169 55 169 55 169 55 169 56 168 56 168 56 168 56 168 57 167 57 167 57 167 57 167 58 166 58 166 58 166 58 166 58 166 59 165 59 165 59 165 59 165 59 165 59 165 59 165 60 164 61 163 61 163 62 162
5941 15 204 22 198 31 189 38 184 43 179 47 174 53 170 55 167 58 165 61 161 65 158 68 154 71 152 73 150 76 147 77 147 78 145 79 144 81 143 81 142 83 140 84 140 85 138 86 138 86 138 87 136 88 136 89 134 90 134 91 133 91 132 93 131 93 130 94 130 95 129 95 129 96 127 97 127 97 127 98 125 99 125 99 125 100 124 100 124 101 122 102 122 103 121 103 121 104 119 105 119 105 118 106 118 106 118 106 117 107 117 107 117 107 117 107 117 106 118 106 118 106 118 106 118 105 118 106 119 104 120 104 121 102 122 101 124 100 124 99 126 98 127 96 128 96 128 96 129 95 129 95 129 96 128 96 128 96 127 98 126 98 126 98 126 98 126 98 125 100 124 100 124 100 124 100 124 100 124 100 124 100 124 100 124 100 124 100 125 99 125 99 125 99 126 98 127 97 127 97 128 95 129 95 129 95 130 94 130 94 131 93 131 93 132 92 132 92 132 91 134 90 134 90 135 89 135 89 136 87 137 87 137 87 138 86 138 85 139 85 140 83 141 83 142 81 143 81 144 79 145 79 146 78 146 77 148 76 149 75 149 74 151 73 152 72 152 72 153 71 154 70 155 69 155 69 156 68 156 68 157 66 158 66 158 66 158 66 158 34 3 29 158 32 6 28 159 30 8 27 159 30 9 26 159 30 10 26 159 28 11 26 159 28 12 25 160 27 12 25 160 27 13 24 160 27 14 23 160 27 14 24 159 27 15 23 159 26 17 22 160 25 17 22 160 25 18 21 160 25 18 21 160 25 18 22 159 25 19 20 160 24 20 21 159 25 20 20 159 25 20 19 160 25 21 18 160 25 21 18 160 25 21 19 159 25 22 18 159 25 22 18 159 25 22 18 159 25 22 18 159 25 22 17 160 25 22 17 160 24 23 17 160 24 24 15 162 23 24 15 162 23 25 12 164 23 26 10 166 21 28 8 168 20 32 2 170 19 206 17 208 16 209 14 211 12 214 9 216 6 2347
7244 10 191 35 184 42 178 47 175 51 172 53 170 55 169 56 168 58 166 59 165 60 164 62 162 67 157 74 151 77 147 81 144 83 141 86 139 87 137 89 16 6 114 91 5 17 112 113 112 114 112 1 6 106 119 106 119 106 119 106 118 107 118 107 118 107 118 107 118 107 118 107 117 108 117 109 115 110 115 111 113 112 112 113 111 115 109 116 108 117 106 119 105 120 104 121 102 123 101 124 99 126 98 127 96 129 95 130 93 131 93 132 91 133 91 134 90 134 89 135 89 134 90 134 90 126 4 3 91 125 99 125 99 124 100 124 100 124 100 124 100 124 100 124 100 124 100 124 100 124 100 123 101 123 101 123 101 123 101 123 101 123 101 123 101 123 101 123 101 123 101 123 102 122 102 122 102 122 102 123 101 122 102 122 102 122 102 122 102 122 101 123 101 123 101 122 102 122 102 121 102 122 102 121 103 121 103 120 104 120 104 119 104 120 104 119 105 119 105 119 105 119 105 119 105 119 105 119 105 119 105 119 105 119 105 119 105 119 105 119 104 120 104 120 104 120 104 120 103 121 103 121 103 121 103 120 104 120 104 120 104 120 104 97 2 20 105 95 5 19 105 94 7 17 107 92 9 15 109 90 11 13 111 19 9 24 9 28 13 9 114 16 13 19 13 27 15 5 118 9 20 14 17 26 198 26 198 26 199 25 199 25 199 25 199 25 199 25 199 25 199 24 201 23 201 23 201 23 202 22 203 20 204 20 205 18 207 16 210 13 212 10 217 4 8376
2213 10 205 21 168 12 18 27 162 63 158 67 154 71 151 74 147 79 142 83 140 85 137 88 135 90 133 91 132 94 129 96 127 98 126 98 125 99 125 99 125 99 125 99 125 99 125 99 125 99 125 99 125 99 125 99 125 99 125 99 125 99 125 99 125 99 125 99 125 99 125 99 126 97 127 97 127 97 127 97 127 96 128 96 129 94 130 94 131 92 132 92 133 91 133 91 134 88 137 85 140 82 142 81 145 78 146 77 148 76 148 76 148 75 149 75 149 75 149 75 149 75 148 75 149 75 148 77 147 77 146 78 146 78 145 80 143 81 143 81 142 83 140 84 140 85 138 86 138 87 136 88 136 89 134 90 134 91 133 91 132 93 131 93 130 94 130 94 130 94 129 95 129 95 129 95 128 96 128 97 127 97 127 97 127 97 127 97 127 97 127 97 127 97 127 97 127 97 126 98 126 98 126 99 125 99 125 99 125 98 126 98 126 98 126 98 126 98 126 98 126 98 126 98 127 97 127 97 128 96 128 96 130 95 130 94 131 93 133 91 135 90 137 87 140 84 141 83 146 79 145 79 146 78 147 77 148 77 147 77 148 76 148 77 148 76 149 75 150 74 150 74 151 72 153 71 154 70 154 70 155 69 155 69 156 68 156 68 157 66 158 67 158 65 159 66 160 64 160 64 161 63 162 62 162 62 163 62 163 61 163 61 164 61 164 60 164 60 164 60 165 59 166 58 166 58 166 58 166 58 166 58 167 57 167 57 168 56 168 56 170 3 1 1 1 48 178 23 3 20 180 19 5 20 181 16 7 20 191 4 9 20 204 20 204 20 203 21 203 21 203 21 202 22 202 1 5 16 209 15 210 14 210 14 210 14 210 14 210 13 211 13 211 13 211 13 211 13 211 13 210 14 210 14 210 13 211 6 4 1 213 6 219 4 220 3 3595
11542 6 216 10 212 12 190 5 16 14 187 9 12 17 185 13 7 19 184 40 184 41 182 42 181 43 181 43 181 43 180 44 180 44 180 43 180 44 180 45 178 46 178 46 177 48 176 48 175 50 174 50 173 52 172 52 171 54 170 54 169 55 169 56 167 57 167 57 167 57 167 57 167 58 166 58 165 59 165 59 165 60 163 61 163 62 162 62 161 65 159 66 158 68 155 70 154 72 152 74 150 75 149 77 147 79 145 80 144 82 142 83 141 85 139 85 139 87 137 87 137 89 135 90 134 91 133 91 133 93 131 93 131 95 129 95 130 95 129 96 128 97 127 97 128 97 127 97 128 97 127 98 126 98 126 99 126 99 125 99 126 99 125 99 125 100 124 100 125 99 125 100 124 100 125 100 124 100 124 101 124 100 124 101 124 100 124 101 123 101 123 102 123 102 122 102 122 103 122 102 122 103 121 104 120 104 120 104 121 104 120 105 119 105 120 105 119 105 119 105 119 106 119 105 119 105 120 104 120 105 119 105 120 104 120 104 121 104 120 104 120 104 120 104 121 103 121 104 120 104 121 105 119 114 110 118 106 120 105 120 104 121 103 122 102 123 101 123 101 124 100 124 99 126 98 126 97 127 60 1 10 3 23 127 69 8 19 128 61 1 7 7 20 128 68 7 21 128 100 123 103 97 1 21 108 32 17 26 28 7 118 20 212 7 6378
5117 7 213 10 1 1 210 13 209 15 207 16 207 16 206 17 206 17 205 19 204 19 203 20 203 20 203 20 202 22 201 21 202 21 202 21 202 22 200 23 199 24 199 23 200 23 200 23 200 23 200 23 200 23 143 20 37 23 139 31 31 22 134 41 26 22 132 47 22 22 131 52 18 22 129 57 16 21 128 61 13 22 126 64 11 22 126 67 7 23 125 72 2 24 125 98 124 100 121 102 116 107 114 110 113 110 112 112 110 114 109 115 108 116 107 117 106 119 104 121 102 123 100 125 98 127 96 129 95 130 93 132 91 133 90 135 89 135 88 136 88 137 86 138 86 138 85 139 85 139 85 140 83 141 83 142 82 142 82 143 81 143 81 144 80 145 79 146 77 148 76 149 75 150 74 151 73 151 73 152 73 9 7 135 73 4 13 135 90 134 91 134 91 133 92 133 91 133 91 133 91 134 90 134 90 134 90 134 90 134 90 134 90 135 89 135 88 136 88 136 88 136 88 137 87 137 86 139 85 139 85 139 85 140 84 140 84 140 83 142 82 142 82 142 82 143 81 143 80 144 80 144 80 144 79 146 78 146 77 147 77 147 76 148 75 150 74 150 73 81 1 69 73 76 8 67 72 64 3 8 12 65 72 63 5 6 13 66 70 64 5 5 14 66 70 64 5 5 15 65 70 64 4 8 12 67 68 64 7 6 14 65 68 64 6 7 11 1 3 64 68 63 32 62 66 64 33 61 66 62 36 60 66 62 37 59 65 35 1 25 40 58 65 34 6 16 46 58 64 33 9 9 1 1 50 57 63 34 10 7 53 57 63 33 13 3 55 57 63 32 72 57 63 32 71 58 62 33 71 57 63 33 70 34 3 21 63 33 69 35 5 19 63 33 68 36 6 18 63 33 66 38 8 16 63 34 63 39 11 14 63 34 61 41 13 11 64 35 59 32 3 7 15 8 65 36 57 32 6 4 18 3 68 38 55 31 100 39 54 31 100 41 52 30 101 43 50 30 101 45 47 31 101 47 44 32 101 54 37 32 101 55 35 32 102 58 32 32 102 64 26 32 102 68 22 31 104 68 20 32 104 69 19 31 105 70 18 30 106 73 15 30 106 74 13 30 107 75 11 31 107 76 6 34 108 116 109 115 109 114 110 114 110 114 111 112 112 111 113 111 113 75 5 30 115 73 6 30 115 70 10 28 116 68 13 26 118 66 15 17 1 7 118 65 16 17 3 4 119 65 16 16 6 1 121 63 16 18 127 63 16 17 129 62 16 17 129 64 13 18 129 65 11 18 130 66 8 16 134 88 137 85 139 73 5 5 141 70 155 66 158 64 160 64 160 63 161 63 162 61 163 59 165 59 166 56 120
2108 13 195 1 1 1 1 34 181 48 153 14 4 71 132 96 126 102 120 108 114 113 109 118 104 123 100 127 95 132 91 136 87 140 83 145 78 149 74 151 72 154 69 156 67 158 66 159 64 161 62 162 62 163 60 165 59 166 58 166 57 169 55 170 54 171 53 172 51 175 49 176 47 178 46 179 45 180 43 182 42 183 41 183 40 185 39 185 38 187 36 188 35 190 33 191 33 191 32 193 31 193 30 194 30 194 30 194 29 196 28 196 28 196 28 196 27 198 26 198 26 198 25 199 25 199 24 200 23 202 21 203 20 204 20 204 19 205 18 207 16 208 16 208 16 208 16 208 16 209 15 209 15 210 14 210 14 210 14 211 13 211 13 211 13 212 12 212 12 212 12 212 12 213 11 213 11 213 11 214 10 215 9 215 9 216 8 217 7 218 6 218 6 219 5 219 5 220 4 220 4 221 3 221 3 222 2 222 2 222 2 223 1 223 1 223 1 3135 1 223 1 223 1 223 1 223 1 223 1 223 1 223 1 223 1 223 1 223 1 222 2 222 2 222 2 222 2 222 2 222 2 223 1 223 1 223 1 223 1 223 1 447 1 223 1 223 1 223 1 223 1 223 1 223 1 6272 1 223 1 223 1 223 1 223 1 223 1 223 2 222 2 183 6 33 2 180 12 30 3 176 18 27 2 176 21 25 3 173 25 23 2 172 28 22 2 41 17 112 32 20 2 34 29 105 35 19 3 25 46 93 40 17 3 19 55 87 45 15 4 12 64 76 54 14 6 3 71 71 60 13 81 66 66 11 82 62 70 10 81 54 80 9 81 52 83 8 85 42 90 6 105 20 95 2 3139
150 4 217 10 211 15 206 19 203 23 198 28 193 33 189 36 185 40 182 44 176 50 172 53 168 59 164 62 160 66 81 6 70 68 78 11 66 71 74 14 64 73 72 16 62 75 70 18 59 78 68 20 55 82 67 21 53 84 66 22 50 87 64 24 48 88 64 26 44 91 63 27 42 93 62 28 38 97 61 29 36 98 61 29 33 102 60 31 28 106 58 35 17 115 57 43 5 120 56 169 55 170 53 171 53 172 52 173 51 174 50 175 49 176 48 177 47 178 46 179 45 180 44 181 44 181 43 182 42 182 42 183 40 185 39 185 39 186 38 187 37 188 36 188 36 189 36 188 36 189 36 188 36 189 35 189 36 189 35 189 35 189 35 190 34 190 35 190 34 190 34 190 35 189 35 189 35 189 36 188 36 188 36 188 36 188 36 188 36 188 36 187 37 187 37 186 38 186 39 184 40 183 41 182 42 181 43 180 44 178 46 176 48 175 49 174 49 173 51 172 52 171 53 171 53 170 54 169 55 169 55 168 56 167 57 166 58 166 58 165 59 165 59 165 59 164 60 164 60 163 61 163 61 163 61 163 61 162 62 162 62 162 62 161 63 161 63 161 63 160 65 159 65 158 66 158 66 157 67 156 69 155 69 154 71 153 71 152 74 149 76 147 77 130 4 9 82 128 6 5 86 127 98 126 99 124 101 123 101 122 104 120 104 120 105 118 107 117 108 116 109 115 109 114 111 113 112 112 113 111 115 109 117 107 128 95 131 93 135 88 139 85 141 83 143 81 144 80 145 79 146 78 146 78 146 78 147 77 148 76 148 76 149 76 149 75 151 73 151 74 152 71 154 70 155 69 157 66 160 64 162 61 164 59 166 8 3 45 170 3 8 42 182 41 183 39 184 40 184 39 184 40 184 39 186 37 187 36 189 35 190 34 190 33 191 33 191 33 191 32 191 33 191 33 190 34 190 34 189 35 189 35 188 35 188 36 188 36 187 37 186 38 185 39 185 38 186 38 186 37 187 36 188 36 188 34 191 33 191 33 192 32 192 31 194 30 195 27 197 26 199 24 201 18 2 2 202 17 208 14 210 14 211 12 214 9 218 4 547
14678 2 219 8 215 10 213 12 212 13 30 8 172 15 26 12 171 16 24 14 169 18 21 16 169 19 20 15 170 20 18 16 169 22 16 17 169 23 13 19 169 24 10 21 169 27 4 23 170 54 170 54 169 56 168 56 168 56 168 57 167 57 167 57 167 58 166 59 164 60 164 61 163 62 123 23 15 63 115 38 7 65 107 117 103 122 97 127 88 137 82 142 80 144 76 149 71 153 68 156 66 158 62 163 59 165 56 168 54 170 51 174 49 175 48 176 48 176 48 177 47 177 47 179 45 181 43 183 41 184 40 186 38 187 37 188 36 188 36 187 37 186 38 185 39 184 40 183 41 182 42 182 42 181 43 180 44 180 44 180 44 180 44 180 44 180 44 180 44 180 44 174 1 4 45 172 52 171 53 170 54 170 54 170 54 171 53 170 55 169 55 169 57 167 58 166 60 164 61 163 62 162 62 162 64 160 1 1 62 163 62 167 57 167 58 166 59 165 60 163 61 163 62 162 63 161 63 161 64 159 66 158 67 157 68 155 70 154 71 152 73 151 75 149 76 148 77 147 78 146 80 50 6 88 81 45 13 50 7 28 83 41 17 45 14 24 84 37 22 41 19 21 87 31 28 37 23 17 91 24 34 32 28 16 92 19 40 26 32 14 94 14 45 22 36 12 156 17 41 9 158 13 44 7 163 8 48 4 8344
9089 6 217 9 214 11 212 13 210 15 209 16 207 17 206 19 205 19 204 20 204 21 202 22 202 22 201 23 200 24 200 24 199 26 198 26 197 27 197 27 196 28 196 28 195 29 195 29 194 30 194 30 194 30 193 31 126 6 61 31 124 12 56 32 123 15 53 33 122 18 50 34 121 21 45 37 121 23 33 48 120 26 27 51 119 28 24 53 119 30 18 57 119 32 15 59 118 34 12 60 118 36 8 62 118 107 117 107 117 107 118 106 118 106 118 106 118 106 118 106 119 105 119 105 119 105 120 104 120 104 121 104 120 104 121 103 121 104 121 104 120 105 120 104 120 105 120 104 120 104 120 104 121 103 121 103 122 102 122 102 122 102 123 101 123 101 123 101 124 100 124 100 125 100 124 100 125 99 126 98 126 98 127 97 127 96 129 95 129 95 130 93 131 93 132 92 133 91 134 90 135 89 135 89 136 88 137 87 137 87 137 87 137 87 137 87 137 86 138 86 137 87 136 88 135 89 134 90 133 91 133 91 132 93 131 93 130 95 128 96 128 97 126 98 125 100 123 101 122 103 119 106 117 108 115 110 113 112 111 114 109 117 106 120 103 123 100 128 96 131 92 133 90 136 87 138 85 140 84 140 83 141 82 142 82 141 82 141 82 139 85 134 89 131 93 127 96 122 102 117 106 103 121 95 129 91 132 39 22 2 3 21 137 30 194 27 197 25 199 22 203 19 206 16 215 4 8021
4156 3 221 4 220 5 219 6 218 8 216 10 214 11 213 12 212 12 212 12 213 12 212 12 213 10 214 10 214 10 214 9 216 8 216 8 217 6 218 6 218 6 219 6 218 6 218 6 135 5 78 6 132 9 77 6 131 10 78 5 131 10 78 5 130 10 79 4 131 6 83 4 131 3 12 2 206 4 12 4 205 3 11 6 204 2 13 5 221 4 222 1 113 11 190 3 15 17 180 20 3 22 176 48 173 51 171 53 171 53 170 53 170 53 170 53 170 53 169 55 168 56 167 57 165 59 163 62 161 64 158 68 154 71 150 76 143 83 130 95 124 101 116 107 113 110 112 111 112 112 95 3 12 114 93 7 8 115 84 2 7 10 4 116 83 141 83 140 83 140 83 140 82 140 83 138 85 135 88 132 91 122 101 112 112 106 117 105 119 103 120 103 121 102 121 102 122 101 123 100 124 21 8 70 125 18 13 68 127 1 29 66 159 64 160 64 161 62 162 62 161 62 162 61 163 60 163 60 164 58 165 57 166 56 167 56 167 56 168 34 7 13 169 35 12 8 169 7 2 25 17 1 172 5 5 24 191 3 7 23 191 1 10 22 203 22 202 22 203 21 207 17 208 16 208 16 190 6 1 3 8 16 190 11 7 17 189 11 8 16 189 9 10 17 188 7 12 17 188 7 13 17 187 4 17 17 209 15 211 13 212 12 212 12 212 11 213 11 213 10 214 10 216 7 17821
11552 10 207 21 190 37 183 43 179 47 175 52 170 55 167 58 164 61 162 64 159 66 157 68 155 71 153 72 151 74 150 75 148 77 147 78 145 79 144 81 142 82 141 84 138 86 137 88 135 90 134 90 133 92 131 93 131 94 129 96 128 96 128 97 127 97 126 99 125 100 124 100 123 102 122 103 120 105 119 105 119 106 117 108 116 108 116 109 114 111 113 112 111 113 111 114 109 115 109 115 108 117 107 117 107 117 107 118 105 119 105 119 105 119 104 120 104 120 104 120 104 120 103 120 104 120 104 120 104 119 105 119 105 118 106 118 106 117 107 117 107 116 108 116 108 115 110 114 110 114 110 114 111 112 112 112 112 112 113 110 114 110 115 109 115 108 117 107 117 106 118 106 118 105 118 105 119 104 119 103 120 100 122 97 126 97 126 98 124 100 123 101 122 102 120 104 118 106 117 107 116 109 113 111 113 111 112 112 112 112 111 113 110 114 109 115 108 117 106 118 106 118 105 119 104 120 103 121 102 122 101 123 101 123 100 125 98 126 97 127 97 127 96 129 94 130 94 130 93 131 92 132 92 132 91 133 91 133 90 134 89 135 89 135 88 135 89 135 88 135 89 135 88 136 87 136 87 137 87 137 86 138 84 140 83 141 81 143 80 144 79 145 79 145 79 145 79 145 79 145 79 145 79 145 79 145 79 146 78 146 78 146 77 147 77 147 77 147 77 148 76 148 75 149 75 149 75 149 75 149 74 151 73 151 73 151 72 152 72 152 72 152 72 152 73 151 58
2121 5 201 30 192 34 189 38 183 45 174 54 167 59 157 71 151 74 149 78 145 80 142 85 137 88 135 91 132 93 129 97 126 99 124 101 121 104 117 109 113 111 111 114 108 117 105 120 102 122 101 124 99 125 98 126 97 127 96 129 94 130 93 131 93 131 93 131 92 132 92 132 91 133 91 133 90 134 90 134 89 135 89 135 89 134 89 135 89 135 88 136 88 136 88 136 87 137 87 137 87 138 86 139 85 140 83 142 82 144 80 145 78 147 77 149 75 150 74 151 73 152 72 154 70 156 68 158 66 161 63 164 60 166 58 169 55 170 54 171 53 171 53 172 52 172 52 172 52 172 52 172 52 172 52 172 52 172 52 172 52 172 52 172 52 172 53 171 53 170 54 170 55 169 55 169 55 169 55 169 56 168 56 166 58 165 59 164 60 162 63 156 68 154 70 153 71 150 74 144 80 140 84 138 86 138 86 138 87 137 88 136 89 136 89 136 90 134 91 134 91 134 91 133 92 133 93 132 92 132 94 131 94 130 95 130 95 129 97 127 98 126 100 124 102 122 104 120 106 118 107 117 108 116 110 114 110 114 111 113 111 113 112 112 112 111 114 110 114 110 114 109 115 109 116 107 117 106 117 66 3 38 117 64 6 36 118 62 9 35 118 61 10 34 119 59 13 33 119 58 15 31 120 55 19 29 121 39 36 27 121 39 38 23 124 38 41 18 127 38 45 9 132 38 185 40 184 41 184 41 182 43 182 43 182 43 181 44 181 44 181 44 181 43 181 44 181 43 182 43 182 42 184 41 184 40 187 38 188 37 188 36 190 35 190 35 190 34 191 34 191 34 191 34 191 34 191 35 190 34 191 34 190 35 190 34 190 35 190 34 190 35 190 34 190 34 190 35 190 34 190 34 190 35 189 35 189 35 190 34 190 34 191 33 191 33 192 32 192 32 193 31 193 31 194 30 194 29 196 28 197 26 200 24 203 20 1895
102 13 210 15 209 16 207 18 206 18 205 20 204 20 204 20 203 21 203 22 201 23 201 24 200 24 200 24 199 26 198 26 71 6 121 27 68 10 118 28 66 13 117 29 64 14 117 29 63 15 117 30 60 18 115 32 58 19 115 33 56 20 115 34 54 22 114 35 52 23 114 36 50 24 114 38 47 25 114 40 44 26 114 41 42 27 114 43 39 28 114 44 36 30 114 45 34 31 114 47 29 34 114 48 18 44 114 50 14 46 114 51 12 47 114 54 8 48 114 56 4 50 114 110 114 109 115 109 115 109 115 109 115 109 115 109 114 109 115 109 115 109 115 109 115 108 116 108 116 108 116 108 116 107 117 107 117 106 119 105 119 105 119 104 120 104 121 102 123 100 124 100 124 99 125 99 125 98 126 98 126 98 125 98 126 98 125 99 125 98 126 97 127 96 128 95 129 94 130 93 131 92 132 92 133 90 134 90 134 89 135 88 135 88 136 88 135 87 136 88 136 87 136 88 136 87 136 88 136 88 135 90 133 90 134 91 132 91 132 92 131 93 130 94 128 96 126 98 122 102 119 104 116 108 111 113 108 116 105 118 104 120 102 122 100 123 99 125 98 126 96 127 96 128 95 128 94 130 93 130 92 131 92 132 91 132 91 133 89 134 89 135 88 136 86 138 86 138 85 138 85 139 84 140 84 140 83 141 82 142 80 144 80 144 79 146 77 147 76 148 76 148 76 148 75 150 74 150 73 151 73 151 73 152 71 153 71 153 70 154 70 154 69 155 69 155 68 156 68 156 67 157 67 156 67 157 67 157 67 157 66 158 66 157 67 157 67 157 67 157 67 156 69 155 69 155 69 155 69 155 70 153 71 153 71 153 71 153 71 153 71 153 71 153 71 153 71 153 70 153 72 152 71 153 71 153 71 154 70 154 69 155 69 155 69 154 70 154 70 151 73 150 1 1 72 149 75 148 76 147 78 146 80 11 3 130 81 9 6 128 83 5 10 126 86 1 12 126 102 122 111 114 113 111 116 109 118 106 128 97 129 95 130 94 131 93 132 92 132 91 134 90 134 90 134 89 136 88 136 87 137 86 139 84 140 81 143 79 146 58 3 5 158 55 169 54 170 53 172 51 173 49 176 47 178 45 101
774 1 220 8 213 12 210 16 203 22 186 39 182 42 180 45 176 49 173 52 170 55 164 61 159 66 155 71 152 74 149 81 142 83 140 86 138 86 137 88 135 90 133 92 131 94 130 95 128 96 128 97 126 99 124 101 123 102 121 104 120 104 119 106 118 106 117 108 116 108 115 110 114 110 114 110 113 112 112 113 110 114 110 115 109 116 107 117 107 117 106 119 105 119 105 119 104 121 103 121 103 121 103 122 101 123 101 124 100 124 100 124 100 125 99 125 98 126 98 127 97 127 96 128 96 128 95 129 95 130 93 131 93 131 92 132 92 133 91 133 90 134 90 134 89 136 88 136 88 136 88 137 87 137 87 137 87 137 87 137 87 138 87 137 87 137 87 138 86 138 86 139 85 139 86 138 86 138 86 138 87 137 87 137 87 137 87 138 86 138 87 137 87 137 88 136 88 136 88 136 88 136 88 136 89 135 89 135 89 135 89 135 89 135 89 135 89 135 89 135 89 135 89 135 89 135 89 135 89 135 89 135 89 135 88 136 88 136 88 136 88 136 88 136 87 137 87 137 87 137 86 138 86 138 86 138 85 139 84 140 82 142 80 144 77 147 68 156 66 158 65 160 63 161 62 162 62 162 62 162 61 164 60 164 60 165 59 165 59 165 59 165 59 165 59 165 59 165 59 165 59 165 59 165 59 164 60 164 60 164 60 164 60 164 60 163 61 163 61 163 61 163 61 162 62 162 62 162 62 161 63 161 63 161 63 161 63 160 64 160 64 160 64 159 65 158 66 157 67 155 69 154 70 153 71 153 71 152 72 152 72 152 72 151 74 150 74 150 74 150 75 149 76 49 2 97 77 47 4 96 79 45 4 96 81 43 4 96 14 2 67 41 4 97 11 5 70 15 5 18 2 98 10 6 71 13 7 117 10 5 74 10 9 116 10 4 76 9 10 115 9 4 80 4 13 114 10 1 99 114 110 115 109 115 36 2 72 114 35 4 72 114 33 4 73 116 32 2 75 116 109 115 39 3 69 113 39 3 69 114 39 3 68 114 39 4 67 114 39 5 66 115 38 5 66 116 38 4 65 117 38 4 64 119 105 119 105 120 103 122 101 124 100 125 100 124 102 121 105 119 107 115 62
1452 4 218 9 213 13 211 15 207 18 206 19 204 21 203 23 200 25 143 7 49 27 140 11 45 30 137 14 41 34 135 16 33 43 131 35 6 53 130 97 126 100 124 102 121 105 118 110 113 113 107 118 103 122 100 125 98 127 95 131 92 133 89 138 84 141 82 143 80 146 76 149 74 151 72 153 70 155 67 158 65 160 63 162 61 164 56 170 53 172 51 174 49 176 47 178 46 179 45 180 44 182 42 184 40 185 39 186 38 189 35 191 33 192 32 194 30 194 30 195 29 196 28 196 28 196 28 196 28 196 28 196 28 196 28 196 28 196 28 197 27 197 27 197 27 197 27 197 27 198 26 198 26 198 26 198 26 198 26 199 25 199 25 200 24 200 24 200 24 201 23 201 23 201 23 202 22 202 22 202 22 202 22 203 21 203 21 203 21 203 21 203 21 203 21 203 21 204 20 204 20 204 20 204 20 203 21 203 21 203 21 203 21 202 22 202 22 202 22 202 22 202 22 202 22 202 22 201 23 201 23 201 23 201 23 202 22 202 22 202 22 203 21 204 20 205 19 206 18 207 17 208 16 208 16 208 16 209 15 209 15 208 16 208 16 208 16 209 15 209 15 210 14 210 14 211 13 211 13 212 12 212 12 213 11 213 11 213 11 214 10 214 10 215 9 215 9 216 8 216 8 217 7 217 7 217 7 218 6 218 6 218 6 218 6 218 6 218 6 218 6 218 6 217 7 217 7 217 7 216 8 216 8 216 8 215 9 215 9 214 10 213 11 212 12 211 13 209 15 208 16 207 17 206 18 205 19 204 20 204 20 203 21 203 21 203 21 203 21 203 21 203 21 203 21 203 21 203 21 203 21 167 4 31 22 165 10 27 22 164 13 25 22 163 16 22 23 162 19 19 24 161 23 14 26 160 26 11 27 159 65 158 66 157 67 156 68 154 70 153 71 152 72 151 73 150 74 149 75 148 76 148 76 147 77 147 77 146 78 146 78 145 80 143 81 142 82 142 82 141 83 141 84 140 85 138 86 137 88 136 84
3753 5 216 9 213 11 212 13 90 2 117 15 90 6 112 16 90 10 106 18 90 12 103 19 90 14 100 20 90 15 98 21 91 16 94 23 91 17 92 24 92 18 89 25 92 19 87 26 92 20 84 28 92 21 82 28 93 23 78 30 93 24 73 34 93 26 66 38 95 27 61 41 95 30 55 44 95 35 48 46 95 39 43 47 96 43 36 49 96 48 28 52 45 3 48 55 15 58 44 5 47 129 43 5 48 128 43 5 48 128 43 5 48 128 43 5 48 129 42 5 48 129 42 5 48 130 40 6 48 130 40 7 47 131 38 7 48 131 38 8 46 133 36 8 47 134 34 9 47 134 34 9 46 136 31 11 45 138 29 12 44 140 27 13 43 142 17 1 6 15 42 144 11 27 41 148 1 1 3 30 40 184 39 185 38 186 37 187 36 187 36 188 36 188 6 2 1 11 15 189 5 23 5 191 4 220 4 219 4 220 4 220 4 220 4 219 4 220 5 219 4 220 4 221 3 221 3 220 4 221 3 221 3 221 3 221 3 222 2 222 2 222 2 222 2 222 2 222 2 222 2 222 2 221 3 221 3 221 3 220 4 220 4 220 4 220 4 220 4 220 4 221 3 221 3 222 2 222 2 222 2 222 2 222 2 204 2 16 2 203 5 15 1 202 8 12 2 202 8 12 2 202 9 11 2 202 9 11 2 202 10 10 2 202 10 3 1 5 3 203 14 4 3 203 14 3 4 204 20 204 20 204 20 204 20 205 19 205 19 205 20 204 20 204 20 204 20 204 21 204 21 203 21 203 21 204 20 204 20 204 20 204 20 203 21 203 21 204 20 204 20 204 20 204 20 204 20 205 20 204 20 205 19 205 19 206 18 206 18 206 17 207 17 207 17 207 17 208 16 208 16 209 15 211 13 213 12 212 12 213 11 214 10 214 11 214 10 214 10 215 9 215 8 216 8 216 8 217 8 216 8 216 8 216 9 215 9 215 9 215 10 214 10 214 11 213 11 213 11 212 14 210 14 209 17 207 18 205 20 195 30 191 33 189 36 186 38 185 40 182 43 179 45 177 49 174 50 172 55 163 64 155 77 142 88 132 110 110 117 105 122 99 127 96 131 90 136 87 140 83 143 80 149 74 153 70 156 65 161 45 182 36 191 29 203 1 7 8 2122
3212 9 212 30 191 49 174 55 18 3 147 81 142 83 140 86 136 90 133 92 131 94 128 98 125 101 122 104 119 108 115 113 110 117 106 121 102 124 99 128 96 130 93 132 91 134 89 136 88 137 86 139 84 141 82 143 80 144 80 145 78 146 77 148 75 149 75 149 74 150 73 151 72 152 72 152 71 153 71 152 71 153 71 153 71 153 70 153 71 153 70 153 71 153 70 154 70 153 71 153 71 153 71 153 71 153 71 153 72 152 72 152 72 152 72 152 72 151 72 152 72 152 71 153 71 152 71 153 70 154 69 154 70 154 69 155 69 154 69 155 69 155 68 156 68 157 67 157 66 158 66 160 64 160 64 161 62 163 61 165 59 166 58 167 56 169 55 170 54 171 53 171 52 173 51 173 51 173 51 173 50 174 50 175 49 175 49 175 49 175 49 175 49 175 49 175 49 175 49 176 49 175 49 175 49 175 49 175 49 176 49 175 49 175 49 176 49 175 49 175 50 174 50 175 49 175 50 174 50 175 50 174 50 174 51 174 50 174 51 173 51 173 51 173 52 173 51 173 51 173 52 173 51 173 51 173 51 173 50 175 49 175 48 176 47 178 45 179 44 180 44 181 42 182 42 182 42 182 41 184 40 184 39 185 39 186 37 187 37 187 36 189 35 189 35 189 35 189 35 190 36 188 39 185 39 186 38 186 38 186 38 187 37 187 37 187 37 187 37 187 37 187 38 186 38 186 39 185 39 185 40 184 40 184 40 184 40 184 41 183 40 184 40 184 39 185 38 186 37 187 36 188 35 189 34 190 33 191 32 192 31 193 31 193 30 194 30 194 29 195 29 195 28 196 28 195 29 195 29 195 28 196 28 196 28 196 28 195 29 195 29 195 28 196 28 196 28 195 29 195 29 195 29 195 29 195 28 195 29 195 29 195 29 195 30 194 30 193 31 193 32 191 16
24103 16 198 33 190 36 154 20 12 40 149 26 8 42 146 32 1 46 144 82 141 84 139 85 139 86 137 88 135 90 134 90 133 92 132 92 131 94 130 94 129 96 127 98 125 99 125 100 123 101 123 101 123 102 122 102 122 103 121 103 121 104 121 103 121 104 120 104 120 104 120 104 120 105 119 105 119 105 119 105 119 105 120 104 120 104 120 104 121 103 121 103 122 102 122 102 123 101 123 102 123 101 123 100 125 99 125 99 126 98 126 98 127 96 128 96 129 95 129 95 130 93 131 93 132 92 133 90 135 89 135 88 138 86 141 83 145 78 149 74 152 72 153 29 11 30 155 23 19 26 157 21 20 26 157 20 22 24 158 20 23 23 158 19 25 21 159 19 26 20 159 19 26 20 159 19 27 18 160 18 28 18 160 18 29 16 161 18 29 16 161 17 30 16 160 18 30 15 162 17 30 15 162 16 32 14 162 15 33 14 164 12 34 14 172 1 37 14 211 13 211 13 212 11 215 8 217 4 5662
10348 14 187 39 183 44 178 47 175 51 172 53 170 56 167 58 164 61 162 63 159 66 156 69 154 71 152 73 149 76 148 77 146 79 145 80 144 81 82 6 55 82 72 16 54 84 66 22 52 86 59 27 52 90 50 33 51 92 45 37 50 95 39 42 48 100 33 44 47 106 18 56 44 110 10 63 41 185 40 186 38 188 37 189 36 190 35 190 34 192 33 192 33 192 32 194 31 194 30 195 29 196 29 196 28 196 28 197 27 198 25 200 24 201 23 201 23 202 22 202 23 202 22 202 22 202 22 203 22 202 22 202 23 201 23 201 23 202 22 202 23 201 23 201 23 201 24 200 24 200 25 199 25 200 25 199 25 199 25 200 25 199 26 199 25 199 26 199 25 199 26 198 26 198 26 199 25 199 26 198 26 198 26 199 26 198 26 198 27 197 27 197 27 197 27 198 26 198 26 198 26 198 26 198 26 199 25 199 26 198 26 199 26 113 10 75 27 110 15 73 27 108 18 72 27 106 20 71 29 102 23 71 29 101 24 70 30 98 27 69 31 95 30 68 32 92 33 67 34 89 34 67 36 85 38 65 37 82 41 64 39 78 44 63 40 76 46 62 41 73 49 61 42 71 51 60 43 68 55 58 44 66 57 57 45 64 59 56 46 61 63 54 46 60 65 53 47 57 68 52 47 55 71 51 48 53 72 51 48 52 74 49 49 50 77 48 50 48 79 46 51 47 80 45 53 45 82 43 54 44 84 37 60 43 85 29 67 42 86 27 70 40 88 26 70 40 88 26 71 39 88 25 72 38 89 25 73 37 90 24 73 37 89 25 74 36 89 25 74 36 89 25 74 36 89 25 74 36 89 25 74 36 88 26 74 35 89 26 74 35 89 26 74 35 89 26 74 35 89 27 72 36 89 27 72 36 89 27 71 37 89 27 70 37 90 27 70 37 91 26 69 37 92 26 69 37 93 25 69 36 95 24 69 36 95 25 68 35 97 23 69 35 99 21 69 34 102 18 71 32 107 13 72 31 193 30 195 26 199 22 204 17 213 6 3740
10183 3 212 28 195 40 182 46 177 49 174 52 171 54 169 56 167 57 167 58 165 60 163 61 163 62 161 63 161 63 161 63 160 64 160 64 160 64 160 64 160 63 162 58 166 55 169 54 170 53 172 52 172 51 173 51 174 50 173 51 174 50 174 50 173 50 174 50 174 50 173 50 174 50 174 50 173 51 174 49 174 50 174 49 175 49 175 48 176 47 176 48 176 48 175 49 175 49 174 50 173 51 171 54 169 56 167 58 165 60 163 63 161 64 158 68 156 68 155 70 153 72 152 72 151 74 150 74 149 75 148 77 147 77 146 78 146 78 145 80 144 80 144 80 144 80 144 80 143 81 143 82 142 82 142 82 142 82 142 83 141 83 141 84 140 84 140 85 139 86 139 85 140 84 140 85 139 86 138 70 3 13 139 69 4 13 138 69 6 12 138 68 7 12 137 68 8 12 136 68 10 10 137 68 10 10 136 68 10 10 137 67 11 8 138 67 12 6 140 67 157 67 158 66 158 66 158 67 158 66 158 66 159 66 158 66 159 65 159 65 159 65 160 64 160 64 160 35 2 27 160 33 7 24 161 31 10 22 162 29 12 21 162 30 12 20 163 29 12 20 163 30 11 20 18 6 139 30 11 20 16 10 138 30 12 17 16 12 137 31 11 17 15 13 137 32 11 16 13 15 138 32 10 16 13 15 139 33 8 17 11 16 139 34 7 17 10 17 140 34 6 17 9 18 140 35 5 17 9 18 141 35 4 17 9 17 142 35 6 15 9 17 143 34 6 15 9 16 144 35 6 14 9 15 146 34 8 5 3 4 10 13 147 36 16 1 12 11 149 36 16 1 1 2 9 9 151 36 15 4 11 6 153 36 14 4 13 2 156 37 13 2 174 36 189 35 191 35 191 34 192 33 192 32 194 30 195 29 196 29 196 28 197 28 196 28 197 28 197 27 197 28 197 27 198 27 197 27 198 27 198 26 198 26 199 25 200 25 200 24 201 23 202 22 204 20 206 18 208 15 210 14 212 11 217 3 1885
38 13 210 16 207 18 205 20 33 11 159 22 30 15 157 23 27 18 156 24 25 20 154 26 23 21 154 27 20 24 152 29 17 26 152 30 15 28 150 32 13 30 149 33 11 31 148 35 9 32 148 36 7 34 146 37 6 35 146 78 146 79 144 80 144 80 144 80 144 81 143 81 143 81 143 82 141 83 141 83 141 83 140 85 139 85 51 1 87 85 47 14 77 86 45 20 73 86 44 31 62 88 42 35 58 89 41 39 54 90 40 42 51 92 38 45 48 94 36 48 46 95 35 50 43 97 33 51 42 99 31 54 40 100 29 55 39 103 26 57 38 105 23 58 38 108 19 60 36 114 12 63 35 119 5 66 34 190 34 191 33 192 32 193 31 193 31 194 30 194 30 195 29 195 29 196 28 196 28 197 26 199 25 199 25 199 25 200 24 200 24 201 23 201 23 202 22 202 22 202 21 204 20 204 20 204 20 204 20 204 20 204 20 204 19 205 19 205 19 205 19 205 19 206 18 206 18 206 17 207 17 207 17 207 17 207 17 207 17 207 17 206 18 206 18 206 18 206 18 206 19 205 19 205 19 204 20 204 20 204 20 203 21 203 21 202 23 199 25 198 26 195 29 193 31 192 33 189 36 187 37 186 39 185 39 184 41 182 43 181 44 179 45 179 46 178 46 179 46 178 46 178 47 177 47 177 48 176 48 176 49 175 49 175 50 174 50 174 50 174 50 174 51 174 50 174 51 173 51 174 50 174 51 172 53 171 53 171 53 171 55 169 57 167 57 167 58 166 59 165 59 164 60 164 61 163 62 161 63 160 64 159 65 158 67 155 70 152 72 151 75 147 78 145 81 141 84 138 87 136 89 134 91 132 92 132 93 131 93 131 93 108 3 20 94 106 4 20 94 103 8 19 95 102 8 18 96 101 9 18 97 99 11 17 98 98 11 17 98 97 11 18 100 95 11 18 101 94 11 18 102 92 12 18 103 91 12 18 106 87 13 18 108 44 2 39 13 18 113 37 5 38 13 18 114 35 6 37 14 18 115 33 8 36 15 17 116 31 9 36 15 17 117 29 11 35 15 17 117 28 12 35 15 17 118 26 13 34 16 16 119 25 14 34 16 16 119 24 16 33 17 15 119 23 17 32 18 15 119 22 18 32 18 14 121 21 18 32 19 13 120 21 20 30 21 11 121 21 20 30 23 9 121 20 21 29 26 6 121 21 22 27 29 3 122 20 23 26 154 21 23 26 154 20 25 24 154 21 25 23 154 21 26 23 154 21 26 22 154 22 26 22 153 22 27 21 152 24 27 21 151 25 26 22 150 25 27 21 151 25 27 21 151 25 27 21 150 25 28 20 152 24 27 21 152 23 28 21 153 22 28 21 153 21 28 22 154 19 29 21 156 17 30 21 158 14 31 21 159 12 31 21 167 3 33 21 203 21 203 20 203 21 204 20 205 18 206 18 206 17 93
2118 10 211 17 205 21 200 27 195 30 192 34 188 37 185 41 181 44 178 48 174 51 171 54 168 58 164 61 162 63 159 66 157 68 155 71 152 73 150 75 148 77 146 79 144 81 141 84 139 85 138 87 137 88 134 91 132 92 132 93 130 95 128 97 126 99 125 100 123 102 121 104 119 105 118 108 115 109 114 111 111 114 109 116 107 118 105 119 104 121 102 123 101 123 100 126 97 127 97 129 94 130 94 131 92 133 91 134 89 135 89 136 87 137 86 139 85 140 84 140 83 141 83 142 82 142 81 144 80 144 80 145 79 145 79 146 78 146 77 148 76 148 76 149 75 149 75 149 75 149 75 150 74 150 74 151 73 151 72 153 71 153 71 154 70 154 69 156 67 158 66 159 64 160 64 161 62 162 62 163 60 164 60 165 58 166 58 167 56 168 56 168 55 169 55 170 53 171 53 171 53 171 53 172 52 172 51 174 50 174 50 175 48 177 46 178 46 179 43 182 40 185 39 186 37 188 36 189 34 190 34 191 33 192 32 192 32 193 31 194 31 194 30 195 29 195 29 196 28 197 26 199 25 199 26 199 25 199 25 200 24 200 24 201 23 202 23 202 22 202 22 204 20 204 20 206 18 206 19 206 18 207 17 208 15 210 15 209 15 209 15 209 15 209 15 209 15 209 15 209 15 209 15 209 15 209 15 209 15 209 15 209 15 209 15 209 15 209 15 209 15 209 14 210 15 209 15 209 15 209 15 209 15 209 15 209 15 209 15 209 15 209 15 209 15 209 15 209 15 209 15 209 15 209 14 210 14 210 14 210 14 210 14 210 14 210 14 210 14 210 14 210 13 211 13 211 13 211 13 211 13 211 12 212 12 212 12 212 12 212 12 212 12 212 11 213 11 213 11 213 11 213 11 213 10 214 10 214 10 214 10 213 10 213 11 203 6 3 11 201 23 200 24 199 25 197 27 194 30 192 33 190 25
77 63 159 76 147 81 139 87 134 91 131 94 127 98 123 102 118 107 102 123 101 125 98 128 95 130 93 132 92 133 90 135 89 136 88 136 88 137 86 138 86 138 85 140 84 140 84 140 84 140 84 140 83 141 83 141 83 142 82 142 82 142 81 144 80 144 80 146 78 146 78 147 77 148 76 148 76 148 76 148 76 149 75 149 76 148 76 148 76 148 77 147 77 147 77 147 77 148 77 147 77 147 77 147 77 148 76 148 77 147 77 147 77 148 76 148 77 147 77 147 77 147 77 147 78 146 78 146 78 146 78 146 78 146 79 145 79 146 78 146 79 145 79 144 80 144 81 143 81 143 82 142 82 141 83 141 84 140 85 138 86 138 87 136 89 135 89 134 91 133 91 133 91 132 93 131 93 130 94 130 94 130 94 129 96 128 96 128 97 127 97 126 99 125 100 123 102 122 103 120 105 118 106 118 107 116 108 116 110 113 111 113 112 111 114 109 116 108 117 106 119 104 121 102 123 101 124 99 125 99 125 99 127 97 127 97 128 96 129 95 130 94 130 94 131 93 131 93 133 91 133 91 135 89 135 88 137 87 138 86 138 86 139 84 140 83 142 82 142 81 143 80 144 78 146 77 147 76 148 75 149 73 151 72 152 70 154 69 155 67 158 65 160 63 161 62 164 59 165 59 167 56 168 55 172 51 174 49 176 47 178 45 180 43 181 42 183 41 183 40 185 39 185 39 185 39 186 37 187 37 188 35 190 34 190 34 191 33 192 31 193 31 193 31 193 31 193 31 194 30 194 30 195 29 195 29 195 29 195 29 196 29 196 28 197 27 198 26 199 25 200 23 204 20 206 17 209 14 211 12 214 9 217 7 219 3 7043
2756 19 200 25 197 31 192 34 188 38 185 41 182 45 177 50 172 54 169 56 166 60 163 62 161 65 157 67 156 70 153 71 152 73 151 74 149 75 148 77 147 78 145 79 144 82 142 83 140 89 135 95 129 103 120 105 119 106 118 107 117 108 116 108 116 109 115 110 114 110 114 111 113 112 111 114 110 115 109 115 108 116 108 116 108 117 107 117 106 118 106 119 105 119 105 119 105 119 105 119 105 120 104 120 104 120 104 120 104 121 103 121 103 121 103 121 103 122 102 123 101 123 101 124 100 124 99 125 99 125 98 126 98 125 98 126 98 126 98 126 98 125 99 124 100 124 100 124 99 125 99 125 99 126 98 126 99 126 97 127 98 126 98 127 97 127 97 127 96 129 95 129 96 128 96 128 96 129 95 129 96 128 96 128 97 127 97 127 98 126 98 126 99 125 99 124 100 124 100 124 101 123 101 122 103 121 103 121 103 120 105 119 105 118 106 118 107 116 108 116 108 115 110 114 111 113 111 112 113 111 114 89 4 17 114 88 6 17 114 86 7 17 115 85 8 16 116 83 9 16 116 83 9 16 117 82 9 16 117 81 11 15 118 80 11 16 117 79 12 16 118 78 12 16 118 77 13 16 118 77 13 16 119 75 14 16 120 74 14 16 120 74 14 17 119 74 14 17 120 73 13 18 120 73 13 18 120 72 14 18 120 25 2 45 13 19 121 22 6 43 13 19 121 22 7 42 13 20 120 21 8 42 13 20 120 21 9 41 13 20 120 21 9 41 13 19 122 19 11 40 14 18 122 20 11 38 15 17 123 19 13 37 16 16 124 18 15 35 18 12 126 18 17 33 21 8 127 18 18 31 157 18 18 31 157 18 19 30 157 18 19 29 159 18 18 29 159 18 19 28 159 18 19 28 159 18 20 27 160 17 20 27 160 17 20 27 160 17 20 26 161 18 20 25 162 17 20 25 162 17 20 25 162 17 20 24 163 17 20 24 163 17 20 24 163 18 19 24 163 18 19 24 163 18 19 24 163 18 19 23 164 18 19 23 164 18 19 22 165 18 19 22 165 18 19 22 165 18 19 22 164 19 19 22 164 19 20 21 162 21 19 22 161 23 18 22 160 24 18 22 159 25 18 22 158 26 18 21 159 26 18 21 158 27 18 21 157 28 18 22 156 27 19 22 156 27 19 22 155 27 20 22 155 27 20 23 154 26 21 23 154 26 21 24 154 24 22 24 154 23 23 25 154 21 24 25 155 19 25 26 155 16 27 26 156 7 35 26 198 26 198 26 199 25 199 25 199 25 199 25 200 24 200 24 201 22 203 21 205 18 208 15 214 8 1229
69 11 211 17 206 20 201 25 197 29 194 31 191 34 189 36 186 40 183 42 181 46 177 49 175 54 7 7 155 89 134 94 130 96 127 99 125 99 124 102 121 103 120 105 119 106 116 108 115 110 113 111 112 113 111 113 110 114 110 115 108 116 108 116 107 118 106 118 106 118 105 119 105 119 105 119 105 119 104 120 104 120 104 120 104 120 104 120 104 120 103 121 103 122 102 122 102 122 102 122 102 123 102 122 102 122 103 121 103 121 104 119 105 119 105 118 107 117 107 117 107 117 107 116 108 115 110 112 112 111 113 109 116 107 117 106 118 106 118 105 119 104 120 104 120 104 120 103 120 104 120 104 120 103 121 103 121 103 121 102 122 102 123 101 123 100 125 99 125 99 125 99 126 97 127 97 128 96 128 97 127 97 127 97 127 97 127 97 127 96 129 95 129 95 129 95 129 95 129 95 129 95 129 95 129 95 128 96 128 96 128 97 127 97 126 99 125 99 125 100 123 101 123 102 122 102 122 103 121 104 120 104 120 105 120 105 119 106 119 107 117 108 117 108 117 108 117 108 116 109 116 109 115 110 114 111 113 112 113 112 112 113 111 114 110 115 109 116 108 117 108 117 107 118 106 120 104 120 104 122 102 123 102 123 101 124 100 125 99 125 99 126 99 126 98 126 98 127 97 128 96 128 96 129 95 130 94 131 93 132 92 133 91 133 92 133 91 134 90 134 90 135 89 135 89 136 88 137 87 137 87 137 87 138 86 138 85 140 84 140 84 140 84 141 83 141 83 141 82 142 82 142 82 142 82 142 81 143 81 143 81 143 81 144 80 144 80 144 80 144 80 144 80 144 80 144 80 144 80 144 80 144 80 144 80 144 80 145 79 145 79 146 78 147 77 149 76 150 74 151 73 152 73 152 72 153 71 154 70 155 70 155 69 155 70 154 70 154 71 152 73 150 74 149 76 146 79 140 84 137 88 133 92 129 95 124 101 120 104 103 121 99 125 91 134 86 138 84 140 82 80
17111 16 205 23 3 18 178 52 171 55 167 59 164 62 161 64 159 66 158 67 156 68 155 70 154 70 153 71 153 71 152 73 151 73 150 74 150 75 149 75 149 75 149 76 148 76 148 76 148 76 148 77 146 78 146 78 146 79 145 79 145 79 145 80 144 80 144 80 144 80 144 80 144 80 144 80 144 80 144 80 145 79 145 79 145 79 145 79 145 79 145 79 145 79 146 78 146 78 147 77 147 77 148 76 148 76 149 75 149 75 150 73 151 73 152 72 152 71 154 70 154 70 155 68 156 68 156 68 157 66 158 66 158 66 159 65 160 64 160 63 162 62 162 62 163 61 163 61 163 60 165 59 165 59 166 58 166 57 167 57 168 56 168 56 169 55 169 55 169 55 170 54 170 54 170 54 171 54 170 54 170 54 170 54 170 54 171 54 170 54 170 35 4 15 170 33 8 13 170 32 11 11 171 31 12 9 172 30 15 6 173 30 194 30 194 30 194 30 194 31 193 32 192 34 190 38 185 43 181 46 177 48 176 56 168 60 163 62 161 64 160 65 158 66 158 66 157 68 156 69 155 70 153 73 13 1 137 73 13 2 135 74 12 4 134 74 13 3 133 75 12 4 131 77 12 4 129 80 11 4 127 82 11 4 125 85 10 5 123 86 10 6 120 88 9 9 118 89 8 17 108 91 8 18 106 93 6 20 103 96 5 22 99 99 3 24 97 128 95 130 93 132 91 133 91 134 89 135 88 136 88 136 88 135 90 131 94 119 107 115 46
1197 7 216 10 47 4 162 13 43 10 158 17 37 15 154 22 31 19 153 28 23 21 152 33 16 24 151 40 5 30 150 75 149 77 147 78 147 79 145 80 145 80 144 81 143 83 141 84 140 85 139 86 138 87 137 87 136 89 135 90 133 92 132 93 130 95 128 96 128 96 127 98 125 100 124 100 123 102 122 102 121 104 119 105 118 107 117 107 116 109 114 110 114 111 112 112 112 113 110 115 109 115 109 116 107 118 106 118 106 119 104 120 104 121 102 123 100 125 98 126 97 128 96 129 94 131 92 133 90 135 88 137 86 139 84 140 83 142 81 144 78 147 76 149 74 151 72 152 71 154 69 156 67 158 66 158 65 160 63 161 62 163 60 164 59 166 57 167 56 169 54 170 53 171 52 173 50 174 49 175 48 177 46 178 45 179 45 179 44 181 42 182 41 183 41 183 40 185 38 186 37 187 37 187 36 188 36 189 34 190 34 190 33 191 33 192 31 193 31 193 30 194 30 195 28 196 27 197 26 199 24 200 24 200 24 200 23 201 23 202 22 202 21 203 21 203 21 203 20 204 19 205 19 206 18 206 17 207 17 207 17 207 16 208 16 208 16 208 16 208 17 207 17 208 16 208 16 208 16 208 16 208 16 208 16 208 16 208 16 209 15 209 15 209 15 210 15 209 15 209 16 209 16 208 17 207 19 205 22 202 23 201 25 200 26 198 30 194 33 191 35 189 38 187 40 184 43 181 45 180 51 173 55 170 55 169 56 168 56 169 55 169 55 169 55 169 55 168 57 167 57 166 59 165 59 165 59 164 61 162 63 160 64 159 65 158 66 156 69 153 72 149 76 141 84 135 91 105 9 4 108 98 132 89 136 87 138 84 140 83 142 80 144 78 147 73 151 69 155 49 175 45 180 39 186 31 194 21 204 15 5057
796 4 217 9 214 11 212 12 211 14 209 16 208 16 207 18 205 19 204 20 204 21 158 10 34 22 157 13 32 22 156 16 30 22 156 17 28 24 154 20 26 24 154 20 26 24 154 22 24 24 155 21 24 24 155 22 22 25 155 23 21 25 156 22 21 25 156 23 19 26 157 22 18 26 158 23 15 28 158 25 9 32 159 65 159 65 159 65 160 64 160 64 160 64 160 64 161 63 161 62 162 62 163 61 163 61 163 61 163 60 165 59 165 59 165 58 167 57 167 57 168 56 168 56 169 55 169 55 169 56 168 56 168 57 167 57 167 58 166 58 166 58 167 58 166 58 24 26 116 58 20 34 112 58 17 42 107 59 14 47 104 60 11 52 101 60 10 55 100 60 7 59 98 61 5 61 97 63 1 65 95 131 93 133 91 134 90 135 89 136 88 137 87 137 87 138 87 138 86 138 86 139 86 138 86 139 86 138 87 138 87 137 87 137 88 137 87 138 86 138 87 138 86 138 86 138 86 138 86 138 87 137 87 137 87 137 87 137 87 137 87 137 87 137 87 137 87 137 87 137 86 137 87 136 88 135 89 134 90 133 91 132 92 132 92 131 92 131 93 131 92 131 92 132 92 131 92 132 91 133 91 132 91 133 91 132 91 133 91 106 3 24 90 105 7 21 91 104 8 20 91 103 10 20 91 101 13 18 92 99 16 16 92 99 18 14 93 98 22 9 95 97 126 97 127 96 128 95 128 95 129 93 130 94 130 92 131 92 131 92 132 91 132 91 132 91 132 90 133 27 4 60 131 27 7 57 132 27 9 54 133 27 12 50 134 27 14 47 134 28 16 42 137 28 17 40 138 28 19 36 140 28 21 34 140 28 23 32 140 28 25 30 140 28 26 29 140 28 28 28 139 28 30 26 139 28 31 26 137 29 33 25 136 29 34 24 136 28 36 24 135 28 37 24 133 28 39 23 133 28 40 23 132 27 41 24 130 28 42 24 128 29 42 25 127 28 43 26 126 27 43 28 124 27 44 29 123 26 45 30 122 26 45 31 121 26 44 32 121 26 44 33 119 26 44 35 117 26 45 35 116 27 44 37 114 28 44 37 113 29 43 38 112 31 41 38 112 31 42 37 113 31 41 37 114 31 40 37 115 31 38 38 116 30 38 38 117 30 37 39 117 30 36 40 117 30 35 41 117 30 35 40 118 30 35 40 119 29 34 40 120 29 34 39 121 29 34 38 122 30 33 37 123 29 34 36 125 29 32 36 127 27 33 36 128 27 31 36 130 25 32 35 132 25 30 36 133 23 31 35 136 21 31 34 139 16 33 35 141 13 34 34 146 5 37 35 188 35 188 34 189 34 189 33 190 33 190 33 190 33 190 33 191 32 191 32 192 32 191 32 192 32 192 31 194 29 195 28 196 28 154
340 7 208 19 197 30 176 13 1 35 170 55 167 58 164 60 161 65 158 67 155 70 152 73 150 76 147 78 145 81 142 84 139 87 136 90 132 94 130 95 127 99 124 101 122 103 120 105 117 109 114 110 113 112 111 113 110 115 107 117 106 119 105 119 104 121 103 121 102 123 101 123 100 125 98 126 98 127 96 128 96 129 94 130 94 131 93 131 92 133 91 133 91 133 90 134 90 135 89 135 89 135 88 137 87 137 87 138 86 140 84 141 83 144 80 145 79 146 78 147 77 148 76 149 75 150 74 150 74 151 73 152 72 153 71 153 71 154 70 155 69 156 68 156 69 156 68 156 68 156 68 157 67 157 68 157 67 157 67 157 68 157 67 158 67 157 67 157 68 157 68 156 68 156 68 156 69 154 70 153 72 150 74 149 75 148 76 147 77 147 77 146 78 146 78 145 79 145 78 146 78 147 77 147 77 147 76 148 76 148 76 148 76 148 76 148 75 149 75 149 75 149 75 149 74 151 73 151 72 152 72 152 72 153 71 153 70 155 69 155 69 155 69 156 68 157 67 10 2 145 68 7 5 144 80 144 81 143 81 143 81 143 81 142 82 142 82 142 82 141 83 141 84 140 84 139 85 138 86 136 88 123 4 9 88 122 8 4 91 120 104 120 105 119 105 119 105 119 105 118 107 117 108 116 109 115 109 115 110 113 112 112 113 111 114 109 115 109 116 108 116 108 117 106 119 105 119 105 121 103 122 102 124 100 126 98 127 97 128 96 129 95 129 95 131 93 131 94 131 93 132 92 134 89 137 87 137 86 139 85 140 84 141 82 143 49 4 28 146 20 7 13 12 25 154 11 35 24 160 3 37 24 200 23 201 23 202 22 202 22 202 22 202 23 201 23 201 23 201 23 201 23 201 24 200 24 200 24 200 25 199 25 199 25 199 25 199 26 198 26 198 26 198 26 198 26 198 26 198 26 198 26 198 25 198 26 198 26 198 25 199 25 200 24 201 22 202 22 203 20 205 18 207 16 209 14 212 10 962
3892 3 38 6 175 8 33 10 172 9 33 10 172 10 31 12 170 12 30 13 168 13 29 14 168 13 29 14 168 14 28 15 166 15 27 16 166 15 27 16 166 16 26 16 165 17 25 18 164 17 25 18 164 18 24 18 164 18 23 19 164 19 22 19 164 19 21 20 165 20 18 21 164 21 17 22 164 25 10 26 163 61 163 61 163 61 163 61 163 60 164 60 164 60 164 60 164 60 164 60 164 60 164 60 164 60 165 59 165 59 165 59 165 59 166 59 165 60 164 61 163 63 161 65 158 67 157 69 155 70 154 72 152 73 151 73 150 75 149 76 148 76 148 77 147 77 147 78 146 78 147 78 146 79 145 79 145 80 144 80 145 79 145 80 145 79 145 79 146 79 145 79 145 79 146 78 146 78 145 80 144 80 144 80 144 80 144 80 144 80 144 81 143 81 143 81 143 81 143 81 143 81 143 81 143 81 143 81 143 81 143 81 143 81 143 80 144 80 144 80 143 81 144 80 143 80 144 80 144 80 144 80 144 80 144 80 144 79 145 79 145 79 145 79 145 78 147 77 147 77 147 76 148 76 148 76 148 76 148 76 148 75 150 74 150 74 150 74 150 73 151 73 151 73 151 43 6 24 151 40 9 24 151 37 12 24 151 36 13 23 152 35 14 23 152 35 14 23 152 35 14 22 153 34 15 22 153 34 14 23 153 34 14 22 155 33 14 21 156 32 15 21 156 32 14 21 157 32 14 21 158 31 14 20 159 30 15 20 160 29 15 19 161 28 16 19 161 28 16 18 162 28 15 19 163 27 15 18 164 26 16 18 165 25 16 18 165 25 15 18 166 25 15 18 166 25 14 19 167 24 14 18 168 24 13 19 168 24 12 20 168 24 12 20 169 23 11 20 170 23 11 20 170 23 10 21 170 23 10 20 171 24 9 20 172 23 8 20 173 23 8 20 173 23 7 20 174 23 7 20 174 23 6 20 175 24 5 19 176 24 5 19 176 24 5 19 176 24 5 18 177 24 5 18 176 25 5 18 176 25 5 17 177 25 4 18 178 24 4 18 178 24 4 17 179 24 4 17 180 23 3 18 180 24 2 17 182 22 3 17 184 20 3 17 186 18 3 17 189 14 5 15 191 12 6 14 194 9 8 11 198 5 11 8 218 1 1 1 6595
68 79 144 81 143 82 141 84 139 85 139 86 138 86 138 86 137 87 137 88 136 88 136 88 136 88 135 89 135 89 135 90 133 91 133 91 132 92 132 92 132 92 131 93 131 93 131 93 131 94 130 94 129 95 129 95 129 95 129 95 128 96 128 96 128 96 127 97 127 98 126 97 126 99 125 99 124 101 123 101 123 101 122 102 122 102 121 104 120 104 119 105 119 106 117 107 117 107 117 107 116 109 115 110 113 112 112 117 107 121 103 124 99 127 97 129 95 130 93 133 91 135 89 135 89 137 87 138 86 140 84 142 81 145 79 148 76 150 74 151 72 154 70 155 69 157 67 158 66 159 64 160 64 162 62 162 61 165 59 167 57 168 56 169 55 169 55 169 55 170 54 171 53 171 53 172 52 173 51 173 51 174 50 174 50 175 49 175 49 177 47 177 47 177 47 177 47 176 48 176 47 177 47 177 47 176 48 176 48 176 48 176 48 176 48 176 48 176 48 175 49 175 49 175 49 175 49 174 50 174 50 173 50 174 50 173 51 173 51 172 52 171 53 170 54 169 55 168 56 167 57 165 59 163 61 161 63 158 66 155 69 153 71 152 72 151 73 151 73 150 73 151 73 150 74 150 74 149 75 149 76 148 76 147 77 147 77 146 78 146 78 145 79 144 79 144 80 141 83 139 85 138 85 138 86 137 87 136 87 136 88 135 89 134 89 133 91 132 92 131 93 131 92 131 93 131 93 131 93 130 94 130 95 128 96 128 96 127 97 126 98 125 100 124 100 123 101 122 102 122 102 121 104 119 105 30 14 74 106 29 20 68 107 29 22 66 107 28 25 63 108 28 27 60 109 28 29 57 110 28 33 52 110 28 36 49 111 28 37 48 111 28 38 46 111 29 38 45 112 29 39 44 112 29 39 43 113 28 40 41 114 29 40 38 117 29 40 31 124 28 41 29 126 28 42 27 126 29 42 27 126 29 42 26 127 29 42 26 127 28 43 25 127 29 43 25 127 28 44 25 127 28 45 23 129 26 47 22 129 25 50 18 132 22 204 14 4204
4643 11 204 23 198 29 192 33 188 38 183 42 181 44 179 46 176 49 174 51 172 53 170 54 168 57 166 59 164 60 163 62 160 64 159 66 157 68 155 70 153 72 152 73 150 74 150 75 148 77 147 78 145 80 143 82 141 83 141 84 139 86 137 87 135 89 134 91 131 94 128 96 126 99 123 101 121 103 120 104 118 106 116 108 115 109 113 111 111 113 110 114 108 116 106 118 104 119 103 121 101 123 99 124 98 126 97 127 95 128 95 129 94 130 94 129 94 129 94 130 94 130 93 130 93 131 93 131 92 132 91 132 92 132 91 133 90 134 89 134 89 135 88 135 88 136 87 136 87 137 87 136 87 137 86 138 86 137 86 138 86 137 86 138 86 138 85 139 85 138 85 139 85 138 86 138 85 139 85 139 84 140 84 140 83 141 50 3 29 143 45 9 27 143 44 11 25 144 42 17 20 146 40 22 14 148 40 24 10 151 38 28 5 153 38 187 37 187 37 188 35 189 35 190 34 190 34 191 33 191 33 192 32 193 31 195 29 196 28 198 26 198 26 200 25 200 24 201 24 200 24 200 24 201 24 200 24 200 24 200 25 198 26 198 26 198 27 196 28 195 30 194 31 192 33 189 36 186 39 10 14 158 71 4 3 144 81 141 84 136 91 131 95 128 103 121 105 118 108 56 6 54 109 53 10 52 110 51 13 51 110 47 18 49 111 43 22 48 112 40 25 47 113 36 29 47 112 34 32 46 113 31 35 45 114 28 37 45 114 25 41 44 114 18 48 1 1 42 116 10 58 41 117 5 62 40 185 39 185 39 186 38 187 36 188 36 188 35 190 33 191 33 192 32 192 31 194 29 196 27 199 24 203 7 1 12 219 2 7884
2129 1 216 14 208 22 198 33 17 1 1 1 168 61 160 67 156 71 151 75 148 78 144 83 139 87 135 92 130 96 126 101 121 104 118 108 115 111 112 113 110 115 108 118 105 120 102 123 99 126 97 128 94 131 91 134 88 136 86 140 81 143 66 159 61 164 58 167 56 168 55 170 53 172 51 174 49 175 49 176 47 178 45 179 44 181 43 181 42 183 40 185 38 186 37 188 36 189 34 191 32 193 31 194 29 196 27 197 27 198 25 199 25 199 24 201 23 201 22 202 22 202 21 203 21 203 20 204 20 204 19 205 19 205 19 206 17 207 17 207 16 208 16 208 16 208 15 209 15 209 15 209 15 209 14 209 15 209 15 210 14 210 14 210 14 210 13 211 13 212 12 212 12 212 11 214 10 215 9 216 7 217 7 218 6 219 4 220 4 220 4 220 4 220 3 221 3 221 3 221 3 221 3 221 2 222 2 222 2 222 1 223 1 223 1 222 2 222 1 222 3 221 2 221 3 220 4 219 5 218 6 218 6 217 7 217 7 216 8 214 10 214 10 212 12 212 12 211 13 211 13 210 14 210 14 210 14 210 14 210 14 210 14 210 14 210 14 210 14 210 14 210 14 210 14 210 14 210 14 210 14 210 14 210 14 210 14 210 14 210 14 210 14 210 14 210 14 209 15 209 15 208 16 208 16 207 17 207 17 206 18 206 18 206 18 205 19 205 19 205 19 204 21 203 21 202 22 201 24 199 25 198 26 197 28 196 28 196 28 196 29 194 30 194 30 194 31 192 32 191 33 189 35 188 37 187 37 186 38 186 38 185 39 185 39 184 40 184 41 183 41 182 42 182 42 182 43 181 43 180 45 179 46 177 47 177 49 175 49 174 51 173 52 172 52 171 53 171 54 170 55 168 56 168 57 167 57 167 57 167 58 166 58 166 58 165 59 165 59 165 59 164 60 164 60 164 60 164 61 162 62 162 63 161 43
130 23 200 26 197 28 195 31 192 34 189 36 187 38 185 40 183 42 181 44 180 45 178 47 176 49 174 51 173 52 171 53 171 54 169 55 169 56 168 56 168 56 168 56 167 58 166 58 165 59 165 60 164 60 164 60 163 62 162 62 161 64 160 64 160 64 159 66 155 69 113 10 31 71 108 16 28 72 106 20 25 74 103 23 23 75 101 26 21 77 97 31 18 79 93 35 15 83 89 38 11 87 86 42 6 92 82 143 78 147 74 151 71 153 69 156 66 158 64 160 62 162 60 164 59 165 58 166 57 167 56 167 57 166 57 166 57 167 56 24 8 119 4 12 56 19 15 117 7 10 55 8 3 1 1 1 23 114 9 8 55 7 33 113 8 8 54 6 39 109 9 7 53 3 1 1 44 106 9 7 53 1 49 107 6 8 104 107 4 9 106 118 106 118 108 116 109 116 109 115 110 114 110 114 110 114 110 114 110 114 110 114 110 114 109 115 109 115 109 115 109 115 109 115 109 115 109 115 109 115 109 115 109 115 109 115 109 115 109 115 109 115 110 114 110 114 111 113 111 113 112 112 112 111 114 110 115 109 115 108 117 108 116 107 118 106 118 106 118 106 119 105 119 104 120 104 120 104 121 103 121 103 121 102 122 102 122 102 123 101 123 100 124 100 124 100 124 100 124 99 126 98 126 98 126 97 127 97 128 95 129 95 129 95 130 93 131 93 131 93 131 92 132 92 133 91 133 91 134 90 134 89 135 89 135 89 136 87 137 87 137 87 138 86 138 85 139 85 139 85 139 84 140 84 140 84 139 85 139 84 139 85 139 84 140 84 139 85 139 84 140 84 140 83 141 83 140 83 141 82 142 81 143 80 144 79 145 78 147 77 147 76 148 75 150 73 151 72 152 71 153 71 154 26 10 33 155 24 14 30 156 23 18 26 157 22 21 24 157 21 24 20 159 20 25 19 160 20 27 15 163 19 27 15 163 18 30 12 164 18 30 11 165 18 30 11 166 17 30 11 167 16 30 10 168 17 29 10 169 16 28 11 170 15 28 12 169 15 28 12 169 15 27 13 170 14 27 13 170 14 27 13 170 14 27 14 170 13 27 14 170 13 27 14 170 13 26 15 170 13 26 15 171 12 26 15 171 12 25 16 171 13 24 16 171 13 24 16 171 13 24 16 172 12 24 16 172 12 24 16 172 13 23 16 172 13 23 16 172 13 23 16 173 12 23 16 173 12 23 16 173 12 23 16 174 11 23 16 174 12 22 16 174 12 22 16 174 12 22 16 174 12 22 16 174 12 23 15 174 13 22 15 174 13 21 16 175 12 21 16 176 9 24 14 178 7 25 14 178 6 27 12 78
9509 1 1 11 206 24 198 30 192 35 187 39 184 42 180 47 176 51 171 55 168 57 166 60 162 63 160 65 158 66 157 68 155 70 153 72 151 73 150 75 148 77 146 79 145 79 144 81 142 82 142 83 141 83 140 85 139 85 138 87 137 87 136 89 135 89 135 90 134 91 132 93 131 93 131 94 130 95 129 96 128 96 128 97 127 97 127 97 128 96 128 96 128 96 128 96 128 96 129 96 127 97 128 96 128 96 128 97 127 97 127 96 128 96 129 95 129 95 129 94 130 94 130 94 130 94 130 94 130 93 131 93 131 93 131 92 132 92 132 91 133 91 133 90 134 90 134 89 135 88 136 88 136 88 136 87 137 87 137 87 138 87 137 87 138 86 138 87 137 87 136 88 136 88 136 89 135 89 135 89 135 90 134 90 134 90 134 91 133 91 133 91 133 91 133 91 133 92 132 92 132 92 132 92 132 92 132 92 132 92 131 93 131 93 131 93 130 94 130 94 130 94 130 94 130 94 130 95 129 95 128 96 129 95 129 95 129 95 129 95 129 95 129 95 129 95 129 95 129 95 130 94 130 94 130 94 130 95 129 95 129 95 129 95 130 94 130 26 3 65 130 25 5 64 130 25 6 63 130 25 7 62 130 25 8 61 130 24 9 61 130 24 10 30 4 26 130 24 10 28 7 25 130 24 11 26 8 25 130 24 11 24 11 24 130 24 11 21 14 24 130 24 11 19 17 23 130 24 12 11 24 23 130 24 14 5 28 23 130 25 46 23 130 25 46 23 130 25 46 23 130 25 47 22 130 26 45 23 130 26 45 23 129 27 45 23 129 27 45 22 129 28 44 22 130 28 44 21 131 28 44 19 132 30 43 17 134 30 43 14 136 31 43 11 139 31 45 4 144 31 192 32 192 32 191 34 190 33 191 34 190 33 191 33 191 33 191 33 192 31 193 31 193 30 195 27 198 24 200 23 202 18 208 12 215 6 594
8082 4 219 5 9 1 1 1 206 8 3 23 190 36 188 38 186 39 186 39 190 35 191 34 192 33 192 33 191 34 191 34 190 35 190 35 189 35 189 36 65 8 116 36 61 14 113 37 57 20 110 38 53 26 10 6 91 38 50 47 89 39 47 50 88 40 43 53 88 42 39 56 87 43 37 57 87 44 34 59 87 46 31 61 49 4 33 48 27 63 46 8 32 50 23 64 45 11 31 52 19 66 43 13 31 62 6 69 41 16 30 137 39 18 31 136 37 20 31 136 35 22 31 136 34 23 31 135 34 24 31 135 32 26 32 134 31 27 32 133 31 28 32 133 29 30 32 132 29 31 33 131 27 33 33 130 27 34 33 130 26 35 34 128 26 36 34 127 25 38 34 127 24 39 34 126 24 40 34 125 23 42 34 124 23 43 33 124 23 44 33 124 22 45 33 123 21 47 33 123 20 48 32 123 20 49 32 123 19 50 31 123 18 52 31 123 17 53 30 124 16 54 29 124 15 56 29 124 13 58 28 125 11 60 27 127 8 62 27 127 6 64 26 198 26 198 25 199 25 199 25 199 25 199 25 199 25 199 24 200 24 200 25 199 25 199 25 199 25 199 25 199 25 199 25 199 25 199 25 199 25 199 25 199 25 199 26 198 26 198 26 198 26 198 26 198 26 198 26 198 26 198 26 198 26 198 25 199 24 200 24 200 23 201 22 202 21 203 20 204 19 205 18 206 17 207 16 208 15 209 14 210 14 210 13 211 12 212 12 212 11 213 11 213 10 214 10 214 10 214 10 214 10 214 10 214 10 214 10 214 10 214 10 214 11 213 11 213 11 213 12 212 12 212 12 212 12 212 13 211 13 211 13 211 14 210 15 209 16 208 17 207 19 205 20 204 22 202 25 199 27 197 31 193 33 191 36 188 39 185 45 18 1 160 65 159 66 158 66 158 66 158 66 158 66 158 66 158 66 158 66 158 66 158 66 158 66 158 66 158 66 158 66 158 66 158 67 157 67 157 67 157 68 156 68 156 68 156 68 155 69 154 70 153 72 151 72 151 74 148 76 147 77 145 79 144 81 142 82 141 83 139 85 137 88 135 90 132 92 132 93 130 21
6124 10 212 16 207 19 204 22 201 25 198 28 195 32 191 42 181 58 165 63 21 10 130 67 14 16 126 72 7 22 123 102 121 104 119 106 118 107 117 108 115 110 114 110 114 111 113 111 113 112 112 113 111 113 112 112 112 113 112 112 112 113 111 113 112 112 112 112 113 111 113 112 116 108 118 106 119 104 121 103 122 102 123 101 123 101 123 101 123 100 124 100 125 98 126 97 127 95 129 91 134 89 135 88 136 87 137 86 138 85 139 84 140 84 140 83 141 82 141 83 141 82 141 83 141 82 141 83 141 83 140 84 140 83 140 84 140 84 140 84 139 85 139 84 140 84 140 84 139 84 140 84 140 84 140 84 139 85 139 85 139 84 140 84 139 85 139 85 138 85 139 85 138 86 138 85 138 86 138 86 137 86 138 86 137 86 138 86 138 86 137 86 137 87 137 87 137 87 136 87 137 87 136 88 136 88 136 88 135 89 135 89 135 89 135 89 134 90 134 91 133 91 133 91 133 91 133 91 133 91 133 91 133 92 132 92 132 92 131 93 131 93 131 93 131 93 130 94 130 94 130 94 130 94 130 94 130 94 130 94 129 94 130 94 130 94 130 94 130 93 131 93 131 92 132 92 132 92 132 91 133 91 133 91 133 90 134 90 134 89 135 89 135 88 136 87 137 87 137 86 138 85 139 85 139 23 4 4 9 45 139 21 23 40 140 20 39 25 140 19 42 22 141 19 42 22 141 18 44 21 141 18 44 20 142 18 44 19 143 17 45 19 143 17 45 18 144 17 45 18 144 17 45 17 145 17 45 17 145 17 45 16 145 18 44 17 145 18 44 16 146 18 44 16 146 18 43 17 146 18 43 16 146 19 43 16 146 19 43 16 146 19 43 15 147 19 42 16 146 20 42 16 146 20 42 16 146 20 42 16 146 19 42 17 145 20 42 17 145 20 42 17 145 20 42 17 144 21 42 18 143 21 42 18 143 21 42 18 143 20 43 18 143 20 42 19 143 20 42 20 142 20 42 20 142 20 42 20 142 19 44 19 142 19 44 19 142 18 46 17 144 17 46 17 144 17 46 16 145 16 48 15 145 16 48 14 147 14 50 12 148 13 52 11 149 11 54 8 98
1880 2 218 10 213 13 210 16 81 10 116 18 77 15 114 19 74 18 113 21 70 21 112 22 68 22 112 23 66 24 111 24 63 26 111 25 62 27 110 26 60 28 110 28 57 29 110 28 56 30 111 29 53 31 111 30 52 31 112 30 50 33 111 30 49 34 111 32 46 35 112 32 45 35 112 34 42 36 112 47 28 37 112 56 17 39 113 64 1 1 1 44 113 111 113 111 113 111 114 110 114 110 114 109 116 108 116 108 116 108 116 108 117 107 117 107 117 107 117 107 117 106 118 106 118 106 119 105 119 105 119 105 119 105 119 105 119 105 119 104 121 103 121 103 121 102 122 102 122 102 122 102 122 101 123 101 123 101 122 102 122 102 122 102 122 103 120 104 120 104 120 104 120 105 119 105 119 105 119 105 119 105 119 105 119 105 119 105 119 105 119 105 119 105 119 105 119 105 119 104 120 104 35 4 81 104 33 11 76 104 33 18 68 105 32 26 60 105 33 31 54 106 33 65 18 108 33 73 3 1 1 112 34 190 34 190 34 189 35 189 35 188 36 188 36 188 36 187 37 187 37 186 38 185 39 185 39 184 40 184 40 183 41 183 41 182 42 182 42 181 43 181 43 180 44 180 44 180 44 180 44 179 45 179 45 179 45 179 45 179 45 179 45 180 44 180 44 180 44 180 44 181 43 181 43 181 43 181 43 181 43 181 43 181 43 181 43 181 43 181 43 181 43 181 43 181 43 181 43 181 43 180 44 180 44 180 44 180 44 180 44 180 44 180 44 180 44 180 44 180 44 180 44 179 45 179 45 179 45 179 45 178 46 178 46 178 46 177 47 177 47 176 48 176 48 175 49 175 49 174 50 173 51 173 51 172 52 171 53 171 53 171 53 171 53 172 52 173 51 175 49 179 45 183 41 189 35 192 32 196 28 198 26 202 22 208 8 4 4 223 1 1581 1 1 1 208 1 8 12 203 1 6 23 194 2 4 31 187 42 1 9 120 18 34 56 111 33 24 61 88 55 19 64 69 75 14 69 59 1 1 85 7 73 49 180 32 199 12 4164
816 10 211 15 183 15 8 19 177 48 174 52 166 59 161 64 156 69 153 72 150 76 146 78 145 80 141 84 137 88 134 91 130 94 123 102 119 105 118 107 116 108 115 109 113 112 111 113 111 113 110 115 108 116 108 117 106 119 105 119 105 119 104 121 103 121 103 122 101 123 101 123 101 124 100 124 99 125 99 126 98 126 98 126 97 127 97 127 96 129 95 129 94 130 93 130 94 131 92 131 92 133 89 135 88 136 87 137 86 138 86 139 84 140 83 141 83 142 81 143 81 143 81 143 81 144 80 144 80 144 80 144 80 145 80 144 80 144 80 144 80 144 80 144 80 144 81 143 81 143 81 143 81 143 82 142 82 142 83 141 83 140 85 139 85 139 86 138 86 138 87 137 88 136 88 136 89 135 90 134 91 133 92 132 93 131 94 130 95 129 96 128 96 128 96 128 97 128 96 128 96 128 95 129 95 129 95 129 94 130 94 131 92 132 91 133 91 133 90 134 89 136 87 137 86 139 84 140 82 143 79 145 77 148 72 152 68 156 67 158 65 159 64 160 63 162 61 163 60 165 58 166 57 168 56 169 54 171 53 172 51 174 50 174 49 177 47 177 46 179 43 182 41 184 39 186 36 189 34 191 31 194 28 197 25 200 23 202 20 205 18 207 16 209 14 46 3 162 12 44 9 161 9 43 11 161 8 42 13 163 6 40 15 164 5 37 18 165 4 32 23 165 4 30 25 166 4 28 26 167 3 27 27 168 3 25 28 168 4 23 29 169 3 22 30 169 5 18 32 169 7 13 35 169 55 169 55 169 55 169 55 169 55 169 55 169 55 169 55 169 55 169 56 167 57 166 58 165 59 164 60 164 61 162 62 67 4 90 63 66 8 85 65 65 11 81 68 64 15 76 69 64 17 71 73 63 18 70 73 63 18 69 74 63 18 69 75 62 18 69 75 62 18 69 75 61 19 69 76 60 19 69 76 60 19 68 77 59 20 68 77 59 20 68 78 58 20 68 78 58 20 68 78 57 21 67 80 55 22 66 81 54 23 66 81 52 25 65 83 50 25 65 84 50 25 65 84 49 26 64 86 48 26 63 87 48 25 64 87 48 25 63 88 48 25 62 90 47 25 62 90 48 23 62 91 48 23 62 90 48 24 61 91 48 23 62 91 48 23 62 90 49 23 61 91 49 22 61 92 49 22 61 91 50 21 61 91 51 21 61 91 51 21 61 91 52 20 61 90 52 21 60 92 50 22 59 93 50 22 59 93 50 23 57 32
5939 14 192 1 1 1 1 3 5 27 178 49 173 52 170 56 167 58 164 61 162 62 161 63 160 64 157 67 155 69 145 80 142 81 141 84 138 86 137 87 136 87 136 88 135 89 134 90 133 91 132 92 132 91 132 92 132 91 132 92 132 91 132 92 132 91 133 90 133 91 133 90 133 91 133 90 134 90 134 89 134 90 134 90 134 90 134 90 133 91 133 91 133 91 133 91 132 92 132 92 132 92 132 93 131 93 131 93 131 93 131 93 131 93 131 93 131 93 131 93 131 93 131 93 131 92 133 91 133 90 134 90 134 89 135 86 138 83 140 83 141 83 141 82 142 82 142 82 142 82 142 82 141 83 142 82 142 82 142 82 142 82 142 82 142 82 142 82 142 82 143 81 143 81 143 81 144 80 144 80 144 80 145 79 145 79 146 78 146 77 148 76 148 76 149 74 150 74 150 73 151 73 152 71 153 70 154 70 154 69 155 69 155 69 154 69 155 69 155 69 155 69 154 40 3 27 154 38 7 24 155 11 2 24 9 23 154 11 4 23 9 23 154 10 5 22 10 23 153 10 7 21 10 23 153 9 8 21 10 22 153 10 8 20 11 22 153 9 9 20 11 22 153 8 10 20 11 22 153 7 11 20 10 23 152 7 12 20 10 22 154 5 14 18 11 22 173 18 11 22 173 18 11 21 174 18 11 21 174 18 11 21 174 18 11 20 175 18 12 19 175 18 11 20 175 18 12 18 176 18 12 18 176 18 12 18 176 18 12 17 177 18 12 17 178 16 13 17 178 16 13 16 179 16 13 16 179 16 13 16 179 16 12 16 180 16 12 16 180 16 12 16 180 16 12 16 180 16 12 15 181 16 12 15 181 16 12 15 181 16 12 14 183 15 11 15 183 15 11 15 183 15 11 15 183 15 11 15 184 14 10 16 184 14 10 15 185 14 10 15 185 14 9 16 185 14 9 16 186 13 9 15 187 13 9 15 187 13 9 15 187 13 9 15 187 14 8 15 187 13 9 15 187 14 9 13 188 14 9 13 188 14 10 11 189 14 10 10 190 14 11 8 191 14 13 1 196 15 209 15 209 15 210 14 210 14 210 14 210 14 210 14 210 14 210 14 211 12 213 10 215 8 4399
96 55 167 58 164 61 161 64 156 69 147 77 142 83 139 85 137 88 135 89 134 91 132 92 131 94 129 96 127 97 127 97 126 99 125 100 123 101 123 101 123 102 122 103 120 104 120 104 120 105 119 106 118 106 117 107 117 108 116 108 116 109 115 109 115 109 115 109 115 110 114 110 114 110 114 110 114 111 113 111 113 111 113 111 113 112 113 111 113 112 112 112 113 112 113 111 114 111 114 111 114 110 114 111 114 111 113 111 114 111 113 111 113 112 112 112 112 113 111 113 111 114 109 116 108 116 108 117 107 118 106 118 106 119 105 120 104 120 104 121 102 123 101 123 101 124 100 124 99 126 98 126 98 127 96 128 96 128 96 129 94 130 94 130 94 130 93 132 92 132 91 133 91 133 91 133 90 134 90 134 90 134 89 135 89 135 89 135 88 136 88 136 88 135 89 135 89 135 88 135 89 135 89 134 90 134 89 135 89 134 90 134 90 133 91 133 91 132 91 133 91 132 92 132 92 132 92 132 91 132 92 132 92 132 92 131 93 131 93 131 92 132 92 132 92 131 93 131 92 132 92 132 92 132 91 133 91 133 91 133 90 134 90 134 90 134 90 134 89 135 89 135 89 136 88 136 87 137 87 137 87 137 87 137 87 138 86 138 85 139 85 140 84 140 83 141 83 142 81 143 81 143 81 144 80 144 80 144 79 145 79 146 78 146 78 146 77 147 77 147 77 147 77 148 76 148 76 147 77 147 77 147 76 148 76 148 76 148 76 148 76 34 12 2 2 2 10 1 2 11 13 59 76 32 58 58 76 31 62 55 76 30 66 52 76 29 71 48 76 28 74 46 76 27 77 44 76 27 78 43 76 27 80 41 75 27 82 40 75 27 83 39 75 26 85 38 75 26 85 38 75 26 86 37 74 26 87 37 74 26 88 36 73 27 88 36 73 26 89 35 73 27 90 34 73 27 90 34 73 27 90 34 72 27 91 33 73 27 92 32 73 27 92 32 72 28 92 32 72 27 93 31 73 27 93 31 73 27 93 31 72 27 94 31 72 27 93 32 72 27 93 32 71 28 93 32 71 28 93 32 71 28 93 32 70 28 94 32 70 28 94 32 69 29 94 33 67 29 95 33 67 29 95 34 65 29 96 34 64 30 96 35 63 29 97 35 62 29 97 37 60 29 98 37 59 29 99 38 57 28 101 39 56 25 104 39 55 23 107 39 54 24 107 39 54 24 107 39 54 23 108 39 56 20 110 38 56 19 111 38 57 17 112 37 33
172 16 206 20 203 23 200 25 198 27 197 28 196 29 194 31 193 32 192 32 191 35 189 35 189 36 189 36 188 36 190 35 191 33 195 30 197 27 198 26 199 26 199 25 200 24 201 24 201 23 202 22 202 23 202 22 202 22 203 22 202 22 202 22 203 21 203 21 204 20 204 20 204 20 204 20 204 21 204 19 205 20 204 20 34 5 165 20 32 9 163 20 31 12 161 20 30 14 159 21 30 15 158 21 29 16 158 21 29 17 157 21 29 18 156 20 30 19 154 21 29 21 153 21 29 22 27 9 116 21 29 24 22 13 115 21 29 28 16 15 114 22 29 34 7 19 113 22 29 60 113 22 29 60 113 22 29 60 112 23 29 60 112 23 29 60 112 22 30 59 113 22 30 59 112 23 30 58 113 23 30 58 113 22 31 57 114 22 31 56 115 22 31 56 115 21 32 55 115 22 32 55 115 22 32 54 116 21 33 53 117 21 33 53 116 22 33 53 116 21 34 52 117 21 34 52 117 21 34 51 118 20 35 51 117 21 35 51 117 21 35 51 117 21 35 51 117 20 36 51 117 20 36 51 117 20 36 51 116 21 36 50 117 20 37 50 117 20 37 51 115 21 37 51 115 21 37 51 114 22 37 52 112 23 38 53 32 5 72 24 38 56 20 22 63 25 38 108 49 29 38 122 12 52 38 185 39 186 38 185 40 185 39 185 39 185 39 185 39 185 40 184 40 184 40 184 40 184 40 184 40 184 41 184 40 184 40 184 41 183 41 183 41 184 41 183 41 183 41 183 42 182 42 183 41 183 41 183 41 183 41 183 42 182 42 182 42 182 42 182 42 182 43 181 43 180 44 180 44 180 45 179 45 179 46 178 46 178 47 177 47 177 48 175 49 175 50 174 50 173 52 172 52 172 52 172 53 170 54 170 54 170 54 170 54 170 55 168 56 168 56 168 56 168 56 168 57 167 57 167 57 167 57 62 1 1 7 1 1 94 57 53 32 82 57 51 42 74 57 50 49 69 56 49 52 67 56 49 54 65 56 48 58 62 56 48 60 60 56 48 61 60 55 48 63 58 55 47 65 58 54 47 66 58 53 47 66 58 53 48 66 58 52 48 67 58 51 48 68 57 51 48 69 56 51 48 69 57 50 48 70 56 50 49 69 56 50 49 70 55 50 49 70 56 49 49 70 56 49 49 70 56 49 49 70 56 48 50 70 56 48 50 70 56 48 50 69 57 48 50 69 57 47 51 68 57 48 26 3 22 67 26 3 29 48 25 4 23 65 25 7 27 48 24 5 23 63 26 10 25 47 24 6 22 62 27 11 25 47 23 7 22 60 28 13 24 46 24 7 22 57 30 14 24 45 24 8 22 56 30 15 24 45 23 8 23 54 31 16 23 45 24 8 23 53 31 17 23 44 24 9 23 53 30 18 23 43 25 8 24 52 30 19 23 42 25 9 24 52 29 20 22 42 26 9 24 51 29 20 23 40 27 10 23 52 28 21 23 39 28 10 23 52 27 22 23 39 28 10 23 52 27 21 23 39 28 12 21 53 26 22 23 38 28 13 21 53 25 22 24 38 28 14 19 55 23 23 24 38 28 15 17 56 22 23 24 39 27 19 12 59 19 24 25 38 27 93 14 26 26 38 27 133 25 39 26 133 26 40 24 134 25 41 24 133 26 42 21 135 25 44 19 135 26 45 15 138 25 49 9 141 25 199 24 200 24 201 22 205 17 208 14 212 11 34
9296 4 219 7 216 10 214 11 212 12 212 13 211 13 210 15 209 15 208 16 208 16 55 6 147 17 50 12 145 17 48 14 144 18 46 17 143 18 45 19 142 19 43 20 142 20 40 22 142 20 39 23 142 21 36 25 141 23 34 27 140 24 31 29 139 27 28 30 139 29 25 31 137 36 18 33 136 41 13 34 135 45 8 35 135 89 134 90 134 89 135 88 136 88 135 87 137 87 137 86 138 85 139 85 139 85 139 84 140 84 140 83 141 83 141 83 141 83 141 82 141 83 142 82 142 81 143 81 143 80 144 80 144 79 144 80 144 80 144 79 145 79 144 79 144 79 145 78 145 79 144 80 143 80 143 81 141 83 140 84 139 84 139 85 139 85 138 86 137 86 137 88 135 89 134 91 133 91 133 92 131 94 130 95 129 97 127 98 126 99 125 100 123 101 123 102 122 103 121 103 121 104 121 103 121 104 120 104 120 104 120 104 120 104 120 105 118 106 118 107 117 107 117 107 117 108 116 108 116 109 115 109 114 110 114 111 113 111 113 111 112 112 112 113 110 114 110 114 109 115 108 117 106 118 105 119 105 119 104 121 102 122 102 122 101 123 101 124 100 124 99 125 99 125 98 126 98 126 97 127 97 127 97 128 96 128 95 129 95 129 95 129 95 129 95 129 95 129 95 129 95 129 96 128 96 128 96 128 96 128 96 128 95 129 95 129 95 129 96 128 96 128 96 128 96 128 97 127 97 127 98 126 99 125 101 123 103 121 104 120 105 119 106 118 106 118 107 117 107 117 107 117 107 117 107 117 107 117 107 117 107 117 107 117 107 117 107 116 108 116 108 116 108 115 109 115 109 115 110 113 111 113 111 113 111 57 8 48 111 35 11 6 14 46 112 33 34 45 113 30 37 44 113 28 40 42 115 26 41 42 115 25 43 41 36
13135 4 216 12 209 17 166 4 35 20 162 11 29 23 160 16 20 29 157 26 7 36 154 70 153 73 150 74 149 76 147 77 146 79 144 80 144 81 142 82 142 82 141 83 141 83 140 84 139 85 139 84 139 85 138 86 136 88 131 93 109 7 14 94 108 9 12 95 106 14 1 104 105 119 104 119 106 118 106 12 1 104 108 9 5 99 112 6 10 92 116 4 16 88 137 86 139 85 139 85 139 84 140 84 140 84 140 84 140 83 140 84 140 84 140 84 140 85 139 85 139 85 138 86 138 86 138 86 138 87 136 89 135 89 135 89 134 91 133 91 132 93 131 93 130 95 129 95 128 97 127 97 127 97 127 97 126 98 126 99 125 99 125 99 124 100 124 100 124 100 124 101 123 101 124 100 124 100 124 100 124 100 124 100 124 100 125 99 125 99 125 99 125 98 126 98 127 96 128 96 128 96 128 95 130 94 130 93 131 93 131 92 132 92 132 92 132 91 132 92 132 91 133 91 133 90 134 90 133 91 133 91 133 91 133 58 4 29 133 54 11 27 132 49 20 24 131 47 23 24 130 47 24 24 129 47 24 26 127 46 25 27 126 46 25 28 125 46 26 28 124 46 26 29 124 45 27 28 125 17 5 23 26 29 125 12 10 22 27 29 125 9 12 22 27 29 126 5 16 22 27 29 147 21 27 29 148 21 27 29 147 21 27 29 148 21 27 28 148 22 27 27 148 23 27 26 148 24 27 25 148 24 27 25 148 25 27 24 149 24 29 21 150 24 30 20 150 25 30 18 151 25 33 15 151 25 37 9 154 24 200 24 201 23 201 24 201 23 201 23 202 22 203 20 204 20 205 18 207 16 212 10 4368
7236 8 213 11 209 15 192 32 187 37 183 41 164 5 11 44 163 10 4 46 162 62 161 63 161 63 161 63 162 62 163 61 165 59 167 57 168 57 168 56 168 56 169 55 170 54 170 54 171 53 171 53 171 53 172 52 172 52 172 52 172 52 172 52 173 51 173 51 173 52 172 52 173 51 173 52 172 52 172 53 171 54 171 53 171 54 170 55 169 56 167 57 167 58 166 59 165 59 164 61 163 62 162 62 162 63 160 65 159 66 158 67 156 69 155 70 153 72 151 73 151 74 149 76 148 77 147 77 146 79 145 80 144 81 143 82 141 85 139 86 138 88 136 89 135 91 133 92 131 94 130 95 129 96 128 96 128 97 127 98 126 99 125 100 124 101 123 101 123 102 122 102 122 103 121 104 120 106 118 107 116 110 114 111 112 113 111 114 110 115 108 117 107 118 106 119 105 120 103 122 102 122 102 123 101 123 101 124 100 124 100 125 99 126 98 126 98 127 97 127 97 129 95 130 94 131 93 132 92 19 4 110 91 19 5 110 90 19 6 111 88 18 8 111 87 18 9 111 86 18 9 112 85 18 10 113 83 17 12 113 82 17 13 113 81 17 13 115 79 17 14 79 3 33 78 17 15 65 3 7 9 31 77 17 17 61 24 30 75 17 18 59 27 29 73 17 20 57 32 27 71 17 21 55 36 26 69 17 22 53 40 24 68 17 22 53 41 24 67 17 23 51 43 24 66 17 24 49 45 23 66 17 25 48 46 23 65 17 25 47 47 24 64 17 27 44 49 23 64 17 28 43 50 22 64 17 30 5 6 29 51 22 64 17 42 27 53 21 63 18 43 25 55 20 63 18 44 24 56 18 64 18 44 23 58 16 65 18 44 23 60 11 68 18 43 24 64 4 71 18 43 23 139 19 43 22 140 19 43 22 140 19 43 21 140 20 43 21 140 20 43 20 140 21 43 20 140 21 43 20 139 22 43 20 139 22 43 20 138 23 42 21 138 23 42 21 138 23 42 21 138 23 41 22 137 23 42 22 138 22 42 22 138 22 41 22 139 21 42 22 139 20 42 23 140 18 43 23 141 15 45 22 143 11 47 23 145 7 49 23 201 23 201 22 203 21 203 20 204 19 206 17 208 15 209 13 213 8 3952
1879 19 194 38 176 55 165 64 156 72 8 12 130 94 127 99 123 101 119 107 115 109 113 112 110 115 105 120 98 127 95 130 92 132 90 135 88 137 87 138 85 139 84 140 83 142 82 143 80 144 79 145 78 147 77 148 75 149 74 151 73 152 71 154 70 154 69 156 68 156 68 157 66 158 66 159 64 160 64 160 63 161 63 162 61 163 61 163 60 164 60 165 58 166 58 166 57 167 57 167 56 168 56 169 54 170 54 170 54 169 54 170 54 170 54 171 53 171 53 171 53 171 53 171 54 170 54 171 53 171 52 173 51 174 50 174 50 175 49 176 48 176 47 177 47 178 46 178 46 179 45 179 45 179 45 180 44 181 43 181 43 181 43 182 42 182 42 183 41 183 42 182 42 182 43 182 43 181 45 180 45 179 47 178 46 178 47 178 47 178 47 178 47 178 47 178 47 177 48 177 48 177 49 175 50 175 50 175 51 173 53 172 53 172 52 172 53 172 52 172 53 172 52 172 53 171 54 171 53 172 53 171 53 172 53 172 54 171 55 169 56 169 57 167 58 167 58 166 58 167 57 167 57 168 56 169 55 169 55 169 55 170 54 170 54 171 52 172 52 172 52 172 52 173 51 173 51 173 51 173 51 174 50 174 50 174 50 173 51 174 50 173 51 173 51 173 52 173 51 173 52 172 53 171 54 171 54 171 54 170 55 170 54 171 55 169 56 169 56 168 57 168 57 167 58 167 59 165 61 163 64 160 65 159 66 158 67 157 68 155 71 153 72 152 74 149 77 147 77 146 79 145 80 144 80 144 81 142 82 142 82 141 83 141 84 139 85 139 85 139 86 85 1 51 89 81 5 49 90 80 8 45 94 76 10 44 99 71 11 42 101 70 12 40 104 68 13 2 5 31 106 66 22 29 108 65 24 26 111 63 26 21 117 59 29 12 126 56 32 8 135 49 35 2 142 44 182 41 185 39 186 37 187 36 189 33 190 28 1 1 196 6 6 6 2550
131 17 51 10 145 20 48 12 144 21 45 14 143 24 41 17 142 26 36 20 143 28 31 22 143 32 24 25 143 42 12 27 144 79 145 79 146 77 147 77 147 76 149 74 150 73 151 72 152 71 153 70 154 70 155 68 156 68 156 67 157 67 157 67 157 66 158 66 158 66 158 65 158 66 158 66 158 66 158 66 158 66 158 66 158 66 158 65 159 65 159 65 159 65 160 64 160 63 161 63 161 63 161 63 161 62 162 62 162 62 162 61 163 61 162 62 162 61 162 62 162 62 161 62 161 63 161 63 160 63 160 64 159 64 160 64 159 65 158 65 159 65 158 66 157 66 158 66 157 67 155 69 154 70 151 73 149 75 147 78 144 80 142 82 141 83 139 85 138 86 136 88 135 90 133 91 131 93 130 94 129 95 128 96 127 97 126 98 126 98 125 99 124 100 123 101 122 102 122 101 122 102 121 103 121 103 120 104 119 104 120 104 119 105 118 105 119 105 118 106 117 106 117 107 117 107 116 107 116 108 115 109 114 109 114 110 113 111 112 112 112 111 112 112 111 113 110 113 111 113 110 114 109 114 110 114 109 114 109 115 109 114 109 115 108 115 109 115 108 116 107 117 107 116 107 117 107 117 106 119 2 7 96 130 93 132 92 133 90 135 89 135 89 135 89 136 87 137 87 137 87 137 87 137 86 138 86 138 86 138 86 138 86 137 87 137 87 136 88 135 89 134 90 133 91 132 92 131 93 131 93 130 94 129 95 127 97 126 98 124 100 123 101 122 102 120 104 119 105 118 57 11 38 117 55 19 33 116 54 26 27 116 54 30 24 116 53 36 19 115 54 40 14 116 54 43 10 116 55 46 5 118 55 169 55 169 55 169 55 168 56 168 56 85 8 75 56 48 10 14 25 71 56 41 58 69 56 24 77 67 56 19 84 65 56 17 88 62 57 17 90 61 56 16 93 59 56 16 94 58 56 15 97 56 56 15 99 54 56 15 101 52 56 15 103 50 56 15 105 49 55 15 106 48 55 15 108 46 55 15 110 44 55 15 112 43 54 15 114 41 54 15 116 40 53 15 118 38 53 15 120 37 52 15 121 36 52 15 123 35 51 15 125 34 50 14 128 33 49 14 130 31 49 14 132 29 49 14 134 28 48 14 137 25 48 14 138 24 48 14 140 22 48 14 141 21 48 14 143 19 48 14 144 18 48 14 145 17 48 14 145 17 48 14 146 15 49 14 147 13 50 14 149 10 51 14 150 8 52 14 211 12 212 12 213 11 211
2857 1 158 15 46 7 150 27 39 10 144 35 34 12 140 51 21 15 134 57 17 18 130 61 14 20 127 65 12 21 124 69 9 24 120 77 1 26 119 107 115 110 113 112 110 114 109 116 107 118 104 121 102 122 101 123 100 125 98 126 97 127 96 129 94 130 93 131 93 131 92 133 90 134 90 134 89 136 88 136 87 137 87 137 87 137 86 139 85 139 85 139 85 139 85 139 85 138 85 139 85 138 86 137 86 137 87 136 88 111 10 13 89 108 116 104 120 81 7 11 125 80 143 80 144 80 144 79 145 79 145 78 146 78 146 78 146 78 145 79 145 78 146 78 146 78 146 78 146 78 146 78 146 77 147 77 147 17 10 50 147 16 12 49 147 15 14 48 146 16 15 46 147 16 15 46 147 16 15 45 148 16 15 45 148 16 16 44 148 16 16 43 149 16 16 43 149 16 17 42 149 16 17 42 148 17 18 41 148 17 19 40 148 17 20 39 148 17 23 4 7 25 148 17 34 25 148 17 35 24 147 17 36 24 147 17 36 24 147 17 36 24 147 17 36 24 146 18 36 24 146 18 36 24 146 17 37 24 145 18 37 24 144 19 37 24 144 18 37 25 143 19 37 25 143 18 38 25 142 19 37 26 141 20 37 26 140 20 38 26 139 21 38 26 137 22 39 26 136 23 38 27 135 23 39 27 134 23 40 27 133 23 40 28 132 24 40 28 131 24 41 28 129 25 42 28 128 25 43 28 126 26 44 28 125 25 46 28 124 25 47 28 123 25 47 29 123 23 49 29 122 23 50 29 123 20 52 29 124 15 56 29 126 6 63 29 195 28 196 28 196 29 195 29 195 29 195 28 196 28 196 28 196 27 198 26 198 26 198 26 199 25 200 23 202 23 205 19 208 16 211 13 213 11 215 9 216 8 217 7 217 7 217 6 218 5 219 5 219 4 220 3 221 3 222 2 222 1 223 1 223 3 220 3 221 3 221 4 220 4 220 5 219 5 218 7 217 7 217 8 216 8 216 8 215 10 213 11 212 12 212 13 211 12 211 13 211 7 2 4 211 7 218 6 218 6 218 6 219 5 219 6 219 6 219 4 222 1 7497
5254 5 217 9 215 10 213 12 212 13 210 15 209 15 209 16 208 17 207 18 206 18 206 19 51 6 148 20 48 11 145 21 45 15 143 22 43 16 143 23 41 18 143 22 40 20 142 24 37 22 141 25 35 23 141 26 34 23 141 28 31 25 140 30 28 26 140 34 24 26 140 40 17 27 140 49 4 31 140 85 139 85 139 85 139 85 139 86 138 86 138 86 138 86 137 87 137 88 135 89 134 90 133 91 132 92 131 93 131 93 130 94 129 95 129 96 127 96 128 96 127 97 127 97 126 98 126 97 127 97 127 97 127 97 127 97 127 97 127 97 127 97 127 97 127 97 127 97 127 97 127 97 128 96 128 96 129 95 128 96 129 95 128 97 127 97 127 97 126 99 125 99 125 99 125 100 123 101 123 101 123 101 123 102 121 103 121 103 120 105 119 105 118 106 118 106 117 107 116 109 115 109 114 110 113 111 113 111 112 112 111 113 111 114 109 115 109 115 109 115 108 116 108 116 108 117 107 117 107 117 107 117 107 118 106 118 106 118 107 118 106 118 106 118 106 118 106 119 106 118 106 118 106 118 107 117 108 116 108 117 108 116 109 115 110 114 111 113 111 113 112 112 113 111 114 110 114 110 115 109 116 109 115 109 116 108 116 109 116 108 116 109 115 109 116 108 116 108 116 109 115 109 115 110 115 109 115 109 114 110 114 111 113 111 113 111 112 113 111 113 110 114 110 115 109 115 109 115 108 117 107 117 107 117 106 119 105 119 105 119 105 119 105 119 105 120 103 121 103 121 103 121 103 121 103 122 102 122 102 122 102 122 102 122 102 122 102 122 103 121 103 121 103 121 103 121 104 120 104 120 104 120 105 119 105 119 105 119 105 119 106 118 106 118 106 118 106 118 107 117 107 117 107 117 108 117 107 117 108 116 108 116 108 116 109 114 110 114 110 114 110 114 110 114 111 113 111 113 112 111 16
105 10 213 12 211 15 208 16 206 19 205 20 203 21 202 23 200 24 199 25 199 26 197 27 196 28 196 28 195 29 195 30 193 31 193 31 192 32 192 32 191 33 191 33 191 33 190 34 190 34 190 34 189 35 189 35 189 35 188 37 187 37 186 38 186 38 186 38 185 39 185 39 184 40 184 40 184 40 183 41 183 41 182 42 182 42 182 42 182 42 181 43 181 43 181 44 179 45 79 10 89 46 76 14 87 47 74 18 85 47 72 22 82 48 69 27 79 49 68 30 76 51 65 33 75 51 63 35 74 52 61 37 74 52 60 38 73 52 59 40 73 52 58 41 72 53 56 43 72 53 55 44 71 55 53 45 71 55 51 47 70 56 49 49 70 56 48 50 69 59 44 52 69 59 43 53 68 63 36 57 68 65 23 68 68 68 18 70 67 71 14 72 67 74 9 74 66 79 2 77 66 158 65 159 64 160 64 160 63 161 63 161 62 162 62 162 62 161 62 162 62 162 62 161 63 160 63 161 63 161 63 160 64 160 64 160 64 160 63 160 64 160 63 161 63 160 63 161 62 162 62 161 63 161 62 161 62 162 62 161 63 161 63 160 63 161 63 161 63 160 64 160 64 160 64 159 66 158 66 157 67 157 67 156 68 155 69 155 70 153 71 152 73 151 74 149 75 148 77 146 78 145 80 143 81 142 83 140 84 138 86 135 90 131 93 129 96 127 98 125 99 124 101 122 103 120 104 119 106 116 108 115 110 113 111 112 112 111 114 109 115 108 116 107 117 106 118 104 120 103 121 102 121 101 123 100 124 98 126 96 127 94 130 93 131 91 132 91 133 90 134 90 133 90 134 90 133 90 134 90 134 90 133 90 134 90 133 91 133 91 133 90 133 91 133 91 133 91 132 91 133 91 133 91 132 91 133 91 133 91 133 91 132 92 132 92 132 92 132 92 132 91 133 91 132 92 132 92 132 92 132 92 132 92 131 93 131 93 131 93 131 93 130 94 130 94 130 94 130 94 130 94 129 96 128 97 127 98 126 99 125 100 124 102 121 104 120 105 119 107 117 108 116 109 115 110 114 112 111 114 110 115 109 116 108 117 106 119 105 119 105 120 104 120 104 120 104 120 105 119 54
74 13 181 17 1 1 1 27 175 53 169 58 165 62 161 63 161 65 158 69 154 76 147 81 142 86 136 91 132 95 128 98 125 100 123 102 120 105 118 107 116 110 113 112 111 115 108 118 105 122 102 126 97 131 92 134 90 135 88 138 85 141 83 142 82 144 80 145 79 147 76 149 75 150 73 153 71 154 70 155 68 158 66 159 65 161 63 163 61 165 59 166 57 168 57 168 56 170 44 2 8 171 43 3 7 172 42 4 5 173 42 5 3 175 41 5 3 176 40 185 39 185 39 187 36 188 37 188 35 190 34 191 33 192 32 193 31 195 29 196 28 198 26 199 25 200 24 201 23 202 22 203 21 203 21 204 20 205 18 207 17 207 17 207 17 208 15 210 14 210 14 210 14 211 13 211 13 212 12 212 12 213 11 214 10 214 10 216 8 217 7 220 4 221 3 222 2 222 2 223 1 223 1 223 1 223 1 222 2 222 2 221 3 220 4 219 5 218 6 217 7 216 8 216 8 215 9 214 10 214 10 214 10 213 11 212 12 212 12 212 12 212 12 212 12 212 12 212 12 212 12 213 11 213 11 213 11 213 11 213 11 213 11 212 12 212 12 212 12 211 13 210 15 208 16 207 17 205 20 201 24 196 28 191 34 188 36 186 40 183 41 181 41 1 1 179 42 4 1 174 44 178 46 6 3 168 47 6 4 166 49 5 5 164 50 4 7 163 51 3 7 163 51 1 10 163 62 162 63 161 64 158 67 157 68 155 70 153 72 151 74 149 77 144 81 141 84 137 88 135 90 133 92 131 93 130 95 129 96 128 96 128 96 61 2 65 97 32 31 64 98 28 34 64 99 25 36 64 105 16 39 64 107 8 45 64 159 65 159 65 159 65 159 66 158 66 157 67 157 67 157 67 157 68 156 68 156 68 156 68 156 68 156 68 156 69 155 69 155 69 155 70 154 70 155 69 155 69 155 70 154 70 155 69 155 69 155 70 154 70 155 69 155 69 156 67 157 67 158 66 158 66 159 65 160 43 5 16 161 41 7 14 163 38 12 11 164 37 13 9 167 33 17 6 172 29 18 4 175 26 200 23 203 20 206 17 211 1 1 9 218 4 1437
12053 8 211 16 206 20 202 24 199 27 195 31 192 33 189 36 187 37 185 40 183 41 182 43 180 44 179 47 176 50 172 54 169 56 167 59 164 60 162 63 160 64 158 67 156 68 153 71 151 73 148 76 145 79 74 13 55 81 72 42 24 85 71 58 5 89 71 152 70 154 69 154 68 155 68 154 68 153 70 153 70 153 70 153 71 152 70 154 69 155 68 157 67 157 66 158 65 159 65 159 64 160 64 160 64 160 63 161 62 162 62 162 61 163 60 164 59 165 57 167 55 169 54 169 53 171 52 172 50 174 49 175 48 175 48 176 47 177 47 177 46 178 45 179 44 179 44 180 43 181 42 181 43 180 43 181 42 181 42 182 42 181 42 181 42 182 42 181 42 182 42 181 42 181 43 179 45 176 47 175 49 174 50 172 52 172 52 171 52 171 52 172 52 171 53 98 5 67 54 96 8 66 54 96 9 64 55 95 12 62 56 51 6 37 13 60 58 46 11 35 16 57 59 44 14 34 19 54 60 41 16 33 24 49 61 40 18 32 33 39 62 37 21 31 38 35 62 37 21 31 39 33 64 20 11 1 25 30 42 31 64 18 39 30 43 29 66 15 41 29 45 28 68 12 42 28 47 26 76 1 46 27 48 26 123 27 48 26 123 26 49 25 124 25 51 24 124 24 52 23 125 23 52 24 125 22 53 24 124 23 53 24 124 22 54 23 125 22 54 23 124 23 54 23 124 22 55 23 124 22 55 22 125 21 56 22 125 21 57 21 125 21 57 21 125 20 59 19 126 20 59 19 126 20 60 17 128 18 61 17 128 19 61 16 128 19 61 16 128 19 61 17 127 19 61 17 127 19 61 18 126 20 60 18 126 21 60 19 124 21 59 21 123 22 59 21 123 21 59 21 123 22 58 21 123 22 58 21 123 22 59 20 124 21 59 20 124 20 61 18 125 20 63 13 128 19 206 18 207 15 210 12 213 9 4847
183 13 117 6 87 15 113 10 85 17 110 14 82 19 108 17 78 21 107 20 75 23 105 34 61 24 104 35 60 26 102 37 58 27 102 37 57 29 100 39 54 31 99 40 53 33 98 41 51 34 98 41 50 36 96 44 5 5 37 37 95 56 35 38 94 59 32 41 92 59 32 41 91 61 30 43 90 62 29 44 88 65 26 46 86 67 24 47 86 69 20 50 85 70 18 51 84 72 15 54 82 74 13 56 81 75 10 59 79 77 7 61 78 147 77 147 76 148 76 149 74 150 74 151 73 151 73 152 72 152 71 154 70 154 70 154 70 154 69 155 69 155 69 155 68 156 68 156 68 156 68 156 67 157 67 157 67 157 67 157 67 157 66 159 65 159 65 160 64 161 63 161 63 162 62 162 62 163 61 163 61 163 61 163 61 163 62 162 62 162 62 162 61 163 61 163 61 163 61 163 61 163 61 163 61 163 61 163 61 164 60 164 60 164 60 164 60 164 60 164 60 164 60 164 60 164 60 164 60 164 60 164 60 164 60 163 62 161 63 161 63 160 64 159 66 157 67 156 68 153 72 150 75 146 78 144 81 142 20 3 59 141 20 6 57 141 19 9 55 141 18 12 53 140 19 15 51 139 19 19 47 139 19 22 44 138 20 24 41 139 20 26 39 139 20 28 36 140 20 30 32 141 21 33 23 147 21 35 15 153 21 203 21 203 21 203 21 203 21 203 21 203 21 203 21 204 20 204 20 204 20 204 20 204 20 205 19 205 19 205 19 205 19 205 19 205 19 205 19 206 18 206 18 206 18 206 18 207 17 207 17 207 17 207 17 208 16 208 16 208 16 209 15 209 15 209 15 210 14 210 14 210 14 210 14 210 14 210 14 210 14 210 14 210 14 209 15 209 15 209 15 209 15 209 15 208 16 208 16 208 16 208 16 208 16 207 17 207 17 207 17 207 17 207 17 206 18 206 18 206 18 206 18 205 19 205 19 205 19 205 19 204 20 204 20 204 20 203 21 203 21 202 22 202 22 201 23 201 23 200 24 200 24 199 25 199 25 198 26 197 27 197 27 196 28 195 29 194 30 194 30 193 31 192 32 191 33 190 34 188 36 186 38 185 39 183 41 181 43 180 44 180 44 179 45 179 45 178 46 178 46 178 46 177 47 177 47 176 48 175 49 174 50 172 52 170 54 166 58 165 59
5010 25 196 29 192 34 189 36 187 38 186 39 183 43 181 44 179 47 176 50 172 53 170 55 168 57 165 59 163 62 161 63 160 65 157 68 154 71 152 73 150 75 148 76 147 77 146 78 145 80 143 81 141 84 138 86 136 88 135 89 134 91 132 92 131 94 129 96 128 97 126 99 125 100 123 102 122 103 120 104 120 105 118 106 117 108 116 108 115 110 114 111 112 113 110 114 1 1 108 120 103 123 101 125 98 126 98 128 95 130 93 134 89 135 88 138 85 140 83 143 81 144 79 147 76 149 75 150 73 152 72 153 71 155 68 157 67 159 64 161 63 162 62 163 60 165 59 166 58 166 58 167 57 168 55 171 53 174 50 178 46 179 45 180 43 182 42 182 42 182 42 182 42 182 42 182 42 184 40 185 39 186 38 187 37 187 37 188 36 187 38 186 37 187 37 187 37 187 38 174 2 10 38 173 4 8 39 173 5 8 38 173 6 6 39 174 7 3 40 175 7 1 41 175 8 1 40 175 50 174 50 174 50 174 50 175 50 173 51 174 50 173 52 170 54 168 56 166 59 165 59 164 60 163 62 161 63 160 65 159 65 158 66 158 66 157 67 156 66 158 64 159 62 161 62 162 61 162 61 162 61 162 62 162 61 162 61 162 62 162 61 162 61 163 61 163 60 164 59 165 59 165 58 166 58 167 56 168 56 169 54 171 53 171 52 173 51 174 50 174 50 175 49 175 49 176 48 176 48 176 48 176 48 176 48 176 48 82 2 92 48 77 10 89 48 75 13 88 48 73 16 87 48 72 18 86 48 71 20 84 49 70 22 83 49 69 24 82 49 68 25 81 50 67 27 80 50 65 29 79 51 63 31 78 52 61 33 78 52 58 36 77 53 56 39 75 54 53 42 75 54 50 45 74 55 49 46 74 55 46 49 73 57 44 51 72 59 40 53 71 64 34 55 70 67 29 58 70 69 23 62 69 71 17 68 67 157 67 158 65 159 65 160 64 161 62 163 60 165 59 167 55 173 50 179 44 185 37 191 3 2 25 209 10 973
3165 5 218 9 214 12 211 14 210 15 208 17 207 19 204 21 203 22 202 23 104 3 94 24 100 9 91 25 96 14 88 27 94 16 87 27 93 17 87 28 90 20 86 29 88 21 86 30 86 22 86 30 85 23 86 31 83 24 86 32 81 26 85 33 79 27 85 33 78 28 85 34 76 29 85 34 75 30 85 35 73 31 86 34 72 32 86 34 71 33 86 35 69 34 86 35 68 35 86 35 67 36 86 36 65 37 86 36 63 39 86 38 60 40 86 39 57 42 86 42 52 44 86 45 48 45 86 48 43 47 86 62 28 48 87 71 17 48 88 77 9 51 87 136 88 136 89 135 89 135 89 135 90 133 91 133 91 133 92 132 92 132 92 131 93 131 93 131 93 130 94 130 94 130 94 129 96 128 96 128 96 127 96 128 96 128 96 127 97 127 97 127 97 127 97 127 97 127 97 127 97 126 98 126 98 126 98 126 98 126 99 124 99 125 99 125 99 124 100 124 100 124 100 123 101 123 101 123 101 123 101 123 101 123 101 123 101 123 101 123 101 123 101 124 100 124 99 125 100 125 98 126 99 125 99 125 99 126 98 126 98 126 98 127 97 127 98 126 98 127 97 127 97 127 97 127 98 126 98 126 98 126 98 126 98 126 98 126 99 125 99 126 98 126 98 126 98 126 98 126 98 126 98 126 98 126 98 126 98 126 98 126 98 126 98 126 98 126 98 126 99 125 99 125 99 125 100 124 100 124 101 124 100 124 100 124 100 124 101 123 102 122 103 121 103 121 104 120 105 119 106 119 106 118 107 118 106 118 107 117 107 118 107 118 106 118 106 119 106 118 106 119 105 119 105 120 105 120 104 120 104 121 103 122 102 122 102 123 101 124 100 125 99 125 99 126 98 126 98 127 97 128 96 129 95 129 95 130 94 130 94 131 93 131 93 132 92 132 93 132 92 133 91 134 90 134 90 135 89 135 89 135 89 135 89 135 90 135 89 135 89 135 89 135 89 136 88 136 88 136 88 136 88 136 88 136 89 135 89 134 90 133 91 132 92 131 94 128 96 124 101 74 3 21 3 1 1 15 108 22 7 39 13 5 183 1 1 1 1 13 219 1 1 1 559
135 7 214 13 209 17 206 20 203 23 201 24 200 26 199 26 198 27 198 27 198 27 198 27 199 26 199 25 201 24 201 24 202 22 203 21 205 20 204 20 206 19 205 19 206 18 207 17 208 17 207 17 208 16 208 17 207 17 207 17 208 17 207 17 207 18 207 17 207 17 207 18 207 17 207 17 207 18 206 18 207 17 207 17 207 17 207 17 207 17 207 17 207 17 207 17 207 17 207 17 207 17 207 17 206 18 206 18 206 18 206 18 205 19 205 19 205 18 205 19 205 19 205 19 205 19 204 20 204 20 204 20 204 20 203 21 203 21 202 22 188 7 6 23 184 40 181 43 179 45 178 45 178 46 176 48 175 49 174 50 174 50 173 52 171 54 169 56 168 57 166 59 164 61 163 62 161 64 159 66 156 69 153 71 150 75 124 9 8 84 120 104 119 106 117 107 116 109 114 110 114 111 112 113 111 113 111 114 109 116 108 116 108 117 107 118 106 118 106 119 105 119 105 120 104 120 105 120 104 120 104 121 104 120 104 120 104 121 104 120 104 120 105 119 106 119 106 118 107 117 110 114 126 99 126 98 127 97 127 97 127 97 127 98 125 99 125 99 125 99 124 100 124 100 124 100 124 100 124 99 124 100 124 100 124 99 125 99 125 98 126 97 127 97 127 96 128 95 129 94 130 94 130 93 131 92 132 91 133 90 134 89 135 89 135 88 137 86 138 86 138 85 139 85 140 84 140 83 141 83 141 83 142 82 142 82 142 82 142 82 142 82 143 81 143 81 143 81 144 80 144 80 144 79 145 79 145 79 146 78 146 77 148 76 148 76 148 75 150 74 150 73 152 72 152 71 153 70 155 69 155 68 156 68 157 66 159 65 159 64 161 63 161 62 163 61 163 60 165 59 165 59 166 57 167 57 168 56 168 56 168 55 169 55 169 54 170 54 170 53 171 28 2 22 172 51 173 29 2 18 174 30 3 15 175 30 6 8 180 30 194 29 195 28 196 28 196 27 197 26 199 25 200 23 202 20 208 15 212 10 94
151 6 217 9 214 11 211 14 209 16 207 17 207 18 205 20 204 20 203 21 202 23 201 23 200 25 199 25 199 25 198 26 198 27 197 27 196 28 196 28 195 30 194 30 194 30 193 31 193 32 192 32 191 33 191 33 191 33 190 35 189 35 189 35 188 37 187 37 186 38 186 38 186 38 186 38 186 38 185 39 185 39 185 40 101 7 75 41 98 14 71 41 96 19 67 42 95 22 65 42 94 25 62 43 94 27 60 43 93 30 57 45 92 32 54 46 92 34 51 47 92 36 48 48 92 38 45 50 91 40 41 52 91 42 36 55 91 43 30 61 90 45 24 65 91 46 20 67 91 48 16 69 91 49 13 71 91 51 8 74 92 132 92 132 92 132 93 131 93 131 93 132 93 131 93 131 93 132 93 131 93 131 94 130 94 130 94 130 95 129 95 129 96 128 96 128 96 128 97 127 97 127 98 126 99 125 99 125 100 124 101 123 101 123 102 122 102 123 102 122 102 122 103 121 104 120 104 120 105 119 106 118 106 118 107 117 108 116 109 115 110 114 112 112 113 111 114 110 114 110 115 109 115 109 116 108 116 108 117 106 118 106 119 105 119 105 120 104 121 103 121 102 122 102 122 102 122 102 113 1 6 104 101 123 94 130 89 135 83 140 77 147 70 154 68 156 66 158 64 160 62 162 60 164 59 164 60 165 58 166 59 165 60 164 61 163 62 162 63 161 65 159 66 158 67 158 68 156 70 154 72 152 75 149 78 146 81 144 82 142 85 139 87 137 89 135 90 134 91 132 94 130 95 129 96 128 98 126 99 125 100 124 102 122 103 120 105 119 107 117 108 115 110 114 112 112 113 110 114 110 115 109 116 107 118 106 118 106 119 104 121 103 122 102 123 100 124 100 125 99 125 98 127 97 127 96 128 96 129 94 130 94 131 92 132 91 133 91 133 90 135 89 135 88 137 87 137 86 138 86 138 85 139 85 139 84 140 84 141 82 142 82 143 80 144 80 145 78 147 77 147 76 149 75 149 75 150 73 151 73 151 72 152 72 152 71 154 70 154 69 156 68 156 67 157 67 158 65 159 65 160 64 160 63 161 62 163 61 76
7282 8 214 11 212 13 210 14 209 16 206 18 205 19 204 20 203 22 200 24 198 26 197 28 195 29 193 32 191 33 190 34 189 36 187 37 186 38 185 39 184 40 183 41 182 42 181 43 180 45 179 45 178 46 177 48 175 49 174 51 172 52 172 53 170 55 168 56 167 58 165 59 164 61 163 61 162 62 161 64 159 65 158 66 157 68 155 69 154 70 153 71 152 72 151 73 150 74 149 75 148 76 148 76 147 78 145 79 144 80 143 81 142 82 142 82 140 83 140 84 138 86 136 87 136 87 135 88 135 88 135 88 134 88 135 74 4 9 136 73 151 73 150 73 150 74 150 74 149 75 149 75 148 76 148 76 147 77 147 77 146 78 146 78 146 78 145 79 145 79 145 79 144 79 145 79 145 79 145 79 145 79 145 79 144 79 145 79 145 79 144 80 144 80 144 79 144 80 144 80 144 80 144 79 145 79 144 80 144 80 144 80 144 79 145 78 146 78 146 77 147 77 147 77 148 75 149 75 149 75 149 75 149 75 149 75 149 75 149 75 149 75 149 75 149 75 149 74 150 74 150 74 149 75 148 76 148 76 148 76 148 76 149 75 149 75 149 75 149 75 149 75 149 75 149 75 149 75 149 75 149 75 149 75 149 75 148 76 148 76 148 76 147 77 147 77 147 77 147 78 146 79 145 83 141 88 137 91 133 93 131 95 129 96 128 96 128 97 129 95 129 95 130 94 131 94 132 91 134 90 135 89 137 86 140 83 147 75 176 17 5 1 1 1 1 1 4 6 1 1 1 1 5262
2140 4 218 8 215 9 214 11 212 13 210 14 210 14 209 16 207 17 206 18 205 19 204 21 202 22 202 23 200 24 199 26 197 28 194 31 192 32 190 35 187 37 186 39 184 40 182 43 181 44 179 45 178 46 178 47 176 48 175 50 174 50 173 52 171 54 170 54 169 56 167 57 166 58 165 58 166 58 165 59 164 59 165 59 164 60 164 60 163 61 163 60 163 61 163 60 163 61 163 60 164 60 164 59 164 60 164 59 165 59 165 58 165 58 166 57 167 56 168 54 170 53 171 52 172 51 172 51 173 50 174 49 175 48 176 47 176 47 177 46 178 45 178 46 178 45 178 45 179 45 178 45 179 44 180 44 179 44 180 44 180 44 180 44 179 45 179 45 179 45 179 45 179 45 178 46 178 46 178 46 178 46 178 46 178 46 178 47 177 48 176 48 176 49 175 49 174 51 173 51 173 52 172 52 172 53 172 52 172 52 172 53 172 52 172 52 172 53 172 52 172 53 171 53 171 54 170 55 170 55 169 57 168 60 164 65 159 66 158 66 159 66 158 67 157 68 157 68 156 69 155 70 154 70 155 70 154 71 154 71 153 71 154 71 153 71 154 71 153 72 153 72 153 71 153 72 152 72 153 72 153 72 153 71 154 71 154 70 154 71 154 70 154 71 154 71 153 71 154 71 154 71 153 71 154 45 3 23 153 44 5 22 154 43 6 21 154 42 7 22 153 42 8 21 153 42 8 21 153 42 9 21 153 41 9 21 153 40 11 20 154 39 11 20 154 39 12 20 154 38 12 20 154 38 13 20 154 36 15 19 154 36 16 18 154 37 15 19 154 36 16 18 154 36 16 19 153 36 16 19 153 36 17 19 152 36 18 18 152 36 18 18 152 35 20 17 152 35 21 16 152 34 23 15 152 34 25 13 152 33 27 11 153 32 29 9 154 32 31 6 154 33 191 33 191 32 193 31 193 31 195 28 198 26 200 24 201 22 203 21 204 19 206 18 206 18 206 17 208 15 209 15 209 14 211 12 212 11 215 8 218 1 1 1 3017
362 9 214 11 212 13 154 7 49 16 150 11 46 18 148 14 43 19 147 16 42 20 145 18 40 22 143 20 38 24 141 22 36 25 141 23 35 26 140 24 33 27 139 26 32 28 138 27 30 30 137 29 28 30 136 32 25 31 136 35 21 33 134 38 18 35 133 39 15 37 133 41 11 39 133 42 8 42 131 93 131 93 131 94 130 94 129 95 129 95 129 96 128 96 127 97 127 97 127 98 125 99 125 99 124 101 123 101 123 102 122 103 121 104 119 105 119 106 118 107 117 107 116 108 116 108 116 109 115 109 115 110 114 110 113 112 112 113 110 114 110 115 109 116 107 117 106 119 105 120 104 120 103 122 102 123 101 123 100 125 99 125 99 126 97 127 97 128 96 129 94 130 94 130 93 132 92 132 92 132 91 133 91 133 91 133 90 134 90 134 89 135 89 135 89 135 89 135 88 136 88 136 88 136 87 137 87 137 87 137 86 138 85 139 85 140 83 141 82 142 82 142 81 143 81 143 80 145 79 145 78 146 78 146 77 147 77 147 77 148 76 148 75 149 75 149 75 149 75 150 74 150 74 150 74 151 73 151 73 151 73 151 73 151 73 151 74 151 73 150 74 151 73 151 74 150 74 149 76 148 76 148 76 148 76 148 76 148 76 148 77 147 77 147 77 147 77 147 77 146 78 146 78 145 79 144 81 143 80 143 81 142 82 142 82 142 82 141 83 141 83 141 83 141 83 141 83 141 83 141 83 141 83 141 83 141 83 141 84 140 84 140 84 140 84 140 84 140 85 138 86 138 86 138 86 138 86 137 88 136 88 136 88 135 89 135 89 134 90 134 91 133 91 132 93 131 93 131 93 130 95 129 95 129 95 128 96 128 97 126 98 126 98 126 98 125 99 125 100 123 101 123 101 122 103 120 104 120 104 118 107 116 108 111 113 109 116 107 118 105 120 103 123 100 125 99 126 97 129 94 132 91 134 89 136 87 137 86 139 85 140 83 142 81 145 79 146 77 149 75 149 74 151 73 152 71 153 69 155 67 158 64 161 62 162 61 163 61 164 59 165 59 165 59 166 58 166 57 169 54 171 51 90
106 33 190 35 188 37 186 38 186 39 184 40 184 40 85 4 94 41 84 8 91 41 83 11 88 42 82 15 85 42 82 17 82 43 82 19 80 43 82 21 77 44 82 23 74 46 81 24 73 46 81 26 70 47 81 27 69 47 81 29 66 48 81 30 65 48 81 32 62 49 81 33 60 50 81 35 58 50 81 36 57 50 81 38 54 51 81 39 52 52 81 40 51 52 81 41 49 52 82 42 48 52 82 43 46 53 82 45 44 53 82 46 42 54 82 47 39 56 82 48 26 68 82 49 22 71 82 50 17 75 82 51 11 80 82 142 82 142 83 141 83 141 83 141 84 140 84 140 85 139 85 139 86 138 86 138 87 137 87 136 89 135 89 135 90 134 90 133 92 132 92 131 93 131 94 129 95 129 95 128 96 128 97 127 97 127 97 127 98 126 99 125 99 126 99 125 100 125 100 125 100 126 99 126 99 126 99 126 99 126 99 126 99 126 99 126 99 126 99 126 99 126 100 125 99 126 99 125 100 125 99 125 100 125 100 124 100 125 99 125 100 125 99 125 99 126 98 126 99 126 98 126 98 128 96 128 96 129 95 130 95 131 93 132 92 133 91 134 91 134 90 134 90 135 89 136 89 136 88 136 88 137 87 137 88 137 87 137 87 138 86 138 87 138 86 138 86 139 86 138 86 139 85 139 85 139 85 139 85 139 85 139 85 139 84 141 83 141 83 141 84 140 84 140 84 141 83 141 83 141 83 141 83 142 82 142 83 141 83 141 83 142 82 142 83 141 83 141 83 141 83 140 85 139 85 139 85 139 85 139 86 138 86 138 86 138 86 137 88 136 88 136 88 135 89 135 89 135 89 134 90 134 90 134 90 133 91 133 90 133 91 133 91 132 92 131 93 130 94 128 95 128 96 126 98 122 101 120 104 118 106 116 107 115 108 114 110 112 111 110 114 108 115 108 115 107 115 107 116 106 116 106 117 105 118 104 120 102 122 101 123 98 126 97 128 94 131 92 132 91 134 88 138 85 141 82 145 77 151 72 156 66 160 63 165 58 170 53 172 51 174 49 175 48 177 46 178 44 181 42 182 41 183 40 186 37 188 35 190 33 193 27 200 16 212 7 1486
10252 13 205 33 189 37 184 41 181 43 96 13 70 45 94 17 67 46 91 22 63 46 73 2 16 26 60 45 73 9 7 33 56 42 76 51 54 41 77 54 50 42 78 55 46 44 79 57 42 46 79 58 37 49 81 62 2 1 1 14 8 55 81 143 82 142 83 140 84 140 84 140 85 139 85 138 87 137 87 137 87 136 88 136 89 135 89 135 90 133 91 133 92 132 92 132 93 130 94 130 95 129 95 129 96 127 97 127 98 126 98 126 99 124 100 124 101 123 101 122 103 121 103 121 104 119 105 119 106 118 106 118 107 116 109 115 110 114 111 112 114 110 115 109 117 107 120 104 124 100 125 99 126 98 127 97 127 98 127 97 127 98 126 98 126 99 125 100 125 99 125 100 124 101 122 102 122 102 122 102 121 103 120 105 118 106 118 106 117 107 116 108 115 109 114 110 113 111 113 111 112 112 112 112 111 113 110 114 110 114 109 115 108 116 108 117 106 118 106 118 105 119 104 120 103 121 102 122 101 123 100 123 100 124 98 126 97 126 97 127 96 127 96 127 96 127 96 126 97 125 98 124 99 122 102 110 113 110 114 110 113 111 113 110 113 111 112 112 112 112 111 113 111 113 110 114 110 114 110 114 109 115 109 115 109 115 108 116 108 116 108 116 107 117 107 117 107 117 106 118 106 118 105 119 105 119 104 120 104 121 103 121 103 120 103 121 103 121 103 122 101 122 102 123 101 123 100 124 100 124 99 125 97 128 94 130 93 131 93 131 92 132 92 131 92 132 92 132 92 132 92 131 93 131 92 132 92 131 93 130 94 130 93 129 95 128 95 128 96 127 96 127 97 126 97 126 98 126 98 125 99 124 100 123 101 123 102 121 80
13078 18 204 22 199 27 195 30 191 35 188 36 186 39 184 41 182 43 180 44 180 45 178 47 177 48 176 49 174 55 169 58 166 60 164 62 162 63 161 64 160 65 159 66 158 67 157 68 156 68 156 69 154 71 153 71 153 72 151 74 150 74 149 76 148 77 146 78 145 80 144 80 143 82 142 83 141 84 139 86 138 87 137 87 137 88 136 88 136 88 136 88 136 88 136 88 136 88 136 87 137 87 137 87 138 85 139 85 139 84 140 84 140 83 142 82 142 82 142 82 143 80 144 80 144 80 144 80 144 80 144 80 144 79 146 78 146 78 146 78 146 78 147 77 147 77 147 77 147 77 147 77 147 77 147 77 147 77 147 77 147 77 147 77 147 77 147 76 148 76 148 21 4 51 148 19 9 48 149 17 11 47 149 17 12 45 150 17 12 45 150 17 13 45 150 16 13 45 150 15 15 44 150 15 15 44 150 15 15 44 151 14 15 44 151 14 15 44 151 14 15 44 151 14 15 44 152 12 16 43 153 12 16 43 153 12 16 43 153 12 15 44 154 11 15 44 154 12 14 44 154 12 14 45 154 11 14 44 154 12 14 44 154 13 12 45 154 13 12 45 154 13 12 45 154 13 12 45 155 12 12 45 155 12 12 45 155 13 11 45 155 13 11 45 155 13 11 45 155 13 12 44 155 13 12 45 154 13 12 45 154 13 13 44 154 13 13 44 155 12 13 44 155 12 13 45 154 12 12 46 153 13 12 47 152 13 12 47 152 13 11 48 151 14 10 50 150 14 10 50 149 15 9 51 148 16 9 51 148 16 8 52 147 16 8 53 146 18 7 53 145 18 7 54 144 20 5 55 144 20 4 57 143 20 3 57 144 20 3 35 3 19 145 19 3 33 171 16 4 30 179 9 9 21 189 3 19 9 5044
7932 9 212 15 208 19 203 22 201 25 198 27 196 29 194 31 192 32 192 33 190 35 188 36 188 37 186 38 186 38 186 39 185 40 184 40 184 41 182 43 181 43 181 45 179 47 177 49 175 51 172 54 170 55 169 57 167 58 165 60 164 61 163 63 160 64 160 66 158 68 155 70 154 71 153 72 151 74 150 76 147 78 145 80 144 82 142 84 139 87 137 88 136 89 135 90 133 92 132 93 131 93 131 94 129 95 129 95 129 95 129 95 129 95 129 95 129 94 130 95 129 95 129 95 129 95 129 95 129 96 128 96 129 95 129 96 128 96 128 97 128 96 128 97 127 97 127 97 127 97 127 98 126 98 127 97 127 98 126 98 126 98 126 98 126 99 125 99 125 99 125 100 124 100 124 100 124 100 124 23 3 74 125 21 4 74 125 20 6 74 124 20 6 74 125 18 8 73 125 18 8 73 125 18 8 73 126 16 10 72 126 16 10 72 126 16 10 72 127 15 11 71 127 15 11 71 127 15 11 70 128 15 11 70 129 14 12 68 130 14 12 68 130 14 12 68 130 14 12 67 131 14 12 67 132 13 12 66 133 14 11 65 134 14 12 63 135 14 12 63 135 14 12 62 137 13 12 62 137 13 12 61 138 14 11 61 138 14 12 60 138 14 12 59 140 13 12 59 140 14 12 57 141 14 12 56 142 14 12 56 142 14 13 55 142 15 12 54 143 15 12 54 143 15 13 53 143 15 13 52 144 15 14 27 6 18 144 15 15 24 10 16 144 15 15 23 12 14 145 15 16 21 13 14 145 15 16 21 14 11 148 14 16 21 15 4 1 1 22 1 129 13 18 19 43 4 128 12 18 19 45 2 129 10 19 20 176 8 21 19 205 19 18 2 185 19 17 4 185 18 17 3 186 18 17 3 186 19 16 3 187 18 16 3 187 18 17 1 188 18 207 18 206 18 207 17 207 17 208 17 207 17 207 18 207 17 207 17 207 18 207 17 207 18 207 17 207 17 207 18 207 18 207 17 207 18 207 17 207 17 208 16 209 15 211 12 216 7 4567
1231 9 212 14 209 17 202 24 193 32 189 38 184 42 180 46 176 49 173 53 169 56 166 59 164 61 162 63 160 65 159 66 157 67 156 69 154 71 152 73 151 73 150 75 148 77 147 77 146 79 145 80 143 81 143 82 142 82 141 83 141 84 140 84 139 86 138 86 138 86 137 87 137 88 136 88 135 89 135 90 134 90 133 91 133 91 133 92 131 93 130 94 130 94 128 97 126 98 125 99 125 99 124 101 122 102 121 103 121 104 119 105 119 105 118 107 117 107 117 108 115 109 115 110 114 110 114 111 113 112 112 112 112 113 111 113 111 114 110 114 110 115 109 115 109 115 109 115 109 115 108 116 108 116 108 116 108 117 107 117 107 117 107 117 107 117 107 117 107 117 106 118 106 118 106 119 105 119 105 119 104 120 104 121 103 121 103 122 102 122 102 123 101 123 101 123 100 125 99 125 99 126 98 126 98 126 97 127 97 127 96 128 96 128 95 129 95 129 94 130 93 132 92 132 91 133 90 135 88 136 88 137 86 139 85 140 83 142 82 142 82 143 80 144 80 145 79 145 79 145 79 145 78 146 78 147 77 147 44 3 30 147 44 3 30 147 45 2 29 148 45 1 30 148 76 148 76 148 75 149 75 149 75 149 75 149 75 149 75 149 76 148 76 148 76 148 76 148 76 148 76 148 76 148 76 148 75 148 76 148 76 148 76 148 77 146 78 145 79 145 80 143 81 143 81 143 82 142 82 142 83 141 84 139 86 138 87 137 88 135 90 133 92 131 93 131 95 129 99 124 102 122 104 119 110 114 114 110 117 107 121 103 123 95 1 4 126 92 3 2 128 89 136 88 137 83 2 1 139 82 143 81 144 80 145 79 146 77 148 51 6 18 150 42 15 11 3 1 153 39 18 9 159 38 19 8 160 36 21 6 162 34 22 1 2 3 164 32 192 31 194 30 194 29 195 29 195 28 196 28 197 27 197 26 198 26 199 25 200 23 201 23 202 21 204 18 207 16 209 13 211 11 214 7 218 3 1465
1650 3 219 8 215 11 212 14 210 15 208 18 206 18 206 19 205 20 204 22 41 8 152 23 39 12 150 25 35 15 150 25 33 17 149 29 1 1 25 19 149 39 15 21 149 43 9 23 150 73 151 73 151 73 152 72 152 71 153 71 154 70 154 69 155 69 156 67 157 67 157 67 157 66 159 64 161 62 163 61 163 60 165 59 166 57 167 56 168 56 169 54 170 54 170 53 171 53 171 53 170 53 171 53 172 52 171 54 170 54 170 54 170 55 169 56 168 56 168 56 168 57 167 57 167 57 167 57 167 57 167 56 168 56 168 56 168 55 169 55 169 54 169 55 169 55 169 54 170 54 170 55 168 56 168 57 167 58 165 60 164 61 163 62 161 64 160 65 159 66 158 66 158 67 156 69 155 70 154 72 152 72 152 73 151 74 150 74 150 75 149 75 149 76 148 77 147 77 147 78 146 79 145 80 144 81 144 82 142 83 141 84 140 85 139 86 138 86 138 87 137 87 138 86 138 86 138 85 138 86 138 85 139 83 141 81 143 80 144 67 4 6 147 65 159 65 159 64 160 65 160 64 160 64 160 64 160 65 159 65 159 65 159 65 159 65 159 65 159 65 159 65 159 65 159 65 159 65 158 66 158 66 158 65 159 65 158 66 158 66 158 66 157 67 157 67 156 68 156 68 156 68 156 68 155 69 156 67 157 67 157 67 157 67 157 67 157 67 157 67 157 67 157 67 157 67 157 67 156 68 156 68 156 68 156 68 156 68 156 68 156 67 158 66 158 66 157 67 158 67 157 67 157 68 156 68 156 68 156 69 154 70 154 70 154 71 153 71 153 71 153 71 152 72 152 73 151 73 151 73 151 72 152 71 153 70 154 69 155 68 156 67 157 66 158 65 159 63 161 62 162 62 162 61 163 61 163 61 163 61 163 61 163 61 163 29 2 30 163 27 5 29 163 26 8 27 162 26 9 27 162 26 10 26 161 27 10 26 161 26 11 26 161 26 12 26 160 26 12 26 159 26 13 26 159 26 14 25 159 25 16 24 159 25 16 24 159 24 19 22 159 24 20 21 160 22 23 18 162 20 26 15 163 20 27 13 165 18 30 9 90
57 103 120 107 117 108 115 110 114 111 113 111 113 112 113 111 113 112 112 112 112 112 113 112 112 112 112 113 112 112 112 112 112 113 112 112 112 113 111 113 112 112 112 112 112 113 112 112 112 112 112 113 112 112 112 112 112 112 112 112 113 111 113 112 113 111 113 111 113 112 113 111 113 111 113 112 113 111 113 111 113 112 113 111 113 111 113 111 113 112 112 112 112 112 112 112 112 113 111 113 111 113 111 113 111 113 110 115 109 115 109 115 108 116 108 117 107 117 106 118 106 118 106 118 105 120 104 120 103 122 102 122 102 122 101 123 101 123 101 123 100 124 100 124 99 124 100 124 100 124 99 125 99 124 100 124 99 125 99 25 4 96 99 23 7 94 99 24 8 93 99 23 9 93 99 22 10 92 99 22 12 91 99 21 13 91 99 20 15 90 98 21 15 90 98 20 16 90 97 21 17 89 97 20 18 89 96 20 19 89 96 19 21 88 95 20 21 88 95 20 21 88 94 20 22 88 92 21 24 87 89 24 24 86 87 26 25 86 86 26 26 86 85 27 26 86 85 26 26 88 83 26 27 88 83 26 27 88 83 25 27 89 83 25 25 91 83 24 23 94 83 23 24 94 84 20 25 96 84 17 27 96 86 13 30 95 130 93 134 1 3 86 141 83 142 81 155 69 184 39 188 36 190 33 191 33 192 31 193 31 193 31 193 31 192 32 192 32 191 32 192 32 191 33 190 34 189 34 189 35 188 35 189 35 188 35 188 36 186 37 187 37 186 37 186 37 186 38 185 38 185 38 185 39 183 40 183 40 183 41 182 41 182 41 181 42 181 41 181 42 181 42 179 43 179 43 178 45 177 45 177 46 176 47 172 51 170 52 169 54 167 56 165 58 164 58 163 60 161 62 160 63 159 63 159 64 159 62 161 61 163 59 164 59 164 59 164 59 165 56 167 56 168 52 171 49 175 43 181 41 182 26 198 22 202 20 204 18 206 17 207 16 208 15 209 15 209 15 209 15 209 15 209 15 209 15 209 15 209 15 209 15 209 15 209 15 210 14 210 14 210 14 210 14 211 12 212 12 213 10 216 8 3732
738 1 220 8 214 11 212 13 211 14 209 16 208 16 207 18 206 18 205 20 204 21 203 21 203 21 202 23 201 23 201 24 200 24 200 25 199 25 198 27 197 27 197 28 196 28 196 28 196 29 195 29 195 30 194 30 194 31 192 33 191 34 190 35 188 38 186 42 182 45 179 46 177 48 176 50 174 52 172 53 170 56 168 58 35 9 121 61 27 16 120 63 21 21 118 65 18 23 118 69 10 28 116 108 116 108 115 108 116 108 116 108 115 109 115 109 115 108 116 108 116 108 115 108 116 108 116 108 116 107 117 106 118 106 117 106 118 105 119 105 119 104 120 103 121 103 120 103 121 102 122 101 123 100 124 100 124 99 125 98 126 98 126 97 127 96 127 96 128 96 128 95 129 95 129 95 128 95 129 96 127 97 126 98 125 100 22 9 92 101 20 13 89 102 12 27 80 106 8 32 77 109 3 36 74 151 71 154 68 157 63 162 58 167 55 170 52 172 52 174 49 175 48 178 45 179 45 180 44 180 44 181 43 181 43 182 42 183 42 182 42 183 41 29 3 151 42 26 7 150 42 23 10 150 41 20 13 150 43 16 16 150 44 12 18 150 48 3 23 151 73 151 73 152 72 152 72 152 72 152 72 153 71 153 71 153 71 153 71 153 71 153 72 152 72 153 71 153 71 153 72 153 71 153 71 153 71 154 71 153 72 152 72 152 72 152 73 151 74 150 74 150 74 149 76 147 77 144 81 142 82 142 82 142 82 141 83 141 83 141 84 141 83 141 83 141 84 140 84 141 83 141 83 141 83 141 83 141 83 140 84 141 83 141 83 142 82 144 80 147 77 147 78 147 78 146 78 148 76 148 77 148 76 148 76 149 76 148 77 148 76 148 77 148 77 148 77 148 77 147 78 147 78 146 79 145 79 145 81 144 80 144 81 144 81 143 81 144 81 143 82 142 82 143 82 142 83 140 85 139 85 139 86 137 88 136 89 134 90 134 91 132 92 131 94 130 95 128 96 127 98 125 100 123 101 123 102 122 102 122 103 120 104 120 104 120 104 120 105 119 105 117 108 115 109 113 20
3506 4 219 6 217 8 215 9 215 9 214 10 161 2 50 11 159 6 48 11 159 7 46 12 158 9 44 14 157 9 44 14 156 11 42 15 156 11 42 15 156 11 41 16 156 12 39 17 156 12 38 18 156 13 36 19 156 13 35 20 156 14 33 21 156 14 32 22 156 15 31 22 156 15 30 22 157 15 29 23 157 16 27 24 157 16 26 25 157 17 24 25 158 18 22 25 159 19 20 26 159 19 19 27 159 21 16 27 160 25 11 28 160 64 159 65 159 64 160 64 159 64 159 65 158 66 157 66 157 67 156 67 155 69 154 70 153 71 151 72 151 73 150 74 149 75 149 74 149 75 149 74 150 73 150 74 150 74 150 74 150 74 150 74 150 75 149 75 148 77 146 78 145 80 143 81 141 84 139 85 137 88 134 90 132 93 131 93 129 96 128 97 126 99 124 101 123 102 122 102 122 103 121 104 120 105 119 105 120 105 120 105 119 106 119 105 119 106 119 106 119 106 119 105 121 104 121 103 124 101 124 100 126 99 125 99 126 99 125 100 124 101 122 102 122 103 120 104 119 106 118 106 118 107 116 108 116 109 115 109 115 109 115 110 114 110 114 110 114 111 114 111 113 24 3 84 114 20 7 83 115 15 12 83 114 13 15 82 115 10 16 83 119 1 21 83 140 85 139 85 138 87 137 87 137 88 136 88 136 88 136 88 136 89 135 89 136 88 136 89 136 88 136 88 136 89 135 89 135 89 135 90 134 90 134 90 133 91 133 91 132 92 132 92 131 94 130 94 129 95 128 96 128 96 128 96 127 97 127 97 127 97 127 97 126 98 126 98 126 99 125 99 125 99 125 99 125 100 124 100 124 100 124 100 124 100 123 101 123 102 122 102 122 102 122 102 121 103 121 103 121 103 121 104 120 104 120 104 119 105 119 105 119 105 119 106 118 106 118 106 118 106 117 108 116 108 116 108 116 68 4 36 115 68 6 35 115 67 9 34 114 67 14 7 1 21 113 67 18 1 6 19 113 67 26 18 113 67 28 17 111 67 29 17 111 67 30 16 111 68 29 16 111 68 29 17 110 68 30 16 109 21 6 41 31 16 109 19 10 39 31 17 108 18 11 39 31 17 107 19 12 38 31 17 107 18 13 38 32 17 106 18 14 37 32 18 104 19 14 36 33 18 103 20 14 36 32 20 102 20 14 36 32 20 101 21 14 36 33 20 101 20 15 34 34 20 101 20 15 33 35 19 102 20 16 30 38 18 102 19 17 20 48 18 28
100 10 214 11 212 12 212 13 211 13 210 14 210 15 209 15 209 15 209 15 209 15 209 15 209 16 208 16 207 17 207 19 2 16 187 41 183 45 179 49 174 52 172 54 170 56 168 57 167 58 166 59 165 60 164 61 163 63 161 69 155 71 152 74 150 75 149 76 148 76 147 77 147 78 146 79 144 80 144 81 142 82 142 83 140 85 139 86 137 87 137 88 135 90 134 90 134 91 132 92 132 93 130 94 130 95 128 97 127 97 126 99 124 101 123 101 122 103 120 104 119 106 117 107 117 107 116 108 115 110 113 111 113 111 113 112 111 113 111 114 110 114 110 114 109 115 109 116 108 116 108 116 108 116 108 116 108 116 108 116 108 115 109 115 109 114 110 114 110 113 110 112 113 110 113 111 114 109 114 109 115 109 115 109 115 109 115 109 115 109 116 108 116 108 116 109 115 109 115 110 114 110 115 110 114 110 114 111 113 111 113 111 113 112 112 112 112 112 112 112 112 112 112 112 112 112 113 111 113 110 114 110 115 108 116 107 118 105 119 104 121 101 123 100 124 99 126 98 126 97 127 97 126 98 126 99 125 99 124 100 124 101 123 101 122 102 122 103 121 103 120 104 120 105 119 105 119 105 118 106 118 106 118 107 117 107 117 107 117 107 117 107 117 107 116 108 116 108 116 108 116 108 116 108 116 108 116 108 116 108 116 108 116 108 116 108 116 107 117 107 117 107 117 107 117 107 118 105 119 105 119 105 119 105 119 104 121 103 121 103 121 102 123 101 123 100 125 98 126 98 127 96 128 95 130 92 132 91 134 89 135 87 138 85 140 83 141 82 143 80 145 78 146 77 149 74 150 74 151 73 152 71 154 70 154 70 155 69 155 68 157 67 157 67 157 67 157 68 156 68 156 68 156 68 156 69 155 69 155 69 155 69 155 69 155 69 155 69 155 69 156 68 156 67 157 67 158 64 160 31 3 28 162 29 7 25 22 4 138 27 10 21 17 3 4 7 135 25 17 14 16 8 1 10 134 23 46 8 4 10 134 21 46 9 4 11 133 20 46 8 6 12 134 16 48 6 10 10 135 13 52 1 159 10 215 9 112
1964 4 217 10 211 14 208 17 78 7 120 20 76 11 115 22 75 15 111 23 74 18 107 26 73 20 104 27 72 22 101 29 72 24 97 31 72 25 94 33 71 28 59 16 15 35 71 31 53 26 3 40 71 34 19 7 22 71 71 39 5 109 71 153 71 153 72 151 73 151 73 151 73 151 73 150 75 149 75 149 75 149 76 148 76 147 77 147 78 146 78 145 79 145 80 144 80 144 80 143 82 142 82 142 83 141 83 141 84 140 84 140 84 140 84 140 84 140 85 138 86 138 86 138 86 138 86 137 88 136 88 136 88 136 88 136 88 136 89 135 89 136 88 137 87 137 87 138 86 139 84 140 84 141 82 143 80 144 80 144 79 146 78 146 77 148 76 148 75 149 75 150 74 150 73 151 73 151 73 151 73 152 72 152 71 153 71 153 71 153 71 153 71 153 71 154 69 154 70 155 69 154 70 154 70 154 70 154 70 154 70 154 70 154 71 153 71 153 71 153 71 153 71 153 71 153 71 153 71 153 72 152 72 152 72 153 71 153 71 153 71 152 72 152 73 151 73 151 73 151 73 151 73 151 74 150 74 150 74 150 75 149 75 149 76 148 76 149 75 149 75 149 75 149 75 150 74 150 74 151 73 151 72 152 72 153 71 153 71 153 71 154 70 154 69 155 69 155 69 156 68 156 67 157 67 158 66 158 66 158 66 159 65 159 65 159 64 161 63 161 63 161 63 161 62 163 61 163 60 164 59 166 57 167 56 169 54 170 53 171 52 172 51 174 49 175 48 176 47 177 46 178 45 178 46 179 44 179 44 180 43 181 43 181 42 181 42 182 41 183 40 184 39 185 39 185 38 186 37 187 37 187 37 187 36 188 35 189 35 189 34 190 34 190 33 191 33 191 33 191 33 191 33 191 32 191 33 191 33 191 32 192 32 192 31 193 31 193 30 194 30 194 29 195 29 195 29 195 29 195 28 195 29 195 29 195 29 194 30 194 30 194 30 194 30 193 31 193 31 193 31 193 31 193 31 192 32 192 32 191 34 189 34
2360 39 181 46 175 51 140 20 8 58 128 99 121 105 115 111 111 114 107 119 103 122 99 126 97 128 94 131 92 133 89 136 87 137 85 140 83 142 80 145 78 147 76 149 74 150 73 152 71 154 70 154 69 156 68 156 67 158 65 159 65 160 63 161 63 161 62 162 62 163 61 163 61 163 61 164 59 165 59 165 58 167 57 167 57 168 55 169 54 170 54 170 54 171 52 172 52 172 51 174 50 174 50 174 50 175 49 175 49 176 48 176 48 176 48 177 47 177 47 177 47 177 47 177 47 177 47 177 48 177 47 177 47 177 47 177 47 177 47 177 47 176 48 176 48 176 48 176 48 175 49 175 49 175 49 175 49 175 49 175 49 175 50 175 49 175 49 175 49 175 49 175 49 176 49 175 49 175 49 175 49 175 50 175 49 175 49 175 49 175 50 174 50 174 51 173 51 173 51 173 51 174 51 173 51 173 51 173 51 173 51 173 51 173 52 172 51 173 52 172 52 172 52 172 52 172 52 172 51 173 51 173 51 173 50 174 50 174 50 174 49 175 49 175 49 175 48 175 49 175 49 175 48 175 49 175 49 174 49 175 49 174 50 174 50 173 51 173 51 172 52 172 52 172 52 171 53 171 53 171 53 171 53 170 54 170 54 170 54 170 54 169 55 169 55 169 54 170 54 169 55 169 55 169 55 169 55 169 54 170 54 170 54 170 54 170 54 171 53 171 53 171 53 171 54 171 53 171 53 171 54 170 54 170 55 170 55 169 55 169 56 168 56 168 56 168 57 167 57 167 57 167 57 167 57 137 7 23 58 134 11 21 58 122 24 19 59 120 27 18 59 118 29 18 59 117 31 16 61 114 33 16 61 99 6 9 33 15 62 96 11 6 35 12 65 93 14 4 36 11 66 90 58 7 70 88 60 4 72 85 139 84 141 81 144 32 4 44 144 30 9 41 146 25 14 39 147 18 20 38 149 14 24 37 153 7 29 33 195 9 8 10 216 4 3477
9328 5 216 11 210 22 200 30 191 36 186 41 156 14 11 45 148 78 144 81 140 86 137 88 134 91 131 94 129 96 126 99 123 102 121 104 118 108 112 113 108 117 105 119 104 121 101 124 99 126 97 127 96 129 94 131 92 132 91 134 90 134 89 136 87 137 87 137 86 139 84 140 83 141 82 142 81 142 81 143 80 143 81 143 80 144 80 144 80 144 80 144 81 142 82 142 83 141 83 141 83 141 84 140 85 139 85 139 86 137 88 136 94 129 96 127 98 126 98 126 99 125 99 125 99 123 101 123 101 122 103 120 104 120 104 120 104 120 104 120 104 122 103 122 102 121 103 121 103 121 103 121 103 120 101 1 1 121 101 122 102 121 103 120 104 119 105 119 105 118 106 117 108 116 108 115 108 116 108 113 111 110 114 107 116 107 117 106 118 106 118 105 119 105 119 104 120 104 119 104 120 103 121 101 123 100 124 98 126 97 128 96 128 96 128 96 128 96 128 96 129 96 128 96 128 96 129 95 130 94 130 93 131 93 132 91 134 90 134 89 136 88 137 86 139 85 140 83 142 82 143 80 144 58 4 17 145 56 8 13 147 56 9 10 149 55 12 5 153 53 171 52 172 52 172 51 173 50 174 50 175 48 176 47 177 46 178 44 180 42 183 37 187 33 191 25 200 23 201 22 203 19 206 18 207 16 210 13 212 12 214 8 218 5 1793 2 181 2 38 3 180 2 39 2 180 3 220 4 8 2 210 4 8 3 208 5 7 4 208 5 7 4 207 6 8 2 208 6 8 2 207 6 218 3 3084
30 11 11 111 87 140 80 145 71 154 68 157 66 159 64 161 63 162 61 163 60 165 58 167 57 167 56 168 56 168 55 169 54 170 54 171 53 171 53 172 52 172 51 174 50 175 49 177 47 179 45 182 41 184 40 186 37 188 36 191 33 192 31 194 30 194 30 196 28 197 27 198 26 199 25 200 24 201 23 202 22 202 22 202 22 203 21 203 21 203 21 204 20 204 20 204 20 204 20 204 20 204 20 204 20 204 20 204 20 203 21 203 21 203 21 202 22 202 22 202 22 202 22 202 22 202 22 202 22 202 22 202 22 202 22 202 22 202 22 202 22 202 22 202 22 202 22 202 22 202 22 202 22 201 23 201 23 201 23 201 23 201 23 200 24 200 24 200 24 200 24 199 25 199 25 199 25 199 25 198 26 198 26 198 26 198 26 198 26 198 26 198 26 198 26 197 27 197 27 196 28 196 28 195 29 194 30 193 31 191 33 190 34 189 35 188 36 188 36 187 37 186 38 186 38 185 39 184 40 184 40 183 41 183 41 183 41 182 42 182 42 182 42 181 43 181 43 180 44 180 44 180 44 180 44 180 44 181 43 180 44 181 43 181 43 181 43 182 42 182 42 182 42 182 42 182 42 182 42 183 41 183 41 183 41 184 40 183 41 183 41 182 42 182 42 180 44 180 44 180 44 181 43 182 42 185 39 187 37 191 33 193 31 195 29 197 27 199 25 201 23 203 21 204 20 205 19 206 18 207 17 208 16 209 15 210 14 211 13 212 12 214 10 214 10 215 9 216 8 217 7 218 6 220 4 221 3 222 2 223 1 223 1 223 1 223 1 4078 26 197 29 194 31 193 31 193 32 193 31 193 31 193 31 193 32 192 32 192 32 192 32 191 33 191 33 190 35 188 36 187 38 183 42 175 50 166 58 161 64 142 1 14 69 140 1 11 73 139 3 6 76 139
6611 7 207 32 185 41 176 51 171 54 168 58 164 62 160 66 156 70 151 74 146 80 140 85 136 89 134 91 131 93 130 94 128 96 128 97 126 98 126 98 125 100 124 100 124 100 124 101 123 101 122 103 121 103 121 103 121 104 120 104 120 105 119 105 118 107 117 107 117 108 115 110 114 111 113 113 111 114 110 116 108 116 107 118 106 119 104 121 103 121 102 123 100 125 98 126 97 128 95 129 94 131 92 132 91 134 90 135 88 136 87 138 86 139 84 141 82 143 80 145 78 146 77 149 74 150 74 152 71 155 68 158 66 159 64 161 63 161 63 162 61 164 60 164 60 164 60 165 59 165 59 165 59 164 60 162 62 160 64 158 66 157 67 156 68 156 69 153 71 152 72 151 74 148 76 147 77 145 80 143 81 141 84 139 85 138 87 136 88 136 89 135 90 134 90 134 91 133 91 133 92 132 92 133 92 132 92 132 93 132 92 132 93 131 93 132 92 132 92 132 92 132 92 132 92 132 92 131 93 131 93 130 94 130 93 131 93 131 92 131 92 132 91 133 90 133 90 134 89 135 89 135 88 136 88 136 87 137 86 138 86 138 85 139 84 140 83 142 82 142 80 144 80 144 78 147 76 148 75 150 73 152 72 153 70 154 70 155 68 156 67 158 66 159 64 161 63 161 62 162 62 162 62 163 61 163 61 163 61 163 61 164 60 164 59 166 58 166 57 168 56 169 54 171 52 173 50 175 47 178 45 181 43 181 42 184 39 185 39 186 37 188 34 191 32 193 30 195 27 198 25 200 23 202 21 204 20 205 18 207 17 208 16 209 15 209 15 210 14 210 14 211 13 212 12 212 12 213 11 214 10 214 10 214 10 213 11 212 13 211 12
11325 18 204 23 200 25 198 27 196 29 194 30 194 31 192 32 192 33 191 33 190 34 190 34 189 35 188 36 187 37 185 39 183 42 180 44 179 45 178 46 178 46 177 47 177 47 177 47 176 48 176 48 176 48 176 48 176 48 176 48 176 48 176 48 175 50 174 49 175 49 175 49 175 50 174 50 174 50 174 50 174 50 174 50 174 51 173 51 172 52 172 52 172 52 172 52 171 53 171 53 171 53 171 53 171 53 171 53 171 53 171 53 171 54 170 54 171 54 170 54 170 54 170 54 169 55 169 55 169 55 169 55 169 55 169 55 169 55 169 55 169 55 169 55 168 56 168 56 168 56 168 56 168 56 168 56 168 55 169 55 169 55 169 55 168 56 167 57 166 58 165 59 164 60 163 61 163 60 163 61 163 61 162 61 163 61 163 61 164 59 165 59 166 58 167 57 168 55 169 55 169 55 170 54 170 54 170 54 170 54 170 54 170 54 170 54 170 55 169 55 169 56 168 56 169 56 168 56 168 57 168 56 170 55 171 53 173 51 174 50 176 49 178 46 179 44 181 43 182 42 182 42 183 41 183 15 4 22 184 13 7 19 185 11 10 18 187 8 12 17 189 5 13 17 208 15 210 14 212 10 215 8 8585
5964 6 217 9 214 12 211 14 209 16 207 17 206 19 204 20 203 21 203 21 202 23 200 24 200 24 155 4 40 25 154 8 36 26 153 10 35 26 153 11 33 27 153 13 30 28 153 15 27 30 151 17 24 32 152 18 17 37 151 20 13 40 152 72 152 72 152 72 152 72 152 72 152 73 152 72 152 72 152 72 152 72 152 72 152 72 152 72 152 72 152 72 152 71 152 73 151 73 150 74 149 75 149 76 148 76 147 77 147 77 147 77 146 78 146 79 145 79 145 79 145 79 145 80 143 81 143 81 143 82 142 82 142 82 142 83 141 83 141 83 141 84 140 85 139 85 138 86 138 87 136 89 135 89 134 91 132 93 130 95 128 96 127 98 124 101 122 102 120 104 119 105 118 107 115 109 114 110 113 112 112 112 111 113 111 113 110 114 110 115 109 115 109 115 108 116 108 116 108 116 108 117 107 117 108 116 108 116 108 116 108 117 106 118 106 118 106 118 106 117 107 117 107 116 108 116 108 116 108 115 109 115 109 115 109 115 109 114 110 114 110 114 110 114 109 115 109 115 109 115 110 114 110 114 111 113 111 113 112 112 112 112 113 111 113 111 115 108 118 106 124 100 126 98 128 95 129 95 130 93 132 92 134 89 84 1 1 1 49 88 84 5 49 85 83 11 46 83 85 10 50 78 84 10 57 72 157 67 159 64 162 62 164 60 166 58 167 57 168 56 169 55 170 53 172 52 173 51 174 49 177 46 179 44 182 40 187 34 196 9 1 1 9720
56 11 212 14 209 16 208 18 205 20 204 21 203 21 203 22 202 23 200 25 199 26 198 26 199 25 199 26 198 27 197 27 197 28 196 29 195 29 195 30 194 30 193 32 192 32 192 32 192 33 191 34 190 34 190 35 189 35 189 36 188 36 188 37 71 8 108 38 67 14 105 38 63 19 104 40 57 24 103 41 53 28 102 58 34 30 102 62 28 32 102 65 23 35 101 67 19 37 101 70 14 39 100 74 9 40 101 78 2 43 101 123 101 123 101 123 102 121 103 121 103 121 103 120 104 120 104 119 105 119 105 118 106 118 106 117 107 117 107 116 109 115 109 114 110 114 110 113 111 112 112 112 112 112 112 111 114 109 115 109 115 108 116 108 116 108 116 108 116 108 42 9 65 108 38 17 61 109 34 22 59 110 31 25 57 112 28 27 57 113 25 30 56 115 21 32 56 116 18 34 55 118 14 37 55 121 6 41 56 168 55 168 56 165 59 164 59 162 61 159 65 157 66 157 67 156 68 155 68 155 68 155 69 154 69 154 69 154 70 153 70 154 69 154 70 154 69 155 69 155 68 156 66 158 66 158 64 160 64 160 63 161 63 161 62 163 61 163 61 163 61 163 61 163 61 163 61 163 61 163 61 163 60 164 59 165 59 164 59 165 58 166 58 165 58 166 57 167 57 166 56 168 56 167 55 168 56 144 2 20 56 139 18 7 60 137 87 135 88 132 91 129 95 127 97 124 99 121 103 119 104 119 105 118 105 118 106 118 105 118 106 117 106 118 106 118 105 118 106 118 106 118 105 118 106 118 106 118 106 117 107 117 107 116 107 116 108 115 109 114 110 113 111 111 113 109 115 106 118 105 119 103 121 100 123 100 124 98 125 97 127 95 128 94 129 94 129 93 130 92 131 90 134 89 134 88 136 87 137 86 137 86 138 85 139 84 140 83 141 81 143 79 145 46 179 43 181 42 183 40 185 38 188 35 191 32 195 28 207 13 6459
2504 6 216 10 42 4 167 12 38 9 165 13 33 15 162 15 31 16 161 17 29 18 160 17 28 20 158 20 26 20 158 21 8 2 14 21 157 37 7 24 156 67 156 69 155 68 155 70 153 71 153 71 152 72 151 73 151 73 150 74 150 75 148 76 148 76 147 78 145 79 145 80 143 81 143 82 142 82 141 83 141 83 141 83 141 84 140 84 140 84 140 85 139 86 138 86 138 87 137 88 136 88 136 89 135 89 135 89 135 89 135 89 135 89 135 89 135 89 135 89 135 89 135 89 135 89 135 89 135 89 135 89 135 89 135 89 135 89 135 89 135 90 134 91 133 92 133 95 129 96 128 99 125 100 125 100 124 101 124 102 122 103 122 103 121 104 120 105 119 105 119 106 118 107 118 108 116 108 116 109 116 109 115 109 115 110 114 110 114 110 115 110 114 111 113 111 114 110 114 111 113 111 114 111 113 111 114 110 114 111 113 111 114 111 113 111 113 111 113 112 112 112 113 111 113 112 112 112 112 113 112 112 112 112 112 113 111 113 112 113 111 114 110 114 110 115 109 115 109 116 109 115 109 115 109 116 108 116 109 115 109 116 108 116 109 115 109 115 109 115 110 114 110 115 109 115 110 114 110 114 110 114 110 114 110 115 109 115 109 115 110 114 110 114 110 114 110 114 111 113 111 114 111 113 111 113 33 16 62 114 30 23 57 114 28 27 56 115 24 31 54 117 20 35 52 174 50 175 49 176 48 176 48 177 47 177 47 177 47 178 46 178 46 178 46 178 46 178 46 178 46 178 46 177 47 177 47 177 47 177 48 175 49 175 49 175 49 175 50 173 51 173 51 173 52 171 53 170 54 170 54 169 55 168 56 167 57 166 58 164 60 161 63 156 67 152 72 143 81 139 85 135 89 132 91 129 95 125 99 120 104 117 107 115 109 114 109 114 110 114 110 113 111 113 111 113 111 112 113 111 113 75 10 25 114 70 18 21 115 63 26 19 117 58 32 16 119 53 41 9 125 43 196 17 1484
2320 4 217 9 214 13 209 17 206 21 202 25 199 28 195 33 190 37 17 11 158 40 11 17 154 46 4 23 149 76 145 80 140 85 136 89 133 91 128 97 125 100 123 101 122 103 120 106 117 108 116 112 111 115 108 118 106 120 103 123 101 125 98 128 96 130 93 133 90 136 87 139 83 142 81 145 78 146 77 148 75 150 73 152 71 153 70 155 69 155 69 155 69 155 69 155 68 156 68 157 66 158 66 158 66 159 64 160 63 161 63 162 62 162 61 163 61 164 60 164 60 164 60 164 59 165 59 165 59 165 58 166 58 166 57 167 56 168 56 168 55 169 54 170 53 171 52 173 50 174 49 175 48 176 47 177 47 177 46 179 45 179 45 179 45 179 45 179 45 180 44 180 44 180 44 180 44 180 44 180 44 180 44 180 44 180 44 180 44 180 44 180 44 179 45 179 44 179 45 178 46 178 46 177 47 177 47 177 47 178 46 179 45 179 45 180 45 179 45 180 44 180 44 181 43 182 43 181 43 181 43 182 43 181 43 182 42 182 43 181 43 181 44 180 44 180 44 180 44 180 45 180 45 179 45 179 46 178 47 177 47 177 48 177 47 177 48 176 48 176 49 176 48 176 49 175 49 176 49 175 49 175 50 175 50 174 51 173 51 173 53 171 54 171 54 170 56 168 58 166 60 164 63 161 65 159 68 156 68 156 69 155 69 155 70 154 70 153 71 153 71 153 72 151 73 150 74 149 76 147 77 145 80 143 81 141 84 137 87 134 91 131 93 130 95 128 96 128 96 127 98 126 98 125 100 124 100 124 100 124 100 124 100 123 101 123 101 123 101 123 101 123 100 124 100 123 101 123 101 123 101 123 101 123 101 122 102 122 102 122 101 122 103 120 104 89 5 26 104 37 7 43 8 24 105 35 11 38 13 21 106 35 14 33 15 20 107 34 20 20 1 3 20 18 108 33 26 11 29 15 110 32 67 12 114 30 68 10 116 29 72 3 121 27 198 24 201 21 205 17 209 8 1501
1144 6 217 10 213 13 211 15 208 18 206 19 204 21 203 22 202 22 202 23 201 24 199 26 198 26 198 27 197 27 197 28 196 28 76 6 114 29 74 10 111 29 72 13 110 30 69 16 109 31 66 18 109 32 63 21 108 32 62 22 108 33 60 23 108 35 55 26 108 54 35 27 108 60 27 29 108 63 22 30 109 66 17 32 109 70 8 36 110 73 3 38 110 114 111 112 112 112 112 112 112 111 114 110 114 109 115 109 115 108 116 108 116 107 117 107 117 106 118 106 119 104 120 104 120 103 121 102 122 102 122 101 124 100 124 99 125 99 126 97 127 97 127 96 129 95 129 95 129 94 131 92 132 92 132 91 133 91 133 90 134 89 135 89 135 88 136 87 137 86 138 86 138 85 139 84 140 84 140 83 141 82 142 82 142 82 142 81 143 81 143 81 143 81 143 81 143 81 143 81 143 81 143 80 144 80 144 80 144 79 145 79 145 79 146 78 146 78 146 78 147 77 147 77 147 77 147 77 148 77 147 77 147 78 146 78 147 78 146 78 146 78 146 78 146 78 147 78 146 78 145 79 145 80 144 80 143 81 143 81 142 82 141 83 141 83 140 84 140 84 139 85 139 84 139 85 139 86 137 87 137 87 137 88 136 88 136 88 136 88 136 88 136 88 136 88 136 89 135 89 135 89 135 89 135 90 135 90 134 91 133 92 132 93 132 92 132 93 131 93 132 94 130 97 127 100 123 101 123 101 123 101 122 102 121 103 120 104 119 105 118 106 17 3 97 107 16 3 97 108 15 5 96 109 14 4 96 111 12 5 96 114 9 4 97 117 5 5 97 117 5 5 97 117 5 5 97 117 5 5 97 117 4 6 97 118 3 6 97 119 3 5 97 118 4 5 2 1 94 118 5 1 1 1 1 5 92 118 10 5 91 119 6 1 1 7 90 119 4 12 89 119 2 15 88 119 1 17 88 136 88 136 88 135 89 48 4 82 90 47 9 77 92 46 9 76 93 46 9 75 94 47 8 74 96 47 6 74 97 48 2 1 1 74 98 125 98 124 100 122 101 121 103 116 107 113 110 112 112 102 121 101 122 101 123 100 123 101 123 101 122 101 123 101 123 102 121 104 120 104 119 106 118 105 119 104 119 102 121 99 122 100 123 98 127 95 140 82 148 75 152 71 154 70 156 67 158 65 160 64 161 62 131
116 38 185 41 182 43 180 45 179 46 178 46 177 47 177 48 176 49 174 50 174 51 172 52 171 54 168 56 165 60 155 69 150 74 144 81 139 85 137 87 134 91 131 93 129 95 128 97 126 98 125 99 124 100 124 100 123 101 122 102 122 102 122 102 121 102 122 102 122 102 122 102 122 102 122 102 121 103 121 103 121 103 120 104 120 105 119 105 119 105 118 106 118 106 118 106 118 106 118 106 117 106 118 106 118 106 118 106 117 107 117 107 116 107 117 107 117 107 117 106 118 106 118 106 118 106 118 106 118 106 118 106 118 106 118 106 118 106 118 106 118 107 117 107 117 108 117 107 117 108 117 107 118 106 118 107 118 106 118 106 119 106 118 106 119 106 118 106 118 107 117 107 118 106 117 108 117 107 117 107 117 108 116 108 116 109 114 110 114 110 114 111 113 111 113 111 113 111 113 111 113 112 112 112 112 112 112 112 111 112 112 112 112 112 112 111 113 111 113 110 114 109 115 108 116 107 117 107 117 107 118 106 118 106 118 105 119 105 119 105 119 105 119 104 121 103 121 103 121 103 121 103 122 102 122 102 122 102 122 102 123 100 124 101 123 100 124 100 125 99 125 100 124 99 125 100 124 99 125 99 125 99 125 99 125 99 125 99 125 99 125 99 125 98 126 98 127 97 127 97 127 97 128 95 129 95 129 95 129 95 129 95 129 95 129 95 130 94 130 94 130 94 130 94 130 93 132 92 132 92 133 91 134 90 134 90 134 90 134 90 135 89 135 89 135 88 137 87 137 87 137 86 138 85 139 84 141 82 142 81 143 81 143 36 3 41 144 36 4 40 145 35 4 39 146 35 5 38 146 35 5 38 146 35 5 38 146 35 5 38 147 34 5 38 147 33 6 37 148 34 6 36 148 33 7 36 148 33 7 36 148 33 7 36 148 33 7 36 148 33 7 36 148 33 7 36 148 33 6 36 149 33 6 36 149 33 6 35 151 32 6 35 151 32 6 34 152 32 6 34 152 32 6 34 152 32 6 33 153 32 6 33 153 31 7 32 153 32 7 31 154 32 7 30 155 31 8 28 157 31 8 28 156 31 9 26 158 25 15 26 158 24 16 25 159 23 17 25 159 22 18 24 160 22 19 23 160 22 19 22 161 21 20 21 162 21 20 21 162 21 21 18 164 20 23 16 166 19 23 16 166 18 25 14 88
13930 21 198 32 188 38 182 44 173 53 167 60 159 67 154 72 150 76 146 79 143 83 139 86 136 90 134 91 133 92 132 93 131 95 129 97 127 99 125 101 123 104 120 106 118 108 116 109 115 110 114 111 113 112 112 113 111 114 110 115 109 116 108 117 107 118 106 119 105 122 102 123 101 124 100 126 98 128 96 129 95 132 92 134 90 136 88 138 86 139 85 139 85 140 84 139 85 139 85 138 86 137 87 137 87 137 87 136 88 136 88 136 88 135 89 134 90 134 90 134 90 134 90 133 91 133 91 132 92 132 92 132 92 131 93 131 93 131 93 130 95 129 95 129 97 126 99 125 103 121 108 116 111 113 113 111 114 110 117 107 121 103 124 100 127 97 129 95 132 92 133 91 135 89 136 88 137 87 137 88 137 87 138 86 139 85 140 84 141 83 142 81 145 79 146 77 150 73 152 71 155 69 157 66 161 62 164 59 166 57 168 55 171 51 175 47 179 40 188 30 199 23 207 13 11324
2755 7 215 11 212 12 212 13 210 14 210 14 209 15 209 15 209 15 209 15 209 15 209 15 209 15 209 15 209 15 209 14 210 14 179 4 27 14 177 9 24 14 177 10 23 14 176 13 21 13 177 13 21 13 177 14 19 14 177 14 19 14 177 14 18 15 178 13 18 15 178 13 17 16 179 12 17 17 179 1 1 1 1 8 16 17 180 11 16 17 180 11 16 17 180 11 16 17 181 11 15 18 181 10 14 20 180 11 12 22 181 9 11 24 180 10 9 26 179 11 7 28 178 12 3 33 176 50 175 50 174 51 173 52 173 51 173 52 172 52 173 52 172 52 172 52 173 52 172 52 172 52 172 52 172 52 172 52 172 52 172 51 173 51 173 51 173 51 173 50 174 50 175 48 176 48 176 47 177 47 178 46 178 45 179 45 179 44 181 43 181 43 56 13 113 42 53 19 110 42 52 25 105 42 50 30 103 41 50 32 102 41 48 35 100 41 48 36 99 41 48 37 99 41 47 39 97 41 47 40 97 41 45 42 96 42 44 44 94 42 43 46 93 43 41 48 92 44 40 49 91 46 37 51 91 47 34 52 91 49 31 53 91 52 27 55 90 57 21 56 90 60 17 58 89 67 3 66 88 67 1 69 88 138 86 141 83 144 80 145 79 146 78 147 78 147 77 148 76 148 76 148 76 148 76 148 77 147 77 147 77 147 78 146 79 145 79 144 82 142 82 141 84 139 86 112 9 17 87 106 19 10 90 103 23 6 92 101 124 96 130 90 135 87 139 82 144 78 148 74 151 71 156 67 161 61 166 57 168 54 171 52 172 51 174 49 175 48 176 47 177 47 177 46 178 45 179 45 179 44 181 42 182 41 183 41 183 40 184 38 186 37 187 35 189 32 193 28 196 26 198 25 199 24 199 25 199 24 200 24 200 24 201 23 202 22 203 21 204 20 205 20 204 20 204 20 205 19 206 19 205 19 205 19 205 19 206 18 206 19 205 18 205 19 205 19 204 20 203 21 201 23 199 25 197 27 195 28 196 28 195 28 195 29 195 28 195 28 196 27 197 25 199 23 201 22 202 20 204 17 208 13 211 10 216 4 4394
15716 12 112 3 94 19 104 12 86 26 99 15 82 30 95 18 80 33 92 21 77 35 89 23 76 38 84 27 74 40 73 38 72 42 68 42 71 44 63 47 69 46 59 50 69 47 52 57 67 49 44 64 66 51 37 70 65 54 28 78 63 56 20 85 62 60 10 93 61 163 60 165 58 166 58 166 57 168 55 169 55 169 54 170 54 170 53 172 52 172 52 172 51 173 51 173 51 173 51 174 50 174 50 175 49 175 49 176 48 176 48 177 47 177 47 178 47 178 46 178 46 179 45 179 45 180 44 180 44 179 45 179 45 178 46 178 46 179 46 178 46 178 45 178 46 178 46 178 46 177 47 173 51 171 53 170 54 168 56 167 57 166 58 164 61 158 66 157 67 156 68 155 70 153 71 152 72 152 72 151 74 150 74 149 75 148 76 148 76 147 77 147 77 147 78 146 78 146 78 147 77 148 76 148 76 149 75 150 74 151 74 151 73 152 72 109 4 40 71 106 9 38 71 104 13 37 70 103 16 36 69 101 19 36 68 66 8 27 20 35 69 63 12 24 24 33 68 61 15 21 28 32 68 57 20 18 32 31 67 12 1 41 24 14 35 31 83 35 29 8 40 30 85 30 80 30 90 19 87 28 197 27 200 25 201 23 203 21 204 19 207 16 210 12 9905
5483 13 204 27 188 39 182 44 177 50 172 53 169 57 166 59 163 62 160 65 158 68 155 71 151 76 148 79 144 81 142 83 140 85 139 86 137 87 137 88 135 89 135 89 134 91 133 91 132 92 132 93 131 93 131 94 129 96 128 96 128 97 127 97 127 98 125 100 124 101 123 101 123 102 122 102 122 103 121 103 120 105 119 105 119 106 118 106 117 108 116 108 116 109 115 109 114 111 113 111 113 111 113 111 113 111 113 112 112 112 112 112 112 112 112 111 113 111 113 111 113 111 113 111 113 111 113 111 113 111 113 111 114 109 115 109 116 108 116 108 116 108 116 107 117 107 117 107 116 107 117 106 118 106 118 105 119 104 119 104 120 103 121 102 122 101 123 100 124 99 125 12 2 85 124 12 4 84 124 11 5 84 125 10 5 84 126 7 7 83 128 5 8 83 141 83 140 82 142 74 149 74 150 73 150 74 150 73 150 74 149 75 149 75 148 76 147 77 147 77 146 78 145 79 145 80 143 81 143 82 141 83 141 83 140 85 139 86 137 87 137 88 135 90 134 90 134 91 133 91 133 92 131 94 130 94 130 95 128 96 128 97 126 98 126 98 125 100 124 100 124 101 122 103 121 103 120 105 119 105 118 107 117 108 116 108 116 109 114 110 114 111 113 111 113 112 112 113 111 113 110 115 109 115 108 117 107 117 106 119 104 120 104 121 103 121 103 122 101 123 101 123 101 123 100 125 99 125 99 125 98 127 97 127 97 127 96 128 96 128 96 129 95 129 94 130 94 130 93 131 93 132 92 132 91 133 91 133 91 133 90 134 90 134 90 134 90 133 91 133 90 134 90 134 90 134 90 134 90 133 90 134 90 134 90 134 90 134 90 134 90 134 89 135 89 135 89 135 89 134 90 134 90 134 90 134 90 133 92 132 92 131 54
3224 3 5 15 27 20 150 33 18 24 144 45 6 30 142 83 140 85 138 87 136 89 135 90 133 91 133 92 132 92 132 92 132 93 131 93 130 95 129 95 129 95 129 95 129 95 129 96 127 97 127 97 126 98 125 99 124 100 123 101 122 103 120 104 119 105 118 106 117 107 116 108 115 109 115 109 114 110 113 112 111 113 110 114 107 117 100 124 96 129 92 132 90 135 88 136 86 139 84 140 82 142 82 142 81 143 80 144 80 145 78 145 79 146 78 146 77 147 76 148 75 149 74 150 73 151 72 152 71 154 70 154 69 156 67 157 67 158 66 159 65 160 64 162 63 163 62 163 63 162 62 163 63 162 63 162 66 159 73 151 75 150 75 149 76 149 75 149 76 149 75 149 76 148 75 149 75 149 75 149 75 149 75 149 75 148 75 149 75 148 76 147 77 143 80 142 82 137 87 126 1 8 88 125 99 125 99 123 101 123 100 123 101 123 101 122 101 123 101 122 102 122 101 122 102 122 102 122 102 122 102 121 102 122 102 122 102 122 102 122 102 122 103 121 103 121 103 121 103 121 103 121 103 121 103 121 103 121 104 120 104 120 104 120 104 120 104 120 105 118 106 118 106 118 106 118 106 118 106 118 106 118 106 118 106 118 106 118 106 118 106 118 106 117 106 118 106 118 107 117 106 117 108 116 108 116 108 116 109 114 111 113 112 112 113 111 113 110 116 108 116 108 117 106 119 105 120 103 121 103 122 101 125 98 128 42 3 51 130 38 11 44 133 34 19 37 137 29 24 34 142 21 29 31 194 29 196 27 199 24 202 19 207 13 214 5 8380
16838 6 214 15 206 20 202 23 199 26 196 29 193 32 191 34 188 36 186 40 182 42 180 46 177 47 175 51 173 51 172 53 171 53 170 55 170 54 170 54 170 55 169 55 169 55 169 56 168 56 168 56 169 56 168 56 168 56 169 55 169 56 169 55 170 54 171 53 173 52 173 51 175 50 176 48 177 47 178 47 177 47 178 46 179 46 179 45 180 45 179 46 178 46 178 48 176 49 176 51 173 52 172 54 170 56 169 57 167 59 165 61 163 63 161 67 16 2 9 2 128 69 9 33 113 72 4 37 111 114 110 115 109 116 108 118 106 118 106 120 103 120 104 122 66 6 30 123 62 9 30 125 58 12 29 128 53 14 29 130 49 15 30 132 45 18 29 134 22 3 15 21 29 136 19 9 6 25 29 138 14 43 29 143 8 44 29 195 29 195 29 194 30 193 31 191 33 189 35 187 37 151 6 28 40 148 11 21 44 148 13 18 45 147 16 13 48 147 78 146 79 145 79 145 80 144 82 141 83 141 84 140 85 139 85 138 87 137 87 137 88 136 89 134 90 134 91 133 91 132 92 132 93 131 93 130 95 129 95 129 96 36 8 84 96 35 13 80 97 33 20 74 97 32 43 52 97 32 45 50 97 31 47 50 97 30 48 49 97 30 50 48 96 29 51 48 96 28 54 47 95 26 57 46 95 22 62 45 95 16 69 45 95 13 72 44 96 10 75 43 98 5 79 42 183 41 184 39 186 38 187 37 187 37 188 35 189 35 189 34 190 34 190 34 189 34 190 34 189 35 189 21 1 12 189 16 9 10 189 14 13 7 189 14 208 15 209 15 209 14 213 10 217 7 219 3 80
736 14 5 6 196 30 191 34 188 38 185 41 182 45 179 47 176 51 172 54 170 58 164 62 161 65 158 67 156 69 155 70 153 72 151 74 149 77 147 79 144 84 139 95 128 102 122 105 118 108 116 109 114 112 112 113 110 115 109 116 108 117 107 118 106 120 103 122 103 124 99 126 99 128 96 129 95 130 94 130 94 131 93 132 91 133 91 133 91 134 90 134 90 135 89 135 89 135 89 135 89 135 88 136 88 136 88 136 88 137 87 137 87 138 86 138 86 138 86 138 87 138 86 138 86 138 86 138 86 139 85 139 84 140 84 141 83 141 83 141 83 142 82 142 82 142 82 142 81 144 80 144 79 145 79 145 79 146 77 147 77 147 77 147 76 149 75 149 75 149 75 150 74 150 74 150 74 150 74 151 73 151 73 151 73 151 73 151 73 150 74 150 74 149 75 149 75 148 76 147 77 147 77 147 77 146 78 146 78 145 80 144 80 143 81 142 82 142 83 140 84 140 84 140 84 139 86 138 86 137 87 137 87 137 88 136 88 135 89 135 89 134 91 133 91 133 91 133 92 131 93 131 93 131 93 131 93 130 95 129 95 129 95 25 2 102 95 24 4 101 95 23 6 99 96 23 6 99 96 23 6 99 96 23 7 98 96 22 8 98 96 22 8 97 97 22 8 97 96 23 9 96 96 23 9 96 96 23 9 97 95 23 9 97 95 23 9 97 95 23 9 97 95 23 9 97 95 23 9 96 96 23 9 95 97 23 9 95 97 24 8 94 97 25 8 94 98 24 8 93 98 26 7 93 99 25 7 93 98 26 8 92 99 25 8 92 99 25 8 92 99 25 8 91 101 24 8 91 102 22 9 91 103 21 10 90 104 19 11 90 105 17 12 90 107 14 13 90 108 11 15 44 3 43 110 6 18 43 5 42 134 43 6 41 134 42 7 41 134 42 7 40 135 42 8 40 134 41 9 40 135 40 9 40 135 40 10 38 136 39 11 38 136 39 11 38 136 39 11 38 136 38 13 37 136 38 13 37 137 37 13 37 137 37 13 37 137 36 14 37 137 36 15 36 137 36 15 36 138 35 15 36 138 35 15 36 138 35 15 36 138 35 15 37 137 34 17 36 137 34 17 36 137 34 17 37 136 34 18 36 136 34 18 37 135 34 19 36 135 33 20 37 134 33 20 38 132 34 21 38 131 34 21 39 130 34 21 39 130 34 22 39 129 34 22 40 127 34 23 40 127 34 24 39 127 34 24 39 126 35 25 39 125 35 25 39 125 35 25 39 125 35 25 40 123 36 26 39 123 36 26 39 122 37 26 40 121 37 27 39 121 37 27 39 121 37 27 39 121 37 28 38 121 37 29 37 121 37 30 36 120 38 30 36 121 37 32 34 121 36 34 32 122 36 34 32 123 34 36 30 53
5872 6 216 9 214 12 212 13 210 15 209 16 208 17 207 17 50 5 151 19 47 9 149 20 44 11 149 20 43 12 149 21 40 14 150 21 37 16 150 21 36 17 150 22 33 18 151 23 30 20 151 24 28 21 151 25 25 23 151 27 21 25 151 72 152 72 152 72 152 72 152 72 152 72 153 71 153 71 153 71 153 71 153 71 153 71 153 70 154 69 155 69 155 68 156 68 156 68 156 67 157 67 157 67 157 67 157 66 158 67 157 67 157 68 156 77 147 83 140 88 136 95 129 99 125 102 122 104 120 106 118 108 116 110 114 111 113 112 112 113 111 115 109 116 108 118 106 119 104 121 103 121 103 122 102 123 100 125 99 125 99 126 98 126 98 127 97 127 97 128 96 128 97 128 96 128 96 129 95 129 96 129 95 129 95 130 94 130 95 129 95 130 95 129 95 129 95 129 96 129 95 129 96 128 96 129 95 129 95 129 95 129 95 129 95 130 95 129 95 129 95 129 95 130 94 130 94 130 94 130 94 130 95 129 95 130 94 130 95 129 95 129 96 128 96 128 96 128 97 127 97 127 98 127 97 127 98 126 99 125 99 125 100 124 100 124 101 123 101 123 101 123 102 122 103 121 104 120 105 119 107 117 109 114 111 113 111 113 112 112 112 112 112 112 112 111 113 111 113 111 113 111 113 111 113 111 113 111 114 110 113 111 113 110 114 110 114 110 113 111 112 111 111 113 102 122 99 124 99 125 98 126 98 125 98 126 98 125 99 125 99 124 100 124 100 123 101 122 103 120 104 120 105 118 106 117 108 115 109 114 111 112 112 111 114 108 117 106 118 105 120 103 122 100 125 98 127 94 131 91 135 84 142 77 149 71 155 53 5 7 164 41 186 20 3264
10627 4 219 7 216 10 211 17 4 4 2 4 190 35 183 42 179 46 175 51 171 55 168 60 163 64 159 68 154 71 152 74 149 76 146 79 143 82 137 88 133 92 131 94 129 95 128 97 126 99 124 101 123 101 122 103 120 105 118 106 117 107 117 108 116 108 117 108 116 108 118 107 118 106 119 106 118 106 118 107 117 107 117 108 115 110 113 113 111 114 109 116 107 117 106 118 105 120 103 121 102 122 102 123 100 125 98 126 98 126 97 128 96 128 95 129 94 131 93 131 92 133 90 135 89 135 89 136 87 138 86 138 86 139 85 140 83 141 83 142 82 143 81 144 80 145 79 146 78 146 78 147 77 147 77 147 78 147 77 147 77 147 77 147 78 146 79 145 79 145 80 144 80 144 81 144 81 143 82 142 82 142 83 141 83 141 84 139 85 139 86 138 86 138 87 137 88 135 90 134 90 133 92 132 93 130 94 130 95 128 99 124 101 123 104 119 106 117 107 116 108 115 109 113 112 111 113 110 114 108 116 106 118 102 122 99 125 98 125 97 127 96 128 94 130 93 130 93 131 91 133 89 134 89 135 88 136 87 137 87 136 88 136 87 137 87 137 87 137 87 137 88 136 88 135 89 135 89 134 90 134 91 132 92 131 93 129 95 128 97 126 98 125 99 123 101 122 102 121 104 119 105 118 106 117 107 117 107 116 108 115 110 113 111 113 111 112 112 112 112 111 113 111 113 110 114 110 114 110 114 109 115 108 116 108 117 106 118 106 118 106 118 105 119 105 119 104 121 103 121 103 121 103 121 103 121 104 119 73
6866 11 209 17 203 24 181 46 176 51 172 54 170 58 165 75 149 79 144 82 142 84 139 87 137 90 133 92 131 94 129 96 126 98 125 99 123 101 122 102 121 103 120 104 119 106 117 107 117 107 116 108 115 109 115 109 114 110 113 111 112 112 112 112 112 111 113 111 113 111 114 110 114 110 114 110 115 109 115 110 114 110 114 110 114 111 113 111 112 112 112 113 110 114 109 115 109 115 108 116 108 116 107 117 106 118 105 119 105 118 105 119 104 120 103 121 102 121 103 122 101 123 101 123 100 124 100 125 99 125 99 126 97 127 97 127 97 128 95 129 95 130 94 130 93 131 92 132 92 133 90 134 90 134 89 135 89 135 89 134 90 134 90 134 91 132 91 132 93 131 94 129 95 128 96 127 97 126 97 127 96 127 97 127 96 128 95 129 94 130 93 131 93 131 92 131 92 132 92 131 92 132 92 131 92 132 91 133 90 133 91 133 90 134 89 134 88 136 87 137 85 139 84 140 82 142 81 144 80 145 78 146 78 148 75 149 75 150 72 153 70 155 66 158 60 165 56 168 52 172 50 174 48 176 46 178 43 181 39 186 34 190 31 193 29 195 27 197 25 199 23 201 22 203 18 206 17 207 16 208 15 209 15 209 14 210 14 209 15 208 16 207 17 206 18 206 18 205 19 204 20 57 25 121 22 50 34 118 22 28 57 117 23 9 76 116 25 3 80 116 108 116 109 37 5 24 9 40 109 36 7 18 15 39 109 33 11 13 19 39 109 31 14 7 25 38 109 28 20 1 29 37 110 25 53 36 111 20 57 36 111 16 62 35 112 11 66 35 113 8 69 34 115 4 71 34 190 34 191 33 192 32 192 31 194 30 195 28 196 28 197 26 199 25 200 23 201 22 203 21 203 20 205 19 207 16 210 13 212 9 219 2 2051
156 17 207 18 205 20 203 22 202 22 202 23 201 24 199 25 199 26 198 27 196 29 195 30 193 32 192 33 190 35 189 36 188 37 186 39 185 39 184 41 183 42 181 43 180 45 179 46 177 47 176 49 175 50 105 8 60 51 102 16 54 52 101 19 52 52 100 22 49 54 98 25 47 55 97 29 8 2 33 59 93 43 28 62 90 45 27 64 88 46 26 64 88 47 25 66 86 48 24 66 86 49 22 68 85 50 21 69 84 50 20 70 84 51 17 72 85 51 8 80 85 51 4 84 85 139 86 138 86 137 87 137 87 138 86 138 86 138 86 139 85 140 84 140 84 141 83 141 84 141 83 141 84 141 83 142 82 143 81 144 81 144 80 144 80 145 79 145 79 146 79 146 78 147 77 148 76 148 76 149 75 149 75 149 76 149 75 149 75 149 75 149 76 148 76 148 76 148 76 148 76 148 76 148 76 148 76 148 76 148 75 149 75 149 75 149 75 149 75 149 75 149 75 149 75 149 75 149 75 149 75 149 75 149 75 149 75 149 75 149 74 150 74 150 74 150 74 150 74 150 73 151 73 151 73 151 73 151 73 151 73 151 72 152 72 152 72 152 71 153 71 153 71 153 70 154 70 154 70 154 70 154 70 154 70 154 70 154 70 154 70 154 69 155 69 155 69 155 68 156 68 156 68 156 67 157 67 157 67 157 66 158 66 158 66 158 65 159 64 160 64 160 63 161 62 162 62 162 61 163 60 164 58 166 55 169 53 171 52 172 51 173 51 173 50 174 50 174 49 175 49 175 49 175 49 175 50 174 50 174 52 172 53 171 54 170 55 169 56 168 56 168 56 168 58 166 58 166 58 166 59 165 58 166 59 165 59 165 59 165 60 164 59 164 60 164 60 164 60 164 61 163 61 163 61 163 61 163 62 162 63 161 63 160 64 158 66 156 67 155 69 136 5 12 71 134 8 10 72 129 14 9 72 127 16 9 72 127 16 8 73 127 15 9 73 126 16 9 72 126 17 9 72 126 3 2 11 10 72 126 2 4 11 9 72 136 7 11 70 136 7 11 71 137 5 12 71 136 5 12 71 136 5 12 71 136 2 15 72 153 71 153 72 13 2 137 73 12 3 134 76 11 4 133 76 11 5 131 78 8 8 130 78 7 10 128 80 4 12 129 79 2 15 20 1 106 98 16 5 106 97 15 5 107 99 11 9 2 1 102 101 6 17 99 126 97 129 32 3 59 14
10832 6 214 14 208 19 204 22 201 25 198 27 196 38 186 40 183 42 181 44 180 46 177 48 175 50 174 51 173 52 171 55 9 4 156 57 2 12 153 72 152 74 150 75 149 75 148 76 148 76 148 76 148 76 147 77 147 77 147 76 148 76 148 75 148 76 148 75 148 75 149 74 150 73 150 72 151 73 150 73 151 73 150 19 3 52 150 18 5 51 149 19 6 49 150 18 8 49 149 18 8 49 149 17 10 48 149 17 10 49 148 16 12 48 148 15 13 49 148 13 15 48 148 10 19 47 152 2 24 47 177 47 178 46 180 45 180 44 182 43 185 39 188 36 191 34 192 32 193 31 194 31 194 30 195 29 196 29 196 28 197 13 2 13 197 10 6 11 199 6 9 11 214 10 214 11 214 10 214 11 214 11 213 11 214 11 213 11 213 12 213 11 214 10 215 9 215 8 220 2 20913
22696 5 213 17 204 22 198 28 192 34 184 41 181 44 178 47 176 49 174 51 172 53 170 55 168 57 166 59 164 61 162 63 161 64 159 66 157 67 156 69 155 70 153 72 151 74 150 75 148 77 146 80 144 82 142 88 136 95 128 106 118 113 111 124 100 126 98 129 95 133 91 136 88 137 87 139 85 140 84 141 84 140 84 142 83 142 84 141 83 142 83 142 83 142 85 140 85 140 85 140 86 138 88 137 88 136 89 136 89 135 90 135 90 135 90 134 91 133 92 132 93 132 92 132 92 133 91 133 91 133 90 135 89 135 89 135 88 137 87 137 87 137 87 138 86 138 86 139 85 139 85 139 85 139 84 141 83 140 84 140 83 141 82 142 82 142 81 143 80 144 79 145 79 144 79 143 80 143 80 143 80 143 80 142 81 142 81 142 81 142 81 142 81 141 82 33 10 98 82 31 14 96 83 29 18 93 83 28 21 92 83 26 25 89 83 26 29 86 83 24 35 81 84 23 37 80 84 22 40 78 84 21 42 76 85 20 45 74 85 19 48 72 85 18 51 69 87 16 53 68 87 15 55 66 90 12 56 66 91 10 58 64 95 5 61 63 161 62 163 61 163 60 164 59 166 57 168 55 169 54 171 52 64
6644 16 204 25 196 31 191 36 185 42 181 45 178 47 176 50 173 52 171 54 169 57 166 59 165 61 162 63 161 64 160 66 157 68 156 69 155 71 153 71 153 72 152 73 151 74 149 76 148 77 147 78 146 78 146 79 145 80 143 82 142 82 142 83 141 84 139 87 137 88 135 90 134 91 132 92 132 93 130 95 129 95 128 97 125 100 119 106 112 112 110 115 107 117 105 120 103 121 101 124 98 126 97 128 94 130 93 131 91 134 89 135 87 137 86 138 84 140 83 141 81 143 80 144 79 145 78 146 77 147 76 148 76 148 75 149 74 150 74 150 74 150 73 151 73 151 72 152 72 152 71 153 70 154 69 155 69 155 68 156 67 157 66 158 49 2 14 159 43 181 37 187 34 190 32 192 30 194 28 196 27 197 26 198 24 200 23 201 22 202 19 205 17 207 14 210 11 213 10 214 9 215 8 216 7 217 6 217 6 218 5 219 5 219 4 219 5 219 3 221 3 221 3 221 2 221 4 220 3 220 4 220 4 220 5 219 5 219 5 219 5 219 5 219 6 218 6 218 7 217 7 217 8 216 8 216 10 48 9 157 10 44 16 154 11 37 27 3 8 14 14 110 12 35 68 109 13 31 72 107 15 26 77 105 17 22 81 103 19 15 88 99 27 5 95 95 130 92 134 88 137 85 140 82 143 79 146 76 149 73 152 70 155 67 157 66 158 64 160 62 162 61 164 59 165 58 166 56 168 53 171 51 173 50 174 46 178 43 182 39 185 29 197 21 204 17 208 13 212 6 7252
13076 38 185 41 182 43 180 45 178 47 177 47 177 48 176 48 176 48 176 48 176 48 176 48 175 50 174 50 174 50 174 50 174 50 174 50 173 50 174 50 175 49 175 49 176 47 177 47 178 45 180 44 180 43 182 42 183 41 183 41 184 40 184 40 184 40 184 40 184 40 184 41 183 41 183 41 183 42 182 42 182 42 181 44 180 44 180 45 178 47 177 47 176 49 174 50 174 50 173 52 172 52 171 53 170 55 169 55 168 56 168 57 167 57 166 58 166 59 165 59 165 59 165 59 165 60 164 60 164 61 163 61 163 61 163 62 162 62 162 62 162 62 162 63 161 63 161 63 161 63 161 63 162 62 162 62 162 61 163 61 164 60 164 60 165 59 165 59 165 59 165 59 166 58 166 58 166 58 166 60 164 60 164 61 163 62 162 62 162 63 161 64 160 65 159 65 159 66 158 66 158 67 157 67 158 66 158 67 157 67 157 67 157 67 157 68 156 68 156 68 157 67 157 67 157 68 156 68 156 68 157 66 158 66 158 66 159 65 159 65 159 66 159 65 159 66 158 67 157 67 157 67 157 20 2 45 157 19 4 44 156 20 5 42 157 19 6 23 2 16 158 19 7 20 6 14 158 19 7 18 10 11 158 20 7 18 11 10 158 20 7 18 12 8 158 21 7 17 14 4 161 21 7 17 178 22 7 17 177 23 7 17 177 23 6 18 176 25 5 18 176 25 5 18 177 24 4 19 177 24 4 19 179 22 3 20 179 21 4 20 180 20 4 20 181 18 4 21 182 15 7 20 183 2 2 1 16 20 204 20 204 20 205 18 206 18 207 16 209 14 211 12 213 9 216 5 1898
116 14 209 16 208 17 206 18 206 18 205 19 205 19 205 18 206 18 206 17 206 17 207 17 207 16 208 16 207 17 207 17 207 16 208 16 208 16 207 17 207 17 207 17 207 18 206 18 205 18 206 18 205 19 205 19 203 21 202 22 200 25 196 28 194 30 192 33 189 36 186 39 183 43 180 45 178 48 175 49 174 51 172 53 170 54 169 56 167 58 166 58 165 60 164 61 162 62 162 63 160 65 158 66 158 67 156 69 155 70 153 71 153 71 152 73 150 74 149 76 148 76 147 78 145 79 144 80 142 83 138 86 125 99 120 105 117 107 116 108 115 110 114 110 113 111 113 112 111 113 111 113 111 114 109 115 109 116 108 116 108 117 107 117 107 117 107 118 105 119 106 118 106 119 105 119 105 119 105 120 104 120 104 121 103 122 102 122 102 123 102 122 102 122 102 123 102 122 103 121 104 120 106 119 106 118 107 117 109 115 109 115 110 114 111 113 111 113 111 113 111 113 111 113 110 114 110 115 109 115 108 116 108 116 107 117 107 117 107 117 106 118 106 118 106 119 105 119 105 119 105 119 104 120 104 120 104 120 104 121 102 122 102 122 102 122 102 122 102 122 102 122 101 123 101 123 101 122 102 122 102 121 103 121 102 121 103 120 104 118 106 117 107 116 108 115 109 114 110 113 111 113 111 113 111 112 112 112 112 112 112 112 112 112 112 112 112 112 112 112 112 112 112 112 112 112 112 112 112 113 111 113 111 113 111 113 111 113 111 113 112 112 112 112 112 112 112 112 113 111 113 111 113 111 114 109 115 109 116 108 116 107 117 107 118 106 118 105 120 104 121 103 122 101 123 101 124 100 125 99 126 98 127 97 129 55 5 35 131 43 18 32 132 39 23 30 133 36 26 29 134 33 29 28 135 31 31 27 136 29 32 27 136 29 32 27 137 28 32 27 138 27 33 26 139 25 34 26 139 25 34 25 142 23 34 25 142 23 34 25 143 23 33 25 144 22 33 25 145 21 33 25 145 21 33 24 147 21 32 24 147 21 32 24 148 20 32 24 148 21 31 24 148 21 31 24 148 21 31 24 148 22 30 24 148 22 30 24 148 23 29 24 148 23 29 24 148 23 29 23 150 22 29 23 150 22 30 22 150 21 31 21 75
7124 2 217 11 211 14 208 19 187 7 10 22 184 10 6 27 179 47 176 49 175 50 173 52 171 53 170 55 168 56 167 58 166 58 165 60 163 61 162 62 161 63 160 64 158 66 157 68 155 69 154 70 153 71 152 72 152 72 100 2 49 73 97 9 44 75 91 17 39 77 86 23 36 79 84 27 32 82 82 29 29 84 80 32 27 85 77 37 22 88 57 59 18 90 55 67 10 92 53 171 51 172 51 173 50 173 50 174 48 176 47 177 43 181 37 187 35 190 33 191 32 192 31 194 30 194 29 196 28 196 28 197 27 197 27 197 27 197 27 197 27 197 27 197 27 197 27 197 27 197 27 197 27 197 27 197 27 196 28 196 28 195 29 195 29 194 30 193 30 193 31 192 32 192 32 190 34 190 34 189 35 188 36 187 37 186 38 185 39 184 40 184 40 183 41 182 43 181 43 181 43 180 44 179 45 179 46 177 47 176 48 175 50 173 51 173 52 171 53 170 54 169 56 167 57 165 59 164 61 162 62 160 64 160 65 158 66 157 67 156 69 155 69 154 70 153 72 151 73 150 74 149 75 147 77 142 82 138 86 136 89 66 10 58 90 64 27 42 91 63 30 39 92 62 33 37 92 61 35 36 93 59 37 34 94 58 38 35 93 56 41 34 94 53 43 34 94 51 46 33 95 49 47 33 95 47 49 33 96 43 53 32 96 41 55 32 97 37 59 31 97 35 62 30 98 32 64 30 98 31 66 29 99 29 68 28 100 27 69 28 100 26 71 27 101 25 72 27 100 25 72 27 100 24 74 27 100 23 74 27 100 22 76 28 99 21 76 29 98 21 76 31 97 20 77 32 95 20 77 34 94 19 78 34 94 19 77 35 93 19 77 35 94 19 77 35 93 19 78 34 94 20 77 33 94 22 76 32 95 23 75 30 96 24 77 27 97 24 82 20 98 25 84 16 99 25 92 6 102 24 200 24 201 23 201 23 202 22 203 21 203 19 206 17 209 13 214 6 5322
22547 5 217 11 12 11 189 36 188 36 187 37 187 37 187 36 189 35 189 34 190 34 190 34 190 34 191 32 192 32 192 32 192 32 192 32 192 32 192 31 193 31 193 31 193 31 193 30 194 30 194 30 193 31 193 31 193 31 193 31 192 32 192 32 191 33 190 33 189 35 187 37 186 38 184 40 183 41 182 42 181 43 180 44 180 44 179 44 180 44 179 45 179 45 178 46 178 46 178 46 177 47 177 47 176 48 176 48 175 49 175 49 174 50 174 50 173 51 173 51 172 52 172 52 171 53 170 54 169 54 168 56 167 57 166 58 165 59 164 60 164 59 164 60 164 60 163 60 164 60 164 60 163 61 163 61 163 61 163 60 163 61 163 61 163 61 163 61 162 62 162 62 162 62 161 63 161 63 161 63 161 63 161 63 161 63 162 62 162 62 162 63 161 63 162 62 162 62 162 63 161 63 161 64 161 63 161 64 161 62 162 44 1 17 163 41 7 11 166 40 10 6 169 13 9 16 187 10 13 13 211 12 213 11 214 9 217 5 2542
2284 6 216 10 213 12 212 13 210 15 209 16 208 17 207 18 206 18 206 19 205 20 204 21 203 22 202 23 201 25 199 26 198 28 196 31 193 34 189 39 185 43 181 47 177 52 172 55 169 58 23 10 132 62 17 14 131 66 10 18 130 95 128 96 128 96 128 96 127 97 127 97 127 97 126 98 126 97 126 98 126 98 125 98 126 98 125 98 126 97 126 98 126 97 126 98 126 97 127 96 128 96 128 95 128 96 128 96 128 95 129 95 128 96 128 95 129 95 129 95 129 94 131 93 131 93 131 94 130 95 129 97 127 111 113 116 108 119 106 121 103 123 101 125 99 126 98 128 96 129 95 130 94 131 93 132 92 133 91 134 90 135 90 135 89 136 88 137 87 137 87 138 86 138 86 139 86 138 86 140 84 140 84 141 83 142 81 143 81 144 80 145 79 145 79 146 77 147 77 147 77 148 76 148 76 148 76 149 75 149 75 149 75 149 75 150 74 150 74 150 74 150 74 151 73 150 75 150 74 149 75 150 74 150 75 149 75 149 75 149 76 149 75 149 75 149 76 148 76 148 76 148 77 148 76 148 76 148 77 147 77 147 77 147 77 148 76 148 76 148 77 147 77 147 77 147 78 147 77 147 77 147 77 147 78 146 78 146 78 147 77 147 78 146 78 146 78 146 78 146 79 145 79 145 79 146 78 146 79 145 79 145 79 146 79 145 79 145 79 145 80 144 80 145 79 145 79 146 79 145 79 145 79 145 80 145 79 145 80 144 80 144 80 145 79 145 80 145 79 146 78 146 78 147 77 147 77 147 77 147 77 147 78 146 78 146 79 145 79 145 79 145 79 145 81 143 81 143 83 141 83 141 83 141 84 140 85 138 86 138 86 138 85 139 85 138 86 138 86 138 85 138 86 136 87 136 88 134 90 133 91 131 93 130 94 128 95 128 96 127 97 126 98 125 99 125 99 124 100 123 101 122 103 120 51
15759 17 204 25 184 45 177 50 173 54 169 57 166 61 163 62 162 63 161 64 160 64 160 64 160 65 159 65 159 65 160 64 57 5 99 63 53 14 94 63 50 19 93 61 50 22 91 61 48 26 90 60 46 30 89 59 45 31 89 60 43 34 88 59 42 35 88 59 41 37 88 58 41 37 88 59 38 40 88 59 36 41 88 59 35 43 87 60 31 46 87 61 27 49 87 62 22 54 86 64 17 57 87 138 86 138 86 139 85 139 85 140 85 140 84 140 84 141 83 142 82 143 81 144 80 145 79 145 79 146 78 146 78 147 77 148 76 148 76 148 76 149 76 148 76 148 76 148 76 148 76 148 76 148 76 147 78 147 77 146 78 146 78 146 79 145 79 145 79 145 80 144 80 144 80 144 81 144 80 144 80 144 81 143 81 143 81 143 82 142 82 142 82 141 83 141 84 140 84 140 84 140 84 140 85 139 85 139 85 139 85 139 85 94 7 38 86 90 11 37 87 85 16 36 87 83 19 35 88 80 21 35 90 76 24 34 91 71 29 33 92 66 33 33 93 62 37 32 94 58 41 31 96 55 43 31 96 52 46 30 98 49 48 29 99 46 51 29 100 42 54 28 102 39 56 28 102 36 59 28 101 34 62 27 102 30 65 28 101 26 70 27 101 25 72 27 101 23 73 28 100 22 75 28 99 22 75 29 97 22 76 29 97 22 77 28 97 21 78 28 96 22 79 27 96 21 80 28 95 21 80 28 94 21 81 28 94 21 81 28 94 21 81 28 94 20 81 29 94 20 81 28 94 20 82 29 93 20 82 28 94 20 81 30 92 21 81 30 92 20 81 31 91 21 81 31 91 21 80 32 91 20 81 31 91 21 81 31 91 21 80 32 91 20 81 32 90 21 82 30 91 21 82 30 90 22 83 29 90 21 86 27 89 22 87 26 88 23 88 25 87 24 89 24 87 24 89 24 86 24 90 24 85 23 92 23 85 24 93 22 84 23 96 20 84 23 98 18 84 23 100 16 84 24 102 13 84 24 105 10 85 24 200 23 201 23 202 21 125
958 8 211 21 200 38 9 9 166 60 162 66 155 71 150 77 144 82 139 88 135 90 133 94 129 96 127 100 123 102 122 104 119 106 117 108 116 109 114 110 113 112 111 113 111 114 109 115 109 115 108 115 109 115 109 115 108 115 109 115 109 114 110 114 111 112 112 111 114 110 115 108 118 105 124 100 126 97 128 96 128 95 128 96 128 95 128 96 128 96 127 97 126 98 125 99 124 100 124 101 122 102 122 103 120 104 120 105 118 106 118 107 117 107 118 106 118 107 117 107 117 108 117 107 117 108 116 108 116 108 116 109 115 109 115 110 114 110 115 109 115 110 114 110 115 110 115 109 116 109 115 110 115 109 116 109 116 109 115 109 116 109 116 109 115 109 115 110 114 110 114 111 113 111 113 111 112 113 110 114 110 114 109 115 109 116 108 116 107 117 107 117 107 118 105 119 105 119 104 121 103 121 102 123 101 123 101 124 100 125 98 127 97 128 96 129 95 130 94 131 92 132 92 133 91 133 91 134 90 135 89 136 88 137 87 137 87 138 86 138 86 139 85 139 85 139 85 140 84 140 84 140 84 141 83 141 83 141 83 142 82 142 82 142 81 144 80 144 80 145 79 146 78 146 77 149 75 150 74 153 71 155 69 159 64 162 62 165 59 166 58 170 54 172 51 176 48 177 47 178 46 179 45 179 45 180 44 181 43 181 43 182 42 182 42 183 41 183 41 183 41 184 40 184 40 184 40 184 40 185 39 185 39 185 39 185 38 186 38 187 37 187 37 187 37 187 37 187 37 187 37 187 36 188 36 188 36 188 36 188 36 188 36 188 35 189 35 189 35 189 35 189 35 189 35 189 35 189 35 189 35 189 35 189 35 189 35 189 34 190 35 189 35 189 34 190 34 189 35 190 34 189 35 190 34 190 34 193 31 195 29 196 28 197 27 198 26 198 26 198 26 199 25 199 25 199 25 199 24 201 23 201 23 202 22 201 24 31 3 166 24 29 6 165 25 27 8 163 2
112 1 1 68 144 82 140 84 138 88 135 90 133 91 132 93 131 93 130 95 128 97 127 97 127 97 127 98 125 99 125 99 125 99 125 99 124 100 124 100 123 102 121 103 120 104 119 105 117 107 114 110 113 111 111 112 111 113 109 115 108 115 108 115 108 114 109 113 110 113 111 113 110 113 110 114 109 115 109 115 108 115 108 117 107 116 108 117 106 118 105 119 105 119 105 119 105 119 103 121 103 122 101 123 100 124 99 125 99 125 98 127 97 127 97 128 96 128 96 128 96 129 95 129 95 130 94 130 93 131 93 132 92 132 92 133 91 133 91 134 89 135 89 136 88 136 88 136 88 137 87 137 87 137 87 138 86 138 86 138 86 138 86 139 85 139 85 139 85 139 85 139 85 140 84 140 84 140 84 140 84 140 84 140 84 140 84 140 84 140 84 141 83 141 83 141 82 142 82 142 82 142 82 143 81 143 81 143 81 143 81 144 80 144 80 144 79 145 79 145 79 145 79 145 79 145 79 145 59 4 16 145 57 9 13 145 57 10 12 145 57 12 10 145 57 14 8 145 57 16 5 146 57 18 1 148 57 167 58 165 59 165 60 164 60 164 61 163 62 132 3 27 64 128 6 26 67 124 7 25 72 119 9 24 82 108 10 24 84 104 12 24 85 102 13 24 86 99 16 22 88 96 18 22 88 94 20 22 89 92 21 22 90 89 23 22 90 88 24 22 91 86 25 22 91 84 27 22 91 84 27 22 92 83 28 20 93 83 28 20 93 84 27 20 93 84 27 20 93 85 26 20 93 85 26 20 94 85 25 20 94 86 25 19 94 87 24 19 95 86 24 19 95 59 2 27 22 19 95 57 5 27 21 19 96 53 10 26 20 19 97 49 13 27 19 19 97 48 15 27 18 19 97 47 16 28 17 19 97 40 24 28 16 20 97 39 24 28 16 20 97 38 25 28 16 20 97 38 26 27 17 19 97 38 26 27 17 19 97 38 27 26 17 19 98 38 26 26 17 20 97 38 27 25 17 20 97 38 27 25 17 21 95 39 28 23 18 21 95 39 29 22 19 21 94 39 29 22 19 21 94 39 30 20 20 22 93 38 32 19 20 23 93 37 35 2 1 12 22 23 92 37 42 7 23 24 92 36 72 25 91 36 72 26 91 35 72 27 90 35 72 28 89 35 73 28 89 34 73 29 89 33 73 30 90 31 74 29 96 25 74 30 95 25 75 29 96 24 76 28 97 24 75 29 96 24 76 28 96 24 77 27 97 23 78 25 98 23 79 24 98 23 80 23 98 23 81 21 99 23 83 18 100 23 86 14 101 23 88 10 103 23 201 23 202 22 202 22 202 22 202 22 202 22 202 22 202 22 202 22 202 22 202 23 201 23 201 23 201 23 200 24 200 24 200 24 200 24 199 25 199 25 199 26 197 27 197 27 197 28 196 28 197 26 198 26 198 25 115
9946 5 193 7 18 8 189 12 13 11 187 16 7 15 186 39 184 40 184 40 183 42 182 42 181 43 181 44 179 45 179 45 179 45 179 46 177 47 177 48 175 49 175 52 171 61 163 84 140 87 137 90 134 93 131 95 129 96 128 97 127 98 126 99 125 100 124 100 124 101 123 102 122 103 122 103 121 103 121 104 120 105 119 105 119 106 119 106 118 106 118 107 118 106 118 107 117 107 117 108 117 107 117 108 116 108 117 108 116 108 116 109 115 109 115 109 115 110 114 111 113 111 113 112 112 113 112 114 110 116 109 116 108 117 108 118 106 119 105 121 104 121 103 122 102 123 102 123 101 53 2 68 101 50 7 67 100 49 9 66 101 47 10 67 100 46 12 66 100 45 14 66 99 45 14 66 100 43 16 65 100 43 16 29 7 30 99 43 17 27 12 26 99 42 18 27 15 23 99 42 19 26 17 21 99 42 19 26 20 18 100 41 20 24 23 16 100 40 21 24 26 12 101 40 21 24 27 9 103 40 22 23 140 39 23 22 140 39 23 22 140 38 25 21 140 38 25 21 141 37 26 20 141 37 26 20 141 37 26 20 141 37 26 19 142 36 28 18 142 36 28 18 143 35 28 17 144 34 29 17 144 34 29 17 144 34 28 18 144 33 29 17 145 33 29 17 145 33 29 16 146 32 30 16 147 31 30 15 148 31 30 15 148 30 31 15 148 29 32 14 149 29 32 13 150 28 33 12 151 27 35 10 152 26 37 7 154 25 39 4 156 24 200 22 202 21 203 21 203 20 203 20 204 19 205 19 206 17 207 16 208 15 209 14 212 10 11789
6855 4 216 14 208 19 203 22 201 24 198 27 196 29 193 32 190 34 187 37 184 41 181 43 178 47 176 48 174 50 173 51 172 53 170 54 169 55 169 56 167 57 166 58 165 60 163 61 163 61 162 63 161 63 160 64 160 64 160 65 158 66 158 66 157 67 157 67 156 68 156 68 156 69 154 70 154 70 154 70 153 71 153 71 152 73 151 73 150 74 150 74 149 76 146 78 144 81 141 83 138 87 136 88 135 90 134 90 132 92 131 93 130 94 129 94 128 96 126 98 124 100 123 100 122 102 121 103 121 102 121 103 121 103 120 104 120 104 120 104 120 105 119 105 119 106 119 105 119 105 119 106 118 106 118 106 118 106 118 106 118 106 119 104 120 104 120 103 122 101 123 100 124 84 1 13 126 82 6 8 128 81 143 81 143 80 144 80 144 79 145 79 145 79 145 78 146 78 146 77 146 78 146 77 147 77 147 77 147 77 147 77 147 78 146 77 148 77 147 77 147 77 147 77 147 77 147 77 147 78 146 78 147 79 145 79 145 81 143 81 143 82 142 82 142 83 141 83 142 82 142 82 142 82 142 82 143 81 143 81 143 81 143 81 144 79 145 79 145 79 145 78 147 77 147 76 148 76 148 75 149 75 149 74 150 73 151 73 151 72 152 71 153 71 154 70 154 69 154 70 154 70 154 38 8 23 156 22 24 22 156 22 24 22 155 22 26 21 155 21 27 21 155 21 27 21 155 21 27 21 154 21 28 21 154 21 28 20 155 21 27 21 154 22 27 21 153 23 27 21 153 22 29 19 153 23 29 19 152 23 30 19 152 23 30 18 152 24 31 16 153 23 32 15 153 24 33 13 154 23 35 11 155 23 36 7 157 24 200 23 201 23 201 22 202 21 203 20 205 18 207 16 209 13 213 9 220 1 3066
55 7 216 9 214 11 213 12 211 15 209 16 208 17 207 18 205 20 204 21 203 22 202 23 200 26 198 27 197 28 195 30 194 31 193 32 191 35 189 36 188 38 185 42 107 5 70 50 95 10 69 54 87 15 67 58 82 17 67 61 76 20 67 64 72 21 67 65 69 23 66 69 64 25 66 71 59 28 65 74 56 29 65 78 49 32 64 83 43 34 63 89 35 37 63 161 62 162 61 163 61 163 60 164 59 165 59 165 59 165 58 167 57 167 57 167 56 168 56 168 56 168 55 169 54 170 54 170 53 170 53 171 52 172 51 172 50 173 49 174 49 175 48 175 48 175 48 176 47 176 47 176 47 177 45 178 45 179 44 179 44 180 43 182 41 183 41 183 41 183 40 184 40 185 39 185 39 186 37 188 36 188 36 189 34 191 33 191 33 191 33 192 32 192 32 192 31 192 32 192 32 192 32 191 32 191 33 191 32 192 31 192 31 193 30 194 30 194 28 196 28 196 27 198 26 198 26 198 26 198 26 199 25 199 25 200 24 200 24 200 24 200 24 201 23 201 23 201 23 201 23 201 23 201 23 201 23 201 23 201 23 201 23 201 23 201 23 201 23 201 23 201 23 201 23 200 24 200 24 200 24 200 24 201 23 201 23 202 22 203 21 204 20 206 18 207 17 208 16 208 16 208 16 208 16 207 17 195 7 1 1 1 19 193 31 192 32 191 33 189 35 188 36 188 36 188 36 188 36 188 36 188 36 188 36 187 37 186 38 186 38 186 38 186 38 185 39 185 39 186 38 187 37 188 36 189 35 189 35 189 35 177 5 7 35 175 10 3 36 175 49 172 52 170 54 170 54 170 54 170 54 170 54 169 55 169 55 169 55 169 55 169 55 168 56 168 56 169 55 170 54 170 54 168 56 167 57 166 58 166 58 166 58 166 58 166 58 166 58 166 58 166 58 166 58 166 58 165 59 165 59 166 58 166 58 166 58 167 57 167 57 167 57 167 57 167 57 166 58 166 58 165 59 164 60 163 61 162 62 161 63 160 64 159 65 158 66 157 67 157 67 156 68 155 69 150 74 147 77 146 78 145 79
10644 13 207 21 200 26 196 31 191 35 188 38 184 43 180 46 177 50 173 53 170 56 167 59 164 60 162 63 159 66 156 69 154 71 151 74 149 76 147 78 146 79 144 81 143 81 142 83 141 83 141 83 140 85 139 85 139 85 139 86 138 86 137 88 136 88 136 88 136 89 135 89 135 90 134 90 134 90 134 91 132 92 132 93 131 93 130 95 129 95 129 96 127 97 127 97 127 97 126 99 124 100 122 102 121 103 120 105 117 107 116 108 115 108 114 110 112 112 111 113 110 114 108 115 108 116 107 117 106 117 106 118 104 119 104 120 103 120 103 121 102 122 101 123 100 124 99 125 99 125 98 125 99 124 99 125 99 124 99 124 100 124 99 125 99 125 98 126 97 127 97 127 96 128 96 127 96 128 96 125 98 124 100 121 103 114 109 114 110 114 110 113 111 113 110 114 110 114 110 114 110 114 109 115 109 115 108 116 107 117 105 120 103 121 103 121 102 122 101 123 101 123 100 124 100 124 100 124 99 125 99 125 98 126 98 126 98 127 97 127 96 128 96 128 97 128 96 128 96 100 2 26 97 97 4 26 97 96 6 26 96 95 7 26 97 93 9 25 99 90 10 27 100 86 11 27 101 84 12 32 97 81 14 33 97 78 17 32 98 76 18 33 98 74 19 34 97 74 19 34 99 72 20 34 100 70 21 34 100 69 21 35 101 67 22 34 103 66 21 34 104 65 21 34 105 64 22 33 105 64 22 34 105 63 23 33 105 64 22 33 106 63 22 33 106 63 22 33 106 63 23 32 106 63 23 32 105 65 22 32 105 65 22 31 106 29 4 33 22 30 106 27 7 33 22 28 107 25 10 32 22 27 108 25 10 32 22 26 109 24 12 32 22 25 109 23 14 31 5 1 16 24 110 22 15 32 3 1 17 23 112 20 17 36 16 22 113 18 19 35 17 21 114 17 20 36 16 20 115 16 22 34 17 18 117 15 23 34 17 17 119 12 25 34 10 4 2 16 122 10 26 34 10 21 125 5 29 34 10 20 161 32 11 19 162 32 11 17 164 32 11 16 165 32 11 14 167 32 11 13 168 32 13 8 172 31 193 30 195 29 104
782 2 210 32 188 39 181 46 176 50 172 55 166 60 163 63 159 67 155 71 152 74 149 77 145 80 142 84 139 86 136 89 134 92 130 96 127 100 123 104 119 107 116 112 111 116 107 120 103 124 99 128 95 131 92 134 88 139 83 144 77 149 72 154 67 158 63 162 60 165 58 167 55 170 52 173 50 174 49 176 47 177 47 177 46 178 46 179 45 179 44 180 44 180 44 181 43 181 43 182 42 182 42 182 42 183 41 183 41 183 41 184 40 184 40 184 40 184 39 185 39 185 39 185 39 185 39 185 38 186 38 186 38 186 38 186 37 187 37 188 35 189 35 189 35 189 34 191 33 191 33 192 32 192 31 194 30 195 29 196 28 197 26 199 25 199 24 200 24 201 23 201 23 201 22 203 21 203 21 204 20 204 20 204 20 204 20 205 18 206 18 206 18 206 18 206 18 206 18 206 18 206 18 206 18 206 18 206 18 206 18 206 18 206 18 206 18 205 19 205 19 205 19 205 18 205 19 205 19 205 19 205 19 205 19 205 19 204 20 204 20 203 21 203 21 202 23 201 23 201 23 200 25 199 25 199 26 197 27 197 28 196 29 194 30 193 31 191 34 189 35 189 35 188 36 188 36 188 36 187 36 189 35 189 34 190 33 191 32 192 31 192 32 191 32 191 32 191 33 189 34 189 34 189 34 190 33 190 34 190 33 190 33 190 34 188 35 188 35 188 36 188 35 188 35 178 2 9 35 177 5 7 34 178 5 7 33 179 7 4 33 179 8 4 33 179 9 3 32 180 10 2 31 181 43 179 45 177 47 176 48 78 3 93 50 75 10 88 50 74 13 85 52 73 15 83 53 72 15 83 54 71 16 82 55 70 17 81 56 69 17 82 56 68 18 81 57 67 18 81 58 66 18 82 58 66 18 82 58 65 19 81 59 65 18 82 59 65 18 82 59 65 17 82 60 64 18 82 60 64 17 83 60 64 16 84 60 64 14 85 61 64 14 84 62 64 14 84 62 65 13 84 62 65 14 82 63 65 15 80 64 65 15 80 34 1 29 65 15 79 35 2 28 65 16 78 35 3 27 64 17 77 36 3 27 64 18 76 36 4 26 63 19 75 23 5 8 5 26 62 20 75 21 8 7 5 26 62 20 74 20 16 1 5 26 61 22 73 20 21 27 60 23 72 20 22 27 59 25 70 20 20 30 57 27 70 19 21 30 55 29 69 20 19 32 53 32 68 19 4 3 14 32 46 38 67 20 2 8 10 33 40 45 66 30 8 36 26 58 65 32 7 38 19 64 64 32 5 41 11 71 63 16 1 15 7 123 30 20 11 35 3 127 16 34 7 168 9 43 1 173 5 126
136 15 208 18 205 20 203 23 200 26 197 28 195 30 193 32 191 34 190 35 188 37 187 37 186 39 185 40 183 42 93 1 88 42 89 10 83 43 87 12 82 43 86 15 79 45 85 16 78 46 84 18 76 46 83 20 75 46 83 22 72 48 82 23 71 48 83 23 70 49 82 24 69 49 82 26 67 50 81 26 66 51 81 28 64 52 81 28 63 52 81 29 62 53 80 30 61 53 81 30 60 54 80 32 58 54 80 33 57 54 81 33 55 55 81 35 53 56 81 35 52 56 81 37 50 57 80 38 49 57 81 40 46 57 82 41 44 57 82 44 40 59 81 46 38 59 82 49 34 60 81 50 32 61 82 52 29 61 82 54 26 63 82 57 21 64 82 66 9 68 81 143 82 143 81 143 82 143 81 143 82 143 81 144 80 144 81 144 80 145 80 144 80 145 80 144 80 145 80 144 80 145 80 144 80 144 81 143 81 144 80 144 80 144 81 143 81 143 81 143 81 143 81 144 80 144 80 144 80 144 80 144 80 144 80 144 80 144 80 144 81 143 81 143 81 143 81 143 82 142 82 143 81 143 81 143 81 143 81 143 81 143 81 143 81 143 81 143 81 143 81 143 80 144 80 145 79 145 78 146 78 146 78 146 77 148 76 148 75 149 75 149 75 149 74 150 74 150 73 152 72 152 72 152 72 152 72 153 70 154 71 153 71 153 71 154 70 154 70 154 70 154 70 154 70 155 69 155 70 154 70 154 70 154 70 154 70 155 69 155 69 155 70 154 70 155 70 154 70 154 70 154 70 154 71 153 71 154 70 154 71 153 71 153 71 153 72 153 71 153 72 152 72 152 72 152 72 153 71 153 72 152 72 152 72 153 71 153 71 153 71 153 71 153 70 154 70 154 70 155 69 155 69 155 69 155 69 155 69 155 69 156 68 156 68 156 68 156 68 156 68 157 67 157 67 157 67 158 66 158 66 159 65 159 65 160 64 160 65 159 65 160 65 159 65 160 64 160 64 160 64 160 64 161 63 161 63 161 63 161 63 162 62 162 62 162 61 163 61 163 60 165 58 166 57 167 55 169 53 172 49 175 47 177 45 179 42 182 39 185 36 189 31 193 29 195 26 198 25 200 22 202 20 204 19 205 18 207 15 209 15 209 16 207 18 206 19 205 4
291 4 217 9 212 15 206 20 202 23 198 29 193 34 186 42 179 48 174 55 168 58 164 69 154 83 140 87 136 90 133 93 130 96 127 99 125 101 121 105 118 107 116 110 113 112 111 114 110 115 108 118 105 119 104 121 103 122 101 124 100 124 99 126 98 126 97 128 96 129 95 130 94 131 93 133 91 135 89 141 83 143 81 145 79 147 77 150 6 7 62 163 61 164 62 162 63 161 64 161 64 160 64 160 64 160 64 160 64 160 64 160 63 161 63 161 63 161 62 162 62 163 61 163 61 163 60 165 59 166 58 166 58 167 57 168 56 169 55 169 55 171 53 171 53 172 52 173 51 174 50 175 49 176 48 176 48 177 47 177 47 178 46 179 45 179 45 179 45 180 44 180 44 181 43 181 43 182 42 182 42 183 41 183 41 183 41 184 40 184 40 185 39 185 39 185 39 186 38 186 38 187 37 187 37 187 37 188 36 188 36 188 36 189 35 189 35 189 35 189 35 189 35 189 35 189 35 190 34 190 34 190 34 190 34 190 34 190 34 190 35 189 35 189 35 189 35 190 34 190 34 190 34 190 34 190 35 189 35 189 35 189 35 189 36 188 37 187 37 187 38 187 37 187 38 186 38 186 39 184 40 184 41 183 41 183 42 182 42 182 42 181 44 180 44 180 44 180 44 179 46 178 46 178 47 177 47 176 49 175 49 175 50 173 51 173 51 173 52 171 53 171 53 171 54 169 55 169 56 168 56 168 57 167 58 165 60 164 60 164 62 162 62 162 64 160 64 160 65 159 66 123 1 34 66 120 6 32 67 119 7 31 67 117 10 29 68 116 12 28 68 114 15 26 70 112 17 24 71 110 20 22 72 110 22 19 74 108 25 15 76 108 26 13 77 107 28 10 79 59 6 41 32 4 82 34 7 15 10 39 119 29 14 11 13 38 119 28 17 7 15 37 120 27 40 37 120 27 41 35 121 27 41 35 120 28 41 35 120 28 41 34 121 28 40 35 121 28 40 34 122 29 39 34 122 29 39 34 121 30 39 33 122 30 38 34 122 30 38 33 122 32 37 33 122 32 36 34 121 33 36 33 122 33 36 32 122 34 35 33 122 33 36 32 122 34 36 32 122 33 37 31 123 33 37 31 122 34 37 30 123 34 37 29 124 34 37 29 123 35 37 28 124 34 38 28 124 34 38 28 124 34 38 28 124 34 37 29 125 33 38 28 125 32 39 28 126 31 39 28 126 30 41 26 80
4319 5 218 8 215 9 214 11 212 12 139 3 70 13 136 7 67 14 135 9 66 14 133 11 65 16 131 12 65 16 129 14 64 17 128 16 63 18 124 18 64 18 123 19 63 19 122 20 63 20 121 20 63 20 121 20 62 22 120 19 63 22 23 11 85 20 63 22 19 16 84 19 64 23 15 21 81 20 63 24 13 23 79 21 64 25 1 3 5 27 76 23 63 62 74 24 64 62 72 26 64 62 70 27 65 61 68 29 65 62 64 32 66 61 32 26 4 33 67 62 25 69 68 61 22 72 68 61 20 74 68 62 16 77 68 63 13 79 69 63 9 82 69 64 8 82 70 64 5 84 70 153 71 152 72 150 73 150 74 149 75 147 77 146 78 145 79 144 80 144 80 144 79 145 79 145 78 146 77 147 76 148 74 150 72 153 70 155 68 156 66 158 65 160 63 161 62 163 60 164 59 165 58 166 57 168 56 168 55 169 55 169 54 170 54 170 54 170 54 170 53 171 53 171 53 170 54 170 53 171 53 170 54 170 53 170 54 170 54 170 54 170 55 169 55 168 57 167 57 166 59 165 60 164 62 161 65 158 68 155 70 152 73 149 75 148 77 146 79 143 82 141 84 138 87 135 91 131 94 126 103 118 110 113 115 107 118 104 122 99 127 94 131 86 139 80 146 76 149 73 152 72 154 69 157 66 159 65 160 64 161 63 162 61 164 60 166 57 169 55 175 1 1 46 183 41 185 38 187 37 187 36 189 34 190 34 190 33 191 32 192 31 193 31 193 30 194 29 195 28 196 28 196 27 197 27 197 26 199 25 200 23 201 22 203 21 205 18 208 14 212 2 13335
10900 21 134 3 62 28 128 10 56 32 124 13 53 35 122 16 50 37 119 19 48 39 117 21 45 42 114 23 43 45 111 26 18 70 108 29 14 74 106 31 11 77 104 33 7 80 104 121 102 122 102 122 101 124 100 124 100 125 99 125 99 126 98 126 98 127 97 128 95 129 95 130 94 130 94 131 93 131 93 132 92 132 91 134 90 134 89 135 89 136 87 138 86 138 86 139 85 139 84 141 83 141 83 142 82 142 82 143 81 143 81 143 80 144 80 144 80 145 79 145 78 146 78 146 77 148 76 148 76 148 75 149 75 149 75 149 75 149 74 150 74 150 74 149 75 148 76 145 79 143 81 141 83 140 84 139 85 138 86 137 87 135 89 131 93 128 96 127 97 126 98 124 101 122 102 120 104 120 105 118 106 117 107 115 109 115 110 113 111 112 112 111 113 110 114 109 115 109 115 107 117 107 117 105 119 104 119 103 121 102 122 100 123 99 125 97 127 96 128 93 130 93 131 90 134 89 134 89 135 88 136 86 137 86 138 85 139 84 139 83 141 82 142 81 143 80 143 79 144 79 144 79 145 79 144 79 144 25 3 52 143 25 7 48 143 25 11 44 144 24 16 39 145 23 18 37 146 23 18 36 147 22 19 35 148 21 20 34 149 20 21 33 150 19 22 32 151 17 23 32 153 15 24 30 156 12 25 29 162 3 29 28 195 28 195 28 195 27 196 27 196 27 196 26 198 25 199 24 200 24 200 22 202 22 202 21 203 21 204 19 205 19 205 18 206 17 208 15 209 14 211 11 214 9 217 3 5295
3826 6 218 9 214 12 211 13 210 14 209 15 209 16 202 22 201 24 203 11 5 5 205 5 6520 12 209 25 15 3 180 47 176 50 172 54 169 56 167 58 165 60 163 63 160 65 158 67 156 69 153 73 150 75 148 77 146 79 144 81 143 81 142 83 141 83 141 83 140 84 140 85 139 85 139 85 139 85 139 84 141 84 140 83 141 83 142 82 142 82 143 81 144 80 144 81 144 81 143 83 142 84 24 13 103 86 19 21 99 85 17 49 73 87 12 55 70 90 2 65 68 159 65 160 64 162 62 164 60 165 59 166 58 168 56 168 56 169 55 170 54 171 53 172 53 171 52 173 51 174 50 174 50 175 49 176 48 177 46 178 46 179 45 180 43 182 42 183 40 185 39 185 38 188 36 188 36 189 34 191 33 191 33 192 31 194 30 194 30 195 29 196 28 196 28 197 27 198 26 198 26 198 26 199 25 199 25 199 25 200 24 200 23 201 23 201 23 201 23 201 22 203 21 203 21 203 21 203 21 203 21 202 21 203 21 203 21 202 22 202 22 201 23 201 23 200 24 198 26 196 27 193 31 192 32 190 34 189 34 188 36 187 36 186 38 185 38 184 40 182 42 178 46 171 53 164 59 162 62 158 66 155 69 150 74 136 5 2 80 131 93 76 10 42 96 73 17 34 100 71 23 25 105 70 30 11 112 69 155 66 158 64 160 62 161 60 164 57 167 54 169 53 171 52 172 50 174 49 175 48 176 47 177 46 178 44 180 42 183 37 187 34 192 29 197 25 203 1 1 17 213 7 3775
7546 19 203 24 198 27 193 32 187 38 164 61 158 66 155 69 153 71 151 73 149 75 147 77 145 79 144 79 145 79 144 80 144 80 144 80 145 78 146 78 147 77 147 77 148 76 149 75 150 73 151 73 151 73 152 71 153 71 153 70 154 70 153 71 153 70 153 71 151 73 148 76 146 77 145 79 143 81 141 83 139 85 137 87 136 88 134 90 132 92 131 93 129 94 128 96 127 97 126 97 125 99 123 101 122 101 122 102 120 104 118 105 118 106 117 107 116 107 116 108 115 109 114 110 113 111 112 112 111 113 111 113 110 114 110 113 110 114 110 114 110 114 109 115 109 115 109 115 108 116 108 116 107 116 108 116 108 116 107 116 108 116 107 116 108 116 108 115 109 114 109 113 111 111 113 109 114 108 116 107 117 106 118 105 118 105 119 104 120 103 121 103 120 103 121 102 122 102 122 101 123 100 124 99 125 98 126 97 127 97 127 96 128 96 128 95 129 95 129 95 129 94 130 94 130 94 130 94 130 93 132 92 132 92 132 92 132 92 132 92 133 90 134 90 134 90 134 90 135 88 136 88 136 88 137 66 1 20 137 65 4 18 137 64 6 17 138 63 7 16 139 61 8 17 138 61 8 17 139 59 9 17 139 59 9 18 139 58 9 19 139 57 10 18 140 56 10 18 140 56 10 19 141 54 10 20 141 53 10 20 142 52 10 20 144 50 10 20 147 48 9 21 149 45 9 21 152 43 8 21 153 42 8 20 155 43 7 19 156 43 6 19 157 44 5 18 157 45 4 17 159 46 4 13 162 45 6 9 165 45 179 45 180 45 179 45 180 44 181 43 181 43 182 42 182 42 183 41 184 40 184 39 186 37 188 34 191 30 194 28 197 19 207 13 215 5 4383
4804 6 214 18 203 25 196 31 191 34 188 40 182 45 178 55 168 58 164 63 160 65 158 67 156 69 154 72 151 73 150 76 147 77 146 79 145 79 144 81 143 82 141 84 140 85 139 86 137 88 136 88 136 89 134 90 134 90 134 91 133 91 133 92 131 93 131 94 130 94 129 96 128 96 128 96 128 96 127 97 127 97 127 97 127 97 126 98 126 98 126 98 126 98 126 99 125 99 124 100 124 100 124 100 124 100 124 100 124 100 123 101 123 101 123 101 123 101 123 101 123 101 123 101 123 101 123 101 123 101 123 101 123 101 123 101 123 100 124 100 125 99 125 98 126 98 126 98 126 97 127 97 127 97 127 97 127 96 128 96 128 96 128 96 129 95 129 96 128 96 128 96 128 96 128 96 128 96 129 96 128 96 128 96 128 96 128 96 128 96 128 96 128 96 128 96 129 95 129 95 129 94 131 93 131 93 131 92 132 92 132 91 133 90 134 89 135 88 135 88 136 88 136 86 138 83 141 79 146 76 148 74 150 73 151 72 152 72 152 71 153 71 154 69 155 35 5 29 155 32 9 28 155 30 12 26 156 27 15 26 156 25 18 25 156 23 21 24 156 22 22 24 156 22 22 24 156 21 23 24 156 21 23 24 156 21 23 24 156 21 23 24 156 20 24 24 156 20 25 23 156 20 25 23 156 20 25 24 155 20 26 22 156 20 26 23 155 20 27 21 156 20 26 23 155 20 26 23 155 20 26 23 155 20 27 22 155 19 28 22 155 19 28 22 155 19 28 23 154 19 28 23 154 19 28 23 154 19 28 23 153 20 28 23 153 20 28 23 153 20 28 23 153 20 28 23 152 22 27 24 151 22 27 24 151 22 27 24 151 22 27 24 151 22 28 23 151 22 28 23 151 21 29 23 151 21 29 23 152 19 30 23 152 18 32 22 153 15 34 22 154 12 36 22 157 6 40 22 202 22 203 21 203 22 202 22 203 21 203 22 202 22 202 23 201 23 201 24 200 24 201 24 200 24 200 25 199 26 198 27 198 26 198 26 199 25 199 25 200 24 200 24 201 23 201 22 203 20 205 18 207 15 212 1 1 7 1652
5030 17 203 29 190 39 182 49 173 54 167 60 161 66 155 73 148 80 142 84 136 90 132 94 128 97 125 100 122 104 118 107 115 111 112 113 110 116 106 119 103 123 101 124 98 127 96 129 94 132 91 133 89 137 86 138 85 140 83 142 81 144 79 145 78 147 76 149 73 152 72 153 69 156 68 156 66 159 64 160 63 162 61 163 58 167 53 171 48 176 45 179 43 182 36 188 33 191 31 193 30 194 30 194 30 194 30 195 29 195 29 194 30 194 30 194 30 194 30 194 30 193 31 193 31 192 32 192 32 192 32 191 33 191 33 190 34 190 34 189 35 189 35 188 36 187 37 187 37 186 38 185 39 184 40 184 40 183 41 182 42 181 43 180 44 179 45 179 45 178 46 178 46 177 47 176 48 176 48 175 49 175 49 175 49 174 50 174 50 174 50 173 51 173 51 173 51 172 52 171 53 169 55 165 59 163 61 163 61 163 61 163 61 163 61 163 61 163 61 163 61 163 61 164 60 164 60 164 60 164 60 164 60 165 59 166 58 166 58 167 57 167 57 168 56 168 56 168 56 169 55 170 54 170 54 171 53 172 52 172 52 173 51 174 50 175 49 176 48 178 46 180 44 181 43 182 42 184 40 184 40 186 38 187 37 188 36 189 35 190 34 191 33 192 32 193 31 194 30 195 29 195 29 196 28 196 28 196 28 196 28 197 27 198 27 197 28 197 28 196 29 195 31 193 41 107 7 68 46 101 11 65 50 97 13 64 52 94 15 62 55 86 23 60 56 28 8 47 27 57 58 25 12 43 30 56 59 18 1 3 16 40 32 55 61 14 26 35 33 54 63 12 31 30 35 54 63 11 31 30 35 46 3 5 63 10 32 30 35 45 6 3 65 7 33 30 36 42 78 3 34 32 35 42 114 33 35 41 114 34 35 40 114 35 37 37 114 36 38 35 114 38 38 33 101 1 12 22 3 14 40 29 101 4 10 21 5 13 45 23 103 4 10 9 18 12 51 14 106 4 10 8 20 11 55 8 109 3 9 9 21 9 174 1 11 7 25 4 176 1 11 6 3286
11937 20 198 31 188 38 182 44 177 49 172 53 170 55 168 58 165 61 163 62 161 64 160 66 157 68 156 69 154 71 153 73 151 75 148 78 146 80 144 83 140 87 137 92 19 1 112 133 90 140 84 142 82 144 79 148 76 157 67 159 64 161 63 162 62 163 61 163 61 164 60 164 60 165 59 165 59 165 59 166 59 165 59 165 60 165 59 165 59 165 59 166 59 165 59 166 58 166 58 166 59 166 58 166 58 167 57 168 56 169 55 170 55 171 53 172 52 173 51 173 52 173 51 173 52 173 51 173 51 173 52 173 51 173 51 172 53 171 53 171 53 170 54 170 55 168 56 167 57 166 58 165 60 162 62 160 65 131 8 16 69 128 97 125 99 113 111 109 115 106 118 100 124 97 110 5 12 94 110 10 11 89 112 13 11 51 21 12 114 16 11 45 31 3 116 18 12 40 153 19 12 38 154 19 15 35 154 19 19 31 154 20 21 29 154 19 23 27 154 20 24 26 154 19 25 25 154 19 27 24 154 18 28 23 155 17 29 23 155 16 30 22 157 14 30 22 159 12 30 22 162 8 32 22 201 21 203 20 203 20 204 17 207 14 210 13 211 10 214 9 216 7 218 4 12930
3240 6 217 8 215 10 213 11 213 12 211 14 210 14 209 14 210 14 209 15 209 15 208 15 208 16 208 16 207 17 206 17 206 18 205 19 173 12 18 21 170 17 8 29 163 62 34 6 118 66 29 12 115 70 23 18 110 75 4 1 9 26 107 118 105 120 103 121 102 122 100 125 99 125 98 126 97 127 96 128 95 129 94 130 93 131 92 132 91 133 89 134 89 135 87 136 87 137 86 137 86 138 84 140 84 140 84 139 84 140 83 141 84 140 83 141 84 140 83 141 83 142 82 142 81 143 81 143 80 145 79 145 79 146 78 146 78 147 77 147 77 147 78 147 77 147 78 147 77 147 77 148 77 147 77 148 76 149 75 150 74 151 73 153 71 154 69 156 68 157 67 158 66 160 65 160 64 161 63 161 63 162 62 163 61 163 60 165 59 166 58 166 57 168 55 170 54 170 54 171 52 172 52 173 50 174 50 175 49 175 49 176 48 176 48 176 47 177 47 178 46 178 46 179 44 180 44 180 44 181 43 181 43 181 43 182 42 182 42 182 42 183 41 183 41 183 41 183 41 184 40 184 40 184 40 184 40 184 40 185 39 185 39 185 39 185 39 185 39 186 38 186 38 186 38 186 38 186 38 186 38 186 39 185 39 186 38 186 39 185 39 185 39 185 39 186 38 186 38 186 38 186 38 187 37 187 37 187 37 188 36 188 36 188 36 189 35 190 35 189 35 190 34 191 33 191 33 192 33 192 32 193 31 194 30 196 28 198 27 199 25 201 24 204 20 205 19 206 19 205 19 206 19 206 18 207 17 207 18 206 18 207 18 206 18 206 18 206 19 205 19 205 20 204 20 204 21 203 22 202 22 202 22 202 23 201 23 201 24 200 24 200 24 200 24 200 25 199 26 198 26 198 27 197 28 196 30 193 31 193 33 191 34 190 36 188 38 186 39 184 41 183 41 183 41 183 42 181 44 180 44 179 47 176 5
4422 2 220 6 216 9 214 11 213 11 212 13 210 14 210 14 209 15 175 5 29 15 174 8 26 16 173 12 23 16 172 14 21 17 172 15 20 17 172 16 18 19 170 19 15 20 170 20 13 21 170 21 10 23 171 22 6 25 171 54 170 53 171 54 170 54 171 53 171 53 171 53 171 53 171 53 172 52 172 52 172 53 172 52 172 52 172 52 173 51 173 52 172 52 173 51 173 51 173 51 174 50 174 50 174 50 174 50 175 49 175 49 175 49 175 49 175 49 175 50 174 50 173 51 173 52 171 54 170 55 168 57 166 59 164 60 163 61 162 62 161 63 159 65 158 66 156 68 153 65 3 2 151 65 156 68 154 69 152 72 149 75 146 77 145 79 142 82 140 84 138 86 137 87 135 89 134 90 133 91 132 92 131 93 130 95 128 95 128 97 126 97 126 98 126 98 125 99 124 99 124 100 124 100 123 101 123 100 123 101 123 101 122 102 122 101 122 102 121 103 121 103 120 103 121 103 120 104 120 103 120 104 120 103 120 104 120 103 121 103 120 104 120 103 121 103 120 103 121 103 121 103 121 102 121 103 121 102 122 102 122 102 121 103 121 103 121 103 121 102 122 102 121 103 121 103 121 103 121 103 120 104 120 104 120 104 120 104 119 105 119 105 119 105 119 105 119 106 117 106 118 107 117 107 117 107 117 107 117 107 117 107 117 108 116 108 116 80 1 27 116 79 3 26 116 78 6 25 115 78 6 25 115 77 8 24 115 77 9 24 114 77 9 24 114 76 11 23 114 76 12 23 113 76 12 23 114 74 14 23 113 74 14 23 113 74 15 22 112 74 16 22 112 74 17 22 111 74 17 22 110 75 18 22 108 76 18 22 107 77 19 22 104 79 20 21 58 126 19 22 55 129 18 24 52 132 17 25 50 134 15 26 49 136 14 27 47 137 13 28 46 138 12 30 44 139 11 30 44 139 12 30 43 140 11 30 43 140 11 31 42 140 12 30 42 140 12 29 43 140 13 28 43 139 16 26 44 137 18 24 48 2 77 10 21 22 22 21 168 6 31 19 209 1 4315
9088 9 211 20 199 32 188 39 180 50 172 55 166 61 162 63 159 67 155 70 153 72 151 74 148 78 145 79 144 82 140 84 139 87 136 88 134 92 132 92 130 95 128 97 126 99 123 102 121 104 119 106 117 107 116 109 115 110 113 111 112 113 110 114 110 115 108 116 107 117 107 117 55 7 44 119 53 8 44 119 52 9 43 120 51 11 42 120 51 11 41 121 50 13 40 120 51 13 39 121 51 14 37 122 51 14 37 122 51 15 35 123 50 14 36 124 50 11 39 124 50 10 9 1 29 125 50 9 9 3 28 125 50 8 9 5 26 126 50 8 8 6 26 126 50 9 5 9 24 127 51 9 1 12 24 128 50 22 23 129 50 22 23 129 52 19 24 129 55 14 26 129 62 4 29 129 95 130 94 130 94 130 94 130 95 129 95 129 95 129 95 129 95 129 95 129 96 128 96 128 96 128 97 127 98 126 101 123 102 122 103 121 103 121 104 120 106 118 108 116 110 114 111 113 112 112 113 111 114 109 106 1 8 109 104 4 8 107 105 4 9 106 106 2 10 105 119 105 119 104 119 105 118 107 117 107 117 107 117 108 116 108 116 108 116 108 116 109 115 109 115 110 116 108 118 107 118 106 119 105 121 104 121 103 121 104 121 103 121 103 121 104 120 104 120 104 120 105 119 105 120 104 120 105 119 105 119 106 118 107 117 107 117 107 117 108 116 108 116 108 116 108 116 108 116 108 116 108 117 107 117 106 118 106 118 106 118 106 118 105 119 105 119 105 118 106 118 106 118 105 118 106 118 106 118 106 117 107 117 107 116 108 116 109 115 109 115 110 113 111 113 113 111 113 111 114 111 113 111 113 111 114 110 114 110 114 111 81 7 25 111 79 9 24 112 77 12 23 112 76 13 23 113 73 15 23 113 71 16 24 113 69 18 24 113 67 20 24 113 50 37 23 114 49 38 23 114 48 39 23 114 47 39 24 114 47 39 24 114 47 38 26 113 47 37 27 113 47 37 28 112 48 36 28 112 48 35 29 112 49 33 32 111 49 32 33 110 49 32 34 109 49 32 33 111 48 33 33 110 46 35 31 18
4355 8 212 24 197 32 191 36 187 39 183 44 179 46 177 48 175 50 173 52 171 54 169 56 167 58 165 60 163 61 162 64 159 66 157 69 153 81 141 91 131 100 9 10 103 126 96 130 91 136 85 141 81 145 77 148 72 24 4 126 62 31 6 125 57 34 8 126 50 38 10 126 47 39 12 127 45 37 16 126 44 33 21 126 44 30 24 126 44 25 29 126 46 15 37 126 50 3 1 1 43 126 98 126 98 125 99 125 99 125 99 124 100 124 100 124 100 123 101 123 101 123 102 121 103 120 104 120 104 119 105 117 107 23 1 91 109 21 5 88 110 20 7 86 112 18 8 85 113 17 10 83 114 17 10 83 114 16 12 81 115 16 12 81 116 14 13 80 117 14 13 80 117 13 14 79 119 12 14 79 119 12 14 78 120 12 15 77 120 12 15 76 121 11 16 76 121 12 15 76 121 12 16 74 122 12 16 74 122 12 16 74 122 12 16 75 121 12 17 74 121 12 17 74 121 12 17 74 120 14 17 73 120 14 17 73 120 14 18 72 120 14 18 72 120 14 19 72 119 14 19 72 119 14 20 71 118 15 20 71 118 15 21 70 118 14 22 70 119 13 22 70 119 13 23 69 119 13 23 69 120 11 24 69 120 11 25 68 121 9 26 69 121 6 29 68 156 68 156 68 156 68 157 67 157 67 157 67 157 67 157 67 157 67 157 67 157 67 157 67 157 67 157 67 157 67 157 66 157 67 157 67 157 66 158 66 158 66 158 65 159 65 159 65 159 64 160 64 160 63 161 63 161 62 162 62 162 61 163 27 1 33 163 24 9 28 164 21 14 25 164 20 16 24 164 19 18 22 165 19 19 21 165 18 21 20 165 17 22 20 165 17 23 19 165 16 24 18 166 16 24 18 166 16 24 18 166 16 24 18 166 16 25 17 166 15 26 16 167 15 25 17 167 16 25 16 167 16 25 16 167 16 25 15 168 16 25 15 168 16 25 15 168 16 24 16 168 16 24 16 168 16 24 16 169 15 24 16 169 15 24 16 169 16 23 15 170 16 23 15 171 15 23 15 171 15 23 15 171 15 22 16 171 15 22 16 171 15 22 17 170 15 22 17 170 15 22 17 170 16 21 17 170 16 21 18 169 16 21 18 169 16 21 19 168 16 21 19 168 16 21 19 168 16 22 18 168 17 21 19 166 18 21 19 166 18 21 19 166 18 21 19 166 18 21 19 166 18 22 18 166 18 22 19 165 18 22 19 164 19 23 18 164 18 24 18 164 18 24 18 164 18 25 16 165 18 26 15 165 18 26 14 166 18 28 11 167 18 32 5 170 16 208 16 209 14 210 13 213 10 216 6 3672
6362 9 213 35 9 18 161 65 158 67 156 69 155 69 154 72 152 72 152 73 151 73 151 73 151 73 152 72 152 72 153 70 154 69 156 67 157 67 158 65 159 64 161 62 162 61 163 60 164 60 164 59 165 58 166 58 166 57 167 57 167 57 167 57 167 57 167 57 168 56 167 57 167 57 167 58 166 58 166 58 166 58 166 58 166 58 166 57 168 56 168 55 169 55 169 54 170 54 171 53 171 53 171 52 172 52 172 52 171 53 171 53 171 53 169 55 168 56 165 2 1 56 165 59 162 1 2 59 157 2 1 65 155 15 1 53 154 8 1 6 6 49 153 16 7 48 152 17 8 47 151 18 9 47 150 18 10 46 150 18 11 45 149 19 13 44 148 18 15 43 147 19 15 43 146 21 15 42 146 20 17 42 143 22 17 42 143 12 5 5 17 42 141 13 7 4 16 43 141 12 9 2 17 43 140 13 27 45 138 12 29 45 137 14 11 2 13 47 136 16 9 5 7 51 135 18 7 65 133 19 6 66 132 93 130 94 129 95 128 96 127 97 126 98 126 98 125 99 124 100 123 101 122 101 123 101 122 102 121 103 121 103 120 103 121 103 120 104 120 103 120 103 121 103 120 104 120 103 120 104 119 104 119 105 118 106 117 106 117 107 115 108 116 108 115 108 115 109 114 109 114 110 114 110 113 111 112 111 113 111 112 112 111 113 110 114 109 114 110 114 108 116 108 116 107 116 108 116 107 117 107 116 107 117 107 117 106 117 107 117 107 117 106 117 107 117 107 117 106 118 106 118 106 117 106 118 106 118 106 118 105 119 105 119 105 118 106 118 106 118 106 118 105 118 106 95 2 21 106 94 4 20 106 94 4 20 106 93 5 20 106 93 5 19 108 90 7 19 108 90 7 19 108 89 8 19 108 88 9 19 108 88 9 19 108 87 11 18 109 86 11 18 109 86 11 18 109 39 5 42 11 18 109 38 7 40 12 18 109 37 10 35 15 19 108 37 11 33 16 19 107 38 12 31 8 2 7 19 107 38 12 31 8 3 6 20 106 38 13 30 9 2 6 20 106 38 13 29 10 3 5 21 104 41 11 29 10 3 5 22 103 41 12 28 10 4 4 24 100 43 11 28 10 4 4 26 98 43 11 29 9 5 2 28 96 45 11 28 9 37 93 45 12 29 8 38 91 46 12 31 5 39 89 48 13 75 86 48 15 75 84 49 16 75 82 50 17 75 81 50 18 75 81 48 20 75 81 45 23 73 83 42 26 73 83 40 28 72 84 34 34 70 87 29 39 66 90 29 40 64 91 28 41 62 92
15283 9 212 20 201 29 193 34 188 40 183 43 180 46 177 48 175 51 172 53 170 55 168 57 166 59 23 14 128 60 19 19 126 61 15 25 122 63 13 27 121 64 10 31 118 66 8 33 117 68 4 37 114 111 113 113 111 114 109 116 108 17 2 98 107 16 3 99 106 16 3 99 106 16 3 100 105 15 4 100 105 15 4 101 104 15 4 101 104 15 4 102 103 15 3 103 103 15 3 104 102 122 102 123 101 123 101 124 100 124 101 124 100 124 100 124 100 124 101 124 100 124 101 123 101 123 101 123 102 121 103 121 104 120 104 120 104 32 5 83 104 31 7 82 104 30 8 82 104 29 10 80 105 28 12 79 105 28 12 79 105 27 13 79 105 27 14 78 105 27 14 77 106 26 16 76 106 26 16 75 107 26 17 73 108 25 18 72 109 24 20 70 110 24 20 69 112 22 21 68 113 21 22 68 114 19 23 67 115 18 22 68 117 16 19 72 117 15 16 76 118 13 16 76 119 12 16 77 119 11 17 77 119 10 17 78 119 8 18 79 120 5 20 79 121 1 1 1 21 79 145 79 145 79 145 79 145 78 146 78 146 78 146 12 3 63 146 11 7 4 3 53 145 11 9 1 6 52 145 11 17 50 146 11 18 49 146 11 19 48 146 11 19 49 145 11 20 48 146 10 21 47 146 10 22 46 146 11 22 45 146 12 22 44 146 12 22 44 147 11 24 42 147 11 24 41 149 9 26 40 149 10 25 39 150 9 27 37 152 8 27 36 154 6 29 33 156 6 29 33 158 3 31 30 194 30 195 27 197 27 198 24 202 21 205 11 9735
2901 3 218 9 176 5 33 11 173 8 31 12 172 11 29 13 171 12 27 15 170 13 25 17 168 15 24 17 168 16 22 19 167 17 20 20 167 18 19 20 167 18 18 21 168 19 15 22 168 19 14 23 168 20 12 24 168 21 11 24 168 22 8 26 168 24 4 28 169 55 169 55 169 55 169 55 169 55 169 55 170 54 170 54 170 53 171 52 173 50 174 50 174 49 176 48 176 47 177 47 177 46 179 45 179 44 181 42 182 42 183 40 185 39 185 39 186 37 187 37 188 36 188 36 189 35 190 34 190 34 191 33 192 32 192 32 194 31 194 30 195 29 195 29 195 29 195 29 195 30 194 30 194 30 193 31 192 32 191 33 189 35 186 38 182 42 178 46 175 49 172 52 170 54 167 57 165 59 161 63 157 67 153 71 149 75 146 78 144 80 142 82 140 84 138 86 137 87 136 88 134 91 132 92 131 93 130 94 129 95 128 96 127 97 127 97 126 98 125 99 124 100 124 99 124 100 124 100 123 101 122 102 121 102 122 102 122 101 122 102 121 102 122 102 121 102 122 102 121 102 122 102 122 102 121 102 122 102 121 102 122 102 121 102 122 101 122 102 122 102 122 101 122 102 122 101 122 102 122 101 122 102 122 101 123 101 122 101 123 101 123 100 124 100 124 100 124 99 124 100 124 100 124 100 123 100 124 100 124 100 123 101 123 101 123 101 123 101 123 76 2 24 122 74 6 22 122 74 6 22 122 73 8 21 122 72 10 21 121 71 11 21 121 71 11 21 121 70 13 20 121 70 13 20 121 70 13 20 121 69 14 20 121 69 15 19 121 69 15 19 120 70 15 19 120 70 15 19 120 69 16 19 120 69 17 18 120 69 17 18 120 69 17 17 121 69 17 17 120 70 17 17 119 70 19 16 119 70 19 16 118 70 20 17 116 70 21 17 115 70 22 17 114 71 22 17 113 71 23 17 112 71 24 17 110 72 25 17 109 72 26 17 107 73 27 18 104 75 27 18 101 77 28 18 97 81 28 18 93 85 29 17 85 93 29 17 49 11 9 108 31 16 47 131 10 1 19 17 43 150 15 17 35 159 12 19 31 164 11 19 27 168 9 20 27 169 8 21 27 168 8 21 43 66 14 73 7 21 57 49 19 72 5 22 71 29 27 70 4 22 77 20 33 68 4 21 85 5 43 66 2 21 137 85 143 80 146 77 150 14 20 39 188 35 194 30 195 28 198 25 200 24 202 21 205 16 210 6 1609
11925 6 218 8 215 11 213 13 211 15 210 17 207 20 205 22 202 24 201 25 199 26 199 27 52 5 140 29 47 10 138 30 44 13 137 32 40 16 137 33 35 20 136 36 29 23 136 43 20 25 135 49 12 28 135 89 136 88 136 88 136 88 137 87 137 87 137 87 138 86 138 86 139 85 18 12 109 86 14 18 106 86 11 22 105 87 7 27 104 122 102 123 101 124 101 125 99 126 98 127 97 128 96 130 93 131 93 133 91 133 91 134 90 135 89 135 88 136 88 137 87 137 87 138 86 138 86 138 85 139 85 140 83 141 83 141 83 141 83 142 81 143 79 145 74 1 1 149 72 152 70 155 68 156 69 155 70 155 72 152 74 151 80 144 82 143 82 142 83 142 83 141 83 141 84 140 84 141 83 141 83 141 84 140 84 141 83 141 83 141 83 141 84 140 84 140 84 140 85 139 85 139 86 138 86 138 87 137 88 136 88 136 89 23 6 106 89 22 8 105 89 19 12 105 88 18 14 104 88 16 17 103 87 16 18 103 87 16 20 101 86 17 20 101 86 18 20 100 85 20 20 99 84 22 19 99 83 25 17 99 83 26 16 99 82 28 15 99 81 30 13 100 80 33 10 101 79 36 7 101 80 37 4 103 80 144 80 143 81 142 82 142 82 141 83 140 84 91 3 46 85 88 9 1 1 39 87 86 15 36 89 83 17 35 90 81 18 35 92 78 19 35 94 76 19 35 97 73 19 35 99 71 19 35 102 68 18 37 104 65 18 37 107 62 18 37 109 60 17 38 110 59 17 38 112 57 16 39 114 56 15 40 114 55 15 40 116 53 14 41 118 51 14 41 120 49 13 42 122 46 13 42 126 42 7 49 129 39 6 49 131 37 8 47 135 34 9 44 139 32 11 40 143 31 11 37 147 29 12 36 148 29 11 33 154 27 10 31 161 23 9 29 166 21 8 28 170 18 7 25 177 15 1 1 4 25 181 12 7 23 202 21 204 19 209 14 216 6 3407
5752 4 218 12 209 31 191 35 185 41 180 46 165 60 155 70 147 77 143 82 138 86 133 91 128 97 125 99 124 100 122 102 121 103 120 104 118 106 116 108 113 111 108 116 106 118 104 120 101 123 86 1 11 126 84 5 8 127 83 9 2 130 83 141 82 141 83 141 83 141 83 141 83 141 83 141 82 142 82 142 82 141 83 141 83 141 83 141 83 141 83 141 83 141 83 141 83 141 83 141 83 141 83 141 84 140 84 140 84 140 84 140 84 140 84 140 84 140 84 139 85 139 85 139 85 139 85 139 85 138 87 137 87 137 87 137 87 137 87 136 88 135 89 135 89 135 89 134 90 134 90 133 91 133 91 132 93 131 93 130 94 129 95 128 96 128 96 128 95 128 96 128 96 127 96 128 96 128 95 129 94 129 94 130 93 130 92 132 90 134 87 137 85 138 85 139 85 139 84 139 85 139 84 140 84 140 84 139 84 140 83 140 83 141 82 141 82 141 82 142 82 141 82 142 81 142 82 142 81 143 81 143 80 144 79 144 79 145 79 145 79 145 78 145 79 145 78 146 77 147 76 148 74 149 74 150 73 151 71 153 69 154 69 155 68 156 67 156 66 158 66 158 65 159 65 158 66 158 66 158 66 157 67 157 67 157 67 156 68 156 68 156 68 155 69 155 69 155 69 155 69 154 70 154 70 153 71 153 71 152 72 152 72 151 73 150 74 149 75 149 75 149 75 148 76 148 76 147 77 147 77 147 77 147 77 146 78 146 78 146 78 146 78 146 78 146 78 146 78 147 77 147 77 147 77 147 77 148 76 148 76 148 76 148 76 149 75 149 75 150 74 150 74 151 73 151 73 152 72 152 72 152 72 152 72 152 72 152 72 152 72 152 72 151 73 151 73 151 73 150 74 150 74 150 74
14946 4 1 1 1 2 212 15 1 1 205 23 200 24 199 26 198 27 196 28 196 29 195 29 194 30 194 30 194 29 196 28 196 28 196 28 196 27 197 27 197 27 197 27 197 26 198 26 198 26 198 26 197 27 197 26 198 26 197 27 197 27 196 28 196 28 195 30 194 30 194 31 192 31 193 32 191 33 191 33 191 33 191 33 190 34 190 34 190 34 190 35 189 35 189 35 189 35 189 35 189 35 189 35 189 35 189 35 189 35 189 35 189 35 189 35 189 35 189 35 188 36 188 36 188 36 188 36 188 36 188 36 188 36 188 36 188 36 188 37 187 36 188 37 187 37 187 37 188 37 187 37 187 37 187 37 187 37 187 38 186 37 187 38 186 38 185 39 185 39 185 39 185 39 185 38 186 38 186 38 186 38 186 38 186 37 186 24 1 13 186 21 4 13 186 15 1 4 7 11 187 12 4 3 7 10 188 12 3 4 8 9 189 11 2 5 10 6 191 17 208 15 210 14 210 6 2 5 13053
74 21 9 18 12 18 145 80 143 82 141 84 139 86 138 86 138 86 138 87 136 88 136 88 136 88 136 89 135 89 135 89 135 89 135 89 136 88 136 87 137 87 138 86 138 85 139 85 140 83 141 82 142 82 142 81 143 80 144 79 145 78 146 78 146 77 147 77 147 77 147 76 148 76 148 76 148 76 148 76 148 76 148 76 148 77 147 77 147 78 146 78 146 79 145 79 145 81 5 3 135 95 129 99 126 101 123 103 121 104 120 105 120 106 118 107 117 108 116 109 116 108 116 109 115 110 114 111 114 110 114 111 113 112 113 111 113 112 112 113 111 114 111 114 110 115 108 117 107 118 105 120 104 120 102 123 100 125 99 125 99 126 98 126 98 127 97 127 97 128 96 128 96 129 94 130 94 130 94 131 93 131 93 131 92 133 91 133 91 133 91 134 90 134 90 135 88 136 88 137 87 137 87 137 87 137 87 138 85 139 85 139 85 139 85 140 84 140 84 140 84 140 84 140 84 141 83 141 83 141 83 142 82 142 82 142 82 142 82 109 7 26 83 108 9 25 82 108 11 23 82 108 12 22 82 108 13 21 82 107 15 20 82 107 16 19 83 106 16 19 83 106 17 18 83 106 17 18 83 106 18 18 82 106 18 18 82 106 19 17 82 106 19 17 82 106 20 16 82 106 20 16 82 106 20 16 82 107 20 15 82 107 20 15 82 27 3 77 20 16 81 25 7 75 20 16 81 25 8 74 20 16 81 24 10 74 19 16 81 24 11 73 19 16 81 23 14 71 19 16 81 23 15 40 3 27 19 16 80 24 17 37 5 27 18 16 81 22 20 35 6 26 18 17 80 22 24 30 8 25 18 17 79 23 27 27 9 24 18 17 80 22 31 23 9 24 18 17 80 21 38 16 10 24 18 17 80 21 39 15 11 23 18 17 80 21 40 14 11 23 18 17 80 20 41 14 12 22 18 17 80 20 41 14 12 22 18 18 79 20 41 14 12 23 17 18 79 20 41 14 13 21 18 18 79 19 42 15 12 22 16 20 78 19 42 14 13 22 16 20 77 19 43 14 14 21 16 20 77 19 43 14 14 21 16 20 77 19 44 12 15 21 16 20 77 18 46 9 17 21 16 20 77 18 73 20 17 18 78 17 74 20 17 18 78 17 74 20 18 16 79 16 75 20 19 14 80 16 76 19 20 11 82 16 76 19 22 7 83 16 77 19 112 16 77 19 112 16 77 19 112 16 78 18 112 15 79 18 112 15 79 18 112 15 79 18 112 15 79 18 111 16 79 18 111 16 80 17 111 16 80 17 111 16 80 17 110 16 82 17 109 16 82 17 109 16 82 17 109 16 82 17 108 17 82 17 108 17 83 16 108 17 83 17 106 17 84 17 106 17 84 17 105 18 84 17 105 18 84 18 104 18 85 17 103 19 85 17 103 19 85 17 102 20 85 18 101 20 85 18 100 21 85 18 99 22 86 18 98 22 86 18 97 23 86 19 95 24 86 19 95 23 87 20 93 24 87 20 93 24 88 20 91 24 89 20 91 24 89 21 89 24 90 22 88 24 90 22 87 25 91 21 87 25 91 22 86 24 93 21 86 24 93 21 86 23 95 21 85 23 96 20 86 21 98 19 86 20 100 18 87 17 102 18 89 12 106 17 92 3 112 18 207 17 207 17 208 16 209 14 211 13 212 11 213 10 33
8208 5 217 7 179 4 33 9 176 8 30 10 176 10 26 12 175 12 23 14 175 14 19 16 175 16 14 19 175 21 3 24 176 48 175 49 175 49 175 49 175 49 175 49 175 49 175 49 175 49 174 50 174 51 173 51 172 52 172 53 170 54 166 58 158 66 155 70 152 72 149 76 145 79 143 81 141 84 138 86 137 87 137 88 135 89 134 91 132 92 132 92 132 93 130 94 130 94 129 95 129 96 127 97 127 97 126 98 126 99 124 100 123 101 122 103 121 103 120 104 120 104 120 104 119 105 119 105 118 106 117 107 117 107 117 108 115 109 114 110 114 110 113 111 113 111 113 111 112 112 112 112 112 112 112 111 112 112 112 112 111 113 111 112 111 113 110 113 111 113 110 113 111 112 112 112 112 111 112 112 112 111 113 110 114 109 115 109 115 108 117 106 118 105 119 104 120 103 122 101 123 100 124 99 126 97 127 96 128 96 128 95 129 95 130 93 131 92 132 92 133 91 133 90 135 89 135 88 137 87 137 87 137 87 137 86 138 86 138 86 137 87 137 87 137 88 135 89 135 90 133 91 132 93 131 94 130 96 128 98 125 101 124 106 117 112 113 114 110 117 107 119 106 119 105 120 105 120 105 119 106 119 105 119 106 118 107 117 109 115 111 113 113 111 116 108 118 106 120 103 123 101 126 97 129 94 132 91 136 87 141 81 145 78 149 73 154 67 162 52 179 36 209 9 7485
10031 3 209 24 195 34 185 42 175 52 166 60 161 65 157 68 154 71 151 75 147 78 145 80 143 82 141 84 139 85 138 87 136 88 135 90 132 92 131 93 124 101 122 102 120 105 119 105 118 107 118 107 117 107 117 108 116 109 114 111 113 112 111 113 110 115 108 117 106 119 104 121 102 122 101 123 100 124 98 126 96 128 95 129 93 131 91 133 88 136 86 138 84 140 83 141 81 143 79 145 76 148 74 150 71 153 69 155 68 156 68 156 68 156 67 157 67 157 67 157 67 157 67 157 67 157 67 157 67 157 68 156 68 156 68 156 69 155 70 154 70 154 71 153 71 153 72 152 72 152 72 152 72 152 73 151 73 151 73 151 74 150 74 150 75 149 75 149 76 148 76 148 77 147 78 146 79 145 80 144 81 143 82 142 83 141 84 140 85 139 87 137 88 136 90 134 91 133 92 132 93 131 93 131 94 130 94 130 95 129 95 129 96 128 96 128 97 127 97 127 98 126 99 125 100 124 101 123 103 121 104 120 107 5 7 105 124 100 128 96 129 95 130 94 130 94 131 93 131 93 131 93 131 93 130 94 130 94 130 94 131 93 131 93 131 93 131 93 132 92 132 92 132 92 132 92 111 2 19 92 108 8 16 92 108 9 15 92 107 10 15 92 107 10 15 92 107 9 16 92 107 8 17 92 106 7 19 92 107 4 21 92 108 2 23 91 133 91 133 91 134 90 134 90 134 90 134 90 135 89 136 88 136 88 137 87 138 86 138 86 139 85 140 84 140 84 141 83 142 82 143 81 143 81 144 80 144 80 145 79 145 79 145 79 145 79 146 78 146 78 146 78 146 78 146 78 147 77 148 76 149 74 1
10182 8 214 15 209 17 206 47 177 53 171 57 167 59 165 61 164 62 162 63 161 64 160 65 160 64 160 65 159 65 160 65 159 65 159 66 158 66 158 66 158 67 157 67 156 69 155 69 154 70 154 71 153 71 152 72 151 73 151 73 150 74 150 74 149 75 149 75 148 76 145 79 141 83 137 87 133 91 129 95 125 99 121 103 119 106 115 109 113 111 111 113 110 115 107 117 105 120 103 121 102 122 100 125 98 126 97 127 96 128 95 130 93 131 93 131 92 132 92 133 91 133 90 134 90 134 89 135 88 137 87 137 87 137 86 137 87 138 85 138 86 138 86 138 86 138 85 139 85 139 85 139 85 139 85 139 85 139 85 139 84 140 84 95 6 39 84 93 8 39 84 91 11 38 84 91 12 36 85 91 13 35 85 92 12 35 85 92 13 34 85 93 13 32 86 93 14 31 86 94 14 30 87 93 14 30 87 93 14 30 87 93 14 30 87 92 15 30 87 89 18 30 87 84 23 30 87 84 23 30 87 83 24 30 87 84 23 29 88 84 22 29 89 86 21 27 90 86 21 27 89 88 20 25 91 87 22 22 93 87 22 21 93 88 23 19 94 87 25 15 97 87 26 13 97 88 31 6 99 87 136 88 136 88 134 89 135 89 134 89 134 89 133 90 132 92 131 93 130 94 129 95 129 95 129 32 1 62 129 28 6 61 129 27 10 59 129 25 13 57 131 3 5 15 17 53 141 12 28 43 142 11 33 39 142 9 36 37 143 7 39 35 144 5 42 33 192 32 193 31 194 29 195 28 196 27 197 27 197 27 197 27 197 27 197 27 197 27 197 26 198 26 199 25 188 1 13 8 8 5 7053
6159 12 204 24 195 31 191 36 186 41 180 52 170 56 167 59 164 61 161 65 158 67 155 71 151 74 147 79 144 81 142 83 140 85 138 87 136 89 134 91 133 91 131 94 130 95 128 97 126 99 124 101 123 101 122 104 120 104 119 107 116 109 115 109 114 111 112 113 110 114 109 116 108 116 107 117 107 118 105 119 105 119 104 121 102 122 102 122 101 122 101 123 101 123 100 124 100 123 101 123 100 123 101 123 101 123 101 122 102 122 102 121 103 121 103 120 104 120 104 120 105 118 106 118 107 116 109 115 109 114 110 114 111 113 111 112 113 110 114 110 114 109 116 108 117 106 118 106 119 105 120 105 119 105 120 105 120 104 121 105 119 105 120 105 119 106 119 106 119 106 119 106 118 106 118 107 117 108 116 109 115 109 114 111 112 112 111 114 110 115 108 116 108 117 106 118 105 120 103 121 102 123 100 124 100 124 98 127 96 128 95 130 94 130 94 130 93 131 93 132 91 133 91 133 90 134 88 137 85 139 84 140 82 142 81 144 78 146 77 147 76 148 75 149 73 151 72 152 72 152 72 152 72 152 73 151 74 150 76 148 77 147 78 145 80 144 81 142 83 140 85 137 88 133 92 129 95 128 97 126 98 125 100 123 102 122 102 121 104 119 107 117 110 113 113 111 114 109 116 108 117 107 118 105 119 105 120 104 121 103 121 102 122 102 123 99 125 99 125 48 7 40 129 47 13 31 133 45 19 12 148 45 25 2 151 44 180 43 180 43 180 43 180 43 180 42 181 41 183 40 183 40 183 41 182 41 183 41 182 41 183 41 182 43 180 44 179 45 179 45 178 47 176 48 176 48 176 48 176 48 176 48 176 48 176 47 177 46 179 10 5 29 179 9 8 27 181 7 9 27 182 1 1 1 12 26 199 23 202 21 205 14 139
2340 14 205 23 198 31 190 46 176 57 165 62 159 68 152 74 146 80 141 84 137 88 135 91 132 93 130 95 128 98 126 99 124 102 122 103 121 105 118 107 117 110 114 112 111 118 106 121 103 123 100 126 98 129 95 130 94 132 92 132 92 134 90 134 89 137 87 137 87 138 85 140 84 141 83 142 81 143 81 144 80 145 78 146 78 146 78 146 78 147 76 148 76 149 75 150 73 152 72 152 72 154 70 154 70 156 68 157 67 157 67 158 66 158 66 159 65 156 1 1 66 154 4 1 65 154 4 2 64 153 71 153 71 153 9 3 59 153 8 5 57 154 9 5 56 155 8 4 57 155 10 1 58 155 69 155 69 156 68 156 68 156 69 119 3 34 68 118 5 29 72 118 6 27 73 117 8 25 73 118 9 22 11 1 64 117 11 19 77 117 12 16 78 118 14 11 81 117 107 117 107 117 107 116 108 116 107 117 107 117 106 118 106 117 107 117 106 118 106 117 107 117 107 116 107 117 107 116 108 116 108 115 109 115 108 116 108 116 108 116 108 116 108 116 108 116 108 117 106 118 106 118 106 118 105 119 105 119 105 119 106 118 106 118 106 118 107 118 106 118 106 118 107 117 107 118 106 118 107 117 107 117 108 116 109 116 109 115 110 114 111 114 111 113 112 112 113 111 115 17 2 91 115 15 3 91 116 14 3 92 116 13 3 92 117 13 2 93 116 108 116 109 115 12 1 96 114 12 3 95 113 11 6 95 111 13 6 94 110 9 1 4 6 95 109 10 1 3 7 94 108 10 1 3 8 94 108 14 9 94 106 15 9 94 106 16 7 95 106 16 7 96 104 17 6 97 104 18 4 98 104 120 104 121 103 121 102 122 102 122 102 123 101 123 101 123 101 123 101 123 101 123 101 123 101 123 101 123 101 123 101 122 102 122 102 122 102 122 102 122 102 122 102 122 102 121 103 121 102 121 104 120 104 120 104 119 105 119 105 119 105 118 106 118 106 118 107 117 107 116 108 116 108 116 109 114 110 114 110 114 110 113 112 112 112 111 114 110 114 109 115 108 117 107 117 106 118 105 119 104 121 102 122 101 123 100 124 99 125 98 126 97 127 96 128 95 129 94 131 92 132 91 134 89 71
92 13 210 15 208 17 207 18 206 19 205 20 204 20 204 21 203 22 202 22 202 23 101 4 96 24 97 9 94 25 94 13 92 25 92 15 92 26 90 17 91 27 87 19 91 28 85 20 91 28 83 21 92 29 81 22 92 29 80 23 92 30 78 23 93 30 76 25 93 31 74 26 93 31 73 27 93 32 71 27 94 33 69 28 94 34 67 28 95 35 65 29 95 36 63 30 95 36 61 31 97 37 57 33 97 38 54 34 98 40 51 35 98 44 45 36 99 59 28 38 100 61 23 39 101 66 15 41 102 122 102 121 104 120 104 119 105 119 105 118 106 118 106 117 107 117 107 116 108 116 108 116 108 115 109 115 109 115 109 115 109 115 109 115 108 115 109 115 109 115 109 114 110 114 109 114 110 114 110 114 110 114 110 113 110 114 110 114 110 114 110 113 111 113 111 113 111 113 111 113 111 113 111 113 110 114 110 115 108 116 108 116 108 117 107 117 107 117 107 118 106 118 106 120 104 122 102 124 100 131 92 133 91 134 90 135 88 137 87 137 86 138 86 138 85 139 84 141 83 141 82 142 82 142 81 143 80 144 80 144 80 144 80 144 80 144 80 144 80 144 80 144 80 144 80 144 80 144 80 144 80 144 80 144 80 144 81 143 81 143 81 143 81 143 82 142 82 142 83 141 83 141 84 140 84 140 85 139 85 139 86 138 86 138 86 138 87 137 87 137 87 137 87 137 87 137 87 137 87 137 87 137 86 138 86 138 85 139 84 140 83 141 82 142 82 142 81 143 80 144 80 144 80 144 79 145 80 144 80 144 21 2 57 144 21 3 56 144 21 3 56 144 21 3 56 144 21 3 56 144 22 1 58 143 81 143 82 142 82 142 82 142 84 1 1 1 1 136 89 135 89 135 90 134 90 134 91 133 92 132 92 132 93 131 94 129 96 128 97 127 98 126 99 125 100 123 102 122 102 121 104 110 2 7 105 109 5 5 106 106 118 106 119 104 121 102 122 102 122 101 123 100 25 1 99 99 125 99 126 98 126 98 126 98 126 99 125 99 126 98 126 98 126 98 127 97 127 97 127 97 128 96 128 96 129 95 129 95 130 94 131 93 131 93 132 91 133 91 134 90 134 90 135 89 135 89 136 87 137 87 137 87 137 86 138 86 138 83 142 81 143 80 145 78 28
29 75 148 77 147 78 144 80 143 82 141 84 140 85 138 87 136 90 134 91 132 94 130 95 128 98 126 100 124 102 122 104 120 106 118 106 118 107 116 109 115 110 114 110 114 110 114 110 113 112 112 112 111 113 111 113 110 114 109 115 109 116 107 117 107 117 106 119 105 119 105 119 105 120 104 120 104 121 102 122 102 122 102 123 101 124 100 124 81 3 15 127 74 9 14 129 66 16 13 131 59 21 13 134 51 27 12 136 43 33 11 139 37 37 11 142 30 42 10 150 18 46 10 214 10 214 10 214 10 214 10 214 10 214 10 214 9 215 9 215 9 215 9 215 9 215 9 215 9 215 9 215 8 216 8 216 8 216 8 216 8 216 7 217 7 217 7 217 7 217 7 217 7 217 7 217 7 217 7 217 7 217 7 217 7 217 7 217 7 217 7 217 6 218 6 218 6 218 6 218 6 218 6 218 6 218 6 218 6 218 6 218 6 218 6 218 6 218 5 219 5 219 5 219 5 219 5 219 5 219 5 219 5 219 5 219 5 219 4 220 4 220 4 220 4 220 3 221 3 221 3 221 2 222 2 222 1 51 1 220 9 9 3 201 25 198 28 195 30 193 32 192 32 192 33 190 35 189 35 189 35 188 36 188 36 187 37 187 37 186 38 186 39 184 40 184 40 183 42 182 42 181 43 181 44 179 45 9 6 164 45 8 7 127 1 35 45 9 7 125 3 34 47 7 8 123 5 33 48 7 8 118 10 33 48 7 8 116 12 32 49 7 7 115 15 30 51 6 6 115 16 29 52 126 19 26 54 124 22 22 56 122 26 18 58 121 30 13 60 119 36 5 64 116 109 110 124 98 125 97 126 97 126 96 127 96 127 96 127 97 127 96 128 96 127 96 127 97 126 98 125 99 123 101 122 102 121 103 120 103 120 105 118 105 118 106 117 107 116 108 116 108 115 109 115 109 114 110 114 110 113 112 111 27 1 6 4 75 111 26 13 74 110 26 14 73 111 26 15 72 111 26 16 71 110 28 15 71 110 28 15 71 110 29 15 69 111 30 14 69 111 31 13 69 111 32 11 70 103 41 10 69 104 42 8 70 103 45 5 70 101 123 100 123 100 124 100 124 101 4 1 117 109 115 109 115 111 113 112 112 113 111 115 108 118 106 121 103 124 100 126 44 4 50 128 38 10 49 127 37 12 48 128 34 15 47 128 34 14 48 127 34 15 48 125 36 15 48 127 33 17 47 131 28 18 46 133 25 20 46 135 17 1 1 1 1 23 45 48
7911 7 213 17 205 25 198 28 195 31 192 35 188 37 186 40 183 43 180 48 176 52 171 57 166 61 162 65 157 69 150 76 142 83 139 87 137 88 135 91 32 15 86 94 24 25 80 99 17 41 67 102 12 46 64 104 8 51 61 164 60 166 58 168 56 169 55 170 55 170 54 171 53 171 54 171 54 170 54 171 54 170 55 169 56 169 56 168 57 168 57 167 58 167 57 167 59 166 58 166 60 164 61 163 62 163 61 163 63 161 63 161 64 160 65 159 65 160 65 159 65 159 66 158 66 158 67 157 68 156 68 156 69 155 69 155 70 154 70 154 71 153 72 152 73 151 74 150 74 150 75 149 76 148 76 148 77 146 78 146 79 145 80 144 81 143 82 142 83 141 84 140 85 139 86 138 87 137 87 137 87 137 88 135 89 135 89 134 91 133 91 133 92 131 93 131 94 129 95 129 96 128 96 127 98 126 98 126 99 124 100 124 101 123 102 122 103 121 104 120 105 71 9 38 107 68 13 36 108 66 16 35 108 64 17 35 109 62 20 33 110 60 22 32 111 58 24 31 111 58 24 31 112 56 26 30 112 55 28 29 113 53 29 30 112 53 30 29 112 52 31 29 113 50 33 28 113 50 33 29 112 49 35 28 112 49 36 27 112 49 36 28 111 49 36 28 111 48 38 27 112 47 38 27 112 47 38 27 112 46 39 28 111 46 39 28 111 45 40 28 111 45 40 28 111 45 40 28 111 44 40 28 112 44 40 28 112 44 40 28 112 43 41 27 113 42 41 27 114 41 42 26 115 41 42 26 115 40 43 23 118 40 42 20 122 39 43 18 124 39 43 18 124 38 43 18 125 38 43 18 125 38 42 18 126 37 43 18 126 36 44 18 125 36 44 19 125 35 45 19 125 32 47 19 126 21 58 19 125 21 59 19 125 20 59 20 124 20 60 19 125 20 60 19 124 20 61 19 123 21 62 17 123 21 65 15 120 24 68 10 117 28 74 3 118 29 194 30 193 30 194 30 193 31 193 30 194 30 194 29 195 29 196 27 198 25 200 23 204 19 207 15 3253
1468 6 217 9 214 12 212 17 1 1 1 7 1 10 185 43 181 43 181 44 180 44 180 44 180 44 180 44 180 43 181 43 181 43 181 43 181 43 181 42 181 43 181 43 181 43 180 44 179 45 178 46 176 47 176 48 174 50 172 52 172 52 171 52 171 53 169 55 167 56 166 58 161 63 158 66 156 68 154 69 153 71 150 74 148 76 145 78 145 79 143 81 142 82 141 83 140 83 140 84 139 85 139 85 138 86 137 87 137 87 136 88 136 88 136 88 136 88 135 89 135 88 136 88 135 89 135 89 135 89 134 89 135 89 135 88 136 88 135 88 136 88 136 87 137 87 137 86 138 85 139 85 139 84 140 84 139 84 141 82 142 82 142 81 143 81 142 81 143 80 144 80 145 78 146 78 146 77 147 77 147 76 147 76 148 76 148 75 149 75 149 75 149 75 149 75 150 74 150 74 150 74 150 73 151 73 151 73 151 73 152 73 151 73 151 73 151 73 151 74 150 74 151 73 151 74 150 74 150 74 150 75 149 75 149 75 149 75 148 76 148 76 147 78 146 78 145 79 145 80 142 82 141 84 139 86 137 88 135 90 133 91 132 93 129 95 128 96 126 97 126 96 126 97 125 86 137 87 135 88 135 89 134 90 133 91 132 92 132 32 5 55 131 29 12 52 130 29 15 50 130 27 19 48 129 27 22 46 129 26 24 45 128 25 27 44 127 25 29 44 126 24 32 42 125 23 35 41 124 23 37 41 122 23 38 41 122 22 41 39 121 21 44 38 120 21 46 37 120 20 48 36 119 20 50 35 119 19 52 35 118 19 53 34 117 19 55 33 117 19 55 33 117 18 57 32 116 18 58 32 115 19 59 32 114 18 60 32 113 19 61 31 113 18 62 31 113 18 62 31 112 19 62 31 112 18 64 30 111 19 65 29 110 19 66 29 109 20 67 28 108 20 68 28 107 21 69 27 107 20 70 28 106 20 71 27 106 20 71 27 106 20 72 26 106 19 74 26 105 19 74 26 105 19 75 26 104 19 76 26 103 19 77 25 104 18 77 26 103 18 79 25 102 18 79 25 102 18 80 25 101 19 80 25 100 19 82 23 101 18 82 24 99 20 83 23 99 19 83 23 99 20 84 22 98 20 85 22 97 21 85 22 96 22 85 21 97 22 85 21 97 21 86 20 98 21 86 20 98 20 87 20 98 20 87 19 99 19 88 19 98 19 89 18 99 19 88 19 99 18 89 18 100 17 90 17 101 16 90 17 102 15 91 16 103 14 92 14 105 13 92 13 107 12 94 10 110 10 96 7 113 1 1 4 852
2255 5 217 9 214 12 40 6 166 13 38 9 163 15 35 12 162 16 33 14 160 18 30 17 159 19 28 18 159 20 26 20 158 20 24 22 158 22 21 23 158 22 19 25 158 24 15 27 158 28 8 30 158 66 158 66 158 66 158 66 158 65 159 65 159 65 159 65 159 65 159 64 160 64 160 64 160 63 161 63 161 63 161 63 161 63 161 62 162 62 163 60 164 60 164 60 164 59 165 59 164 60 164 60 164 59 165 59 166 58 166 58 166 58 167 57 167 57 167 57 168 56 168 56 168 55 169 55 170 54 170 54 170 54 170 54 170 54 171 54 170 54 170 55 170 55 169 56 168 56 168 56 168 57 167 57 168 57 167 57 167 58 165 59 165 60 164 61 163 63 161 66 158 68 156 69 155 71 152 73 151 74 150 75 149 76 148 76 148 78 146 79 144 82 142 84 140 86 138 87 137 89 135 91 133 94 131 96 128 97 127 98 126 101 123 103 121 105 120 105 119 107 117 109 115 111 114 111 113 113 111 115 109 118 106 119 105 121 104 121 103 123 101 124 100 126 98 127 31 2 64 130 28 1 65 131 93 132 92 134 91 139 85 141 83 143 81 144 80 145 80 146 78 146 78 146 78 146 78 146 78 146 78 146 78 146 77 147 77 147 77 147 77 147 77 148 77 148 76 147 77 148 76 148 76 148 76 149 75 149 76 148 76 147 77 147 77 146 78 145 79 144 80 143 81 143 81 142 82 141 84 140 84 40 10 90 84 38 21 81 84 37 25 36 4 37 85 36 28 28 17 30 85 35 34 18 28 23 86 35 37 7 39 17 88 35 90 1 98 34 190 32 192 31 193 30 194 29 195 28 196 28 196 27 197 27 197 26 198 26 198 25 199 25 199 25 199 24 199 25 199 24 199 25 199 25 198 25 199 25 198 26 198 25 198 26 198 25 198 26 198 25 198 26 198 25 198 26 198 26 198 25 198 26 198 25 199 25 198 26 198 26 197 26 197 27 196 28 196 27 196 28 196 27 197 27 196 28 196 27 197 26 197 26 197 26 198 25 199 24 201 22 203 20 205 18 207 16 200
11596 3 214 13 206 19 187 3 13 22 183 9 7 25 181 44 178 47 176 48 175 49 174 50 174 51 172 51 173 51 172 52 172 52 172 52 84 5 83 52 82 10 79 53 81 13 77 52 81 15 76 52 80 17 75 52 79 20 73 52 79 20 73 52 79 21 72 52 79 23 70 53 78 26 24 2 1 1 39 53 78 32 14 12 34 54 78 67 25 55 77 69 21 57 77 147 78 147 77 147 77 147 78 147 77 147 77 147 77 147 77 148 77 147 77 147 77 147 78 146 78 145 79 145 79 144 82 142 82 141 85 138 89 134 96 127 100 123 103 121 103 120 105 119 105 119 106 118 106 118 106 117 106 118 106 118 106 118 106 118 106 117 108 116 108 115 109 115 109 114 111 113 111 112 112 112 112 111 114 110 114 110 115 108 116 107 118 105 119 104 120 103 122 102 122 101 123 101 123 102 122 103 121 109 115 110 115 111 113 112 112 112 112 112 112 112 112 112 112 113 111 61 8 43 112 50 21 41 112 49 24 39 112 49 25 38 112 50 26 37 112 48 28 36 112 47 30 35 113 45 31 33 116 43 33 29 120 41 36 23 126 36 40 18 133 12 65 1 1 7 15519
2659 6 216 11 211 13 210 15 208 16 53 6 47 9 91 19 51 19 34 12 88 20 50 24 29 15 85 21 49 27 26 17 83 22 47 32 23 18 81 23 46 34 21 20 79 24 44 38 19 21 77 25 44 39 18 23 75 25 43 41 17 24 73 26 42 43 16 25 71 27 42 44 15 26 69 28 41 45 15 27 67 29 41 46 14 28 65 30 40 48 13 29 63 31 40 48 13 30 61 31 41 23 3 22 13 31 59 32 41 21 9 19 12 32 57 33 40 21 11 18 13 32 55 34 40 19 15 17 12 33 54 34 40 19 16 16 12 33 53 35 40 18 19 14 12 35 50 36 40 18 20 13 12 35 50 36 40 17 22 13 11 37 47 37 40 17 23 12 11 38 45 37 40 18 24 11 11 39 44 37 40 18 24 11 11 40 26 1 14 39 40 18 25 10 11 41 19 60 40 18 26 9 11 43 7 69 41 18 27 8 10 120 41 18 27 8 10 120 41 19 26 9 9 119 42 19 25 10 9 119 42 20 24 11 8 119 42 22 21 13 6 120 42 30 11 16 5 119 43 36 2 143 43 181 42 182 42 181 42 182 42 182 41 182 42 182 41 183 41 182 41 183 41 183 40 184 40 183 40 184 40 183 40 183 41 183 40 183 41 182 41 182 42 181 42 180 44 179 45 179 44 179 45 178 46 178 46 178 46 177 47 177 47 177 46 179 45 179 45 179 44 180 44 180 43 181 43 180 44 180 43 181 43 180 44 180 44 180 44 179 45 179 45 178 46 178 46 177 47 177 46 177 47 177 47 176 48 176 48 175 48 176 48 176 47 177 47 177 47 176 48 176 47 177 47 177 47 177 47 177 47 177 47 177 47 177 47 176 48 34 2 140 48 32 5 139 48 30 8 137 49 29 10 136 49 27 12 136 49 26 13 136 49 25 15 14 4 117 49 24 16 13 7 114 50 24 16 13 8 113 50 23 17 12 9 113 50 22 18 12 10 112 50 21 19 12 11 111 50 20 20 12 12 109 51 19 21 12 13 108 51 18 22 12 13 108 51 18 22 12 14 107 51 17 23 12 15 106 51 16 24 13 14 105 52 15 25 13 15 104 52 15 25 14 14 104 52 14 26 14 15 102 53 14 26 15 14 102 53 13 27 15 15 101 53 13 27 16 14 101 53 12 28 16 15 99 54 12 28 17 15 98 54 12 28 18 14 98 54 11 29 18 15 97 54 11 30 18 15 95 55 11 30 18 15 95 55 11 31 18 16 93 55 10 32 17 17 93 55 10 34 15 19 90 56 10 35 13 20 90 56 10 36 11 22 89 56 10 41 2 27 87 57 10 72 85 57 10 72 84 58 10 73 83 58 11 73 81 59 11 74 80 59 11 75 78 60 11 76 77 60 11 76 76 61 12 76 74 62 12 77 73 62 12 77 72 63 12 78 71 63 12 79 69 64 12 79 69 64 12 80 67 65 12 81 66 65 11 83 64 66 11 84 63 67 9 86 62 67 8 87 62 69 4 90 60 164 60 165 59 165 58 167 57 167 57 167 21 6 29 168 20 9 27 169 19 11 25 169 18 14 22 170 18 14 22 170 18 15 21 170 18 15 20 171 18 15 20 171 18 15 20 171 18 15 19 173 17 15 19 173 17 15 18 174 17 15 18 175 16 15 18 175 16 15 18 175 16 15 17 176 16 15 17 177 16 14 17 177 16 14 17 177 16 14 17 178 15 14 17 178 16 12 18 178 16 13 17 178 16 13 17 178 16 13 17 178 16 13 17 179 15 13 17 179 15 13 17 179 15 13 18 178 15 14 17 178 15 14 18 177 15 14 18 177 15 14 19 176 16 13 19 176 16 14 19 174 17 14 20 173 18 13 21 172 18 13 21 172 18 14 21 171 18 14 20 172 18 14 20 172 17 16 19 68
4304 5 215 12 210 16 207 19 204 21 203 22 201 24 199 27 197 27 197 29 134 8 53 30 131 11 52 32 127 14 51 32 126 15 51 34 122 18 50 35 120 20 49 36 118 22 48 36 116 26 45 39 112 28 45 39 111 29 45 41 107 31 45 41 106 31 46 43 102 32 47 43 101 33 47 45 98 33 48 45 96 35 48 47 92 36 49 47 91 37 49 49 87 39 49 49 86 39 49 52 81 41 50 52 79 43 50 54 74 46 50 54 70 49 51 55 59 58 53 55 52 64 53 56 45 69 54 57 37 76 54 58 30 82 54 60 16 93 56 60 12 96 56 62 6 100 56 168 56 168 56 167 58 166 58 166 58 166 59 164 60 164 60 164 60 165 59 165 60 164 60 164 60 164 60 164 61 163 61 163 61 163 61 163 61 163 62 162 62 161 63 161 63 161 63 160 65 159 65 159 65 158 66 158 67 157 67 157 67 157 68 156 68 156 68 156 69 156 69 155 69 155 70 155 69 155 70 154 70 155 69 155 70 154 70 155 69 155 69 155 69 155 69 155 69 155 69 155 69 155 68 157 67 157 67 157 66 158 66 158 66 158 65 160 64 160 64 160 63 161 62 162 62 162 60 164 59 165 57 167 55 169 54 170 53 171 52 172 51 173 50 174 49 175 48 176 48 176 47 177 46 178 45 179 44 180 44 180 44 180 43 181 43 181 42 182 42 182 41 183 41 184 39 186 37 187 36 188 36 187 36 188 35 189 34 189 34 190 33 190 33 190 34 190 32 192 32 192 31 193 31 193 30 195 29 195 28 196 28 196 27 197 27 197 27 197 27 197 27 197 27 197 26 199 25 199 25 199 24 201 23 201 23 202 22 202 22 203 21 203 21 204 20 204 20 204 19 205 20 204 20 204 20 204 20 204 20 204 20 204 19 206 18 207 17 208 15 209 15 210 14 210 13 211 13 211 12 212 12 213 11 213 11 213 11 214 11 213 10 214 10 215 9 215 9 215 9 216 8 216 7 217 7 218 6 218 5 219 5 219 5 219 4 220 4 220 5 218 6 218 7 217 7 216 5
10600 7 214 15 207 21 202 25 198 29 194 45 178 48 176 49 174 51 172 53 171 54 169 56 168 56 167 58 166 59 165 60 164 60 163 62 163 61 163 62 162 62 162 62 162 63 161 63 160 65 158 66 157 68 155 69 153 72 151 74 150 74 149 76 148 76 148 76 147 78 146 78 146 78 146 79 145 79 144 80 144 81 143 81 142 83 141 84 140 84 139 87 137 87 136 90 134 90 133 93 131 93 130 95 129 95 129 96 128 96 127 97 127 97 127 97 127 97 127 97 127 97 126 98 126 97 127 97 127 97 127 97 127 96 127 97 127 97 127 97 127 97 126 97 127 97 127 97 127 96 128 96 127 96 128 96 128 95 129 95 129 94 130 93 132 92 132 91 133 91 133 91 133 90 134 90 134 90 134 90 134 90 134 89 134 89 135 89 135 88 137 86 138 86 138 86 138 85 139 85 139 85 139 84 140 84 140 84 140 83 141 83 141 82 143 81 143 80 144 80 144 80 145 78 146 78 146 77 147 72 153 69 155 67 157 66 159 63 161 62 162 61 163 60 165 58 167 56 168 56 169 54 171 53 171 52 173 51 173 50 174 49 176 47 177 46 178 44 180 42 183 36 189 34 194 27 200 23 203 19 207 16 210 12 214 8 7765
5469 5 216 14 209 16 207 17 205 20 203 21 203 22 201 23 200 24 200 24 199 25 199 25 198 26 198 26 197 27 196 29 194 30 193 31 192 31 192 33 190 34 188 36 187 37 185 39 183 43 179 52 11 11 149 77 147 78 145 81 142 83 141 85 139 86 138 87 136 89 135 91 133 92 132 93 131 94 130 95 129 96 128 97 127 98 126 98 126 99 124 100 124 100 124 101 123 100 124 101 122 101 123 102 122 101 123 101 122 102 122 102 122 102 122 101 123 101 123 100 124 98 126 96 127 94 130 93 131 91 132 91 133 91 133 91 132 91 132 92 132 92 131 93 130 94 130 94 129 95 128 97 127 97 126 98 126 98 126 98 126 98 125 99 125 100 124 100 124 100 124 100 124 100 123 102 123 101 123 101 123 102 122 102 123 102 122 103 121 103 122 103 122 102 123 102 122 103 122 103 122 103 122 103 123 101 129 96 131 93 134 91 134 90 135 90 135 89 136 89 136 88 136 89 136 88 136 89 136 88 136 89 136 89 135 90 134 90 134 91 133 91 133 92 131 93 131 93 131 93 131 93 131 94 130 94 130 94 130 95 128 96 128 96 128 96 128 97 127 97 127 97 127 97 127 98 126 97 126 99 125 99 125 99 125 99 124 101 123 101 123 101 123 101 122 103 121 103 121 103 121 103 121 103 120 104 120 104 120 104 120 104 120 104 120 104 120 104 120 105 119 105 119 105 119 105 119 105 120 104 120 105 119 105 119 105 119 105 119 105 119 103 121 68 156 46 12 1 166 38 187 31 193 21 205 10 5514
45 126 97 130 92 134 88 137 85 140 84 141 82 143 80 145 78 147 76 150 73 152 71 154 69 157 67 158 65 160 63 162 61 164 59 165 58 167 55 170 52 172 51 174 49 175 48 177 46 178 45 180 43 182 40 184 39 187 36 188 36 190 33 193 31 195 28 196 28 198 26 199 24 201 22 202 22 203 20 204 19 206 18 206 16 209 14 210 14 211 11 213 10 215 9 215 9 215 9 216 8 216 8 216 8 216 8 217 7 217 7 218 6 218 6 219 5 220 4 221 3 222 2 222 2 223 1 223 1 2911 1 223 1 222 2 222 2 222 2 221 3 221 3 220 4 220 4 220 4 219 6 218 6 218 7 216 9 215 9 215 9 214 10 213 12 212 12 211 13 210 13 210 14 210 14 209 15 208 16 207 17 206 18 205 19 204 19 204 20 204 19 204 20 203 21 202 21 202 22 202 22 202 22 202 22 202 22 202 22 202 22 202 22 203 21 203 21 204 20 204 20 205 19 205 19 206 18 206 18 207 17 207 17 207 17 207 17 207 17 207 17 207 17 207 17 207 17 207 17 207 17 206 18 206 18 206 18 206 18 206 18 206 18 206 18 207 17 207 17 207 17 208 16 208 16 208 16 208 16 208 16 208 16 208 16 208 16 208 16 208 16 208 16 209 15 209 15 209 15 210 14 210 14 211 13 211 13 212 12 212 12 212 12 212 12 212 12 212 12 212 12 212 12 212 12 212 12 212 12 211 13 211 13 210 14 210 14 209 15 208 16 207 17 206 18 205 19 204 20 204 20 204 20 203 21 203 21 203 21 202 22 202 22 202 22 202 22 202 22 202 22 202 22 202 22 203 21 203 21 203 21 203 21 204 20 204 20 204 20 203 21 203 21 202 22 201 23 200 24 200 24 198 26 197 27 196 28 195 29 194 30 194 30 193 31 193 31 192 32 192 32 191 33 190 34
6936 5 212 13 208 17 204 21 200 24 195 29 190 34 187 37 68 3 114 39 63 15 105 41 57 37 88 42 51 46 83 44 48 50 81 45 44 56 78 46 38 64 74 48 35 68 72 49 33 72 69 50 32 74 67 51 30 78 64 52 29 79 62 54 28 81 60 55 27 82 59 56 25 85 57 57 24 86 56 58 22 88 54 60 20 91 53 60 17 94 51 62 15 97 49 63 13 99 48 64 11 101 47 65 9 104 45 66 8 105 44 67 6 108 42 68 6 108 41 69 4 111 40 69 4 111 39 70 3 113 37 71 3 113 37 71 3 114 35 72 3 114 35 72 3 115 33 73 2 117 31 74 3 117 29 75 3 118 27 76 3 119 25 77 3 119 24 78 3 120 23 78 2 122 21 79 2 123 19 80 2 124 17 81 2 125 16 81 2 126 14 82 1 127 13 83 1 127 12 84 1 127 11 85 1 127 10 86 1 128 8 87 1 129 6 88 1 129 4 90 1 2015 1 223 1 223 1 223 2 222 2 222 3 221 3 221 4 220 4 220 4 220 5 219 5 219 5 219 6 218 6 218 6 218 7 217 7 217 7 217 7 217 7 217 7 217 8 216 8 216 8 216 8 216 8 216 8 216 8 216 7 217 7 217 7 217 6 218 5 219 5 219 4 220 3 220 3 222 1 223 1 2239 1 223 1 223 1 223 1 223 1 223 3 221 3 221 4 220 6 218 9 215 9 215 10 214 10 214 12 212 12 212 14 210 15 209 20 204 22 202 24 200 25 199 26 198 27 197 28 196 28 196 29 195 29 195 29 195 29 195 29 195 29 195 29 195 29 195 29 194 30 194 30 194 30 194 30 194 31 194 30 194 31 193 33 190 36 188 38 186 43 181 47 177 47 178 47 177 47 177 47 177 47 177 47 177 47 177 47 156 5 16 47 155 7 15 47 154 10 13 47 154 11 12 48 152 14 10 48 152 14 10 49 150 15 10 49 150 16 9 50 148 17 8 51 148 17 9 50 148 17 9 50 147 18 9 50 147 18 9 50 146 19 9 50 146 19 9 50 146 19 9 50 145 20 9 50 144 21 9 50 144 20 10 50 144 20 10 50 143 21 9 52 141 23 8 52 139 26 7 53 137 28 5 2
18700 1 220 9 213 12 210 16 207 18 205 20 75 12 7 1 108 21 73 28 101 23 70 33 97 24 69 34 17 11 68 26 68 35 14 16 64 27 67 36 14 19 60 29 65 37 14 20 58 30 65 37 14 22 54 33 63 38 13 26 51 33 63 38 13 29 46 35 63 38 13 30 44 36 63 38 13 34 10 11 16 39 63 38 13 111 62 38 14 110 61 39 14 110 62 38 14 110 62 38 13 111 61 39 13 111 61 39 14 110 62 38 14 110 62 38 14 110 62 38 14 110 62 38 14 110 62 38 14 111 61 38 15 110 61 38 16 109 61 38 17 108 61 38 18 107 61 38 18 107 61 38 19 106 61 38 20 106 60 38 21 105 60 38 21 105 59 39 22 104 59 39 22 104 59 39 23 103 58 40 23 103 58 40 23 103 57 41 23 103 56 42 23 102 56 43 23 102 55 44 23 102 54 45 23 102 52 47 22 103 49 50 22 103 46 53 22 103 44 55 22 103 42 57 22 103 40 59 22 104 37 61 22 104 35 63 22 105 32 65 22 106 30 66 22 107 27 68 22 108 25 69 22 109 22 71 22 110 20 72 22 111 18 73 22 113 15 74 22 114 12 76 22 117 7 78 22 118 4 80 21 203 21 203 21 203 21 203 21 203 21 203 21 203 20 204 20 204 19 205 18 206 18 206 17 207 16 208 15 209 13 211 12 212 11 213 10 214 10 214 9 215 9 215 9 215 9 215 9 215 9 215 9 215 9 215 9 215 9 215 10 214 10 214 10 214 10 214 11 213 11 213 11 213 12 212 12 212 13 211 14 210 15 209 16 208 17 207 19 205 20 204 22 202 25 199 39 185 41 183 42 182 43 181 44 180 44 180 44 180 45 179 46 178 46 178 46 178 47 177 47 177 47 177 48 176 48 176 48 176 49 175 49 175 49 175 49 175 49 175 49 175 50 174 50 174 51 172 1
2493 7 71 1 144 11 64 7 142 13 60 11 139 15 56 15 138 17 53 16 138 18 51 18 137 19 48 20 136 22 44 22 136 23 42 23 136 24 40 24 136 25 37 26 137 25 35 27 137 26 33 28 137 27 31 29 137 28 29 30 137 30 26 30 138 31 25 30 138 34 20 32 139 35 16 34 139 85 139 84 141 83 141 83 142 82 142 81 143 81 144 79 145 79 146 77 147 77 148 75 149 75 150 73 151 73 152 71 154 70 155 68 157 66 158 65 160 63 162 60 165 57 168 55 170 53 171 53 172 51 174 50 174 50 174 50 175 49 175 49 175 49 175 49 175 48 177 47 177 47 177 47 178 46 178 46 178 46 179 45 179 46 179 45 179 47 177 49 176 51 173 55 170 58 166 61 163 65 159 67 158 71 153 73 152 76 148 80 144 86 137 90 134 93 131 95 129 98 126 99 125 101 122 104 120 106 118 107 118 108 116 108 116 109 115 111 114 112 112 114 110 115 109 116 108 118 106 119 105 120 104 121 104 121 104 121 104 122 103 121 104 122 102 123 101 124 101 124 100 125 99 126 99 126 98 127 98 127 97 127 97 128 97 128 96 128 96 129 96 128 96 129 96 128 97 128 97 127 97 127 98 127 98 126 99 125 99 125 101 123 101 124 102 122 103 121 105 119 106 118 108 116 109 115 110 114 110 114 111 113 112 37 7 68 112 31 14 67 113 29 16 66 113 28 18 65 113 27 20 64 114 25 21 65 113 24 23 64 113 24 23 64 113 23 24 64 113 23 23 65 113 22 24 64 114 22 24 64 115 21 24 64 115 20 25 62 117 20 25 62 117 20 35 50 119 20 37 47 120 19 39 44 122 19 40 41 123 20 41 38 125 20 41 34 129 20 42 28 134 20 42 25 136 21 42 24 137 21 42 22 139 20 43 21 140 20 43 20 140 21 44 17 142 21 46 13 143 22 49 8 144 22 54 1 145 24 200 24 200 23 200 24 200 23 201 23 200 23 202 22 202 21 204 19 206 17 208 15 211 11 7521
4502 8 215 10 214 12 212 13 210 15 209 16 148 7 53 18 143 11 53 19 140 13 52 20 137 16 51 22 133 18 51 24 129 20 51 25 127 21 52 27 123 22 52 29 119 24 53 29 117 25 53 31 114 26 54 32 110 28 54 34 107 29 54 36 103 30 56 37 100 31 56 39 96 32 57 42 39 5 48 33 58 44 31 16 40 34 59 47 23 24 35 36 60 52 9 35 31 36 61 110 14 39 61 162 63 161 63 160 64 160 65 158 66 158 66 158 67 156 68 156 69 154 70 154 70 153 72 152 72 152 72 151 73 151 73 151 74 149 75 149 75 149 75 148 76 148 76 148 77 146 78 146 78 146 78 146 78 145 80 144 80 144 81 143 81 142 82 142 83 141 84 139 85 139 86 137 87 136 89 134 90 134 90 133 91 133 91 133 91 133 92 132 91 133 92 132 92 132 92 132 92 132 92 132 92 132 92 132 92 132 92 132 92 131 93 131 94 130 94 130 94 129 95 129 95 129 95 129 95 129 95 128 96 128 96 128 96 128 96 128 96 128 96 128 96 128 96 129 95 129 95 129 95 129 96 128 96 128 96 128 96 128 96 129 95 129 96 128 96 128 96 128 95 129 95 130 94 130 94 130 94 130 94 131 93 131 93 132 91 133 91 134 90 134 89 136 88 137 86 139 85 140 83 142 82 143 80 144 80 145 79 146 77 147 77 147 77 148 76 149 74 150 74 151 73 152 71 154 70 154 69 156 66 159 60 165 57 168 56 169 58 166 63 162 65 160 68 156 70 155 73 152 76 1 1 1 1 1 1 1 1 140 102 1 1 121 110 114 117 1 1 105 125 21 11 67 167 57 177 46 188 35 10107
11949 11 210 17 205 22 201 26 197 28 195 31 65 11 117 33 60 17 113 39 51 24 109 46 34 35 108 52 10 55 106 119 104 121 102 122 101 123 101 124 99 125 98 126 98 127 96 128 96 129 94 130 93 131 93 131 92 132 92 132 92 132 92 132 92 131 93 131 93 131 93 131 93 131 93 131 92 133 91 133 91 134 90 134 90 135 89 135 89 136 89 135 89 135 89 136 88 136 88 136 88 136 88 136 89 136 88 136 88 136 88 136 89 135 89 135 89 135 89 135 89 135 89 135 89 135 89 135 89 135 90 134 90 134 90 134 90 134 90 134 90 134 90 134 90 134 90 134 90 134 90 134 91 133 91 133 91 133 91 133 92 131 93 131 94 130 94 130 96 128 96 128 98 125 100 124 102 121 104 120 106 117 107 116 110 113 111 113 113 110 115 108 117 106 119 104 121 103 122 101 125 99 126 97 129 95 129 95 130 94 131 93 131 93 132 92 133 91 133 92 133 91 134 90 134 90 135 89 135 39 3 47 136 35 8 45 137 33 10 44 137 32 12 43 138 30 13 43 139 28 15 42 140 26 17 41 142 23 18 41 144 19 21 40 151 9 25 38 186 38 187 37 187 36 189 35 189 35 189 35 190 33 191 33 192 31 193 31 194 30 194 29 196 28 196 28 197 26 198 26 199 24 200 23 202 21 204 19 207 16 210 12 214 8 6553
1643 2 219 8 213 13 209 21 202 23 201 23 200 25 199 25 199 26 197 28 196 28 196 29 195 30 194 30 194 31 193 32 192 32 191 33 191 34 190 34 190 35 189 36 187 37 187 39 185 41 14 1 168 60 164 62 162 66 158 68 156 68 155 69 155 71 153 72 8 1 144 83 26 8 107 86 18 18 102 91 6 27 100 125 100 124 100 125 99 125 99 125 100 125 99 124 100 124 100 124 101 123 101 123 101 122 102 122 103 120 104 120 104 119 106 118 106 117 107 117 107 116 109 114 110 113 111 113 111 112 112 111 113 110 114 110 114 109 115 109 115 108 116 107 116 107 117 106 118 104 120 103 121 103 121 102 123 100 124 100 124 99 125 98 126 98 126 98 126 97 127 97 127 97 127 96 129 95 129 95 129 95 129 95 129 95 130 94 130 93 131 93 131 93 131 93 131 93 132 92 132 93 131 93 131 93 131 94 130 94 129 96 128 96 128 97 127 97 127 98 126 98 126 99 125 99 125 100 123 101 123 101 123 102 122 102 122 103 120 104 120 104 120 104 120 105 119 105 119 105 119 105 119 105 119 105 119 106 118 106 118 106 119 105 119 105 119 105 119 106 118 105 119 106 118 105 119 106 118 105 119 105 119 105 118 106 118 106 118 106 118 106 118 105 119 105 119 105 119 105 119 104 120 104 120 103 121 102 122 101 124 99 125 98 127 96 128 96 129 94 131 93 131 92 133 91 134 90 134 90 135 88 136 88 137 87 137 86 138 86 139 84 140 84 141 82 142 82 142 82 143 80 144 36 3 41 145 32 10 35 147 30 14 31 149 30 15 28 152 28 17 26 153 28 17 25 155 26 18 24 156 26 18 24 156 26 18 23 158 25 18 23 159 24 18 22 160 24 18 22 160 24 18 22 161 23 18 21 163 22 17 22 163 22 17 22 163 22 17 22 164 21 17 22 165 20 17 21 166 20 17 21 166 20 17 21 167 19 16 22 167 20 15 21 168 21 14 21 168 21 13 22 168 21 12 22 169 22 11 22 168 23 10 23 168 23 10 23 168 24 8 23 169 24 8 23 169 24 8 23 169 24 8 23 169 24 8 22 169 25 8 22 169 25 8 22 169 25 9 21 169 25 10 19 171 24 10 19 171 24 10 19 171 23 12 18 171 23 12 18 172 21 14 16 174 19 17 14 174 18 19 11 177 16 21 10 86
6433 15 206 20 203 23 200 26 196 36 187 39 183 42 181 43 180 45 178 46 178 46 177 49 174 51 172 52 156 68 154 70 153 71 153 72 152 73 151 74 149 76 147 77 147 78 145 78 145 79 144 79 144 80 80 6 56 83 76 13 50 86 64 4 3 25 40 88 63 45 26 90 62 51 19 92 62 160 63 161 62 162 62 163 60 164 60 164 60 164 60 164 60 164 60 164 59 165 59 165 58 166 57 167 56 168 56 168 55 168 55 170 53 171 52 172 51 174 49 175 47 179 43 181 41 185 39 187 35 191 33 196 28 199 25 200 24 202 22 203 20 205 19 206 18 206 17 207 17 207 16 208 16 208 16 208 16 208 16 208 16 208 15 209 15 209 14 210 13 211 12 212 11 212 11 213 10 214 10 214 9 215 9 215 9 214 9 215 9 214 10 211 12 209 15 204 20 202 22 202 22 202 22 201 23 199 25 198 26 196 28 195 29 194 30 193 31 193 32 191 33 191 33 191 33 190 35 188 36 188 36 187 38 147 6 32 39 146 8 31 39 144 11 30 40 141 14 29 40 139 17 27 42 137 18 27 42 135 21 25 44 133 23 24 44 131 25 23 46 129 27 22 46 127 29 21 48 125 30 20 49 124 32 18 51 123 32 17 53 120 34 16 54 120 34 15 56 117 36 14 57 116 36 15 58 114 37 14 59 113 38 14 60 111 39 14 60 110 40 14 61 107 41 15 61 106 42 14 62 103 45 15 61 101 47 15 62 97 49 16 62 96 50 15 63 95 51 16 63 93 51 17 63 91 53 17 64 89 54 17 65 88 54 17 65 87 54 18 66 86 55 17 67 84 56 17 68 83 56 17 69 82 56 16 71 80 58 15 71 80 58 15 72 78 60 14 72 77 62 12 73 76 64 10 75 75 64 9 76 75 66 6 77 75 67 4 78 75 148 76 148 76 148 76 148 75 149 75 148 76 148 76 147 24 4 49 147 22 8 47 146 21 12 44 146 21 14 43 145 21 17 40 145 22 19 38 144 22 21 36 143 23 23 34 140 27 24 32 139 29 25 30 138 30 27 29 137 31 27 28 137 32 27 28 136 32 28 28 136 32 28 27 136 32 29 27 136 31 30 27 136 31 29 27 138 29 30 27 138 28 31 27 139 25 33 27 140 23 33 27 142 21 34 26 144 17 37 26 147 10 40 26 198 25 199 25 198 26 198 25 200 23 201 23 201 23 134
20 16 208 18 205 19 205 21 202 24 200 25 199 27 87 4 106 28 84 12 101 28 81 15 100 29 79 17 99 31 75 20 98 31 74 21 98 33 70 24 97 33 68 26 98 34 64 28 98 34 62 30 98 35 60 30 99 36 57 31 100 36 56 32 100 36 54 33 101 37 51 34 102 38 46 38 102 41 39 41 103 48 25 48 103 121 103 121 103 121 103 120 104 120 104 120 105 119 105 119 105 118 106 118 106 118 106 118 106 117 108 116 108 117 107 118 107 117 108 118 106 119 106 119 105 120 104 121 104 121 103 122 103 122 102 125 100 126 99 127 98 128 96 129 96 129 96 129 95 130 95 129 95 130 94 130 95 129 95 130 94 130 94 130 94 130 95 129 95 129 96 128 96 129 96 128 97 127 97 127 97 127 97 128 96 128 96 128 96 129 95 129 95 129 95 129 96 128 96 128 97 126 98 126 98 126 98 125 99 125 100 124 100 124 100 123 101 123 101 123 101 123 101 122 101 122 102 122 101 122 101 123 100 123 100 124 98 126 96 127 95 129 92 132 91 132 90 133 90 134 89 134 88 135 89 134 90 134 89 134 90 134 90 133 91 133 91 132 92 132 91 132 92 131 93 130 93 130 94 129 95 129 94 130 94 129 95 129 95 129 95 129 95 128 96 128 96 126 99 125 99 124 100 123 102 122 102 122 102 121 103 121 104 119 105 119 106 118 106 118 107 116 109 115 109 115 110 114 111 112 113 111 114 110 114 109 117 107 117 107 118 106 119 105 120 104 121 103 123 101 123 100 125 99 126 98 127 96 129 95 130 93 132 92 133 90 134 90 135 88 138 86 140 83 142 82 145 78 147 76 150 73 153 70 155 68 157 66 160 12 4 47 164 7 12 40 185 39 187 36 189 34 191 32 193 30 195 28 198 24 202 21 205 17 209 13 215 6 7958
1841 4 219 7 216 9 214 11 213 13 211 14 209 16 208 17 207 18 205 20 204 20 204 21 203 22 201 23 94 7 100 25 89 13 97 26 85 16 97 27 81 20 97 27 78 23 96 28 75 25 96 30 71 27 96 31 69 27 97 32 66 29 97 33 63 31 98 33 61 32 98 35 58 33 98 37 54 34 99 39 51 36 98 41 48 37 98 43 44 39 98 47 37 42 98 56 25 45 98 65 12 49 98 126 98 126 98 126 98 125 99 125 99 125 99 125 99 125 100 124 100 124 100 124 99 125 99 125 99 125 98 125 99 125 99 125 99 124 99 125 98 126 98 125 98 126 97 127 96 128 96 128 95 129 95 129 94 130 93 130 94 130 93 131 93 131 92 133 91 133 91 133 90 134 90 134 89 135 89 135 88 136 88 136 87 137 86 138 86 138 86 138 85 139 85 140 84 140 84 140 84 140 84 141 83 141 82 143 82 143 80 145 80 146 77 148 77 148 75 150 74 151 73 152 72 153 71 154 70 155 69 156 68 157 67 158 66 159 65 160 64 161 63 161 63 162 62 163 61 164 60 165 59 165 60 165 59 166 58 166 58 167 58 167 57 168 56 169 55 171 54 173 51 178 46 185 39 192 33 193 31 193 31 193 31 193 32 192 32 192 32 192 32 192 33 191 33 191 34 190 34 190 34 190 35 189 35 189 36 188 36 188 36 188 37 187 37 187 37 187 38 186 38 186 38 186 38 186 39 185 39 185 39 185 39 185 39 185 40 184 40 184 40 184 40 184 40 184 40 184 41 183 41 183 41 183 41 183 41 183 42 182 42 182 42 182 42 182 42 182 42 182 42 182 42 182 42 182 42 182 42 182 42 182 42 182 42 182 42 182 42 182 42 182 42 182 42 182 42 182 42 182 42 182 42 182 42 182 42 182 42 182 42 182 42 182 42 182 42 182 42 182 43 181 43 181 43 181 43 181 43 181 43 181 44 180 44 180 44 180 44 180 45 179 46 178 46 178 46 178 47 177 47 177 47 177 47 177 48 176 48 176 48 176 48 176 48 176 49 175
6392 6 52 4 161 9 47 9 158 11 44 12 157 12 41 14 157 14 37 16 157 15 16 5 13 18 157 18 10 39 157 67 157 67 157 67 157 67 157 66 159 65 159 64 161 63 161 62 163 61 163 60 164 60 165 59 165 59 165 58 167 56 168 55 171 52 172 51 173 50 174 50 175 48 176 48 176 48 176 47 178 45 179 45 179 44 180 44 179 45 179 45 179 45 178 45 178 46 178 46 177 47 176 48 175 48 176 48 175 49 175 49 174 49 175 49 174 51 172 52 172 52 171 53 170 54 169 55 168 56 167 57 165 59 164 60 162 62 161 64 158 66 157 67 156 68 155 69 155 68 155 69 154 70 153 71 152 72 152 72 151 73 150 73 151 73 150 74 149 75 148 76 147 77 147 77 146 78 146 78 146 78 145 79 145 79 145 79 144 80 144 80 143 81 143 81 142 81 143 81 142 82 142 81 143 81 143 81 143 81 142 82 142 82 141 82 142 82 141 83 140 83 140 84 139 85 138 85 138 86 137 86 137 87 136 87 137 87 137 87 136 88 136 87 137 87 136 88 136 87 137 87 136 88 136 87 137 87 137 87 137 87 136 88 136 88 136 88 135 88 136 88 136 88 136 88 136 87 137 87 137 87 137 86 137 87 137 87 138 86 137 87 137 86 138 86 138 85 139 85 139 85 139 85 116 2 20 86 113 6 19 86 112 9 16 87 111 11 15 87 108 17 10 89 107 20 7 89 108 22 2 92 107 117 107 117 106 118 106 117 107 117 106 118 106 18 6 94 107 15 9 93 107 14 11 92 107 13 14 90 107 12 17 88 108 10 20 86 110 7 22 86 140 84 141 83 143 82 143 81 144 81 144 80 146 79 147 77 151 74 153 71 157 67 160 65 164 15 6 39 186 38 188 35 190 35 190 33 194 17 211 8 2998
3502 4 218 9 214 11 212 14 210 15 209 16 64 3 140 18 60 8 138 19 58 10 137 20 55 12 137 21 53 13 137 22 50 15 136 24 48 16 136 25 46 17 136 27 42 19 136 28 39 21 136 30 36 22 136 31 32 25 136 49 12 27 136 54 3 31 136 88 136 88 136 88 137 87 137 87 137 87 137 87 137 87 137 87 136 88 136 88 136 88 136 88 136 88 136 88 136 88 136 88 136 88 136 88 135 89 135 88 136 88 135 89 134 90 133 91 133 91 132 92 131 93 130 94 129 95 128 97 126 98 126 98 125 99 124 100 123 101 122 102 121 103 121 103 120 104 120 104 119 105 119 105 119 105 118 106 118 106 118 106 117 107 117 107 117 107 116 108 116 108 115 109 115 109 114 110 113 110 114 109 114 109 113 110 112 110 108 112 106 114 105 117 102 120 102 121 99 124 97 125 96 127 93 130 91 132 87 136 85 138 79 144 73 151 70 153 64 159 62 162 59 164 57 166 52 172 36 9 3 176 35 189 34 190 33 191 32 193 31 194 30 195 29 196 28 198 26 200 24 201 23 201 23 202 22 203 21 204 20 204 20 205 19 205 19 206 18 206 18 206 18 206 18 206 18 206 18 206 18 206 18 206 18 206 18 205 19 205 19 204 20 204 20 204 20 204 20 204 20 204 20 204 20 204 20 204 20 204 20 204 20 203 21 203 21 204 20 204 20 204 20 204 20 204 20 204 20 204 20 204 20 204 20 204 20 204 20 203 21 203 21 203 21 203 21 203 21 203 21 203 21 204 20 204 20 204 20 204 20 204 20 204 20 204 21 203 22 202 26 198 31 193 35 190 37 187 41 183 46 178 53 171 67 158 72 152 82 1 1 140 92 132 98 126 102 122 106 118 110 114 117 107 123 101 126 98 128 96 131 93 134 90 136 88 140 84 142 82 146 78 149 75 154 70 169 54 178 46 182 41 190 33 197 25 1815
8872 3 218 10 213 13 211 16 207 22 202 37 1 9 176 50 174 51 173 52 172 53 170 54 170 55 168 56 167 57 136 3 1 1 25 58 118 36 11 58 114 110 110 113 109 115 107 116 105 119 102 121 101 123 99 124 99 125 98 126 97 127 95 129 94 130 92 132 91 133 89 135 88 136 85 139 83 141 81 143 79 145 77 147 76 147 75 149 74 150 72 152 71 153 70 154 70 154 69 155 68 156 67 157 66 158 66 158 65 159 64 160 63 160 64 160 63 161 63 161 62 162 62 162 61 163 61 162 62 150 73 148 76 146 78 144 79 144 80 142 82 139 84 137 87 134 90 49 6 76 93 47 10 48 8 5 1 1 1 7 96 47 13 42 122 47 177 49 175 50 174 51 174 52 172 54 170 55 169 57 167 57 166 58 166 57 167 57 167 57 168 55 169 54 170 53 171 52 173 52 172 52 172 53 171 54 170 54 170 54 171 52 172 50 174 46 178 46 178 46 178 45 179 46 178 46 178 46 178 46 178 46 178 46 179 45 179 45 179 45 180 44 180 44 180 43 181 42 182 42 182 41 183 41 184 39 185 39 185 39 185 39 186 38 186 38 186 39 185 39 186 38 186 38 186 37 188 36 188 36 188 36 189 34 190 34 190 34 190 33 192 32 192 32 192 32 192 32 192 32 193 31 193 31 194 30 194 30 194 30 195 30 194 30 195 29 195 29 195 29 196 28 45 3 148 28 45 4 148 28 44 4 148 28 44 5 147 28 43 7 147 27 43 7 147 27 43 8 147 25 44 8 147 25 43 10 146 25 43 11 146 23 44 11 147 22 44 12 146 21 45 12 147 19 46 13 147 18 46 13 148 15 48 14 148 13 49 14 153 6 51 15 209 16 208 16 208 17 207 19 205 20 204 24 200 24 200 25 199 25 199 26 198 26 198 28 196 28 196 28 196 27 198 25 200 22 102
8154 14 208 18 204 22 200 28 194 35 188 48 175 67 156 70 152 74 150 76 147 78 146 79 145 80 144 81 143 82 143 82 144 80 146 79 147 77 148 76 149 76 149 75 150 75 150 74 150 74 150 74 151 74 150 73 151 74 150 73 151 73 151 73 151 72 152 72 152 71 153 71 153 69 155 69 155 61 3 4 156 60 164 60 165 58 166 58 166 58 166 57 168 56 168 55 169 55 169 55 169 55 169 56 168 56 169 56 168 56 7 18 143 58 1 24 141 85 139 88 136 89 135 90 134 91 132 94 130 94 130 95 129 96 128 96 128 97 127 97 127 97 127 98 126 98 126 98 125 100 124 100 124 100 124 100 124 100 124 101 123 101 122 102 122 102 122 102 121 103 120 104 116 108 105 119 103 121 101 123 100 124 99 125 99 125 99 125 99 125 99 125 100 123 103 121 105 119 115 109 116 108 116 107 117 107 118 105 119 105 119 104 120 104 120 103 121 102 122 102 122 101 122 102 122 101 123 101 123 100 123 100 123 100 123 100 123 101 122 101 121 101 122 101 121 102 120 103 119 104 118 105 118 104 119 104 120 103 119 103 121 101 122 99 124 98 125 33 6 58 127 31 16 49 127 29 21 45 128 28 25 42 128 27 28 40 128 27 30 39 126 27 34 37 125 27 35 36 125 27 37 35 124 26 40 34 122 28 40 34 120 29 41 34 119 30 42 33 117 31 42 34 116 31 43 34 115 32 43 34 114 32 42 36 113 33 41 37 112 33 40 39 111 33 39 41 110 33 37 44 110 32 35 47 110 32 32 50 109 32 30 53 109 31 28 56 109 30 26 59 109 29 23 63 108 29 22 65 108 28 21 66 110 26 21 67 110 24 21 68 112 21 22 68 113 19 23 67 117 13 26 63 127 4 28 61 162 60 163 59 164 57 166 53 170 50 173 46 177 40 182 38 184 37 186 35 187 36 186 37 186 37 185 38 185 38 185 38 185 38 185 38 184 39 185 37 188 34 191 32 194 28 142
5919 8 209 19 197 32 190 44 4 6 168 62 160 67 155 72 151 75 148 78 144 81 141 84 138 87 135 90 132 93 129 96 127 99 124 101 122 103 120 105 118 107 116 110 113 111 112 114 110 116 107 118 105 120 103 123 100 125 98 128 95 130 94 132 91 135 88 137 86 139 84 140 84 141 82 142 81 143 80 144 80 144 79 146 78 146 77 146 78 146 77 147 77 147 76 148 76 147 76 149 75 148 76 149 74 150 73 151 73 151 73 151 72 152 72 153 71 153 70 154 70 154 70 154 69 155 69 155 69 154 70 154 70 154 70 153 71 153 71 153 71 153 71 153 71 153 72 152 72 152 72 152 72 152 72 153 71 153 70 154 70 153 71 153 70 154 70 154 70 154 70 154 69 155 69 155 69 155 69 155 69 155 68 156 68 156 68 156 68 156 69 155 69 155 69 155 69 155 69 155 70 154 70 155 69 155 69 155 69 155 69 155 69 155 69 156 68 156 68 156 68 156 68 156 68 156 68 156 68 156 68 156 68 156 68 156 68 156 68 156 68 156 68 156 68 156 68 156 68 156 67 157 67 157 67 157 67 157 67 157 66 158 66 158 66 158 65 159 65 159 65 160 63 161 63 161 63 161 63 161 62 163 61 163 61 163 61 163 60 164 60 164 60 164 60 164 60 164 59 165 59 165 59 165 59 165 59 166 58 166 58 166 58 167 57 167 57 167 57 168 56 168 55 169 55 170 54 170 54 170 54 170 54 170 54 171 53 171 53 172 52 172 52 172 52 172 52 173 51 173 51 173 51 173 51 173 51 173 51 173 51 173 51 173 51 173 51 174 50 174 50 174 50 174 50 174 50 174 51 173 51 173 51 173 51 173 51 173 52 172 52 172 52 172 53 171 53 170 33
2570 5 215 18 202 27 193 34 188 37 185 40 183 42 181 44 179 46 177 49 174 53 170 56 168 57 166 59 164 61 162 62 162 63 160 64 159 66 158 67 156 69 155 70 153 72 152 73 151 73 150 75 149 75 148 77 146 78 146 78 145 79 144 80 144 80 37 6 100 81 36 11 96 81 36 15 91 83 36 18 87 82 38 18 86 83 38 19 83 84 39 18 83 84 41 17 82 84 42 16 81 85 43 16 80 85 44 15 80 85 45 1 1 13 78 87 49 9 79 87 51 7 79 87 54 1 82 87 136 89 135 89 135 89 135 90 133 91 133 92 132 92 132 93 131 93 130 94 130 95 129 95 129 95 129 96 128 96 127 97 127 97 127 98 126 98 126 98 125 100 124 100 124 100 124 100 124 100 124 101 123 101 123 101 123 101 123 101 122 102 122 102 122 102 122 102 122 103 121 103 121 103 121 103 121 103 122 102 122 102 122 102 122 102 122 102 122 102 122 102 122 102 123 101 123 101 123 101 123 101 124 99 125 99 125 99 126 98 127 97 127 96 128 96 129 95 129 95 130 93 131 93 132 92 132 92 133 90 135 89 135 89 136 87 137 87 138 86 138 85 140 83 141 83 141 82 143 80 144 79 146 77 147 76 148 76 149 74 150 73 152 71 153 71 154 69 155 69 156 68 156 68 156 67 158 66 158 66 158 65 159 65 160 64 160 64 160 64 160 63 161 63 161 63 161 62 162 61 163 61 163 60 164 60 165 58 166 58 166 57 168 56 168 56 168 56 168 55 169 55 169 55 169 55 170 53 171 53 171 53 171 52 173 51 173 51 173 51 173 50 175 49 175 49 175 49 176 48 176 48 176 48 176 47 178 46 178 46 178 45 179 45 179 45 180 43 181 41 184 33 1 1 189 31 194 28 196 27 198 25 200 24 200 24 201 23 201 23 201 22 202 22 203 20 204 20 205 18 206 17 208 15 212 10 3025
2315 8 214 12 211 15 208 17 205 19 28 7 169 21 25 10 167 23 23 12 166 23 22 13 165 25 20 14 165 25 19 15 164 26 18 16 164 26 18 16 164 27 16 17 164 27 15 18 164 27 14 19 164 28 11 21 163 34 1 26 163 61 163 61 163 61 163 61 163 60 164 60 164 60 164 60 164 60 164 59 165 59 165 59 165 59 165 59 165 59 166 58 166 57 167 57 167 57 167 57 167 57 167 57 167 57 167 58 166 58 166 58 166 58 165 59 165 59 165 60 164 60 163 61 163 61 162 62 162 63 161 64 160 65 159 66 157 68 156 70 154 70 154 71 153 72 152 73 150 75 149 76 148 76 147 79 145 81 142 85 139 90 134 96 127 98 126 99 125 100 124 101 122 103 121 104 120 104 120 105 118 107 117 108 116 108 115 110 114 110 113 113 111 113 109 116 105 120 99 126 96 128 95 130 93 131 93 132 91 133 91 134 89 135 89 135 89 135 89 136 88 135 89 136 88 136 88 136 88 136 88 136 88 136 88 137 87 137 87 138 86 139 86 138 86 139 85 141 83 142 82 143 81 143 81 144 80 144 80 145 79 145 79 145 78 146 79 145 79 145 79 145 79 144 80 144 80 144 80 143 82 142 82 142 82 114 4 24 82 113 6 22 83 111 8 22 83 110 10 20 84 108 13 19 85 102 19 17 86 100 22 15 87 100 24 12 88 100 27 6 92 98 126 98 126 98 126 98 126 28 4 66 126 26 10 62 127 25 16 56 127 25 23 6 10 32 128 25 41 30 128 25 41 30 129 24 41 29 130 24 41 28 132 24 40 28 132 24 39 28 134 24 38 27 135 24 37 27 137 24 35 27 138 25 34 26 140 24 33 26 141 24 32 27 142 24 30 27 143 24 30 26 145 24 28 26 146 24 28 26 146 24 27 26 147 24 27 25 149 23 27 25 149 23 27 24 151 22 26 25 151 22 26 24 152 22 26 24 152 22 26 23 154 22 25 23 154 22 25 22 155 22 25 22 154 23 24 23 154 24 23 22 155 24 23 22 155 24 22 22 156 24 22 22 155 25 22 22 155 25 21 23 155 25 21 23 154 26 21 22 155 27 19 24 154 27 19 23 155 27 18 24 155 27 18 24 155 27 18 24 155 27 17 25 155 27 17 25 155 26 18 25 155 26 17 26 155 26 17 26 155 25 18 26 155 25 17 26 157 24 17 26 157 23 18 26 157 23 18 26 157 22 19 26 158 19 21 26 159 17 22 25 162 14 22 26 164 10 24 25 167 6 26 25 169 1 29 24 200 24 200 23 201 22 201 22 202 21 202 20 205 18 207 15 209 14 213 11 120
7088 1 218 13 165 8 36 17 161 13 32 20 158 15 29 23 155 19 26 25 154 20 16 35 152 72 151 73 151 72 151 72 152 71 153 70 154 69 155 69 155 68 157 67 157 66 158 66 159 64 161 62 163 59 166 57 168 55 170 53 173 50 174 50 176 47 178 46 179 44 181 43 182 42 183 41 184 40 184 40 184 40 185 39 185 39 185 39 186 39 185 39 185 40 185 39 185 40 184 41 183 41 184 41 183 42 182 42 182 43 181 43 181 43 181 44 180 44 181 44 179 45 180 26 2 17 178 24 7 17 176 23 8 18 175 22 8 21 173 22 8 22 172 21 8 25 170 22 8 26 168 22 9 27 166 22 10 27 165 22 12 27 163 21 14 27 161 23 13 29 159 23 13 30 158 25 9 34 156 27 1 1 1 39 155 70 154 71 154 71 153 72 152 73 151 74 151 74 150 74 150 75 149 75 150 75 149 75 149 76 148 76 148 77 148 76 147 78 146 78 146 79 145 79 144 80 144 80 143 82 141 83 140 84 140 85 138 86 137 87 137 88 135 89 134 90 133 92 132 92 131 93 131 94 129 95 128 96 127 98 125 99 123 101 121 45 4 54 119 46 6 53 115 49 8 53 112 50 9 53 110 51 11 53 108 52 11 53 107 52 12 53 106 52 13 53 105 53 13 54 104 52 14 54 104 51 15 54 103 52 15 55 102 51 15 56 103 50 15 56 103 49 15 57 105 47 15 57 108 43 15 58 110 41 15 58 116 34 16 58 117 33 16 57 119 32 16 56 121 30 18 54 122 30 18 52 124 29 21 48 126 28 22 46 128 28 22 45 129 27 24 42 131 27 23 42 133 25 14 50 136 24 12 51 137 23 11 53 138 21 11 53 140 15 15 53 143 11 17 52 146 3 23 50 173 50 175 48 176 47 178 44 181 42 182 41 184 39 185 37 187 17 6 13 189 14 13 7 192 11 218 3 7924
1556 1 221 6 217 9 214 11 212 13 210 14 210 15 208 16 207 18 206 18 205 20 204 20 158 5 40 21 156 9 37 22 155 12 35 22 155 14 32 23 154 16 30 24 154 17 27 26 154 19 22 29 154 20 15 35 154 23 7 40 154 69 155 69 155 69 155 69 155 69 155 69 156 68 156 68 156 68 157 67 157 67 158 66 158 67 158 66 158 67 158 66 158 66 159 65 159 65 160 64 160 64 161 63 161 63 162 62 162 62 162 62 162 62 162 62 163 61 163 61 163 61 163 61 163 60 164 60 164 59 165 59 166 57 167 57 167 57 167 57 167 56 167 57 167 57 166 58 166 58 165 59 164 60 163 60 163 61 161 63 160 64 157 67 155 70 151 73 149 75 146 78 144 81 140 84 137 87 134 91 132 93 129 95 126 99 124 100 122 102 120 104 119 105 117 107 116 108 115 109 113 111 112 112 111 113 110 114 109 115 108 116 107 117 106 118 105 119 104 120 103 121 102 122 101 123 100 123 100 124 99 124 99 125 98 125 99 125 98 125 98 126 97 126 97 127 97 126 97 126 97 127 97 126 97 127 96 127 97 126 97 127 96 127 97 126 97 126 98 125 98 126 98 125 98 125 98 125 99 124 99 124 100 123 100 124 100 123 101 122 101 122 102 122 101 122 102 122 101 122 102 122 102 121 103 121 103 121 103 120 103 121 103 121 103 121 103 121 103 121 103 121 103 121 102 122 102 122 102 121 102 122 102 122 101 123 66 1 34 123 57 15 28 124 44 29 27 124 40 35 24 125 38 37 23 126 37 39 21 126 37 40 20 127 35 42 18 129 35 42 17 130 34 44 14 132 33 46 10 135 33 191 33 191 33 191 33 191 33 191 33 191 33 192 33 191 34 190 35 160 2 27 36 158 4 27 37 156 5 26 39 154 6 26 41 151 6 26 48 143 8 26 51 139 8 26 57 133 9 26 63 125 10 27 69 118 10 28 82 103 12 27 96 88 13 28 98 84 15 28 99 80 17 28 100 75 21 29 101 71 24 29 101 69 25 29 103 66 27 28 106 63 27 29 109 58 28 29 116 50 29 30 123 41 31 29 132 31 32 29 141 16 39 29 195 29 196 28 197 26 199 25 200 24 201 22 205 17 215 5 1591
13977 5 217 9 213 12 211 14 208 17 206 19 204 20 204 21 30 4 168 23 26 9 165 24 24 12 164 26 20 14 163 28 16 17 163 32 9 20 162 62 162 61 162 62 162 62 161 63 161 62 161 63 160 64 160 64 159 65 159 65 158 66 158 66 157 67 157 67 156 69 155 69 154 70 153 71 153 72 151 73 150 74 149 76 147 77 147 77 146 79 144 80 144 81 142 83 140 86 138 88 135 95 129 100 124 103 120 107 117 111 113 114 110 116 108 117 107 118 105 119 105 120 104 120 104 121 103 121 103 121 103 121 103 122 101 123 101 124 100 124 100 125 99 126 98 126 97 128 96 129 95 129 95 130 94 131 93 132 91 134 90 134 90 135 89 136 88 136 88 137 87 137 87 138 86 138 86 139 85 139 85 140 84 140 84 140 84 140 84 141 83 141 83 141 83 141 83 142 83 141 83 141 83 140 84 139 86 137 87 135 89 134 91 131 93 127 97 120 105 114 110 108 117 103 122 96 128 92 133 85 139 74 150 68 157 65 159 62 162 61 163 59 165 58 166 56 168 55 169 54 171 52 174 3 8 37 194 27 208 9 8859
125 19 204 21 202 22 201 24 140 9 51 24 138 14 47 25 137 17 44 27 135 19 43 27 134 22 40 28 134 23 39 28 134 25 36 29 134 26 35 30 133 27 33 31 133 28 32 31 133 29 30 32 134 28 30 32 134 29 29 32 134 30 28 32 134 31 26 33 134 31 26 33 134 31 26 34 133 32 24 34 134 33 23 35 133 33 23 34 134 34 22 35 133 34 21 35 134 35 20 36 133 35 20 35 134 36 19 36 133 36 18 36 134 37 17 36 134 37 17 36 134 38 16 36 134 38 15 37 134 38 14 39 133 39 12 40 133 40 8 43 133 42 3 46 133 91 133 91 133 91 133 91 134 90 134 90 134 90 134 89 135 89 135 89 135 88 136 88 136 88 137 86 138 86 138 86 138 85 139 85 139 85 139 84 140 84 141 83 140 85 139 85 139 85 139 85 138 86 137 87 137 87 136 88 136 88 135 89 135 89 134 90 134 90 133 91 133 91 133 91 133 90 133 91 133 91 133 91 133 92 132 92 131 93 131 93 131 93 131 93 131 93 131 92 132 92 132 92 131 93 131 92 132 92 132 91 133 91 133 91 133 91 133 91 133 91 134 90 134 90 134 90 134 89 136 88 136 88 136 87 137 87 138 85 139 84 140 84 140 84 141 83 141 83 142 82 142 82 143 81 143 82 143 80 5 1 138 81 3 4 136 82 1 5 136 89 136 89 135 91 133 93 131 94 130 95 130 94 130 95 128 97 127 97 127 98 125 99 125 100 124 101 122 102 121 103 120 106 117 107 117 109 113 111 113 112 112 112 112 113 112 112 112 49 7 57 112 47 10 56 111 46 12 56 110 45 12 57 111 43 12 59 110 43 11 60 111 41 11 62 110 42 9 64 110 41 10 65 109 39 13 64 108 38 16 64 106 37 19 64 105 35 21 66 102 35 22 66 101 33 24 67 100 33 23 69 99 32 23 70 99 32 22 72 98 31 20 75 98 31 19 77 97 31 17 79 97 31 16 80 97 31 16 81 97 31 15 81 97 33 15 79 97 33 16 78 97 34 16 76 98 34 18 74 99 34 17 73 100 34 17 73 100 43 8 72 102 44 6 48 2 21 103 95 11 14 104 95 14 9 106 94 131 94 130 93 131 94 130 93 132 92 132 92 132 92 132 91 133 91 133 24 3 64 133 23 7 61 133 22 10 59 133 22 12 56 134 21 14 12 5 37 135 21 14 11 7 35 136 20 16 9 21 21 137 20 15 9 26 15 138 21 15 8 34 6 140 21 14 8 180 22 14 6 182 22 12 7 182 23 12 6 182 24 10 7 183 24 10 6 183 25 9 6 183 26 8 6 183 27 8 6 183 27 7 5 184 28 6 5 185 29 3 6 186 38 185 38 186 37 187 37 187 37 187 36 189 35 189 34 190 34 191 32 193 31 195 28 200 7 1 1 1 12 219 1 1 1 364
4631 6 215 11 212 14 208 17 206 19 204 21 202 23 46 6 148 24 43 10 146 26 37 16 144 27 34 19 144 28 30 22 143 30 28 23 142 31 26 25 142 32 24 26 142 33 21 28 141 36 17 29 142 37 13 32 141 40 9 33 142 82 141 82 141 82 142 81 142 81 143 81 142 81 142 81 143 80 143 81 142 82 142 82 142 81 143 81 142 82 142 82 142 82 141 83 141 83 141 82 141 83 141 83 141 83 141 83 140 84 140 84 140 83 140 85 139 85 139 85 138 86 138 87 136 88 136 89 134 90 133 91 133 92 131 93 130 94 129 95 128 97 126 98 124 100 122 102 121 103 119 105 118 107 115 108 115 110 113 110 113 111 112 112 111 113 110 114 109 114 109 115 108 116 107 116 108 116 107 117 106 118 105 119 104 120 104 120 103 121 102 122 102 122 101 123 100 124 99 125 99 125 98 126 98 126 97 127 96 127 95 128 95 128 95 128 94 128 94 128 94 128 95 127 95 127 96 126 96 126 97 125 98 123 99 124 99 124 98 126 96 127 96 128 94 130 92 132 91 133 90 134 89 134 89 135 89 135 88 136 88 136 88 136 87 137 87 137 86 138 85 139 85 139 84 140 83 141 82 142 81 143 80 144 80 144 79 145 78 146 77 146 78 146 77 147 76 148 75 148 75 149 75 149 74 150 73 150 73 151 72 151 73 151 72 151 72 152 72 151 72 151 72 152 72 151 72 151 72 152 72 151 72 152 72 151 72 152 72 151 72 152 71 152 72 152 71 152 71 153 71 152 71 153 71 152 71 153 70 153 71 153 70 154 70 153 70 154 69 155 69 154 69 155 69 154 70 154 70 154 69 154 70 154 70 154 70 154 70 153 71 153 71 153 72 152 74 149 77 147 81 143 87 137 93 131 97 126 105 119 110 114 114 111 119 105 124 100 129 96 132 93 138 86 145 80 147 76 149 75 151 71 64
1715 3 219 7 217 8 215 10 213 11 212 12 211 13 210 14 209 15 208 16 207 17 207 17 206 18 205 19 204 19 204 20 203 21 203 21 202 22 201 23 200 23 200 24 199 25 198 26 197 27 196 28 195 29 194 30 191 33 189 36 184 40 182 42 180 45 177 48 173 51 171 54 167 58 158 67 155 71 152 74 149 77 146 79 145 80 143 81 143 81 143 82 141 83 140 84 140 84 139 85 139 86 137 87 137 87 137 88 136 88 135 90 134 90 133 92 132 92 131 93 131 93 130 95 129 95 128 96 128 96 127 98 126 98 125 99 125 99 124 100 124 100 124 100 123 100 123 101 123 101 122 102 122 102 122 103 121 103 120 104 120 105 119 105 118 107 117 107 117 108 116 109 115 109 115 110 113 112 112 113 111 114 110 116 108 117 107 118 106 120 104 121 102 124 101 125 99 125 99 127 97 127 97 128 96 129 95 129 95 130 94 131 93 131 93 132 92 132 92 132 92 132 92 132 92 131 93 131 93 129 94 130 95 128 96 126 98 124 100 121 103 120 104 118 107 117 107 116 108 115 109 114 110 113 112 110 114 108 116 107 117 105 119 104 121 101 123 99 125 98 127 96 128 95 129 95 130 94 130 94 130 94 131 92 132 91 133 91 134 90 134 90 135 88 136 88 136 88 137 87 138 85 140 84 140 84 141 82 142 82 143 81 144 47 10 23 145 42 16 21 146 38 20 20 148 33 24 19 148 30 27 19 149 28 29 18 150 26 30 18 151 24 32 17 151 24 32 17 152 23 32 17 153 22 33 17 152 21 34 17 153 20 34 17 153 20 34 17 154 19 35 17 153 19 35 17 153 19 35 17 154 18 35 17 154 18 36 16 154 18 36 17 153 18 36 17 153 18 37 16 153 18 37 16 153 18 37 16 153 18 37 16 152 19 37 16 152 18 39 15 151 19 39 15 151 19 39 15 150 19 41 14 149 20 41 14 149 20 42 12 149 21 42 12 149 20 44 10 149 21 45 9 148 21 47 7 149 21 203 20 204 20 203 20 205 19 204 19 205 19 206 17 207 16 208 15 209 14 211 12 213 9 220 1 2594
18765 1 220 7 29 7 180 10 25 10 179 11 22 13 177 13 20 14 177 15 17 16 176 16 14 18 176 18 9 22 175 48 177 47 177 47 177 47 177 47 178 45 179 45 179 45 179 45 180 43 181 43 181 43 181 43 181 42 182 42 182 42 182 41 182 42 182 42 181 43 180 43 179 45 177 47 152 9 13 50 140 83 135 89 126 98 96 11 11 106 92 132 88 135 87 137 84 140 82 142 80 144 78 146 77 147 76 148 75 149 74 150 73 151 73 151 72 152 71 153 70 154 69 155 67 157 66 158 65 159 63 161 62 161 61 163 58 166 55 168 53 170 50 174 48 175 46 178 35 188 34 190 32 192 31 193 31 192 31 194 30 193 31 193 30 126 5 63 30 90 13 5 25 61 30 87 48 59 31 83 54 56 31 28 6 43 68 48 31 22 13 40 79 38 33 18 17 37 89 30 35 14 20 35 98 21 38 10 23 33 107 11 45 1 28 32 193 30 195 28 199 10 7 5 12468
9920 20 201 26 196 30 192 33 190 36 187 38 185 40 184 41 182 43 180 45 179 45 178 47 176 49 175 49 174 51 172 52 172 53 170 54 169 56 168 57 166 59 164 60 163 62 162 63 161 64 159 66 158 68 156 68 155 70 154 71 152 73 151 74 150 76 147 79 145 83 141 87 137 89 134 91 133 93 131 94 131 95 129 95 128 98 126 98 126 100 124 100 124 102 122 102 122 104 120 105 118 107 117 108 116 109 115 110 114 111 113 112 112 113 111 115 109 116 108 117 107 120 104 125 99 127 97 129 95 131 93 130 94 127 97 125 99 123 100 124 100 123 101 123 100 124 100 124 99 125 99 125 98 127 96 128 95 130 94 130 93 132 91 133 90 135 89 136 87 139 84 140 83 142 81 144 79 145 78 147 77 147 76 148 6 5 64 150 3 8 62 162 61 163 60 163 60 12 2 148 61 11 4 147 61 10 6 146 61 10 7 145 62 9 8 144 63 8 9 143 64 7 10 141 66 7 10 141 65 7 12 139 66 6 13 138 67 5 14 138 66 6 14 138 66 5 14 140 65 5 14 141 63 6 13 144 61 6 13 145 60 6 12 146 60 6 13 146 59 6 12 146 60 5 14 145 60 4 14 138 4 4 62 2 14 137 7 1 67 1 9 138 75 3 8 137 76 3 8 137 76 3 7 137 77 3 6 138 78 2 6 138 86 138 86 137 86 138 86 138 86 138 86 138 86 138 86 138 86 139 85 139 84 141 83 142 82 144 80 146 1 1 76 149 75 150 75 149 75 149 76 149 75 150 75 57 4 88 9 3 64 55 6 87 5 8 64 53 8 99 64 53 8 98 66 52 8 96 69 51 8 96 70 50 8 93 74 49 7 87 84 46 7 87 88 42 6 87 93 38 6 87 96 34 7 87 99 30 8 86 102 28 9 85 104 24 11 84 113 13 14 84 141 82 142 81 143 80 144 78 147 75 149 74 151 71 153 67 158 63 162 59 166 54 172 50 181 40 186 23 5 8 188 21 204 19 206 17 207 16 209 14 211 12 104
10391 4 218 8 215 11 212 12 212 13 58 4 148 15 55 7 147 16 53 9 146 17 51 11 145 17 50 13 143 19 48 14 143 20 46 15 143 20 45 16 143 21 43 18 142 21 42 19 142 21 41 20 142 22 40 20 142 23 38 21 142 23 38 21 142 24 36 22 142 24 36 22 142 25 34 22 143 26 33 22 144 27 30 23 143 29 28 24 144 29 26 25 144 31 22 27 144 34 17 28 145 37 9 33 145 79 145 79 145 78 146 78 146 78 146 78 146 77 147 77 148 75 149 75 149 75 150 74 150 73 152 72 153 70 154 70 155 68 157 66 158 65 160 64 161 63 161 62 163 61 163 60 164 60 165 59 165 59 165 58 166 58 166 58 166 58 166 58 166 58 166 58 166 58 166 58 166 58 166 58 166 58 166 58 166 58 166 58 166 58 166 58 166 58 166 58 166 58 166 58 166 58 166 58 166 57 166 58 166 58 166 58 165 59 164 59 165 60 163 61 161 63 160 64 159 65 158 66 157 67 156 67 156 68 155 69 155 69 155 69 155 69 155 69 156 68 156 67 158 66 159 65 159 65 159 65 159 65 159 65 159 65 159 65 159 65 159 65 159 65 158 67 157 67 157 67 157 67 156 69 155 69 155 69 154 71 153 71 153 71 152 72 152 72 151 74 150 74 149 75 149 75 148 76 148 76 148 76 147 77 147 77 147 76 147 78 146 77 146 78 146 78 146 78 145 79 144 81 143 81 142 82 141 83 141 83 140 84 139 85 139 85 137 87 136 89 134 90 132 92 131 93 130 94 129 95 128 96 128 97 127 97 126 98 126 99 125 99 124 100 126 98 128 96 129 95 129 95 129 95 129 95 129 95 129 95 128 96 128 96 128 95 129 95 129 94 130 94 131 92 132 91 134 90 74
18033 9 9 10 193 33 190 35 188 37 186 39 184 41 183 43 180 44 179 46 178 47 176 49 175 49 175 50 173 51 173 52 171 53 170 55 169 55 169 55 168 56 168 57 166 58 166 58 166 58 165 59 165 59 165 60 163 61 163 61 163 61 163 61 163 61 162 62 162 62 162 62 162 62 162 62 162 61 163 61 163 61 163 61 163 61 164 59 165 59 165 59 165 59 166 58 166 58 167 57 167 57 167 57 167 57 168 56 168 55 170 55 169 54 171 53 171 16 5 32 171 14 10 29 171 13 11 29 171 13 12 28 171 12 13 28 172 11 13 28 171 12 13 28 172 11 13 28 172 12 12 28 172 12 12 28 171 13 11 28 172 13 12 27 172 13 12 26 173 13 13 25 174 11 15 24 174 11 16 22 175 10 18 21 175 10 20 18 176 9 21 18 176 9 22 17 176 9 23 16 176 9 23 16 176 9 23 15 178 8 23 14 179 8 23 14 179 8 23 13 180 7 24 12 181 7 24 11 182 7 24 11 182 7 24 10 183 6 25 10 184 5 25 10 184 4 26 10 184 4 27 9 184 3 28 9 215 9 215 10 215 9 215 9 215 9 215 9 216 8 216 8 216 9 215 8 216 8 217 6 218 5 219 1 8597
328 5 218 7 216 10 213 13 211 14 210 15 208 17 207 19 55 7 143 20 52 10 142 21 49 13 141 22 46 16 141 25 40 18 141 41 22 21 140 45 16 23 140 49 8 27 140 84 140 84 140 84 140 84 141 83 141 82 142 82 142 82 142 81 143 81 144 79 145 79 145 79 144 79 145 79 145 79 145 78 145 79 145 79 145 78 145 79 145 79 144 80 144 80 144 80 143 81 143 82 141 83 141 83 141 83 140 85 139 85 139 86 137 87 136 88 136 88 135 89 134 90 134 90 133 91 132 91 133 91 132 92 132 92 131 92 131 93 130 94 130 94 129 94 128 96 127 97 126 97 125 99 123 101 122 101 121 103 120 104 119 104 118 106 117 107 116 107 115 109 114 109 114 110 113 110 113 111 112 112 111 113 110 113 110 114 109 115 108 116 107 118 105 119 104 120 103 121 102 122 102 122 101 123 100 124 100 124 99 125 99 125 98 126 97 127 97 126 98 126 97 127 97 126 97 127 97 127 96 128 95 128 96 128 95 129 95 128 95 129 95 129 94 129 94 130 94 130 93 130 94 130 93 130 94 130 93 130 94 130 93 130 93 131 93 131 92 131 93 131 92 132 91 132 92 132 91 132 92 132 91 132 92 132 92 131 92 132 92 131 93 131 92 132 92 131 93 130 94 130 93 131 93 130 94 130 94 129 95 129 95 128 95 129 95 129 95 128 96 128 96 128 96 128 96 127 97 127 97 126 98 126 98 126 98 125 99 125 99 124 100 124 100 124 100 124 100 123 101 123 102 121 103 121 103 120 104 120 104 119 106 118 106 117 107 117 107 116 108 116 108 116 108 116 108 116 108 115 109 115 109 115 109 116 108 116 107 117 107 118 106 118 106 118 106 119 105 119 105 119 105 119 106 117 107 117 110 48 3 62 114 39 11 60 118 32 15 57 168 55 169 54 171 52 172 51 174 50 174 50 174 50 175 48 176 48 177 48 176 48 177 47 177 47 178 46 179 45 180 45 179 45 180 44 181 43 182 42 183 40 187 37 192 31 198 25 201 23 90
4790 8 207 27 195 32 189 38 184 41 182 44 178 47 176 49 174 51 172 53 170 55 167 59 164 61 162 63 160 65 158 67 156 69 155 69 154 71 153 72 152 72 151 73 151 73 151 74 150 74 150 73 151 73 151 73 152 72 152 71 153 71 30 6 118 69 21 23 111 69 16 29 111 68 12 35 109 67 9 41 107 67 6 52 100 66 4 56 98 128 96 128 97 128 96 128 96 129 95 129 95 130 93 131 93 131 93 131 93 131 93 132 93 12 4 115 94 10 6 114 94 6 11 114 94 3 13 114 111 113 111 113 112 112 112 113 111 113 111 113 111 113 111 113 112 112 111 113 112 112 111 113 112 113 110 114 110 114 110 114 110 114 110 114 110 114 109 115 109 115 109 115 109 115 109 115 109 114 110 114 109 115 109 114 110 114 110 113 111 113 111 113 110 114 110 114 110 113 111 113 112 112 112 112 112 112 113 111 113 111 113 111 113 83 2 26 113 82 4 24 114 81 6 23 115 80 6 23 115 80 7 22 115 80 8 21 115 80 8 21 116 79 9 20 116 79 9 20 116 79 9 20 116 78 10 20 117 77 10 20 117 77 10 20 117 77 10 20 118 76 11 19 118 76 11 19 118 76 12 18 118 76 13 17 118 52 2 23 12 18 117 50 5 22 13 17 118 48 7 22 12 17 118 48 8 22 12 16 118 47 10 22 12 15 118 47 10 22 12 15 118 21 3 23 11 22 11 16 117 21 4 22 12 21 12 15 117 21 4 22 12 21 12 15 117 21 5 20 14 21 12 15 116 21 5 20 14 21 12 15 116 21 6 20 14 20 13 15 116 20 6 20 14 21 12 15 116 20 6 20 15 20 12 16 115 20 7 19 16 19 12 16 115 20 7 19 16 20 11 16 115 20 7 18 18 19 11 16 115 19 9 17 18 19 11 16 116 18 9 17 18 19 11 16 116 18 9 17 19 18 11 16 116 18 9 17 19 18 11 16 116 18 9 17 19 18 11 17 116 17 9 17 19 18 12 16 116 17 9 17 19 17 13 16 116 17 9 17 19 17 13 16 116 17 9 17 19 17 13 16 116 16 10 17 18 18 13 16 117 15 10 17 18 18 13 16 117 15 10 17 18 18 14 15 117 15 10 17 18 18 14 15 117 15 10 17 17 19 14 15 117 15 10 16 18 18 16 14 117 16 9 16 18 18 16 15 116 16 9 16 17 19 16 15 116 16 9 16 17 18 18 14 116 16 9 16 16 19 18 14 116 16 10 15 16 19 18 14 116 17 9 15 16 18 19 14 117 15 10 15 15 19 18 15 117 15 10 15 14 20 18 15 117 15 10 15 14 19 19 15 117 15 10 15 13 20 19 15 117 16 9 15 12 20 20 14 118 16 8 16 12 20 20 13 119 16 8 16 12 19 27 6 120 16 8 17 12 17 154 16 8 17 13 14 156 16 8 16 14 12 159 15 8 16 15 9 161 15 8 16 18 3 164 14 9 16 185 14 9 16 185 14 9 16 185 14 8 17 185 14 8 18 184 13 9 17 186 12 8 18 187 10 9 18 188 8 10 18 190 4 12 18 206 18 206 18 206 18 206 18 206 18 206 18 206 17 207 17 207 17 207 17 208 16 207 17 208 15 209 15 211 11 216 6 3238
7047 4 1 13 195 33 185 41 179 47 161 65 155 71 149 77 145 82 140 86 136 91 131 96 126 102 120 107 115 111 111 115 107 118 104 120 102 124 98 126 97 128 95 130 92 132 91 134 89 137 9 9 68 141 1 16 65 162 61 164 59 166 57 168 55 169 53 172 51 173 50 174 49 176 46 178 45 179 43 182 40 184 39 186 36 188 35 190 33 191 32 192 31 194 30 194 30 195 29 196 28 197 27 197 27 198 26 198 26 199 25 199 25 200 24 201 24 200 24 201 24 201 23 201 24 201 24 201 24 200 25 200 24 201 23 202 23 201 23 202 22 202 23 202 22 203 22 202 22 202 23 202 22 203 22 202 22 203 22 202 22 202 23 202 23 201 23 201 23 202 23 201 23 201 24 201 23 201 23 202 23 201 23 202 23 201 23 202 23 201 23 202 22 202 23 201 23 201 23 201 24 200 24 200 24 200 25 199 25 199 25 199 25 199 26 198 26 198 27 197 27 197 27 197 27 197 27 197 27 197 28 196 28 196 28 196 28 196 29 195 29 195 29 195 29 195 29 195 30 194 30 194 30 193 31 193 32 191 33 175 6 10 34 173 11 5 36 171 14 1 39 170 56 168 57 167 58 166 58 166 59 165 59 165 60 164 62 162 66 1 1 155 74 150 75 15 6 128 77 11 11 124 80 7 13 123 103 121 103 120 106 117 108 115 112 111 115 6 18 84 142 81 145 78 147 77 148 75 151 73 153 70 156 68 157 66 161 62 163 60 167 45 4 7 170 40 194 28 199 23 203 19 206 14 211 9 217 5 5890
84 9 214 11 213 12 211 14 209 16 208 16 208 17 206 19 205 19 205 19 204 21 27 5 171 22 24 8 169 23 22 11 168 24 20 12 168 25 18 13 167 27 15 15 167 29 11 18 166 32 6 20 165 59 165 59 165 59 164 60 164 61 162 62 162 62 161 63 161 63 160 65 159 65 158 66 158 67 156 68 155 69 155 69 154 70 154 70 153 72 152 72 151 73 151 73 150 74 150 74 150 75 148 76 148 76 148 77 146 78 146 78 145 79 145 79 144 81 143 81 142 82 142 82 141 83 141 83 140 84 140 84 139 85 138 86 138 87 136 88 135 89 134 90 134 90 133 91 132 93 130 94 129 95 128 96 128 97 126 98 125 100 124 101 122 103 121 104 120 105 118 106 118 106 118 107 117 107 116 108 116 108 116 108 115 109 115 109 115 109 114 109 115 109 114 110 114 109 114 110 114 110 113 111 113 112 111 113 111 113 111 113 110 114 110 115 109 115 109 115 109 115 109 115 109 115 110 114 110 115 109 115 110 114 110 114 109 116 108 116 108 116 107 118 105 119 104 120 104 120 103 122 101 123 100 124 99 125 97 127 97 127 95 130 93 131 92 132 90 134 89 136 87 137 85 139 83 141 19 12 51 143 14 21 44 146 8 29 40 186 36 190 32 194 27 199 23 202 20 205 19 206 17 208 16 210 14 211 13 212 12 213 11 213 11 214 10 214 10 214 10 214 10 214 10 215 9 215 9 216 8 217 7 217 7 218 6 218 6 219 5 219 5 218 6 218 6 202 2 13 7 199 25 198 26 198 26 197 27 197 27 196 28 196 28 196 28 195 29 192 32 192 32 191 33 190 34 190 34 189 35 189 35 188 36 188 36 187 37 186 38 186 38 185 39 185 39 184 40 183 41 181 43 180 44 177 47 167 57 166 58 165 59 164 60 164 60 163 61 162 62 162 62 161 63 161 63 161 63 160 64 160 65 159 66 158 68 156 73 150 80 143 85 138 90 19 12 101 99 9 17 96 130 80 3 2 1 2 137 74 151 72 154 69 157 65 161 62 164 59 167 56 169 53 172 49 176 47 177 45 106
784 6 215 12 211 14 209 16 208 17 206 20 203 21 203 23 59 6 136 23 55 12 134 24 52 15 133 25 49 18 132 26 46 21 131 27 44 22 131 28 41 24 131 29 38 27 130 30 36 28 130 31 34 29 130 31 32 31 130 32 30 31 131 33 28 32 131 35 24 34 131 37 20 36 131 42 11 40 131 92 132 92 133 91 133 90 134 90 134 90 134 89 135 89 135 88 136 88 136 87 137 87 87 7 43 86 86 11 42 85 86 12 41 85 85 14 40 84 51 7 28 15 39 84 50 11 24 16 39 83 49 15 21 17 39 83 48 17 20 17 39 83 47 20 17 19 38 82 48 21 15 20 38 82 47 25 3 2 5 22 38 82 47 32 1 24 38 81 48 57 38 81 48 57 39 79 50 56 39 79 50 56 39 79 50 57 37 80 51 56 37 80 51 56 37 80 51 56 37 80 51 56 36 81 51 56 36 81 51 57 35 81 51 57 35 81 51 57 35 81 51 58 34 81 51 58 34 81 51 58 33 82 51 58 33 82 51 59 32 82 51 59 32 82 50 60 32 82 50 60 31 83 50 60 31 83 50 59 32 83 50 58 32 84 50 56 34 85 49 53 37 86 49 50 38 88 48 48 40 89 47 47 41 91 46 44 43 95 43 41 45 96 43 36 49 97 43 33 51 98 42 31 53 98 43 28 54 100 42 26 56 101 42 23 57 102 42 20 60 103 42 18 60 105 42 16 60 106 42 13 63 107 42 8 66 109 42 5 68 110 113 112 112 113 110 115 108 117 106 119 105 119 105 119 105 119 105 119 105 119 105 119 105 119 105 118 106 118 106 118 106 118 106 118 106 118 105 120 104 120 104 120 104 121 103 121 103 122 102 122 102 122 102 122 102 123 101 123 101 123 102 122 102 120 104 116 108 115 109 115 110 113 111 113 111 113 111 112 112 112 112 112 112 112 113 111 113 111 113 110 115 109 115 109 116 107 117 107 118 106 118 106 118 106 119 104 120 104 121 103 121 104 121 103 121 103 122 102 122 103 121 103 121 104 121 103 121 103 122 102 122 103 121 103 122 103 121 103 121 104 121 103 121 104 120 104 121 104 120 104 120 105 120 105 119 105 120 105 119 105 119 105 120 105 119 105 119 105 120 104 120 105 119 105 120 104 120 104 120 104 121 103 121 103 121 103 122 102 122 102 122 101 123 102 122 102 122 102 122 102 123 101 123 42 3 56 123 39 10 52 123 37 24 40 123 36 27 38 123 35 29 37 123 35 29 37 123 35 30 37 122 35 30 37 122 34 32 36 123 33 33 35 123 33 33 36 122 33 33 36 123 32 34 35 123 32 34 35 124 31 35 35 123 31 35 36 123 30 35 36 123 29 36 37 123 28 36 37 123 28 37 36 123 28 37 36 123 28 37 35 124 28 37 35 124 28 37 35 124 28 37 35 124 28 37 35 124 28 37 35 124 28 37 35 125 27 37 35 125 27 37 35 4
15312 1 220 8 211 16 204 20 200 26 195 30 191 35 188 37 184 42 181 45 178 47 177 48 175 51 172 54 170 55 168 57 167 58 165 59 165 60 163 61 163 61 163 61 163 62 161 63 160 64 160 64 159 65 158 66 156 68 155 69 154 70 154 71 153 71 152 72 152 72 152 72 151 73 151 73 150 75 149 76 147 77 147 78 145 80 144 81 142 83 140 84 139 85 138 87 135 90 133 91 132 93 131 94 129 96 127 97 126 99 125 99 124 101 123 101 122 103 120 104 118 106 118 106 116 109 115 109 114 110 114 109 114 110 114 110 114 110 113 111 113 110 114 110 114 110 113 111 113 110 114 110 114 109 115 109 115 108 116 108 115 107 117 106 118 106 118 105 119 105 118 105 119 105 119 104 120 104 119 104 120 104 120 104 120 103 121 103 120 103 121 102 121 101 123 101 122 100 124 99 124 98 126 97 126 97 126 96 128 95 127 96 128 96 127 96 128 96 128 95 129 95 129 95 129 94 130 94 130 94 130 93 131 93 131 92 132 92 132 92 132 92 132 92 132 92 132 91 133 91 133 91 133 91 133 91 133 91 133 91 133 91 133 91 133 91 133 91 133 91 133 91 133 91 133 91 133 90 134 91 133 91 133 92 132 92 132 92 132 92 132 93 131 93 131 93 131 94 130 94 130 94 130 94 130 94 130 94 130 94 130 93 131
5990 13 208 19 202 25 196 30 193 33 189 36 187 39 184 40 183 42 181 44 179 45 178 47 177 48 174 50 172 53 169 55 168 57 165 59 164 61 162 63 160 64 159 65 159 66 157 67 157 68 155 69 155 70 154 70 153 72 152 72 151 73 151 73 151 73 150 74 150 74 149 75 149 76 147 77 147 77 146 78 146 79 144 80 144 80 144 80 144 80 143 81 143 81 143 81 143 81 142 82 142 83 141 82 141 84 139 85 139 85 137 87 133 91 130 94 126 98 124 100 122 102 119 105 117 107 114 110 99 125 93 132 88 136 84 140 81 143 79 145 77 147 76 148 74 150 72 153 69 155 67 157 66 158 64 160 62 163 59 165 57 167 55 169 53 171 51 173 50 174 48 177 46 178 44 180 43 181 41 184 39 185 38 186 37 188 36 188 35 189 34 190 34 191 33 191 32 192 32 192 32 192 32 191 32 192 32 192 32 192 32 192 31 193 31 162 5 26 31 161 8 23 32 160 10 22 31 160 12 20 32 159 14 19 31 159 17 15 31 161 18 12 29 164 58 165 55 168 54 169 55 168 56 168 59 164 62 161 68 155 70 153 72 151 74 149 76 147 78 144 81 142 83 140 86 137 88 135 89 134 91 84 7 41 93 82 11 37 95 80 14 34 97 79 15 32 99 77 16 32 100 76 16 31 102 74 18 29 104 72 19 28 106 71 19 28 108 69 19 27 112 65 20 26 116 61 21 26 119 58 21 25 122 55 22 25 123 53 22 25 125 51 23 25 127 49 24 23 129 47 25 23 130 45 26 23 131 44 26 24 131 42 26 26 132 40 26 27 132 39 26 28 134 36 26 30 135 33 26 31 136 31 26 32 136 31 25 33 136 30 25 33 136 31 25 32 137 30 26 31 137 30 26 31 138 29 27 29 139 29 29 27 140 27 32 23 143 26 35 19 145 23 48 2 154 17 6404
4823 18 201 25 197 29 193 33 189 36 187 39 185 40 183 44 179 46 178 48 176 50 173 54 170 56 168 58 166 62 7 2 152 75 148 77 146 79 142 83 132 93 127 98 123 102 121 103 120 105 118 106 118 107 117 107 116 109 115 109 115 110 114 110 114 110 114 111 113 111 113 111 113 112 112 112 112 112 112 113 110 114 110 114 110 114 109 116 108 116 108 116 108 117 107 117 107 117 107 117 108 116 108 116 108 116 109 116 108 116 109 115 109 115 110 114 110 114 111 113 111 113 111 113 112 111 113 111 114 110 114 109 115 109 116 108 116 107 117 107 117 107 117 106 118 106 118 105 119 104 121 103 121 101 123 100 124 98 126 97 127 97 127 96 128 96 128 96 128 95 129 95 130 94 130 94 130 94 130 94 130 94 130 94 130 94 130 94 130 93 131 93 131 93 131 93 131 92 132 92 133 91 133 90 134 90 134 89 135 89 135 88 136 88 136 87 137 87 137 86 138 85 139 85 139 85 139 85 138 85 139 85 139 85 139 85 139 84 140 84 140 84 140 84 140 84 140 84 141 82 142 82 143 81 143 81 143 80 144 80 144 80 144 80 144 79 145 79 145 79 145 79 145 78 146 78 146 78 146 78 146 77 147 77 147 77 147 77 147 77 147 77 147 76 148 76 149 75 149 75 149 74 150 74 150 74 150 74 150 74 150 73 152 72 152 72 152 71 153 71 154 70 154 32 2 35 155 31 3 35 156 30 4 33 157 30 4 33 157 30 4 33 157 30 4 33 158 29 4 32 159 29 3 33 159 30 1 34 159 65 159 64 160 64 160 64 160 63 161 63 161 62 162 62 162 62 162 61 163 61 163 61 164 59 165 59 165 27 3 29 165 26 5 27 167 24 6 27 168 22 8 25 170 20 9 24 172 18 11 22 174 15 14 20 176 12 18 17 210 11 216 5 2323
119 5 218 8 215 10 213 11 212 14 209 15 209 16 207 17 207 18 206 18 205 20 204 20 204 20 203 22 202 22 202 22 201 24 200 24 200 24 200 24 200 25 199 25 198 26 198 26 198 26 198 27 156 9 32 27 154 13 30 27 152 18 26 28 152 20 24 28 152 23 20 30 150 26 17 31 150 28 12 34 150 30 7 37 150 74 151 73 151 73 151 73 152 72 152 72 153 71 153 70 155 69 155 69 156 67 157 67 158 66 158 66 159 65 160 63 162 62 162 62 163 61 164 60 165 59 166 58 167 57 168 56 169 55 170 54 172 52 173 51 174 50 176 48 179 45 181 44 181 43 182 42 183 41 183 42 183 41 184 41 183 41 184 41 183 42 182 42 182 43 181 44 179 46 178 46 176 49 173 51 171 54 168 56 166 59 163 61 162 63 160 64 159 66 157 67 156 68 155 69 154 71 153 71 152 72 151 74 150 74 149 75 148 76 148 77 146 78 146 78 145 80 144 80 143 81 143 81 142 82 142 82 141 84 140 84 139 85 139 85 138 86 138 86 137 87 137 87 137 87 137 87 136 88 136 88 136 87 136 88 136 88 136 88 135 89 135 88 136 88 136 88 136 87 137 87 137 87 137 87 137 87 137 87 137 87 137 87 137 87 137 86 138 86 138 86 138 86 138 86 137 87 137 87 136 88 136 88 136 88 136 87 137 87 137 87 138 86 138 86 139 85 139 84 140 84 141 83 141 83 141 83 141 82 142 82 142 82 142 82 142 82 142 82 142 81 143 81 143 81 143 81 143 80 144 80 144 80 144 80 144 80 144 79 145 79 146 78 146 78 146 78 146 77 147 77 148 76 148 76 148 76 148 76 149 75 149 75 149 75 149 75 150 74 150 74 149 76 148 77 147 79 144 82 142 83 140 86 138 87 137 87 137 88 135 89 135 90 134 90 134 90 135 89 135 89 135 89 136 87 138 85 142 81 148 75 156 66 163 59 169 51 175 40 186 34 2112
5736 12 211 15 208 17 205 19 203 22 200 24 198 27 195 29 193 31 193 32 191 33 190 34 189 35 189 35 188 36 188 37 187 37 187 37 186 39 184 40 184 41 182 43 180 45 178 50 174 52 171 55 169 55 168 58 165 60 164 61 162 62 162 63 160 64 160 66 158 67 157 68 156 72 152 75 150 76 148 78 147 78 146 80 144 80 143 82 142 83 141 83 140 85 139 85 138 86 138 86 137 87 136 87 136 88 136 87 136 87 136 87 136 87 136 86 138 85 138 85 138 85 139 84 139 84 139 84 139 85 138 86 138 85 138 85 138 86 137 87 137 86 137 86 138 86 137 86 137 87 137 86 137 87 137 87 136 88 136 88 135 89 135 89 135 89 134 90 134 90 133 92 132 92 132 92 131 92 132 92 132 92 132 91 133 90 133 91 133 91 133 92 132 92 132 66 10 6 7 1 134 64 160 45 6 1 1 8 162 39 185 35 189 32 191 32 191 31 192 31 191 32 191 32 192 32 191 32 191 32 190 33 189 34 188 35 87 2 96 38 88 3 91 42 88 5 86 44 90 5 83 46 90 7 79 47 90 10 75 49 90 12 72 50 88 16 69 51 87 18 67 52 86 20 65 53 86 22 62 54 84 25 60 55 84 26 58 57 83 26 57 58 83 27 55 60 82 27 54 61 82 27 54 62 81 27 53 64 82 26 51 65 84 24 51 66 85 23 49 68 84 24 47 69 86 22 46 71 89 18 44 74 91 15 43 75 92 14 41 78 92 13 40 80 6 1 85 12 39 95 78 12 38 103 3 8 60 13 37 117 57 14 35 120 55 14 35 127 48 19 29 133 43 20 28 138 22 7 9 20 28 142 16 11 7 20 28 197 27 197 27 197 27 197 27 197 28 196 29 195 30 194 32 192 42 182 43 181 44 180 44 180 44 180 43 181 43 180 44 179 45 178 45 178 46 177 47 176 48 175 50 173 51 171 54 168 57 165 61 161 66 158 69 154 72 151 74 149 75 148 77 146 78 146 78 146 77 146 78 146 78 146 78 146 78 146 78 146 78 146 77 146 78 146 78 146 78 146 78 146 78 145 80 143 81 142 29
118 13 208 18 205 20 202 23 198 27 196 28 193 31 189 36 183 41 178 46 174 51 122 4 44 54 112 20 16 76 108 26 10 81 103 32 5 85 101 123 99 125 99 125 98 125 99 125 98 126 97 127 97 127 97 127 96 129 95 129 95 129 95 129 95 130 94 130 94 130 95 129 95 129 95 130 94 129 96 129 96 127 97 127 98 126 98 126 99 124 100 124 100 124 100 124 101 124 100 124 101 123 102 122 103 122 103 121 104 120 104 120 106 119 105 119 107 117 107 117 108 116 109 116 109 115 109 115 110 114 110 114 111 114 110 114 111 113 111 113 111 113 111 113 111 113 111 114 110 114 110 114 110 114 110 114 110 114 110 114 110 114 110 114 110 114 110 114 111 112 112 112 112 112 112 111 114 110 114 109 115 109 115 109 116 107 117 107 118 106 118 106 118 106 119 105 120 104 120 103 122 103 122 102 122 102 123 101 124 100 125 100 125 99 126 98 127 98 126 99 125 100 125 100 124 101 124 100 124 101 123 101 123 102 122 103 121 103 122 103 121 103 121 103 121 103 120 105 119 105 119 106 118 107 117 108 115 109 114 111 113 111 113 112 111 113 111 18 3 93 110 18 5 91 110 17 8 89 110 18 9 88 109 18 9 88 109 19 8 89 108 19 9 88 109 19 7 90 108 20 6 90 108 21 5 91 107 22 3 92 108 116 108 117 108 116 108 116 108 117 107 117 107 118 107 117 107 118 106 119 105 119 105 119 105 120 104 121 103 121 103 122 101 124 100 124 98 127 95 130 91 133 91 134 89 135 88 136 87 137 87 137 87 138 85 139 84 140 84 141 83 142 82 143 80 145 79 145 79 147 77 147 77 148 76 149 75 149 75 150 31 1 42 151 30 1 42 152 72 153 71 154 29 1 40 155 28 2 39 156 28 1 40 157 26 1 40 158 25 2 39 159 65 160 65 160 64 161 64 160 64 161 63 162 62 163 61 164 61 163 61 164 60 164 60 165 58 166 58 167 57 167 57 168 56 168 56 169 55 169 54 171 53 173 51 173 50 175 49 176 48 177 47 178 46 178 46 179 45 179 46 179 45 180 45 179 48 175 50 173 54 169 10
2017 5 218 8 216 10 214 11 213 12 45 6 161 14 41 9 160 15 38 12 159 16 35 14 159 18 32 15 159 19 29 18 158 21 26 19 158 24 21 20 159 39 3 23 159 65 159 65 159 65 159 65 159 64 160 64 160 64 160 64 160 64 160 64 160 63 161 63 161 63 161 62 162 62 162 61 163 61 164 59 165 59 166 57 168 55 169 55 170 53 171 52 173 50 174 50 174 49 175 49 175 49 175 49 175 49 176 48 176 49 175 49 175 50 174 52 172 54 170 56 1 1 1 1 165 63 161 64 160 65 160 64 160 64 160 65 159 68 156 78 5 1 2 2 2 1 9 10 115 112 112 117 108 123 101 127 97 136 88 140 85 143 81 148 76 151 74 152 72 154 70 154 70 156 68 157 68 157 67 158 66 159 65 160 64 161 63 162 63 162 62 163 61 164 60 165 59 166 58 167 58 167 57 168 56 169 55 169 56 169 55 170 54 171 53 171 53 172 52 173 51 173 51 174 51 173 51 174 50 174 50 174 51 174 50 174 50 175 49 176 48 176 48 177 48 176 48 177 48 177 47 177 47 178 47 178 46 180 45 180 44 184 40 186 39 189 35 191 2 4 28 198 26 199 26 198 26 199 26 198 26 198 27 197 28 196 28 196 29 195 29 195 29 195 30 194 30 194 31 193 31 193 32 192 32 67 15 71 2 37 32 63 24 64 7 32 35 54 35 60 12 26 38 51 39 58 25 9 43 49 41 56 82 45 42 55 87 40 42 55 90 37 44 53 91 36 44 53 93 33 46 53 92 33 47 52 93 31 49 51 93 31 49 52 93 30 50 51 93 30 50 51 93 30 51 51 93 29 52 50 93 29 53 49 94 28 54 48 95 27 55 48 94 27 55 48 95 26 56 47 95 26 57 46 95 26 58 45 95 26 58 45 95 26 59 44 95 26 60 43 95 26 60 42 96 26 61 41 96 26 61 41 97 25 62 40 97 25 62 40 97 25 63 39 98 24 63 39 98 24 63 40 98 23 63 40 99 22 63 40 99 23 61 41 100 22 61 41 100 22 61 41 101 21 61 41 101 21 60 42 101 21 60 41 103 20 60 40 104 20 59 40 105 20 59 40 106 19 59 38 108 19 58 37 110 19 58 32 115 19 57 28 120 19 57 27 121 19 55 27 123 19 55 26 124 19 54 26 111 2 12 18 54 26 111 4 10 19 54 25 111 5 9 20 53 26 103 2 5 6 8 21 52 26 101 6 3 7 6 23 52 25 101 6 2 10 3 25 52 25 101 4 4 38 52 24 110 38 54 21 111 38 57 17 112 9 1 28 62 10 113 9 2 27 186 8 4 26 186 6 6 25 200 23 202 21 206 16 212 10 1942
9919 3 15 6 198 6 13 7 197 8 11 9 195 10 8 11 195 12 6 12 193 14 4 13 193 32 192 32 192 32 191 34 190 34 190 34 190 34 190 35 189 35 189 35 188 37 187 37 187 38 185 39 185 40 184 40 184 40 183 41 183 42 182 42 182 42 182 42 182 43 35 6 140 43 32 10 139 43 31 12 138 44 28 14 138 45 26 16 137 45 24 18 138 45 21 20 138 46 20 20 138 48 17 21 139 49 14 22 139 53 8 24 140 83 141 83 141 83 142 81 143 81 143 81 143 81 144 80 144 80 144 81 143 81 144 80 143 81 143 82 142 82 142 82 142 83 141 83 141 83 141 84 140 84 140 84 140 84 140 85 139 85 139 86 139 85 139 85 139 86 138 86 138 87 138 86 139 86 138 86 139 85 140 84 140 84 141 84 140 84 140 84 140 83 142 83 141 82 142 82 143 81 144 81 145 1 1 76 150 75 149 75 149 75 149 75 149 8 1 66 148 8 3 41 2 22 148 7 5 39 5 20 149 5 7 37 6 20 149 5 7 37 7 19 149 4 8 37 7 20 160 37 8 19 160 37 9 18 160 37 9 18 160 36 11 16 161 36 11 16 161 19 2 15 11 16 161 18 6 11 12 16 160 19 8 9 13 15 160 18 11 6 14 14 161 18 13 2 16 14 161 18 32 13 161 18 33 12 162 17 33 12 162 16 34 12 162 16 35 10 163 16 35 10 163 16 35 10 163 16 36 9 163 15 37 9 164 14 37 9 164 13 38 9 165 12 39 8 165 12 39 8 166 10 40 7 167 10 40 7 167 9 41 7 168 8 42 5 172 4 43 5 220 4 222 2 12175
9078 1 4 13 203 25 4 4 189 41 182 43 180 47 177 49 174 52 172 52 172 53 171 54 170 56 168 57 168 58 166 59 166 59 165 60 165 60 164 61 164 61 163 61 163 63 161 64 160 65 158 67 157 69 154 73 151 75 148 78 146 80 143 81 142 83 140 84 139 86 137 87 136 88 135 89 135 89 134 90 133 90 133 91 133 91 132 91 132 92 132 91 132 92 131 92 131 93 131 92 131 92 131 92 131 93 131 93 130 94 128 96 127 97 127 97 126 98 125 99 125 99 124 102 122 102 121 103 121 68 7 28 120 67 11 26 120 66 13 15 7 1 121 66 17 9 132 65 158 66 158 65 158 66 158 66 157 67 156 68 155 69 154 70 153 71 151 73 150 75 148 76 147 77 146 79 144 80 143 82 142 83 139 85 139 86 137 87 136 88 134 90 133 92 131 93 131 93 130 94 129 95 128 96 127 96 127 98 126 98 125 99 125 98 125 99 125 99 124 100 123 101 122 102 121 103 120 104 120 103 119 105 118 106 118 106 117 107 116 108 116 108 115 109 114 110 114 109 114 110 114 110 113 110 114 110 113 111 113 111 113 111 112 112 112 112 111 113 111 113 110 114 109 115 108 116 107 117 106 118 105 119 104 120 103 121 103 121 102 122 101 123 101 123 100 124 100 124 99 124 100 124 99 125 99 125 98 125 99 125 98 126 98 125 98 126 98 100 3 23 97 99 6 21 98 97 8 21 98 97 9 20 97 97 10 20 97 96 11 20 96 97 12 19 96 96 13 19 96 95 14 19 95 96 15 18 95 96 15 17 95 96 16 17 95 96 16 17 94 96 17 17 94 96 18 16 94 96 18 16 94 33 3 59 19 15 95 29 8 57 20 15 95 28 9 56 21 14 96 27 11 38 9 5 24 14 96 26 14 16 6 13 39 13 97 24 18 11 16 4 42 12 98 23 20 3 24 1 43 12 99 21 92 11 100 20 93 11 100 19 95 10 101 16 97 10 101 15 98 10 100 16 98 10 101 12 102 9 107 1 1 1 1 1 104 7 114 1 102 6 222 1 87
953 10 212 15 208 18 205 21 202 24 200 25 198 27 197 28 196 29 194 31 193 33 191 33 106 10 75 35 102 13 74 36 98 18 72 37 96 19 72 38 93 22 71 39 90 24 71 40 88 25 71 41 85 27 71 42 82 29 71 43 80 30 71 44 77 31 72 45 74 33 72 45 71 35 73 47 65 39 74 47 59 43 74 50 52 48 75 50 48 50 76 51 45 52 76 53 41 54 76 63 14 1 2 67 77 147 77 146 79 145 79 145 79 145 78 145 79 145 79 144 80 144 80 144 80 143 81 143 81 143 82 141 83 141 83 140 84 139 85 139 85 138 86 137 87 137 87 137 87 136 88 136 88 136 88 136 88 135 89 135 89 135 89 135 89 135 89 134 91 133 91 133 91 133 91 132 92 132 91 133 91 133 91 133 91 133 91 133 91 133 91 133 91 133 91 133 91 133 91 133 91 132 92 132 92 132 92 132 91 133 91 133 91 133 91 133 91 133 91 134 90 134 90 134 90 134 90 134 90 134 89 135 89 135 89 136 87 137 86 138 86 138 85 139 84 140 84 141 83 141 83 142 82 142 82 142 82 143 80 144 80 145 78 146 78 146 78 147 77 147 76 149 74 150 73 152 70 154 63 162 62 162 61 163 60 165 58 166 57 168 55 169 54 170 52 172 51 174 49 175 47 177 46 179 44 180 44 180 44 180 45 179 46 179 55 169 56 168 57 167 58 166 58 166 58 166 58 166 58 165 59 165 59 165 59 165 59 165 59 165 58 166 58 166 58 166 58 166 58 165 59 165 58 166 58 166 58 166 58 166 58 166 58 166 58 166 58 166 58 166 58 166 57 167 57 167 57 167 57 167 57 167 57 167 57 166 58 166 58 166 58 166 58 166 58 166 58 166 58 166 57 167 57 167 57 167 57 167 56 167 57 167 56 168 55 169 54 170 54 170 53 171 53 171 52 172 52 172 51 172 52 172 51 173 51 173 51 173 50 173 51 173 50 174 49 175 48 176 47 176 47 177 46 178 44 180 43 181 42 135 9 38 41 132 15 36 40 126 24 35 38 119 34 33 38 107 47 33 36 106 50 32 36 103 54 32 35 99 58 32 36 95 63 30 37 92 68 26 38 90 73 23 38 89 76 20 31
5457 9 214 12 212 14 209 16 208 18 206 19 205 21 203 23 202 24 200 25 199 27 197 29 196 30 194 31 194 32 192 33 192 34 190 35 190 36 188 37 188 37 188 38 186 40 121 7 57 41 107 25 52 45 100 32 47 50 94 38 42 54 89 45 37 55 86 50 33 57 83 54 30 60 79 57 29 61 77 59 26 63 76 64 21 67 72 69 16 69 70 71 13 72 67 74 11 73 66 77 6 76 65 160 64 161 62 163 61 164 60 164 59 166 58 167 57 167 57 168 55 170 54 170 54 171 53 171 53 172 52 172 52 172 52 172 52 173 51 173 51 174 50 174 50 175 50 174 50 175 50 174 51 174 50 175 50 174 50 175 50 175 50 174 50 175 50 174 50 175 50 175 49 176 48 176 48 177 48 176 48 177 48 176 48 177 47 177 48 176 48 176 49 176 48 176 49 175 49 175 50 174 52 172 53 171 54 170 55 170 55 169 56 168 57 167 57 167 58 166 59 37 5 123 61 33 8 122 62 31 10 121 63 29 12 120 63 28 14 119 63 26 16 119 64 20 22 117 65 17 26 116 66 15 27 116 66 14 28 116 66 14 28 116 67 12 29 116 68 11 29 115 69 11 29 115 70 9 30 115 70 9 30 115 71 8 30 115 71 7 31 115 73 5 31 115 73 5 31 114 110 114 110 114 111 113 111 112 113 22 6 83 113 21 8 82 113 20 9 82 113 20 10 81 113 19 11 80 114 19 11 80 114 18 12 80 114 18 13 78 116 16 14 78 117 15 14 78 118 13 16 76 120 11 17 76 121 9 18 75 123 7 19 75 125 1 23 74 150 74 150 73 151 72 152 72 152 71 153 71 154 70 154 69 155 69 155 68 157 67 157 66 158 66 159 64 160 64 161 62 163 61 164 59 165 59 166 58 167 56 169 54 171 53 171 53 172 51 174 50 176 47 179 8 8 28 198 26 199 24 201 22 202 22 202 21 204 20 204 19 206 18 206 17 207 17 207 17 208 16 208 15 209 15 209 15 210 13 211 13 211 12 212 12 213 11 212 12 213 11 212 12 212 12 212 12 211 13 210 13 210 14 209 15 208 16 207 18 205 19 204 20 204 20 205 19 205 19 206 17 67
86 24 192 37 183 44 177 50 171 55 166 59 162 70 152 75 132 101 120 107 116 111 111 114 109 116 106 119 104 121 102 122 101 124 99 125 99 126 97 127 97 127 97 127 96 129 95 129 94 131 93 131 93 131 93 132 92 132 92 132 92 132 92 131 93 131 93 131 94 130 94 130 94 122 2 6 95 121 3 5 96 119 6 3 96 119 105 119 105 119 105 118 107 117 108 116 111 113 112 112 113 111 114 111 113 111 113 112 112 112 111 113 111 113 110 114 110 114 109 115 109 115 108 116 107 117 107 118 105 119 105 119 104 121 103 121 102 123 101 123 100 125 99 126 97 127 97 128 95 129 95 130 94 130 93 132 92 132 91 133 91 134 90 134 90 134 90 134 90 134 90 134 90 134 90 134 90 134 90 135 89 135 89 135 89 135 89 135 89 135 89 136 89 135 90 134 91 133 92 132 93 131 94 130 95 129 96 128 97 128 96 128 97 127 97 127 98 126 98 126 98 126 99 126 98 126 98 126 98 126 98 126 98 126 98 126 98 125 99 126 98 125 99 125 99 125 99 125 99 125 98 127 96 129 94 132 90 135 87 138 83 143 78 147 75 149 73 152 71 153 68 157 66 158 65 159 64 160 63 161 62 162 62 163 60 164 60 164 59 165 59 165 58 166 58 166 58 167 57 167 57 167 57 167 57 167 57 166 58 164 60 159 65 154 71 148 76 146 79 141 84 139 86 136 90 133 101 122 110 112 118 105 124 100 128 95 132 91 147 77 152 71 158 65 168 55 174 49 178 44 184 39 188 35 191 31 196 27 203 18 210 10 10405
96 27 196 30 193 32 190 36 187 39 184 41 182 43 180 46 177 48 175 50 173 53 170 54 169 57 165 60 163 63 160 65 158 67 156 69 155 69 154 70 154 70 154 70 154 71 153 71 153 71 153 71 153 71 153 72 152 72 152 72 153 71 153 71 153 71 153 71 153 71 153 70 154 70 153 72 152 72 152 72 152 72 151 73 151 74 149 75 149 75 149 76 147 77 147 77 147 77 147 77 146 78 146 78 145 79 145 79 145 80 143 81 143 81 143 81 142 82 142 83 140 84 140 84 140 85 138 86 138 86 137 87 137 88 135 89 135 89 135 89 135 89 134 91 133 91 133 91 133 91 133 92 132 92 132 92 132 92 132 92 132 93 131 93 131 94 130 94 130 94 130 95 129 95 130 94 130 95 129 95 129 95 129 95 130 94 130 94 130 94 130 94 130 94 129 95 129 95 129 95 129 95 129 95 129 95 129 95 129 94 130 94 130 94 130 94 130 94 130 94 130 94 130 94 130 94 130 94 130 95 129 95 129 95 128 96 128 95 129 95 128 95 129 95 128 96 128 96 127 97 126 98 125 99 124 100 124 100 123 101 122 102 122 103 120 104 120 104 120 104 120 104 119 105 119 105 119 105 119 105 119 52 2 9 1 41 119 52 5 1 1 2 4 39 120 52 16 37 119 51 17 37 119 51 18 36 119 51 18 36 119 51 18 36 119 51 17 36 120 51 17 36 120 52 15 37 119 54 13 38 119 54 12 39 119 56 8 41 119 105 119 105 120 104 120 104 120 104 120 104 119 105 119 105 119 105 119 105 119 105 119 105 119 105 119 105 119 105 119 105 119 105 119 104 120 103 121 102 122 102 123 100 124 99 125 98 126 98 126 97 126 97 127 96 128 95 129 95 129 94 130 93 131 92 133 89 135 87 137 86 139 84 140 83 142 82 142 81 144 80 144 80 145 78 146 78 146 48 6 24 147 45 9 23 147 44 10 23 147 43 12 21 149 41 13 21 149 41 13 21 149 40 15 19 152 37 16 19 154 33 18 19 173 11 22 18 176 5 25 18 206 18 206 18 207 17 207 17 208 16 208 16 208 15 210 14 211 13 211 13 211 13 211 13 213 10 217 5 221 1 320
1679 7 214 15 207 20 197 31 191 46 177 62 161 71 151 80 144 81 142 84 139 87 136 89 134 92 131 94 130 95 128 97 126 98 125 100 123 102 122 103 121 103 120 106 118 107 117 109 115 110 113 115 109 117 106 121 103 124 99 128 96 130 93 133 90 137 86 143 81 144 79 147 76 148 75 150 73 151 72 152 72 152 71 153 70 154 69 155 68 156 67 157 66 158 65 159 64 160 63 161 63 161 62 162 62 162 61 163 60 164 60 164 59 165 58 166 58 166 57 167 57 167 56 168 56 168 55 169 55 169 54 170 54 170 54 170 54 170 53 171 53 171 52 172 52 172 52 172 52 172 51 173 51 173 50 174 50 174 49 175 49 175 49 175 49 175 48 176 48 176 47 177 47 177 46 178 46 178 46 178 46 178 45 179 45 179 45 179 45 179 45 179 45 179 45 179 45 179 45 179 45 179 45 179 45 179 45 179 45 179 45 179 45 179 45 179 45 179 45 179 45 179 44 180 44 180 44 180 44 180 44 180 44 180 44 180 44 180 44 180 44 180 44 180 44 180 44 180 44 180 45 179 45 179 45 179 45 179 45 179 46 178 46 178 46 178 47 177 47 177 47 177 47 177 47 177 48 176 48 176 49 175 50 174 51 173 52 172 52 172 53 171 54 170 54 170 54 170 55 169 55 169 56 168 56 168 57 167 58 166 58 166 59 165 60 164 60 164 60 164 61 163 61 163 61 163 62 162 62 162 63 161 63 161 64 160 64 160 65 159 65 159 66 158 66 158 66 158 66 158 67 157 67 157 68 156 68 156 68 156 68 156 69 155 69 155 69 155 70 154 70 154 70 154 71 153 71 153 72 152 73 151 74 150 75 149 76 148 77 147 78 146 79 145 80 144 80 144 81 143 81 143 82 142 83 141 84 140 86 138 87 137 88 136 91 133 93 131 94 130 94 130 95 129 94 130 95 127 98 124 101 107 9 7 102 104 22
14929 10 211 16 205 22 199 27 193 32 189 37 186 39 183 41 181 44 180 44 179 46 177 48 175 50 173 52 171 54 169 55 169 56 167 57 167 58 166 58 165 60 164 60 164 61 162 62 162 63 159 65 120 12 21 72 115 21 10 78 114 111 111 113 110 114 109 116 107 117 106 119 103 121 102 123 99 125 97 128 92 132 90 134 88 136 88 137 86 138 86 138 85 140 84 140 84 140 84 140 84 141 83 141 83 141 82 142 82 142 82 142 82 142 82 142 82 142 82 142 82 143 81 143 81 143 80 144 81 143 80 144 80 145 79 145 80 145 78 146 79 145 78 147 78 146 78 146 78 147 76 148 76 148 76 148 76 148 76 148 76 148 76 149 75 149 75 149 74 150 74 151 73 151 73 150 74 150 74 150 74 150 74 150 74 150 73 151 73 151 73 152 72 152 72 152 72 152 72 152 71 153 71 153 71 153 72 152 72 152 72 152 72 153 71 153 72 152 73 19 1 1 1 130 74 12 12 126 77 3 20 124 103 122 106 118 110 115 117 108 122 103 124 101 125 100 125 100 125 100 125 100 125 100 124 100 125 100 125 100 124 100 125 100 125 100 124 100 124 101 123 102 123 101 123 102 122 103 122 103 121 103 121 104 121 103 121 103 122 103 121 103 121 103 121 103 122 102 123 67 13 20 125 61 24 13 127 57 172 32 4 13 178 25 204 14 2095
21853 11 211 16 206 20 202 25 197 28 195 30 193 32 190 36 187 38 185 40 184 40 183 42 181 44 179 46 177 48 175 49 174 51 172 53 171 53 170 55 168 56 167 58 147 8 10 59 146 11 7 61 144 80 144 81 143 81 142 82 142 83 141 83 141 83 141 83 141 84 140 84 140 84 140 85 139 85 138 86 138 87 136 88 135 90 133 91 131 93 128 8 2 87 125 9 4 86 122 11 6 86 120 11 8 85 117 14 8 85 114 16 10 85 111 18 10 85 107 21 12 84 103 24 13 85 99 26 14 85 97 27 15 85 93 31 15 86 84 37 17 86 68 53 18 85 65 55 19 85 63 57 19 85 62 58 20 84 62 57 21 84 61 57 22 84 61 56 23 84 61 54 24 85 62 52 25 85 63 48 28 85 64 45 29 86 67 38 33 86 68 35 34 87 71 29 37 87 75 21 40 88 81 9 46 88 83 4 49 88 136 88 135 88 137 86 138 86 138 86 139 84 141 83 142 82 142 81 145 80 155 69 157 67 158 66 159 65 160 64 161 62 163 61 163 61 164 59 165 58 167 56 168 55 170 53 172 52 174 48 190 33 196 26 200 22 205 17 5671
5943 17 204 22 198 29 191 35 187 38 185 41 182 44 179 47 176 50 174 52 171 55 168 57 167 58 165 60 163 61 162 63 160 65 159 65 158 67 156 68 155 69 155 70 153 71 153 71 152 73 151 73 150 74 150 74 150 75 148 76 148 77 147 77 147 77 146 78 146 79 145 79 145 79 144 81 143 81 143 81 142 82 142 82 141 83 141 83 140 85 138 86 138 86 137 87 136 88 136 89 134 90 134 90 134 90 133 91 132 92 132 92 131 94 129 95 128 96 128 96 127 97 126 99 124 100 123 101 122 103 120 104 119 106 117 108 115 110 114 110 113 112 112 113 110 115 109 115 109 116 107 118 106 119 105 119 105 120 104 120 103 122 102 122 102 123 101 123 101 124 100 124 101 123 101 124 100 124 100 124 100 124 100 124 101 123 101 123 101 123 102 121 103 121 103 121 104 120 104 120 105 119 106 118 107 117 107 116 108 116 109 115 109 115 109 114 110 114 111 112 112 111 113 111 113 110 114 109 115 109 115 108 117 107 117 106 119 105 119 105 120 104 120 104 121 103 121 103 121 103 122 102 122 103 121 103 121 103 121 103 122 102 122 102 122 103 122 102 122 102 122 103 122 102 122 102 122 103 122 102 122 102 122 102 122 103 122 102 122 102 122 102 122 103 121 103 121 103 121 103 121 104 120 104 120 104 121 103 121 104 120 104 120 44 5 55 120 43 7 54 121 41 9 53 121 41 10 52 121 42 10 50 122 42 11 49 122 43 11 48 122 43 12 47 122 44 12 45 123 44 12 45 122 45 13 44 122 46 13 42 122 47 14 41 121 48 14 40 121 49 16 37 121 51 17 34 121 52 19 31 122 52 21 28 123 52 23 24 125 53 24 19 128 53 28 11 132 52 173 51 173 50 176 46 179 43 184 35 191 20 208 8 3038
30 12 55 18 139 13 53 20 137 15 52 20 136 16 51 22 135 17 50 23 134 18 49 24 132 20 47 26 131 21 46 26 131 22 44 28 130 22 44 28 130 24 41 30 129 25 39 31 129 26 38 32 128 27 36 34 127 29 32 37 126 30 28 40 126 32 22 45 125 34 19 47 123 36 16 51 121 37 14 53 120 39 10 56 118 41 8 59 116 42 5 63 114 111 112 113 111 113 111 113 110 114 110 114 110 114 109 116 108 116 108 117 106 118 106 119 104 120 104 121 21 9 72 123 19 11 71 124 17 14 69 125 14 16 69 126 11 20 67 128 9 20 68 131 1 25 67 158 66 159 65 160 65 161 63 162 62 164 60 166 58 172 52 176 48 178 46 179 45 180 44 181 43 183 41 184 40 185 39 186 38 187 37 188 36 189 35 189 35 190 34 190 35 190 34 190 34 190 35 190 34 190 35 190 34 190 34 190 35 190 34 191 33 192 33 192 32 192 32 193 31 194 30 194 30 193 31 193 32 191 33 191 33 191 33 190 34 190 34 190 34 190 35 189 35 188 36 188 36 187 38 186 38 185 40 183 42 182 43 180 45 178 47 176 49 174 51 172 52 171 54 169 55 168 56 167 58 165 59 165 59 164 60 164 59 163 61 163 61 161 63 160 63 160 64 159 65 158 66 157 67 156 67 157 67 156 68 156 67 156 68 156 68 156 67 157 67 157 67 157 66 158 66 158 65 159 65 159 64 160 63 161 62 162 61 163 60 164 60 165 57 167 57 167 56 168 55 169 54 170 54 170 53 171 53 171 53 171 53 171 53 171 52 172 52 172 52 171 53 171 53 171 53 171 53 171 53 171 53 170 55 169 55 168 56 168 56 168 56 167 58 166 57 167 57 167 56 168 56 168 54 170 53 171 51 174 49 175 48 176 48 176 47 177 47 176 48 176 49 174 50 174 51 172 52 172 53 170 54 169 55 169 55 168 56 168 56 167 57 167 57 166 58 166 57 166 58 165 58 165 59 165 59 164 60 164 60 163 61 162 62 162 62 161 63 161 63 160 64 160 64 159 65 158 66 158 65 159 65 159 64 159 65 159 65 158 66 158 67 157 68 156 70 154 70 153 72 152 73 151 73 150 75 148 77 146 79 144 61
6600 5 218 8 214 10 212 13 210 15 207 18 204 20 202 22 201 23 200 25 198 26 197 27 196 28 195 29 194 30 190 34 188 36 186 39 178 46 175 51 10 6 152 57 5 14 126 1 1 1 8 89 124 7 2 92 123 103 121 104 121 105 119 107 117 109 114 112 112 114 109 116 107 119 105 120 104 122 102 124 40 4 56 128 32 13 51 132 27 16 48 137 21 20 46 146 10 24 44 182 42 183 41 184 39 186 38 187 37 188 35 189 35 189 34 190 34 190 34 190 34 190 33 191 33 191 32 192 32 192 32 192 32 192 32 192 32 192 31 193 31 193 31 193 30 194 30 194 30 194 30 194 29 195 29 195 28 196 28 196 28 196 28 196 28 196 27 197 27 197 27 197 27 197 27 197 27 197 27 197 27 197 27 197 27 197 27 197 27 197 27 197 28 196 28 196 28 196 28 196 28 196 28 196 28 196 29 195 29 195 29 195 29 195 29 195 30 194 30 194 30 194 30 194 30 194 31 193 31 193 32 192 32 192 32 192 33 191 34 190 34 190 35 189 36 188 37 187 37 187 38 186 39 185 40 184 40 184 42 182 42 182 43 181 44 180 45 179 45 179 46 178 47 177 48 176 49 175 50 174 52 172 53 171 54 170 55 169 56 145 5 18 58 92 7 43 8 16 59 90 9 42 9 15 60 88 10 41 11 14 62 86 10 40 13 13 63 84 12 39 14 12 64 83 12 38 15 11 67 80 12 38 17 10 69 78 12 38 18 9 70 77 11 38 19 9 71 76 10 38 21 8 73 74 8 39 24 6 75 73 5 41 24 6 77 31 3 82 27 2 80 29 5 80 111 28 5 79 113 27 5 78 115 26 5 77 118 24 5 76 121 22 5 75 124 19 7 73 127 16 8 72 130 12 10 71 133 9 11 70 140 1 13 70 155 68 155 68 157 65 158 66 158 64 160 63 161 62 162 61 163 59 165 58 166 56 168 55 169 53 171 52 172 51 173 50 174 48 176 47 176 47 177 46 178 44 179 43 181 40 184 36 187 34 190 32 192 31 192 31 193 31 193 30 194 30 194 30 194 29 197 27 197 26 200 22 90
5525 5 218 7 216 10 213 12 212 14 59 2 148 15 57 6 146 17 54 8 144 19 51 10 144 21 48 11 144 21 46 13 144 22 43 15 143 23 42 16 143 24 39 18 143 25 36 20 143 26 34 21 143 26 32 23 143 27 30 24 143 28 28 25 143 29 25 27 143 30 22 29 143 35 11 35 143 81 143 81 143 81 143 81 143 81 143 80 144 80 144 80 143 80 144 80 144 80 143 81 143 81 142 82 141 83 139 86 138 86 137 87 136 88 133 92 121 103 113 111 105 119 91 133 85 139 81 143 79 145 76 148 74 150 72 152 71 153 70 154 68 156 67 157 65 159 62 162 60 164 59 165 59 165 58 166 58 166 57 167 56 168 55 169 55 169 54 170 53 171 52 172 52 172 51 173 50 174 50 174 50 174 49 175 49 175 48 176 48 176 47 176 48 176 47 177 47 177 46 177 47 176 47 177 46 177 47 177 46 177 47 176 47 177 18 2 26 178 10 19 16 179 7 28 9 180 6 33 2 183 6 219 5 219 5 219 5 220 4 220 4 220 4 221 3 221 3 221 3 222 2 222 2 223 1 223 1 223 1 223 1 223 1 223 1 223 1 223 1 222 2 222 2 222 2 221 3 221 3 221 3 221 3 221 3 220 4 220 4 220 4 219 6 218 6 218 7 216 10 214 12 211 15 209 17 207 19 204 22 202 24 200 25 199 27 196 29 195 31 193 32 11 6 174 36 4 13 171 54 170 55 169 56 167 58 166 58 166 58 166 59 165 59 165 59 165 59 165 60 165 59 165 59 165 59 165 60 164 60 164 60 164 60 164 61 163 61 163 61 162 62 162 62 162 62 161 63 161 63 161 64 160 64 160 65 159 65 158 66 158 67 156 68 156 68 155 69 155 69 38 4 113 70 33 18 102 71 30 24 99 72 26 29 97 72 23 33 96 72 21 36 95 72 19 39 93 73 17 41 93 74 13 44 43 6 44 75 11 45 42 12 39 77 7 48 41 14 36 80 2 51 41 14 36 133 41 15 35 134 39 16 34 135 38 17 34 135 37 18 34 136 36 17 35 137 35 17 35 137 35 16 36 137 35 15 37 137 35 15 36 138 34 17 35 138 34 17 35 138 33 19 33 21
122 11 212 13 211 14 209 16 207 17 207 17 206 19 205 20 204 21 202 23 201 25 199 27 196 45 179 46 177 48 176 48 175 49 175 49 174 50 174 49 174 50 173 51 172 51 172 51 171 52 170 54 168 55 168 55 167 57 166 57 166 57 166 57 165 59 164 59 163 61 163 61 161 62 162 62 161 62 160 64 157 66 150 74 146 77 144 80 141 82 140 83 139 85 138 85 138 85 137 86 136 86 136 87 135 88 135 88 135 88 135 88 135 89 135 88 135 89 135 89 134 90 133 91 132 91 133 91 132 92 132 92 131 93 130 93 131 93 130 93 131 93 130 93 131 93 130 93 131 93 131 92 131 92 132 92 132 91 133 91 133 90 133 90 134 90 134 90 134 89 135 89 135 89 135 88 135 89 135 89 135 89 135 89 135 89 135 88 136 88 136 88 136 88 137 87 137 87 137 87 137 87 138 86 138 86 138 86 139 85 139 85 139 86 139 85 140 84 142 82 143 81 145 79 147 29 1 11 5 31 150 23 31 19 213 10 218 4 24296
90 16 54 10 144 17 52 12 142 19 50 13 142 19 48 16 140 21 45 18 140 22 43 19 140 23 41 21 139 24 38 23 139 25 35 25 139 27 27 31 138 32 10 1 10 33 138 86 138 86 138 85 139 85 140 84 140 83 142 82 142 82 143 80 144 80 145 79 145 79 145 78 147 77 147 77 147 77 147 76 148 76 148 76 148 76 147 77 147 76 148 76 148 76 147 77 147 77 147 77 147 77 146 78 146 78 146 78 146 78 146 78 145 79 145 79 145 79 144 80 144 80 144 80 144 81 142 82 142 82 142 82 142 82 142 82 142 81 143 81 142 82 142 82 142 82 142 82 142 82 142 82 141 83 141 82 142 82 142 82 141 82 142 82 142 82 141 83 141 82 141 83 140 84 140 83 140 84 139 85 138 86 138 86 137 87 136 88 135 89 135 89 134 91 132 92 132 93 130 94 129 96 127 97 126 99 125 99 124 101 123 101 122 102 122 103 120 104 119 106 118 106 117 107 116 109 115 109 114 110 113 112 111 113 110 115 108 116 107 117 107 118 106 118 105 120 104 120 104 120 104 121 103 121 103 121 103 121 103 122 102 122 102 122 102 122 102 123 101 123 101 123 101 123 101 123 101 123 101 123 101 123 101 123 101 124 100 123 101 124 100 123 101 124 100 123 101 124 100 124 100 124 100 124 100 124 100 124 100 124 101 123 101 123 101 123 101 124 100 124 100 125 100 124 100 124 100 125 99 125 99 126 98 126 98 126 98 127 97 127 97 127 97 127 97 128 96 128 96 129 95 129 95 129 95 130 94 130 94 130 94 131 93 131 94 130 94 130 94 131 93 131 94 131 93 132 92 133 92 133 91 135 89 136 89 136 88 137 88 136 88 136 89 135 89 135 90 134 90 134 91 133 91 133 92 132 92 132 93 131 94 130 94 129 96 127 98 126 99 124 101 122 103 121 105 118 107 117 109 114 111 113 114 80 12 17 117 76 14 16 120 72 22 7 125 69 26 2 129 66 159 64 161 62 163 61 163 60 165 58 166 57 167 56 169 55 169 54 171 53 171 53 172 51 174 49 176 47 178 46 78
2305 8 11 6 198 10 10 8 195 13 7 11 192 16 3 14 191 34 22 7 161 35 19 11 159 36 15 15 158 37 12 17 158 39 8 20 157 40 6 21 157 68 157 67 157 67 158 66 158 67 157 67 158 67 157 67 158 67 157 68 157 69 155 71 153 91 133 92 133 92 132 93 131 94 130 95 130 94 130 94 131 94 130 94 130 94 130 94 131 93 131 93 131 93 132 91 133 91 133 91 134 90 134 90 135 88 136 88 137 87 137 87 137 87 138 85 139 85 139 85 140 84 140 84 141 83 141 82 143 81 143 81 144 79 145 79 145 79 145 78 147 77 147 76 148 76 148 75 149 75 149 74 150 74 150 73 150 74 150 74 150 73 151 73 150 74 150 73 151 73 151 73 150 74 150 74 149 75 149 75 149 74 149 75 149 75 148 75 149 75 148 75 148 74 150 72 152 70 153 69 155 68 155 68 156 68 156 68 155 70 154 70 154 71 153 72 151 75 149 75 149 77 146 78 146 79 144 81 142 82 142 83 140 84 140 85 139 85 138 87 137 87 136 88 136 88 135 89 134 90 134 91 132 92 131 93 131 93 130 94 129 95 129 95 129 96 127 96 128 97 126 98 126 98 126 98 125 99 125 99 124 100 124 100 123 101 123 101 122 102 121 103 120 104 119 105 117 107 116 108 115 109 114 111 112 112 112 112 111 114 109 115 109 116 107 117 107 117 107 117 107 117 107 118 106 118 106 118 106 118 106 117 107 117 107 117 107 117 107 116 108 115 109 115 109 114 110 114 110 113 112 112 112 112 112 112 113 111 114 110 116 108 117 107 121 102 132 92 136 87 143 81 146 77 149 74 152 39 10 22 154 36 16 16 157 33 192 30 196 26 199 24 202 18 210 9 6399
94 34 187 38 185 41 181 44 176 50 173 52 170 56 167 58 164 62 160 66 156 70 153 72 150 75 148 77 147 78 145 80 143 82 142 83 141 84 139 86 138 87 136 88 135 90 133 91 132 93 130 94 130 94 129 96 127 97 127 98 126 98 126 99 124 100 124 100 124 101 123 101 122 103 121 103 121 103 121 103 121 104 119 105 119 105 119 105 119 106 117 107 117 107 117 108 115 109 114 111 112 113 111 113 109 115 108 116 107 117 106 118 104 120 103 121 102 122 102 122 101 123 100 124 100 124 99 125 99 125 99 125 99 126 97 127 97 128 96 128 96 128 95 131 93 131 93 133 90 134 90 134 89 136 87 137 87 137 86 139 85 139 84 140 83 142 82 142 81 143 81 143 80 145 79 145 78 146 78 146 78 146 77 147 77 147 76 148 76 148 76 148 76 149 74 151 73 151 73 152 71 153 71 154 69 155 69 156 67 158 66 158 66 158 65 160 64 161 62 162 62 163 61 163 60 164 60 164 60 164 60 164 59 166 58 166 58 166 58 166 57 167 57 168 56 168 56 168 55 169 55 169 55 170 54 170 54 170 54 170 54 170 54 171 53 171 53 170 54 170 54 170 54 170 54 170 54 170 54 170 54 170 54 170 54 171 53 171 53 171 53 172 51 173 51 173 50 174 50 174 50 175 49 175 48 177 47 177 46 179 45 179 45 180 43 181 43 182 41 183 41 184 40 184 40 184 40 185 38 186 38 186 38 186 38 187 37 187 37 187 36 188 36 189 35 189 35 189 35 189 35 189 35 189 35 189 35 189 35 189 35 189 35 189 35 189 35 189 35 189 35 189 35 189 35 189 36 187 37 186 38 186 38 185 39 185 39 185 40 184 40 184 40 184 40 184 40 183 41 183 41 183 41 182 42 182 42 182 42 181 44 180 45 179 45 179 46 178 46 178 47 177 47 177 47 177 47 177 47 176 48 176 49 175 49 176 49 175 49 175 49 174 51 173 51 173 52 172 32
1462 5 217 9 213 24 198 29 193 34 188 39 182 45 177 49 172 53 168 58 163 62 160 65 156 69 153 72 150 76 148 78 145 81 142 83 140 86 137 88 134 91 132 93 129 96 127 97 126 99 125 100 122 102 120 104 120 106 117 107 116 109 115 110 114 111 113 112 111 114 110 115 109 116 107 117 107 118 106 118 106 119 104 121 102 122 102 123 101 124 99 126 98 127 96 128 96 129 95 130 93 131 92 133 91 133 91 134 89 135 88 136 88 137 86 138 86 138 86 139 84 140 84 140 83 141 83 141 82 142 82 142 82 143 80 144 80 144 79 145 79 145 78 146 77 147 77 148 76 148 75 149 75 149 74 150 74 151 73 151 73 152 72 152 71 154 70 154 70 155 69 155 68 156 68 156 68 158 66 159 65 161 63 162 62 164 60 165 59 168 56 175 49 176 48 177 47 178 46 178 46 178 46 178 46 178 45 179 45 179 45 179 45 179 45 179 45 179 46 178 46 178 46 178 46 178 46 178 47 177 48 176 49 175 50 174 50 174 51 173 52 172 53 171 55 169 57 167 58 166 58 166 58 166 58 166 57 167 56 168 56 168 55 169 55 169 55 169 54 170 54 170 53 171 53 171 52 172 52 172 52 172 51 173 51 173 50 174 50 174 50 174 50 174 49 175 49 175 49 175 49 175 49 175 49 175 49 175 49 175 49 175 48 176 48 176 47 177 47 177 46 178 46 178 45 179 44 180 43 181 42 182 41 183 40 184 40 184 39 185 39 185 39 185 38 186 38 186 38 186 38 186 39 185 39 184 40 184 41 184 40 184 40 184 40 184 40 184 40 184 40 184 40 183 41 183 41 183 41 60 2 121 41 61 2 120 41 60 2 60 3 57 43 60 2 58 5 56 46 56 5 55 8 7 7 40 48 53 9 50 12 2 12 38 49 51 10 48 28 38 50 49 12 46 31 36 53 44 15 44 34 34 56 37 20 41 37 33 64 29 21 39 39 18 1 2 4 6 73 21 25 34 42 14 10 4 75 19 28 30 47 11 10 4 77 17 30 11 4 13 48 8 94 15 32 8 7 10 52 4 100 11 35 1 12 8 160 7 50 4 167 1 2602
300 1 1 1 1 1 212 22 197 29 193 33 190 35 189 35 188 36 188 37 187 37 187 38 186 38 187 38 187 38 186 40 186 39 186 41 184 60 6 2 156 73 151 79 145 82 142 85 138 88 136 90 133 94 130 96 127 100 123 103 120 107 116 109 114 111 112 113 109 116 107 117 106 119 104 120 103 122 101 123 100 124 100 124 99 125 98 126 97 127 97 127 97 127 96 128 96 128 96 128 96 128 96 128 96 128 96 129 96 128 96 128 97 127 97 127 98 126 98 126 99 124 100 124 100 123 101 123 101 122 102 122 102 121 103 120 104 119 105 119 105 118 106 118 106 117 107 117 107 117 108 116 108 116 108 116 107 118 106 118 106 119 105 119 105 119 105 120 104 120 105 119 105 120 104 120 105 119 105 119 105 120 104 120 104 121 103 121 103 121 103 122 102 122 102 122 102 123 101 123 101 124 100 124 100 124 99 126 98 126 98 126 98 127 97 127 97 128 96 128 96 128 96 129 95 129 95 129 94 130 94 130 94 131 93 131 92 132 92 132 92 133 91 133 90 134 90 134 90 134 90 134 89 135 89 135 88 137 87 137 87 137 86 138 85 139 85 139 85 139 84 141 83 141 82 142 82 142 81 143 81 143 81 143 81 143 81 143 81 143 81 143 81 144 81 143 81 143 82 12 1 129 97 127 98 127 98 126 98 126 99 126 98 126 98 126 98 126 99 126 98 126 98 126 98 126 98 126 98 126 98 126 98 127 97 127 98 126 98 126 98 126 98 126 98 126 99 125 99 85 3 37 99 81 11 33 100 78 14 32 100 76 17 31 101 73 20 29 102 28 6 37 23 28 102 27 9 33 25 28 102 26 12 29 27 28 103 25 14 25 29 28 103 25 17 20 31 28 103 25 20 15 33 27 105 24 23 10 35 27 105 24 28 1 39 26 106 23 69 26 106 23 69 25 108 22 69 25 108 22 69 24 109 22 69 24 109 22 69 24 110 21 69 23 111 21 69 23 111 21 69 23 110 22 69 23 110 22 69 22 110 23 69 22 110 23 69 22 109 24 69 22 109 24 69 22 108 25 69 22 107 26 69 22 107 26 69 21 107 27 69 22 105 28 69 22 104 29 68 23 103 30 68 23 102 31 68 23 101 31 69 23 100 32 69 24 98 33 69 24 97 34 69 25 95 35 69 25 95 35 69 26 93 36 69 26 93 35 70 27 92 35 71 27 91 34 72 28 90 33 73 29 90 31 74 30 89 30 75 30 90 28 77 29 90 26 80 28 91 25 80 26 93 23 83 25 36
4939 9 211 22 199 30 193 34 190 38 184 43 181 48 176 56 167 60 165 62 161 67 157 69 155 72 152 75 149 78 146 80 144 82 142 84 140 86 138 88 136 89 135 90 134 92 132 93 131 94 98 3 29 95 94 8 27 97 90 12 25 98 87 14 25 99 85 16 24 100 83 17 24 101 81 18 24 102 79 19 24 103 77 21 23 104 75 21 24 106 71 23 24 107 69 24 24 108 67 25 24 109 65 26 24 111 62 26 25 112 60 27 25 114 57 28 25 116 54 28 26 118 50 30 26 120 47 31 26 122 44 31 27 123 42 32 27 126 38 33 27 128 35 34 27 130 32 34 28 133 28 35 28 138 21 36 29 141 15 39 29 195 29 194 30 194 30 194 30 194 30 194 30 193 31 193 31 193 31 193 31 193 31 193 31 193 31 194 30 194 30 194 30 195 29 196 28 196 28 197 27 198 26 198 26 199 25 199 25 200 24 200 24 201 23 201 23 202 22 203 21 204 20 204 20 205 19 206 18 207 17 208 16 209 15 210 14 212 12 213 11 215 9 216 8 218 6 220 4 222 2 223 1 4927 1 222 2 221 3 219 5 218 6 216 8 214 10 212 12 211 13 210 14 209 15 208 16 207 17 206 18 206 18 204 20 204 20 203 21 141 4 57 22 137 11 52 24 135 15 49 25 132 21 45 26 126 30 40 28 118 47 9 1 17 32 104 80 3 37 93 131 88 136 82 142 31 5 3 9 28 148 27 197 24 200 22 202 21 203 20 204 18 206 17 207 16 208 14 210 13 211 11 214 9 215 7 218 5 9177
1209 24 195 50 172 54 167 60 162 65 157 69 153 73 150 76 146 79 144 81 142 83 139 87 136 89 134 91 133 92 130 96 128 97 126 100 123 102 121 104 119 105 118 107 116 109 114 111 112 113 110 115 108 116 106 119 104 121 102 123 100 125 98 127 96 128 96 129 94 131 92 133 90 135 88 137 86 138 85 140 83 142 82 143 80 145 78 147 77 148 75 150 74 151 73 152 71 154 70 154 70 155 68 156 68 157 67 157 66 159 65 159 64 161 63 161 62 162 62 163 61 163 60 165 59 165 59 166 57 167 57 167 57 167 56 169 55 169 54 171 53 171 52 172 52 173 51 173 51 173 50 175 49 175 49 175 49 175 49 176 48 176 48 176 48 176 47 177 47 177 47 177 47 177 47 177 47 177 48 176 48 175 49 175 50 173 51 173 51 172 53 171 54 169 55 168 56 168 57 166 59 165 59 164 60 164 61 162 63 161 63 160 65 158 67 156 68 155 70 153 72 151 74 148 77 147 78 145 79 144 82 141 83 140 85 139 86 138 86 138 87 137 88 137 87 137 87 138 86 138 86 138 86 138 86 139 84 140 84 140 84 140 84 141 83 141 82 142 82 142 82 142 81 143 81 144 80 144 80 144 80 144 80 144 79 145 79 146 78 146 78 146 78 146 78 146 78 146 78 147 77 147 77 147 77 147 77 147 77 148 76 148 76 148 75 149 75 149 75 149 75 149 75 149 75 149 75 149 75 149 75 149 75 149 75 149 75 149 75 149 75 149 75 149 75 149 75 149 75 149 75 149 75 149 75 149 75 149 75 149 75 149 75 149 75 149 75 148 76 148 76 148 77 147 77 147 77 147 77 147 78 145 79 145 79 145 79 145 79 144 81 143 81 143 81 143 81 143 81 142 82 142 82 142 83 140 84 140 84 140 84 140 84 139 85 139 85 139 86 138 86 138 86 137 87 137 87 137 88 136 88 135 90 133 92 131 93 93 1 1 1 1 1 1 5 27 46
7065 8 214 21 202 28 196 31 192 35 188 40 184 42 181 45 179 48 175 56 167 60 163 62 161 64 159 66 157 67 157 68 155 70 154 70 154 71 152 73 151 73 151 73 151 73 151 73 151 73 151 73 151 73 151 73 150 74 150 74 150 74 150 73 151 73 151 73 150 74 150 74 149 75 149 75 148 76 147 77 145 80 141 83 140 84 138 87 135 89 133 92 130 94 128 97 125 99 123 102 120 104 119 105 118 106 117 108 114 110 113 112 111 113 111 113 110 115 108 116 107 118 106 118 105 119 105 120 103 121 103 121 102 122 102 122 101 123 101 123 100 124 100 124 99 125 99 125 99 125 98 126 97 127 97 127 96 128 95 129 94 129 93 131 90 134 61 15 1 1 1 145 55 169 52 172 52 172 52 172 52 172 54 170 58 165 65 159 69 155 80 144 83 3 7 131 95 128 97 127 98 126 98 14 4 108 98 13 7 106 98 12 9 82 3 20 98 11 11 80 5 18 99 11 11 79 6 18 98 11 12 78 7 18 98 11 12 77 8 18 98 11 12 77 8 18 98 11 13 75 9 17 99 10 14 75 9 17 98 11 14 74 10 17 98 11 15 72 11 17 98 11 15 72 11 17 98 11 16 70 12 18 96 11 17 70 12 18 96 11 18 68 13 18 96 11 18 68 13 18 96 11 18 67 14 19 94 12 18 66 15 19 94 12 19 65 15 19 94 12 19 64 16 20 93 12 20 32 4 26 17 20 93 12 20 31 7 22 20 20 92 11 22 29 9 20 21 20 91 12 23 28 10 18 22 20 91 12 24 27 11 16 23 21 90 12 25 26 12 14 24 21 89 13 26 24 14 12 25 22 88 13 27 23 15 10 26 22 87 14 27 23 17 7 27 22 87 15 26 23 51 22 86 16 26 23 51 22 86 16 26 23 52 21 85 17 27 22 52 21 84 19 26 22 53 20 84 19 26 23 52 20 84 19 27 22 52 20 84 19 27 22 53 18 85 19 27 22 54 17 85 18 29 21 55 15 86 18 29 22 55 12 89 16 31 21 63 1 93 15 32 20 160 10 35 19 162 5 39 19 206 18 206 18 208 17 207 17 208 16 208 17 208 16 208 16 208 17 207 17 208 17 207 17 207 18 206 19 205 20 204 21 203 21 203 22 202 23 201 23 201 24 201 23 201 23 201 23 202 22 202 22 203 21 204 19 207 17 208 15 212 11 217 6 4129
108 11 210 16 194 8 3 20 191 34 189 36 103 6 79 36 101 12 75 36 101 14 73 36 100 17 70 38 99 19 68 38 99 20 67 38 99 22 65 38 99 23 63 39 99 24 62 39 99 25 60 41 98 26 59 41 98 28 56 42 98 29 55 42 98 30 53 43 98 31 51 44 98 33 48 45 98 34 46 46 98 35 44 46 99 36 42 47 99 38 39 48 99 39 37 49 99 40 35 50 99 41 33 51 99 42 30 53 99 43 28 54 99 44 25 56 99 46 22 56 100 50 15 59 100 55 6 63 100 124 100 124 100 124 100 125 99 125 99 125 99 125 99 125 99 126 99 125 99 125 99 126 98 126 98 126 98 126 98 126 98 126 98 126 98 126 98 127 98 126 98 126 99 126 98 126 98 127 98 126 98 127 97 127 98 127 98 126 98 126 99 126 98 126 98 126 98 127 98 126 98 127 97 128 96 128 96 129 96 128 96 128 96 128 96 129 95 129 95 129 95 129 96 129 95 129 96 128 97 127 97 128 96 128 96 128 96 129 95 129 95 130 94 130 94 131 93 131 93 132 92 132 92 133 91 133 91 134 90 134 90 134 48 3 39 135 45 7 38 135 43 14 32 135 42 16 31 135 42 18 29 136 40 19 29 137 38 20 29 137 38 20 29 139 35 21 30 139 34 21 30 140 32 22 31 141 30 23 31 141 29 23 31 142 28 24 32 141 26 26 31 141 26 27 31 133 2 6 25 28 30 133 3 5 25 29 30 131 5 4 25 29 30 130 7 4 24 30 29 129 9 3 24 31 30 127 9 3 24 31 30 126 11 2 23 33 31 124 9 4 23 34 31 122 9 5 23 35 31 121 8 7 22 36 32 119 7 8 22 37 33 117 7 8 22 37 35 116 5 9 21 39 36 115 2 11 21 39 39 125 20 41 40 123 19 42 41 121 20 42 42 120 19 44 42 118 20 44 42 118 20 44 43 116 20 45 44 115 20 45 45 114 20 45 46 113 20 45 47 111 20 46 48 110 17 49 50 107 16 51 51 106 15 52 52 105 13 54 54 102 14 54 56 100 13 55 57 99 12 56 60 96 12 56 63 94 10 57 66 91 9 58 68 91 4 61 71 153 72 152 73 151 74 150 74 150 74 5 7 1 1 136 74 3 14 133 74 4 14 132 73 6 15 4 1 125 73 6 22 123 73 7 23 120 73 8 24 119 73 8 25 118 73 8 26 23 3 30 6 4 12 39 73 8 28 17 13 22 26 37 73 8 30 3 29 17 29 35 73 7 66 13 30 10 2 23 74 5 69 10 32 7 5 22 75 4 70 8 32 6 8 21 75 3 73 6 32 6 10 19 62 1 13 2 74 3 34 4 18 1 1 1 3 7 61 3 11 3 111 1 29 3 63 5 9 4 206 6 7 5 206 7 6 5 206 8 4 6 204 11 3 7 203 11 3 6 194 5 5 11 4 5 193 7 4 11 4 5 192 11 2 11 4 3 193 27 197 27 196 28 195 28 196 27 197 23 2 1 198 23 205 18 209 14 212 11 214 9 215 9 216 7 217 7 217 5 219 5 219 4 221 2 222 1 5095
3656 4 219 6 217 8 216 8 218 7 217 7 217 8 217 9 216 9 215 10 214 12 211 13 211 15 209 15 208 17 207 17 206 19 205 19 204 21 203 21 202 22 202 22 201 23 201 23 200 24 200 24 199 24 200 24 199 25 198 26 198 26 198 26 198 25 199 25 198 26 198 25 199 25 198 25 199 25 199 24 200 24 199 25 199 24 199 25 199 24 199 25 199 25 198 25 198 26 198 25 198 25 198 25 199 25 198 25 198 25 199 25 198 26 198 26 197 27 196 28 195 31 193 37 186 48 176 49 174 52 171 54 169 57 167 57 166 60 163 63 161 65 158 67 156 71 153 71 152 74 150 75 78 2 68 77 72 8 67 78 69 11 66 79 66 14 65 80 41 3 2 5 13 15 65 81 36 42 65 82 34 43 64 84 32 45 63 85 30 47 60 89 28 47 56 94 26 48 56 96 24 48 55 98 23 48 55 99 21 49 55 100 19 50 55 107 5 56 55 169 55 169 53 171 52 171 52 172 52 172 51 172 52 172 52 172 52 171 53 171 53 170 55 169 55 168 57 167 58 166 59 164 61 163 63 161 64 159 66 158 67 156 68 155 70 153 71 152 73 149 76 6 5 133 92 131 94 129 96 128 96 127 99 125 99 124 101 123 101 123 102 122 102 121 105 119 105 119 106 117 108 116 108 115 110 114 110 114 110 113 111 113 111 28 1 83 112 24 7 81 112 23 10 78 113 22 13 75 114 21 15 74 115 19 17 72 116 19 18 70 117 18 20 68 119 17 21 67 119 16 23 65 121 15 24 63 122 15 26 61 123 14 27 13 3 10 7 26 125 12 32 5 25 25 126 10 63 24 131 4 65 23 201 23 201 22 201 23 201 23 201 23 200 24 200 23 202 22 202 22 203 21 203 20 205 19 206 17 209 14 213 10 217 6 222 1 8581
12604 6 218 10 213 13 211 15 209 19 204 26 199 28 196 31 193 33 191 34 190 36 188 38 186 39 185 39 185 40 184 41 183 41 184 41 183 42 182 42 182 44 180 45 179 54 170 55 169 56 168 56 168 57 167 57 167 58 166 58 165 59 164 61 162 62 160 65 154 71 149 76 146 79 144 81 142 84 140 85 139 87 137 88 137 88 137 88 140 8 4 74 152 72 155 71 161 64 161 64 161 64 160 65 159 66 158 67 157 67 156 69 154 71 150 74 148 77 146 78 146 79 145 79 145 80 144 14 6 60 145 12 9 59 146 9 13 57 148 4 22 50 177 48 177 47 178 46 179 46 178 46 178 45 179 45 179 45 178 46 178 45 21 5 152 46 15 14 147 48 13 18 143 50 13 22 138 50 15 23 135 26 4 22 15 23 133 25 7 21 16 23 132 24 8 21 17 23 131 22 11 20 18 23 130 20 13 20 20 21 130 18 15 20 22 19 131 15 18 19 24 17 131 14 20 18 34 7 133 3 1 6 22 18 206 17 209 16 209 14 212 13 211 13 212 12 212 12 212 12 212 12 212 12 212 12 212 12 212 13 211 13 211 13 211 13 211 13 211 13 212 12 212 11 213 11 214 10 214 9 217 6 12397
12881 1 216 16 204 24 195 33 188 37 185 41 182 43 179 46 176 49 173 53 169 55 167 59 163 62 160 65 157 67 155 70 153 71 152 73 149 75 148 77 146 78 145 80 143 81 142 83 140 84 139 86 137 88 135 90 134 90 133 93 131 93 131 94 130 95 130 95 129 95 129 96 128 97 128 96 129 95 129 96 128 96 129 96 128 96 129 96 129 95 130 95 129 95 130 94 131 94 131 93 131 93 132 92 133 92 133 91 133 91 134 90 135 90 134 90 134 90 134 90 134 90 134 90 135 89 136 89 135 89 136 89 135 89 136 88 136 88 136 89 135 89 136 88 136 89 135 89 134 90 134 90 134 91 133 91 133 91 132 93 130 94 130 95 128 96 127 97 127 97 127 97 127 97 127 97 115 2 9 98 112 10 4 98 111 11 5 97 109 13 5 97 109 13 5 97 108 15 3 98 108 116 108 116 108 116 107 117 107 117 106 118 105 119 105 119 105 119 105 119 105 119 105 119 105 119 105 119 105 120 104 120 104 120 104 121 103 122 102 123 102 122 103 122 102 122 103 121 104 25 1 94 106 20 6 93 107 15 9 93 131 93 132 92 132 92 132 92 132 92 132 35 3 54 132 34 4 54 132 33 6 52 133 33 6 51 135 31 7 50 136 30 8 30 9 10 137 30 9 28 16 2 140 28 10 27 159 27 12 26 161 24 13 25 163 22 15 24 166 17 18 22 170 11 22 20 205 19 207 15 211 12 216 5 5457
8995 15 208 20 203 26 196 31 185 43 179 53 170 57 166 60 163 63 161 64 159 67 157 68 80 9 67 70 73 21 60 71 69 26 58 72 66 30 56 73 63 33 55 75 59 37 53 75 58 40 51 76 55 43 50 77 53 45 49 78 51 47 48 78 50 49 47 78 50 49 47 79 48 51 46 79 47 53 45 79 47 53 45 79 46 55 44 79 46 55 44 79 46 55 44 79 45 57 44 79 44 57 45 78 44 57 46 77 43 59 45 78 41 60 46 78 39 61 46 78 38 62 47 79 33 65 47 80 27 71 46 82 22 74 46 83 15 80 46 178 46 178 46 178 46 178 46 178 46 178 46 178 47 177 47 176 49 175 49 175 51 174 51 173 52 172 53 171 53 172 53 172 53 171 54 171 53 171 54 171 53 171 54 171 53 171 53 171 54 171 54 170 54 170 54 170 55 170 55 169 55 169 56 168 56 168 57 168 56 168 56 168 56 168 56 168 56 168 56 167 57 167 58 166 58 166 58 166 58 165 60 164 60 164 60 163 61 163 61 163 61 162 63 161 63 160 64 160 64 160 65 158 66 158 67 157 68 155 70 154 71 152 73 151 73 151 74 150 75 149 76 148 76 147 78 146 79 145 79 145 79 145 80 144 80 143 81 143 81 143 81 142 83 141 83 141 83 141 83 141 83 140 84 140 84 140 84 68 11 61 84 62 18 60 84 55 25 60 84 53 28 59 84 53 28 59 84 52 30 58 84 26 1 25 30 59 83 26 2 24 30 59 83 25 4 23 31 32 1 25 83 25 4 23 31 32 2 25 82 24 5 23 31 32 3 24 82 24 6 22 31 32 4 23 81 25 6 22 32 31 4 24 80 24 7 23 31 31 5 23 80 24 7 23 31 31 5 23 80 24 8 22 31 31 5 23 79 25 8 22 32 31 4 24 78 24 9 22 32 31 4 24 78 24 9 22 33 30 4 24 77 25 9 21 34 31 3 24 77 25 9 21 35 31 2 25 75 26 9 21 35 31 1 26 75 25 10 21 35 58 74 26 10 21 36 57 73 27 10 20 37 56 73 27 11 19 38 56 73 27 12 17 39 56 72 27 15 12 42 55 73 26 70 54 74 25 71 53 76 22 73 51 79 18 76 49 82 14 79 36 5 4 88 8 82 35 189 33 190 33 191 32 191 32 191 32 192 31 192 30 194 28 195 26 197 25 198 24 200 23 201 22 202 20 204 19 207 15 212 11 216 5 1867
20497 8 212 16 205 21 202 23 199 27 195 30 192 33 190 34 189 36 187 37 186 38 185 40 184 40 183 41 183 41 182 42 182 42 181 44 175 48 174 50 172 52 172 52 171 53 170 54 169 55 169 55 168 56 168 56 167 57 167 56 168 56 168 56 167 57 167 57 167 56 168 56 167 57 167 57 167 57 166 57 167 57 166 58 166 58 165 59 165 59 164 60 163 61 163 61 163 61 162 62 162 62 162 62 162 62 162 63 160 64 160 64 160 64 160 64 160 65 159 65 159 65 159 65 159 65 159 65 159 65 158 66 158 66 158 66 158 66 158 66 159 65 159 64 160 64 160 64 160 64 160 63 161 63 161 62 161 63 161 62 162 62 162 61 163 61 163 60 164 59 165 59 165 58 166 57 167 57 167 56 168 55 169 55 170 54 170 54 170 53 171 53 171 53 170 53 171 53 171 53 171 53 171 53 171 53 172 12 3 17 3 17 178 3 29 13 213 11 215 8 5930
11028 9 213 15 208 18 205 22 202 24 199 26 198 26 198 27 198 26 198 27 197 27 197 27 197 28 75 3 118 28 73 7 116 28 72 10 115 28 71 12 113 28 70 14 112 28 70 15 111 29 68 17 111 28 68 18 110 29 67 18 110 29 67 19 109 30 65 20 110 29 64 21 110 30 63 21 111 30 49 1 11 23 110 31 46 6 7 24 111 32 43 38 111 34 40 39 111 36 37 40 112 37 34 40 113 39 20 52 113 43 10 58 113 110 114 110 114 110 114 110 114 109 115 109 115 108 117 107 117 107 117 107 118 105 119 105 120 104 120 104 121 103 122 102 124 100 125 99 125 99 126 98 126 98 126 97 127 97 127 97 127 97 127 97 127 96 128 96 128 96 129 94 130 94 130 94 130 93 131 93 131 93 131 92 131 92 132 92 132 91 133 91 132 92 132 92 131 92 132 92 131 93 131 93 130 94 129 95 129 95 128 96 128 96 127 97 126 99 125 99 124 101 123 101 122 102 122 102 121 103 121 104 120 104 119 105 119 105 118 106 118 106 118 106 117 107 116 109 114 110 114 110 113 111 113 111 113 111 113 112 112 112 111 113 112 112 112 112 112 112 112 112 112 112 113 111 113 112 112 112 113 111 113 112 112 112 112 112 112 112 112 112 113 111 113 111 113 111 113 112 113 110 114 111 113 110 114 110 114 110 114 110 114 110 113 110 114 109 115 109 114 109 115 108 115 108 116 108 116 107 116 108 116 107 116 108 116 107 117 36 9 62 117 34 23 49 117 34 26 47 118 33 27 45 119 32 29 44 119 31 31 42 121 29 32 41 123 27 33 41 125 25 33 40 129 20 35 39 136 11 38 39 185 38 186 37 187 37 187 37 186 37 187 37 187 37 186 37 187 38 186 38 186 38 186 38 186 38 187 37 187 36 188 36 189 34 190 33 84
1259 4 219 8 214 11 212 13 175 3 32 14 173 7 29 16 172 9 26 17 171 12 23 19 169 14 21 20 169 17 15 24 168 19 8 29 167 57 167 58 166 58 165 59 165 60 164 60 164 60 164 61 163 61 163 61 163 62 162 62 162 63 161 64 160 65 159 65 159 67 157 67 157 68 155 70 154 71 153 72 152 73 151 73 151 74 150 74 150 75 149 76 147 77 147 78 146 78 146 79 145 79 144 80 144 81 143 81 142 82 142 82 142 82 141 83 141 84 140 84 140 84 140 84 139 85 139 85 139 86 138 86 138 87 136 88 136 89 135 89 135 89 135 90 133 91 133 91 133 92 131 93 131 94 130 95 129 95 128 97 127 97 127 98 125 99 125 99 124 101 122 102 122 102 121 103 120 104 120 104 119 104 119 105 118 106 117 107 116 107 116 108 116 108 115 109 114 109 115 109 114 110 114 110 113 110 114 110 113 111 113 111 112 112 112 112 111 113 110 114 110 114 109 115 109 115 108 116 108 116 107 117 107 117 106 118 106 118 105 119 104 120 104 120 103 121 102 122 102 122 101 123 100 123 100 124 99 125 98 126 97 126 97 127 96 128 94 130 93 130 93 131 92 132 91 132 91 133 90 133 91 133 90 134 89 134 90 134 89 134 90 134 89 135 89 135 88 135 89 135 89 135 88 136 88 135 88 136 88 136 88 136 87 136 88 136 88 136 88 135 88 136 89 135 89 135 89 135 88 136 88 136 88 136 88 136 88 136 88 136 88 136 87 137 87 137 87 137 87 137 87 137 86 138 86 138 86 138 85 139 85 139 85 139 84 141 83 141 83 141 82 142 82 143 81 144 79 145 79 147 76 150 74 152 72 154 70 156 68 117 7 34 66 116 9 35 64 115 11 34 64 114 13 34 63 114 13 34 64 113 13 35 64 112 14 34 64 113 13 34 66 112 13 33 67 111 13 33 68 111 13 31 71 110 14 29 75 107 17 24 80 104 19 20 94 47 7 37 25 8 105 38 14 35 145 1 1 1 4 15 23 34 191 33 193 31 194 30 195 29 197 27 198 26 201 22 205 17 212 10 1428
6623 11 210 18 203 22 199 28 193 32 189 36 163 8 12 42 159 66 153 71 150 74 147 78 143 81 142 82 141 83 141 83 140 84 139 85 139 85 139 85 140 84 140 84 140 84 140 84 141 84 140 84 140 84 141 83 142 82 142 81 144 79 145 77 147 75 150 72 152 70 154 70 155 68 156 68 156 68 156 68 155 69 155 68 152 72 150 74 148 76 146 78 144 79 144 80 141 83 140 83 139 85 138 86 137 86 137 87 136 88 135 89 134 89 135 89 134 90 133 91 133 91 132 92 132 92 131 93 131 93 131 93 130 93 131 93 131 93 131 93 131 93 131 93 131 94 130 94 130 95 129 96 128 97 127 97 127 98 126 98 126 99 125 100 124 100 124 101 124 101 123 102 122 103 122 102 122 103 121 103 121 104 120 105 119 107 117 108 117 108 116 109 115 110 114 110 115 110 114 110 114 111 113 111 114 111 113 111 113 113 111 114 7 16 87 115 3 26 80 146 79 147 77 149 75 114 1 36 73 114 2 36 72 113 4 37 70 113 5 37 69 113 5 38 69 111 8 37 68 111 9 37 68 109 12 36 67 109 15 33 68 108 18 30 69 107 22 25 70 106 26 22 71 106 35 11 72 106 39 5 75 106 119 105 120 105 120 104 121 104 120 105 120 104 121 104 121 103 122 103 123 101 124 101 126 99 131 93 133 92 132 93 132 93 132 92 132 93 131 93 132 93 131 94 130 94 130 95 129 95 130 95 129 23 2 71 128 19 7 70 128 16 10 71 127 15 12 71 126 13 15 71 129 7 17 73 152 73 152 74 152 74 152 73 155 72 154 72 156 69 160 64 162 61 164 59 166 57 168 56 169 54 170 27 6 20 172 24 13 14 173 23 202 21 204 19 205 18 207 16 209 13 213 9 4105
4155 1 221 4 219 6 218 6 218 6 217 7 217 8 61 14 141 8 58 21 136 9 55 27 133 9 54 31 130 9 51 40 124 9 50 43 122 10 47 47 120 10 46 50 118 10 44 52 118 10 43 53 117 12 41 54 117 12 40 55 117 12 39 56 117 12 38 57 117 13 36 58 117 13 35 59 117 13 34 60 117 14 32 61 117 14 32 61 117 14 31 62 117 14 30 63 117 15 28 64 116 16 27 65 116 16 26 66 116 16 25 67 116 16 24 68 116 17 21 70 116 17 20 71 116 17 18 73 116 17 17 74 115 18 16 75 115 19 14 76 115 19 14 76 115 19 12 78 114 21 11 78 114 21 10 79 114 21 9 80 113 22 7 82 113 22 6 83 113 23 4 84 112 25 2 85 112 112 111 113 111 113 110 114 109 115 108 116 107 117 106 118 104 120 102 122 101 123 100 124 99 125 98 126 97 127 96 128 96 128 95 129 94 130 94 130 93 131 92 132 92 132 68 13 8 135 65 159 64 160 63 161 61 163 60 164 58 166 57 167 55 169 54 170 53 171 52 172 51 173 50 174 49 175 48 176 47 177 47 177 46 178 45 179 45 179 44 180 44 180 43 181 43 181 43 181 42 182 42 182 41 183 41 183 40 184 40 184 38 186 37 187 36 188 35 189 34 190 33 191 32 192 32 192 31 193 31 193 30 194 30 194 29 195 29 195 29 195 29 195 28 196 28 196 28 196 28 196 27 197 27 197 27 197 27 197 27 197 27 197 27 197 27 197 28 196 28 196 28 196 29 195 29 195 30 194 30 194 31 193 31 193 32 192 32 192 32 192 33 191 33 191 33 191 33 191 34 190 34 190 34 190 35 189 35 189 36 188 36 188 37 187 38 186 39 185 40 184 41 183 43 181 45 179 53 171 58 166 64 160 66 158 68 156 70 154 71 153 72 152 72 152 72 152 72 152 73 151 72 152 72 152 72 152 72 152 72 152 72 152 71 153 71 153 71 153 71 153 70 154 70 154 70 154 70 154 70 154 69 155 69 155 69 155 69 155 69 155 69 155 69 155 68 156 68 156 68 156 67 157 67 157 67 157 66 158 66 158 66 158 66 158 67 157 67 157
2788 7 215 11 212 13 210 15 208 18 206 18 206 19 205 20 203 21 203 22 166 6 30 22 166 8 28 23 164 11 26 23 164 13 23 24 164 15 21 25 163 16 19 26 164 17 15 28 164 18 8 34 164 60 164 60 165 60 164 60 165 59 165 59 165 60 165 59 165 59 165 59 166 59 165 59 166 58 166 58 167 57 167 57 168 56 169 55 169 56 168 56 169 55 169 55 169 55 170 54 170 54 170 54 170 54 170 55 169 55 169 55 169 55 169 55 170 54 170 54 170 55 169 55 169 55 169 55 169 56 167 57 167 58 167 57 167 58 166 59 166 58 166 59 167 57 168 57 171 53 172 53 172 53 172 52 173 52 172 52 172 53 171 53 171 54 170 54 171 53 171 53 171 54 170 54 170 54 170 55 168 56 168 56 168 57 167 58 166 59 165 60 164 61 163 62 162 63 161 64 160 65 160 65 159 66 158 66 158 67 157 68 156 69 155 69 156 69 155 70 154 70 155 70 154 70 154 71 153 71 153 72 152 72 153 72 152 72 152 73 151 73 151 74 150 74 150 75 149 75 149 76 149 76 148 76 148 77 147 78 146 78 146 79 145 80 145 80 144 80 144 81 143 81 143 82 143 81 143 82 142 82 142 83 142 82 142 83 141 83 141 84 141 84 140 84 140 85 139 86 138 86 139 86 138 87 137 87 137 88 137 87 137 87 137 88 136 88 136 89 136 88 136 88 136 89 135 89 135 90 134 91 134 90 134 91 133 92 132 92 132 93 131 94 130 94 129 96 128 97 127 98 126 99 124 101 122 103 120 105 118 108 107 119 103 123 100 126 99 127 97 128 98 129 99 126 100 127 99 127 99 126 100 126 102 123 104 121 105 119 107 118 109 115 120 65 4 36 120 60 11 33 121 58 12 33 122 57 12 33 122 56 14 32 123 56 13 33 123 54 14 33 123 55 13 32 125 54 13 32 126 53 13 32 127 51 14 32 131 46 16 31 140 35 18 31 148 15 31 29 196 28 199 24 202 22 209 15 212 11 217 5 679
5850 11 211 16 207 19 204 22 149 11 41 25 142 18 39 25 140 20 39 27 136 23 37 28 134 26 36 29 131 28 36 30 129 29 36 31 126 31 36 31 125 33 36 31 123 34 36 32 121 35 36 33 118 37 36 34 116 38 36 35 114 39 37 36 111 40 37 37 108 41 38 38 106 42 38 39 104 43 38 41 101 44 38 42 99 45 39 42 97 46 39 44 94 47 39 44 93 48 39 46 90 49 39 47 88 50 39 49 84 52 40 50 81 53 40 52 78 54 40 54 22 25 27 56 40 56 17 33 20 58 40 57 13 43 10 61 41 62 1 119 42 182 42 182 42 182 42 182 43 180 44 180 44 180 44 180 45 178 46 178 46 178 47 176 48 176 48 176 48 175 50 174 50 174 51 172 52 172 53 171 53 170 54 170 54 170 54 170 55 168 56 168 56 168 56 168 56 167 57 167 57 167 57 167 58 165 59 165 59 165 59 165 59 164 60 164 61 163 61 163 61 162 62 162 62 162 63 161 63 161 63 161 63 161 62 162 62 162 62 163 61 163 61 163 60 164 60 164 60 164 60 164 60 164 60 164 59 165 59 165 59 165 59 165 59 165 59 165 59 165 58 166 58 166 58 165 58 166 31 3 23 167 30 10 1 183 29 195 28 196 28 196 28 196 28 196 28 196 28 196 28 195 29 195 29 195 29 195 29 195 29 195 29 195 29 195 29 195 29 195 29 195 29 195 29 195 29 195 29 195 29 195 29 195 29 195 29 195 29 196 28 196 28 196 28 196 28 196 28 196 28 196 28 197 27 197 27 197 27 198 26 198 26 199 25 199 25 200 24 200 24 201 23 201 23 202 22 202 22 203 21 203 21 203 21 204 20 204 20 204 20 204 20 205 19 205 19 205 19 206 18 206 18 206 18 207 17 207 17 207 17 208 16 208 16 209 15 209 15 210 14 210 14 211 13 211 13 212 12 212 12 212 12 212 12 212 12 213 11 213 11 213 11 213 11 213 11 213 11 213 11 213 11 213 11 213 11 213 11 213 11 212 12 212 12 211 14 209 15 208 15
6624 8 213 14 207 19 202 23 198 28 194 31 190 35 185 40 180 45 172 53 157 68 152 74 146 79 143 82 139 86 135 90 131 94 128 97 125 100 123 102 120 105 117 109 114 111 110 116 104 120 102 124 98 126 97 129 94 130 92 134 90 134 88 138 85 140 83 142 81 144 79 146 77 148 76 149 74 151 72 153 71 153 70 156 67 157 66 159 64 161 62 163 61 163 60 165 58 167 57 168 55 169 54 172 52 172 51 174 49 175 49 176 47 177 46 179 45 179 44 180 43 182 41 183 41 183 40 184 39 184 39 185 39 185 38 185 39 185 38 185 39 184 39 183 40 183 41 181 42 181 43 181 43 180 43 181 43 180 44 180 44 180 43 181 43 180 44 180 44 180 44 180 44 179 45 179 45 179 45 179 45 179 45 179 46 178 46 177 47 177 47 177 47 176 48 176 48 175 49 174 51 172 52 171 53 170 54 170 54 169 55 169 56 168 56 168 56 168 56 168 56 168 56 168 56 168 56 168 56 168 56 168 56 168 56 168 56 168 56 168 56 167 58 166 58 165 59 165 59 163 61 163 62 160 64 159 65 158 66 157 68 155 69 153 71 153 71 152 72 150 74 149 76 148 76 147 77 146 78 145 79 144 80 143 82 139 85 137 87 136 89 132 92 130 95 127 97 125 99 123 101 116 109 112 112 111 114 109 116 106 118 105 120 103 122 101 124 99 126 98 126 98 127 97 128 96 129 95 130 94 132 92 132 92 134 90 136 87 139 85 141 83 145 79 146 78 147 77 147 77 148 75 149 75 149 75 150 74 150 74 151 73 152 71 154 69 156 68 157 67 158 66 159 64 161 63 162 62 163 60 165 59 166 57 171 52 175 49 177 46 115
19809 18 204 22 201 25 198 27 196 29 194 31 192 33 190 35 189 36 187 38 185 41 183 41 182 44 180 44 179 46 178 47 177 48 176 49 175 50 174 51 173 52 172 53 170 55 169 56 168 58 166 59 165 60 164 62 161 64 160 65 159 66 157 68 156 69 155 70 154 71 153 71 153 72 152 72 153 72 152 72 153 72 152 72 153 72 159 65 163 62 163 61 163 61 164 60 165 60 165 59 167 57 169 55 170 54 170 54 171 53 171 53 171 53 171 53 171 53 171 53 171 53 171 53 171 53 171 52 172 52 172 52 172 52 172 52 172 52 172 52 172 52 172 52 172 52 172 52 172 53 171 53 171 53 171 53 172 52 172 52 172 52 172 52 173 52 172 52 173 51 173 51 174 50 174 50 175 49 175 49 176 47 177 47 177 47 178 46 178 46 178 20 3 22 179 18 7 20 179 17 9 19 180 16 10 18 180 16 10 18 180 15 12 17 180 15 12 17 181 14 13 16 181 14 13 16 181 14 13 16 181 14 14 15 181 14 14 15 181 14 14 15 181 14 14 16 180 14 14 15 182 13 15 15 181 13 15 15 181 13 15 15 181 13 15 15 181 13 16 14 181 13 16 14 182 12 16 14 182 12 16 14 183 12 16 13 183 12 16 13 183 12 16 13 183 12 16 13 184 11 16 14 182 12 16 14 183 11 17 13 183 12 16 13 183 12 16 13 183 12 16 13 183 12 16 14 182 11 18 13 182 11 18 13 182 11 18 13 182 11 18 13 182 11 19 12 182 10 21 11 183 9 21 10 64
72 7 216 10 213 12 211 14 173 4 33 15 170 8 30 16 170 9 29 17 168 11 27 18 168 12 26 19 167 13 25 19 167 14 24 20 166 14 24 20 166 15 22 22 166 15 21 22 166 16 20 23 165 16 20 23 166 16 19 23 166 17 18 24 165 18 17 24 166 18 15 25 166 19 14 26 165 20 13 26 166 21 10 27 166 22 9 28 166 22 7 29 166 23 6 29 166 59 166 58 166 58 166 59 165 59 166 58 166 58 166 58 166 58 167 58 166 58 166 58 166 58 166 58 166 58 166 59 165 59 165 59 165 59 165 59 165 58 166 58 165 59 164 61 163 61 162 62 162 62 161 64 160 65 159 66 158 67 157 68 155 70 154 73 151 75 149 80 144 84 140 87 137 90 135 91 133 93 131 95 129 97 127 99 125 102 122 111 113 119 105 122 102 125 100 125 99 127 97 128 96 130 95 129 96 130 94 131 94 131 94 130 97 129 97 16 7 104 99 10 12 104 121 104 121 103 121 104 121 104 120 104 121 104 120 105 119 105 120 105 119 106 118 106 118 107 118 107 117 107 117 108 116 109 115 109 115 110 115 110 114 110 114 111 114 111 113 111 113 112 113 111 113 112 113 111 113 111 114 111 113 111 114 110 114 111 114 110 114 111 114 110 115 109 115 109 116 109 115 109 116 108 116 108 117 107 117 107 118 106 118 106 119 105 119 105 119 105 120 104 120 104 120 104 120 105 120 104 120 104 120 104 120 105 119 105 119 105 120 104 120 104 120 105 119 105 119 105 119 105 119 105 120 104 120 105 119 105 119 105 119 105 119 105 119 106 119 105 119 105 119 105 119 106 118 106 118 106 118 107 116 108 116 108 116 108 116 108 116 108 117 107 117 37 5 65 117 36 8 62 118 35 10 61 117 36 10 61 117 35 12 60 117 35 12 60 117 35 13 59 116 36 13 59 116 36 13 59 115 37 13 59 114 38 13 59 114 38 13 59 114 38 13 59 113 40 11 59 114 40 11 59 114 41 10 59 114 41 9 60 114 42 8 59 115 43 5 61 115 44 3 62 115 109 116 107 117 107 118 106 120 103 122 102 124 100 126 97 129 95 131 93 132 91 133 91 135 89 136 88 137 86 139 85 142 82 143 80 145 79 146 78 147 77 148 75 149 75 150 74 151 72 153 70 155 68 156 45 11 11 159 41 18 3 163 36 188 33 192 31 71
8649 9 212 15 206 21 200 26 196 31 191 41 182 45 178 48 175 50 173 52 171 54 169 55 168 57 166 58 148 8 9 60 145 11 7 62 143 15 2 65 142 83 140 85 139 86 137 87 137 88 136 88 136 89 135 89 135 89 135 90 134 90 134 91 133 93 130 96 128 101 122 113 111 117 106 120 103 123 100 125 98 127 96 130 93 132 91 134 89 136 87 138 84 141 81 144 79 145 78 147 75 150 73 151 72 152 72 152 72 152 72 152 72 152 72 152 72 152 73 151 74 149 75 149 76 147 77 145 79 144 80 143 80 143 81 142 82 142 81 143 81 143 81 143 80 144 80 144 80 144 80 145 79 145 79 145 79 145 79 145 79 145 79 144 80 144 79 145 79 144 79 145 79 144 80 144 80 144 79 144 80 144 80 143 81 142 81 142 82 140 83 139 84 140 83 140 83 140 84 140 83 141 83 141 82 142 82 142 81 144 80 144 79 145 79 146 77 147 77 147 76 148 76 149 75 149 75 149 74 150 74 151 73 151 73 151 73 152 72 152 72 153 71 153 70 155 69 155 69 155 69 155 69 156 68 156 68 156 69 155 69 156 68 157 67 157 67 158 66 158 66 159 66 158 66 158 66 158 66 159 65 159 65 160 64 160 64 160 65 160 65 160 64 160 65 159 66 159 66 158 67 158 67 157 68 157 68 156 69 155 71 153 72 153 73 151 75 149 77 147 79 145 81 143 82 142 83 141 84 140 85 139 85 139 86 138 86 138 87 137 88 136 89 135 89 135 90 134 91 133 92 132 93 131 94 130 94 130 95 129 95 129 96 128 96 128 96 128 96 128 96 128 96 128 97 127 97 127
68 8 64 6 144 12 53 16 141 15 51 18 138 19 49 19 135 22 47 20 134 24 46 20 133 27 44 21 130 30 43 21 130 32 41 21 129 35 39 21 128 39 36 20 129 40 35 20 128 43 34 8 3 7 127 46 33 6 7 5 126 48 34 1 11 4 125 49 47 2 125 51 171 54 168 57 165 59 162 63 160 64 159 66 157 68 156 69 155 69 154 72 152 73 151 75 149 76 148 77 147 78 147 78 146 78 146 78 146 78 146 79 145 78 146 79 145 79 145 78 146 78 146 78 146 77 148 76 148 75 149 74 150 74 150 73 151 73 151 73 151 72 152 73 151 73 151 73 151 73 151 74 150 74 150 75 149 75 149 77 147 78 146 79 145 82 47 2 93 84 44 6 90 86 41 8 89 89 37 10 88 97 28 11 88 99 25 13 87 105 18 14 87 109 12 17 86 138 86 138 86 138 87 138 86 138 86 139 85 139 85 139 86 138 87 138 87 137 88 137 88 136 90 135 91 134 92 133 92 133 92 133 92 133 91 133 92 133 92 132 92 133 92 132 92 132 92 133 92 132 92 133 91 133 91 133 91 134 90 134 90 134 90 135 89 135 89 135 89 135 89 135 89 136 88 136 88 136 88 137 87 137 87 137 87 137 87 137 87 137 87 137 87 137 87 137 87 137 87 137 87 138 86 138 86 138 87 136 88 136 88 136 89 135 89 135 89 134 90 134 90 134 90 134 90 134 90 134 90 134 91 69 3 61 91 68 5 60 91 67 7 59 91 67 7 59 91 66 8 60 90 31 1 34 8 59 91 30 4 32 8 60 90 30 5 30 10 58 92 28 7 29 10 59 91 28 7 29 10 59 91 28 7 28 11 59 91 28 8 27 12 58 91 28 8 27 12 58 91 28 8 27 12 58 91 28 9 26 12 58 92 27 9 26 13 57 92 28 8 26 13 57 93 27 8 25 14 57 94 26 9 24 15 56 94 26 9 24 15 56 95 25 9 24 16 55 95 25 9 24 16 55 95 25 9 24 17 54 96 24 9 24 17 26 3 25 96 24 9 24 17 26 4 24 96 24 9 24 18 25 4 24 97 23 9 24 18 25 5 24 96 23 9 24 19 24 5 24 96 23 10 24 18 24 6 23 96 23 10 24 19 23 6 23 97 22 10 23 21 22 6 23 97 22 10 23 21 22 7 22 97 22 10 23 22 21 7 23 96 23 9 23 22 21 8 22 97 22 9 23 23 20 8 22 97 22 9 23 23 19 9 23 96 22 9 23 23 19 10 22 96 23 8 23 23 19 10 22 97 22 8 23 24 18 10 23 96 22 8 23 24 18 10 23 96 22 8 23 24 18 10 23 96 22 8 23 24 18 11 22 96 21 9 23 24 18 11 23 95 21 9 23 24 18 11 23 95 21 9 23 23 18 12 23 95 21 9 23 23 18 12 23 96 20 9 23 23 18 12 23 96 20 9 23 23 18 12 23 96 20 9 23 23 18 12 23 96 20 9 23 23 17 14 22 96 20 8 24 22 18 14 22 96 20 8 24 22 18 14 22 96 20 8 24 22 17 15 23 95 20 8 24 22 17 15 23 95 20 8 24 22 17 15 24 94 20 7 25 21 18 15 24 94 20 7 24 22 17 16 25 93 20 7 24 22 17 16 26 91 21 7 24 23 15 17 27 90 21 7 24 23 14 18 28 89 21 6 25 23 14 18 28 89 21 6 25 25 11 19 29 88 21 6 25 28 6 21 29 88 22 4 26 56 28 87 23 4 26 56 28 87 23 3 27 56 28 86 54 56 28 85 55 56 28 84 56 56 28 83 57 56 28 82 58 57 27 81 58 58 27 81 58 58 26 81 59 58 25 82 59 61 21 82 59 64 17 84 59 165 59 165 59 165 59 165 59 165 59 165 59 166 20 2 35 168 16 7 33 169 14 10 31 106
1408 8 208 19 201 26 197 29 193 33 190 35 188 38 184 42 181 44 180 46 178 48 175 50 174 51 173 52 171 55 168 57 166 60 162 64 158 68 154 72 151 77 145 81 141 84 138 87 135 89 133 91 132 92 131 93 130 95 128 96 127 97 126 98 126 99 124 100 124 101 122 102 122 102 121 103 121 103 120 104 119 105 119 105 118 107 117 107 116 109 115 109 114 110 114 111 113 111 112 112 112 112 112 113 110 114 110 114 110 114 110 114 110 114 110 115 110 114 110 114 110 114 111 114 111 114 110 115 110 119 105 121 104 122 102 124 100 127 98 127 97 130 94 133 91 135 89 137 87 140 84 141 83 143 81 144 80 146 79 146 78 147 77 148 76 150 75 150 74 152 72 153 72 155 69 156 68 158 14 7 46 159 8 12 46 181 43 183 42 185 40 186 39 189 36 190 35 190 34 191 34 191 33 191 34 190 35 189 35 189 36 188 37 187 37 187 38 186 38 186 39 186 38 186 39 185 39 185 40 185 39 185 39 186 39 185 39 186 39 186 38 186 38 187 38 187 37 188 37 187 37 188 37 187 37 187 38 186 39 185 39 185 40 184 40 184 40 184 41 183 41 183 42 182 42 182 43 181 44 180 44 180 45 179 46 178 46 178 47 177 47 177 48 176 48 176 48 176 49 175 50 174 50 174 51 172 52 171 53 170 54 170 54 161 63 159 66 157 67 156 68 155 69 154 70 154 70 153 71 153 71 152 72 151 73 150 74 150 74 89 4 56 76 36 4 46 7 54 77 34 7 44 9 53 78 31 11 41 11 51 79 30 12 41 12 49 80 29 14 39 14 47 82 28 14 39 15 45 83 27 15 39 16 43 84 26 16 39 16 42 86 25 15 39 18 40 87 24 16 39 19 38 89 22 17 39 19 36 91 21 18 38 24 30 94 19 18 39 27 24 98 17 19 39 30 18 102 14 20 39 32 12 107 13 21 39 152 10 22 40 153 8 23 40 154 4 25 40 156 1 27 40 183 40 184 40 184 39 185 39 185 38 186 37 187 37 187 36 188 36 188 35 188 36 188 35 189 34 190 34 190 33 191 33 191 32 192 32 191 32 192 32 192 31 193 31 193 31 193 30 194 30 193 30 195 28 196 27 198 25 199 24 110
16475 1 1 3 213 16 206 21 201 25 198 27 196 30 193 32 191 35 188 37 186 39 184 41 182 43 180 44 178 47 176 49 173 51 170 54 168 57 165 59 164 61 163 61 162 63 160 64 159 66 158 66 158 66 157 68 156 68 156 68 156 69 155 69 155 69 155 70 155 69 155 69 156 68 156 68 157 67 157 67 158 66 159 65 159 65 160 64 160 63 136 1 24 63 134 4 23 63 133 6 22 62 132 8 22 62 130 11 20 62 129 13 19 62 129 14 18 63 127 16 18 62 127 16 19 62 126 17 18 63 125 18 19 62 124 19 19 61 124 19 20 61 124 19 20 60 124 19 21 60 124 18 23 58 125 18 23 58 126 15 25 57 128 12 28 56 131 6 31 56 168 56 169 54 170 30 1 23 171 27 5 20 172 27 6 18 173 26 7 9 182 25 8 9 182 25 9 9 181 24 10 10 180 23 11 10 180 22 12 11 179 21 14 11 178 20 16 12 176 20 17 13 174 19 19 18 168 19 20 19 166 19 20 19 166 19 21 19 164 20 21 20 163 20 21 20 163 19 22 21 162 19 22 21 162 19 21 23 161 19 20 23 162 18 21 23 162 18 20 24 161 18 21 23 162 18 20 23 163 17 20 23 164 17 20 22 164 18 19 22 165 17 20 21 166 17 19 21 167 16 20 21 167 16 20 20 167 16 20 21 167 16 20 20 168 15 20 20 169 15 20 20 168 15 20 20 169 15 20 20 169 14 20 20 169 15 20 19 170 15 20 19 170 14 20 19 170 15 20 19 170 14 21 18 170 15 20 18 171 15 20 18 170 15 20 18 171 15 20 17 171 16 20 17 171 16 19 17 171 16 19 17 172 16 19 17 171 17 19 16 171 18 19 16 171 18 19 16 170 18 20 16 170 18 19 16 171 18 20 15 170 19 20 15 170 19 20 14 171 18 21 13 172 18 21 12 173 18 22 10 175 16 24 7 177 16 208 15 210 13 212 11 217 1 1 1 3495
3731 4 216 11 209 17 203 23 197 30 190 36 184 42 181 44 178 48 176 48 174 52 172 53 169 57 163 62 159 67 153 72 148 78 141 85 137 89 134 91 109 1 21 94 105 11 10 99 98 127 93 132 89 136 86 138 85 140 82 143 79 146 77 147 75 150 73 151 72 153 70 154 68 157 66 158 65 159 63 162 62 162 61 163 60 164 59 165 58 166 57 167 57 168 55 169 55 169 55 169 54 169 54 170 54 170 54 170 53 171 53 171 53 170 54 170 53 171 53 171 53 170 54 170 54 169 55 169 55 169 55 168 56 168 56 167 57 167 57 166 58 166 58 165 59 165 59 164 60 164 60 164 60 164 60 163 62 162 61 162 62 162 62 161 63 161 63 161 63 161 63 160 64 160 63 161 63 161 63 161 62 161 63 161 63 160 63 160 64 159 65 157 67 156 68 155 69 153 70 153 71 152 72 151 73 150 74 149 75 149 75 148 76 148 76 148 76 148 76 148 76 147 77 147 77 147 76 148 76 148 76 148 75 149 74 150 73 34 7 110 72 34 10 108 70 35 11 108 69 34 13 108 68 35 13 108 67 35 14 108 65 36 14 109 64 37 13 110 61 39 13 112 60 38 13 113 59 39 12 114 59 38 12 115 59 38 11 116 59 38 10 117 60 36 11 117 60 36 11 117 60 35 11 118 61 34 11 118 61 33 12 118 61 33 11 119 62 31 12 118 63 30 12 119 63 29 13 119 63 28 14 119 63 27 14 120 63 26 15 120 63 26 14 121 63 25 15 121 63 25 14 122 62 25 15 122 63 24 15 122 62 25 14 46 12 65 63 22 16 44 21 1 1 9 3 43 64 21 17 42 27 4 7 42 64 19 19 41 40 40 66 17 20 40 41 39 68 12 24 38 43 38 71 8 26 37 44 38 104 38 44 37 105 37 44 38 105 36 45 38 105 35 45 38 106 34 46 38 106 33 47 37 107 33 46 38 107 32 47 37 107 33 47 37 107 33 47 37 107 32 47 37 107 33 47 37 107 33 47 37 106 34 47 37 104 36 47 37 103 36 48 37 102 37 48 36 103 37 48 35 103 37 49 34 103 38 49 34 103 37 51 32 104 36 52 30 106 35 54 24 111 34 56 21 112 35 57 18 114 35 58 13 118 34 61 9 120 34 63 6 121 33 190 34 190 33 191 33 191 32 192 32 193 29 194 29 196 27 197 26 198 25 200 23 201 21 204 19 208 14 212 9 2415
932 4 217 9 214 12 211 13 210 15 209 16 207 17 207 18 206 18 26 6 173 20 23 8 173 21 19 12 172 22 8 21 173 52 172 51 173 51 173 50 174 50 174 49 175 49 175 48 175 49 175 48 176 48 175 48 176 48 175 49 175 49 174 50 174 49 174 50 174 50 174 50 173 51 173 51 173 50 173 51 173 51 173 51 173 51 173 51 172 51 173 51 173 51 173 51 173 52 172 52 173 52 171 53 172 54 169 56 168 58 166 60 164 64 160 66 158 68 156 70 154 73 151 75 149 76 148 78 145 81 143 83 141 85 139 87 137 89 135 90 134 92 132 93 131 94 130 95 129 96 128 97 127 98 126 99 125 100 124 100 125 100 124 101 123 102 122 102 122 103 122 102 122 103 121 103 122 103 121 103 121 104 121 103 121 103 121 104 121 103 121 104 121 103 122 102 122 103 122 102 123 102 122 102 123 101 123 102 123 101 123 101 124 100 125 100 124 100 124 100 125 99 125 100 124 100 125 99 125 100 125 99 125 99 126 98 126 99 125 99 126 98 126 99 125 99 125 99 125 99 125 100 124 100 125 99 125 100 124 100 124 100 124 100 125 100 123 101 124 100 123 101 123 101 123 101 123 102 122 102 122 102 122 102 122 102 122 102 123 101 123 101 123 101 122 102 122 102 122 102 122 102 122 102 122 102 121 103 121 103 120 104 119 104 119 105 118 106 118 106 116 108 115 109 115 109 114 109 115 109 114 110 114 110 113 111 113 111 112 112 112 113 111 31 2 80 111 31 2 80 111 30 3 81 110 30 3 82 109 30 3 83 108 29 3 86 107 28 3 88 106 26 5 89 104 25 6 91 104 22 8 93 102 19 11 94 103 12 17 95 131 94 132 95 132 94 135 91 139 86 142 85 145 80 152 73 177 48 180 46 180 44 182 44 182 42 185 41 185 40 186 40 186 39 187 38 188 37 189 36 189 36 190 35 191 34 191 35 190 35 191 35 190 37 189 37 188 37 189 37 189 36 190 35 190 34 191 34 191 33 192 32 193 31 194 30 195 29 195 29 196 28 19
7055 3 216 12 200 26 195 31 191 34 189 36 188 37 186 38 186 39 184 40 183 42 181 43 181 44 178 46 172 52 171 53 170 54 170 54 170 54 170 55 169 55 168 56 167 57 167 58 165 59 164 60 164 60 163 61 162 63 160 64 159 65 157 68 155 69 147 78 145 80 143 81 143 82 141 83 140 85 139 85 138 87 137 88 136 88 135 89 135 90 134 90 134 90 134 91 132 92 132 92 132 92 131 94 129 95 128 96 127 97 126 98 125 99 124 100 123 101 123 101 123 101 123 101 122 102 123 101 123 101 123 101 123 101 123 101 123 101 123 101 123 101 123 101 123 101 123 101 123 100 125 99 125 99 125 99 126 98 126 98 126 98 127 4 9 83 143 81 144 80 144 79 146 78 146 78 147 77 147 77 148 75 149 75 149 74 150 74 150 73 152 72 152 72 153 70 155 69 156 68 156 67 157 67 157 67 157 67 157 67 157 67 158 6 3 57 158 6 4 56 158 5 6 55 158 4 8 55 158 3 9 53 159 2 10 53 172 52 172 52 172 52 173 51 173 51 173 51 173 51 173 51 173 23 3 25 174 21 5 24 174 21 8 21 174 20 11 19 174 20 12 18 174 19 13 18 175 18 14 17 175 18 14 17 175 18 15 17 174 17 16 17 174 17 16 17 174 17 16 17 174 17 17 16 174 17 17 16 174 17 17 17 174 17 16 17 174 17 16 17 174 17 16 17 174 17 17 16 174 17 17 16 174 17 17 16 174 17 17 16 174 17 17 16 174 17 17 17 174 16 17 17 174 16 18 16 174 16 18 16 174 17 17 17 174 16 17 17 174 16 17 17 174 16 17 18 173 16 18 17 173 16 18 18 172 16 18 18 172 17 17 18 172 17 18 18 171 17 18 18 171 17 18 18 171 17 18 18 171 17 18 18 171 18 18 17 171 18 19 16 171 18 20 14 172 18 21 12 173 18 24 8 174 18 205 19 205 19 205 18 207 17 207 16 209 14 211 11 4828
10705 1 222 5 220 4 220 5 219 7 217 9 214 11 213 12 212 13 211 14 210 14 210 14 211 14 211 12 212 13 212 11 213 11 214 10 214 10 214 10 206 2 6 9 39 6 160 8 1 10 38 9 158 19 36 13 121 1 33 19 37 13 119 5 30 20 36 15 117 8 27 21 36 16 115 10 25 21 37 17 114 10 24 21 38 19 111 12 21 18 1 4 38 21 109 12 19 17 46 23 107 13 17 16 48 26 103 16 14 17 48 28 101 18 10 19 48 30 96 50 48 32 92 52 48 36 85 55 48 37 82 56 49 40 76 59 49 42 72 60 50 45 68 61 50 46 65 63 50 49 60 64 51 51 55 67 51 53 48 72 51 54 43 76 51 57 35 81 51 60 29 85 50 72 1 101 50 174 50 174 50 174 50 174 50 174 50 174 50 174 50 174 50 174 50 174 50 174 50 174 50 173 51 173 51 173 51 173 51 173 51 173 51 173 51 173 51 173 51 173 51 173 51 173 51 173 51 173 51 173 51 173 51 173 51 173 51 173 51 173 51 173 51 172 52 172 52 172 52 171 53 171 53 170 54 170 54 169 55 168 56 167 57 167 57 166 58 165 59 164 60 163 61 163 61 162 62 161 63 160 64 159 65 158 66 157 67 133 6 15 70 132 10 9 73 132 92 131 93 130 94 130 94 129 96 127 97 127 98 125 101 122 105 119 107 116 109 115 110 113 112 112 114 110 114 109 116 108 117 106 119 105 120 103 121 103 122 102 123 100 124 100 125 97 128 96 133 91 135 89 138 86 139 84 141 83 143 81 145 79 147 77 149 75 152 71 155 69 158 66 161 63 166 59 168 56 171 54 172 52 174 51 173 51 174 50 174 51 173 51 174 50 174 51 173 51 173 52 173 51 173 51 174 34 3 14 178 28 5 13 183 21 8 12 187 15 10 12 189 10 13 12 212 12 212 12 212 12 212 12 213 10 214 10 214 10 214 10 214 9 216 8 217 6 219 3 1 1 328
3692 13 203 26 194 34 188 38 182 44 177 50 172 54 168 57 164 62 161 65 158 67 156 69 154 72 151 74 149 76 147 78 145 80 143 83 140 85 138 87 136 90 134 90 133 93 131 93 130 96 128 96 127 98 126 98 125 100 123 101 122 103 121 103 120 105 119 105 118 107 116 108 115 109 115 110 114 110 113 111 113 112 112 113 110 114 110 115 109 115 109 115 109 116 108 116 109 115 109 115 109 115 109 115 109 114 111 113 111 113 111 113 112 112 112 112 113 111 113 110 114 110 115 109 115 109 115 109 116 108 116 108 116 109 116 108 116 108 116 108 116 109 115 109 115 109 115 110 114 111 113 111 113 111 112 113 111 114 110 114 110 115 63 6 39 116 61 9 38 117 59 10 37 118 59 11 36 119 57 12 36 119 56 13 36 120 55 14 35 120 55 15 33 121 54 16 33 122 53 17 32 123 52 17 32 123 52 18 31 123 51 19 31 124 50 20 30 124 50 21 29 124 50 22 29 124 48 24 28 124 48 25 27 124 48 25 27 124 48 26 26 125 47 27 25 125 47 28 24 125 47 29 23 124 48 30 22 125 47 32 21 124 47 34 20 123 47 35 19 123 47 36 19 122 47 37 18 122 47 38 18 121 47 40 16 121 47 41 16 121 46 42 15 121 46 44 13 122 45 44 14 121 45 46 12 121 45 46 12 121 45 47 11 122 44 48 10 122 44 50 8 122 44 51 7 122 44 52 5 123 44 54 2 124 44 181 43 181 43 181 43 181 43 181 44 180 44 180 44 180 44 180 45 180 44 180 44 180 44 180 45 179 45 180 44 180 44 181 44 180 44 180 44 181 44 181 43 181 44 181 43 181 44 181 43 181 44 181 44 180 46 179 46 178 47 178 48 176 50 175 51 173 52 172 54 170 55 170 56 168 57 167 58 167 59 165 60 164 62 162 63 161 65 160 65 159 67 157 68 156 69 155 71 153 73 151 74 150 76 148 77 147 78 146 79 144 81 143 81 143 82 142 81 143 81 143 81 142 81 143 81 143 79 145 78 146 77 147 76 148 75 149 74 149 74 150 73 151 72 152 71 153 70 154 69 155 69 155 68 156 67 158 66 158 66 158 66 158 66 157 67 157 24
12244 9 209 24 189 40 181 48 173 54 167 59 162 64 159 66 156 70 152 84 139 89 134 93 130 96 127 99 86 4 34 101 17 4 60 12 29 104 13 9 54 17 26 106 12 13 47 22 23 107 11 18 36 32 18 110 10 21 28 39 15 112 9 25 22 43 10 115 9 30 14 49 1 1 3 117 9 34 4 178 8 216 8 217 7 217 7 218 7 217 7 217 8 217 8 216 9 216 8 216 9 215 10 215 10 215 9 216 9 215 9 215 10 215 9 215 9 215 10 214 10 214 10 214 10 214 10 214 10 214 10 214 10 214 10 214 10 214 10 214 10 214 10 214 9 215 9 215 9 215 9 215 9 215 9 215 9 215 9 215 8 216 8 216 8 216 8 216 8 216 8 216 8 216 8 216 8 216 8 216 8 216 8 216 8 216 8 216 8 216 8 216 8 216 8 216 8 216 8 216 8 216 8 216 8 216 9 215 9 215 9 215 10 214 10 214 10 214 11 213 11 213 12 212 12 211 13 210 15 209 15 208 17 207 17 206 19 205 20 203 21 203 22 201 24 200 25 198 27 196 29 195 29 194 31 193 32 191 34 190 36 187 38 185 40 184 42 181 43 179 48 173 52 170 55 166 59 164 60 159 65 156 68 153 71 151 73 150 73 150 74 149 74 149 74 149 75 148 75 148 76 147 77 146 78 145 79 144 81 142 82 139 86 137 88 133 92 129 96 123 103 119 108 113 127 95 133 87 139 83 142 79 146 77 149 72 152 70 156 66 158 63 163 58 166 56 170 52 173 50 175 45 181 15 6 20 186 9 14 1 2135
5526 3 217 16 202 24 197 28 194 33 189 36 187 39 184 41 182 44 179 46 177 48 176 50 173 53 170 56 166 60 163 62 161 64 158 67 155 70 151 74 142 84 137 87 135 90 133 92 131 94 128 97 127 98 125 101 122 103 120 106 117 108 116 110 113 113 110 116 108 119 104 121 102 124 100 125 98 127 97 127 96 129 94 130 93 132 92 132 91 133 90 135 88 137 86 138 86 139 84 140 83 141 83 142 81 143 80 144 79 145 78 147 76 148 76 148 75 149 75 149 74 150 74 150 73 151 73 151 73 152 72 152 71 153 71 153 70 154 70 154 70 154 70 154 70 153 71 153 71 153 71 153 72 152 72 151 73 151 73 151 74 149 75 149 75 149 75 148 76 148 76 149 75 149 76 148 76 149 75 149 76 148 76 148 77 147 78 146 78 146 79 145 80 144 80 144 81 142 82 143 81 142 83 142 82 142 82 142 83 141 83 141 83 141 83 141 82 142 82 141 82 142 82 141 82 142 82 142 81 143 80 144 79 146 77 146 77 147 76 148 74 150 72 152 71 153 70 154 68 156 67 151 2 4 67 149 74 150 73 150 73 151 71 153 70 155 65 159 62 161 61 163 60 164 58 165 57 167 55 169 54 170 53 171 52 171 53 171 52 172 51 173 50 174 49 175 47 176 47 176 46 177 45 179 42 181 40 184 36 188 32 192 27 196 24 200 23 201 21 203 21 203 20 204 20 204 20 204 20 205 19 206 18 206 18 207 17 207 17 208 16 208 16 208 16 209 15 209 15 209 15 209 15 208 16 208 16 208 16 208 16 208 16 208 16 208 16 208 16 207 17 207 17 207 17 207 17 207 17 207 17 207 17 207 17 207 17 207 17 206 18 206 18 206 19 205 19 205 19 205 20 203 19
1854 1 1 6 209 19 200 32 187 40 181 46 176 50 172 54 168 57 166 60 162 64 159 66 157 68 155 70 152 72 151 74 149 76 146 79 144 81 142 82 141 84 140 86 137 88 135 90 133 92 132 93 130 95 128 96 128 96 127 98 125 100 124 101 122 102 122 103 120 104 120 105 119 106 118 107 117 107 117 108 116 108 116 110 114 110 115 111 113 112 113 113 111 115 110 116 108 118 107 118 106 119 106 119 105 120 105 121 103 121 103 123 101 124 100 125 99 125 99 126 98 127 97 128 96 128 96 129 95 129 95 130 94 130 94 131 93 132 92 134 90 136 87 139 85 141 83 144 80 148 76 153 70 162 62 172 52 177 47 182 42 186 38 188 36 190 34 191 33 192 33 192 32 193 31 194 30 194 30 195 29 195 29 196 28 196 28 196 29 195 29 195 30 194 30 194 30 194 31 194 30 194 30 194 30 195 29 195 30 195 29 196 28 140 3 53 28 135 11 51 28 133 14 49 28 131 20 45 28 130 26 41 27 129 31 37 27 128 34 35 27 126 39 32 27 125 41 31 27 124 44 29 27 122 47 28 27 120 52 24 27 119 56 21 28 108 70 17 29 105 77 11 31 104 120 103 121 102 122 102 122 102 122 101 123 101 123 100 124 100 124 99 125 99 125 98 126 98 126 97 127 95 129 94 130 92 133 89 135 87 137 85 139 82 142 80 145 77 147 75 149 71 154 67 157 64 160 34 10 13 167 34 190 33 192 32 192 32 193 31 193 31 193 32 192 32 192 32 192 32 193 32 192 32 192 32 192 33 191 33 191 33 191 34 190 34 190 34 190 35 188 36 188 36 188 37 187 37 186 38 186 39 184 40 184 40 184 40 183 41 183 41 182 42 182 43 181 42 182 42 182 42 182 42 182 42 182 42 182 42 183 40 184 40 185 38 186 38 187 36 189 34 191 32 193 30 196 26 199 24 202 20 206 16 212 3 3542
1989 6 216 9 214 11 211 13 209 16 207 17 206 18 204 20 202 22 201 23 200 24 198 26 197 27 195 29 194 29 193 31 36 7 148 33 34 13 142 35 33 17 135 39 32 21 112 58 32 26 104 62 32 29 94 69 31 33 68 92 31 36 51 106 31 41 38 114 31 46 17 130 31 193 31 192 32 192 32 192 32 191 33 191 34 190 34 189 35 189 35 189 35 189 35 189 35 189 35 188 36 188 36 188 36 188 37 187 37 186 38 185 39 185 39 185 40 183 41 183 41 183 42 182 42 182 42 182 43 181 43 182 42 182 41 183 41 182 42 182 42 182 42 181 44 181 43 181 43 182 42 182 42 184 42 182 42 184 41 184 41 184 41 185 40 186 38 187 38 188 37 187 37 188 36 188 37 188 36 188 36 188 36 187 37 187 37 187 37 187 37 186 38 185 38 186 38 184 40 184 39 184 40 183 41 183 41 183 40 184 40 184 39 185 39 185 22 4 11 187 21 7 7 189 21 203 20 204 20 205 19 205 19 205 19 206 18 206 18 206 19 205 18 206 19 205 19 206 18 206 17 207 17 208 16 208 15 209 15 209 15 209 15 209 14 211 13 211 13 212 12 212 12 212 12 211 13 210 14 209 15 208 16 208 16 207 18 206 18 205 19 205 20 204 20 204 21 202 22 202 22 202 22 202 22 202 22 201 23 201 23 200 24 199 25 199 25 199 25 198 27 197 27 197 27 196 29 195 30 194 30 194 31 193 32 192 33 191 34 190 34 190 35 190 36 189 36 188 36 189 36 189 35 190 35 190 34 191 33 190 34 191 33 191 32 191 33 191 33 190 33 190 34 190 34 190 34 190 33 191 33 192 32 192 31 194 30 194 30 195 28 197 27 197 26 199 23 202 18 207 16 209 15 210 13 212 12 212 12 213 11 214 10 215 9 215 8 217 7 218 6 219 5 219 5 220 4 220 4 221 3 221 3 222 2 222 1 223 1 223 1 223 1 223 1 222 2 222 2 221 4 219 5 218 6 217 6
79 45 178 48 174 51 170 56 166 60 163 62 161 65 158 67 155 71 152 74 149 77 146 80 143 83 140 85 138 87 136 88 135 90 133 91 133 91 133 92 131 93 130 94 130 94 129 96 127 97 127 97 126 98 126 99 125 99 124 101 123 103 121 104 119 108 116 110 113 113 111 115 108 118 106 118 106 120 104 120 103 122 102 123 101 123 101 123 101 124 100 124 99 125 99 125 99 124 100 122 101 121 103 119 105 117 106 118 106 118 106 118 106 118 106 118 105 119 105 119 105 120 104 120 104 120 103 121 103 121 103 121 103 122 101 123 101 124 100 125 99 126 97 128 96 128 96 129 95 130 94 130 95 130 94 131 93 133 91 134 90 137 86 139 86 140 83 142 83 143 81 143 81 145 79 146 78 147 77 147 77 147 77 148 76 148 76 148 76 149 75 149 75 149 75 148 76 148 76 148 77 147 77 147 77 147 77 146 78 146 79 144 80 143 82 141 84 139 85 137 88 134 90 110 4 18 92 110 9 11 94 109 116 108 116 108 116 108 116 109 115 109 116 108 116 108 116 109 115 109 115 109 116 109 115 109 115 109 115 110 115 109 115 109 115 109 115 110 114 110 114 110 115 109 115 109 115 109 115 109 115 109 115 109 115 108 116 108 116 108 116 107 117 107 116 108 116 107 117 107 116 107 117 106 117 107 117 106 118 105 118 105 119 104 120 103 121 102 122 100 124 99 126 96 128 95 129 94 130 93 132 92 132 90 135 88 136 87 138 86 138 85 139 84 141 82 142 62 4 15 143 60 9 10 145 59 12 7 147 57 167 57 168 57 167 57 168 57 168 57 169 56 170 55 171 54 172 54 171 54 171 54 171 54 171 54 171 54 171 53 171 54 171 54 171 54 171 54 171 53 171 54 171 53 172 53 171 53 171 53 172 53 172 52 172 52 172 52 173 51 174 50 174 50 175 49 176 47 177 47 178 45 180 43 182 41 184 40 185 37 189 34 193 29 202 21 205 18 207 16 210 13 212 11 214 10 215 8 109
20091 7 204 21 199 26 183 41 183 41 182 42 138 16 28 42 133 25 24 42 131 30 21 41 130 35 17 42 128 39 15 42 126 45 10 43 124 52 3 44 122 102 120 104 118 106 117 107 116 108 115 109 114 110 113 111 112 112 112 112 111 113 110 114 110 114 109 115 109 115 108 116 108 116 108 116 107 117 107 116 108 116 107 117 107 116 108 116 107 117 107 117 107 117 107 116 107 117 107 117 107 117 107 117 107 117 107 118 106 118 105 119 105 119 105 119 105 119 104 120 104 120 104 120 104 121 103 121 103 121 103 121 103 122 102 122 102 121 103 14 12 95 104 10 38 71 107 5 58 53 174 43 187 30 15311
3688 6 213 23 198 30 192 34 188 41 181 46 177 50 173 52 171 55 168 57 166 59 164 62 161 64 159 67 155 70 153 72 151 74 149 76 147 78 145 80 143 82 140 85 138 87 135 90 133 93 130 95 128 98 125 100 123 103 121 104 119 107 116 108 116 110 113 111 112 113 111 113 110 115 109 115 108 116 108 116 108 117 106 118 106 118 106 118 106 118 106 118 106 118 106 118 106 118 105 119 105 119 105 119 104 120 104 119 105 119 104 120 104 120 104 120 104 120 103 121 103 121 103 121 102 122 102 122 101 123 101 123 100 124 100 124 100 125 98 126 98 126 98 126 97 128 96 128 95 129 95 130 93 131 93 131 93 131 93 132 93 131 93 131 94 130 94 130 94 129 95 129 96 128 96 128 95 129 95 128 96 128 96 128 96 128 95 129 95 128 95 129 95 129 95 129 95 129 94 130 94 129 95 129 95 129 94 130 93 131 92 132 91 133 91 134 88 136 87 138 85 139 84 141 82 143 81 143 81 144 79 146 78 146 77 147 77 148 75 150 73 151 73 152 71 153 71 154 69 155 69 155 68 157 67 157 67 158 65 159 65 160 63 162 62 162 61 164 60 164 59 165 59 166 58 166 58 166 58 166 58 166 58 166 58 166 58 166 58 166 58 166 58 166 58 166 58 166 58 166 58 166 58 165 59 165 60 164 60 163 61 163 61 163 62 162 62 161 63 161 63 160 65 159 65 159 65 158 66 158 66 158 66 158 66 158 67 157 67 156 68 156 68 156 69 155 69 155 69 155 69 155 70 154 70 154 70 154 70 154 70 154 71 153 71 153 71 152 72 152 72 152 72 152 72 152 72 152 72 152 73 151 73 151 73 151 73 151 73 151 73 151 74 150 74 150 74 151 73 151 73 151 73 151 73 151 72 152 73 151 73 151 74 149 76 147 42
2058 2 220 9 214 12 212 14 209 17 207 19 205 20 203 23 201 24 200 26 199 26 94 2 102 27 87 12 98 28 83 15 98 30 78 19 97 30 76 21 97 32 38 6 28 23 97 32 35 19 16 24 98 34 31 24 10 27 98 36 28 62 98 53 10 62 100 56 4 64 100 124 100 123 101 123 101 122 103 121 103 120 104 120 104 120 105 118 106 118 106 118 106 118 106 118 106 118 106 118 106 118 106 119 105 120 104 121 103 122 102 123 100 125 99 126 97 127 97 128 95 129 94 131 92 133 90 135 88 138 85 141 81 145 78 149 74 152 71 155 68 157 66 159 65 160 63 162 62 163 60 165 59 166 57 168 56 169 55 170 54 170 53 172 52 173 51 173 51 173 51 174 50 174 50 174 50 174 50 175 49 175 49 176 48 177 46 179 45 180 44 181 43 182 42 185 39 186 37 189 35 190 34 191 33 192 32 193 31 193 31 194 30 194 30 195 29 196 28 197 26 198 26 199 25 201 23 202 22 203 21 203 21 204 20 204 21 203 21 204 20 204 20 204 21 203 21 203 21 203 21 203 21 203 21 203 20 204 20 204 19 205 19 205 18 206 17 207 16 208 15 209 14 210 13 211 13 211 12 212 12 212 11 213 11 213 10 214 10 214 10 214 11 213 12 212 12 212 13 211 14 6 6 198 28 196 29 195 30 194 31 193 32 192 33 191 34 190 34 190 35 189 36 188 37 187 37 187 38 186 39 185 41 183 42 182 43 181 44 180 45 179 46 178 47 177 47 177 49 175 49 175 51 173 52 172 54 170 56 168 57 167 58 166 59 165 60 164 61 163 62 162 63 161 64 160 65 159 66 158 68 156 69 155 70 154 70 154 71 153 72 152 73 151 73 151 74 150 75 149 76 148 77 147 78 146 78 146 79 145 80 144 80 144 80 144 79 145 78 146 78 146 79 145 78 146 77 147 76 148 76 148 76 148 76 148 76 148 75 149 75 149 74 150 74 150 74 150 73 151 73 151 74 150 74 150 76 148 77 146 1
25485 6 215 14 209 17 205 22 201 24 199 26 197 28 196 28 195 30 194 30 193 31 193 31 193 31 193 31 192 32 192 32 192 32 192 32 191 32 192 32 191 33 191 33 190 34 189 35 189 35 188 36 187 37 186 38 185 39 184 40 184 40 183 41 182 42 181 43 180 44 179 45 179 45 178 46 177 47 177 47 176 48 176 48 175 49 175 50 173 51 173 51 172 52 172 52 171 54 170 54 169 55 169 55 168 56 168 56 167 57 167 57 166 58 166 58 165 59 164 60 164 60 163 61 162 62 162 62 162 62 161 63 161 63 160 64 160 64 160 65 159 65 159 65 159 65 159 66 158 66 158 66 158 66 158 66 158 66 158 67 157 67 158 66 158 66 159 65 160 64 161 63 164 59 175 3 10 36 191 32 194 29 198 6 14 3 4513
5953 6 216 9 174 18 2 6 13 19 160 33 10 26 153 86 134 91 123 102 121 104 118 107 116 108 115 109 114 110 113 112 111 113 111 113 111 114 110 114 109 115 109 115 109 115 109 116 109 115 109 115 110 114 110 114 110 114 111 113 111 113 111 113 111 112 112 112 112 112 112 112 112 112 112 112 112 111 113 111 113 111 113 111 113 111 113 111 114 110 114 109 115 109 115 109 115 108 116 107 117 107 117 106 119 105 119 104 120 104 121 102 122 102 122 102 122 102 122 101 122 102 122 102 122 101 123 101 123 100 124 99 125 99 125 98 126 98 125 99 125 99 125 99 125 99 125 99 125 99 126 97 127 97 127 96 128 96 128 95 129 95 129 95 129 95 129 95 129 95 129 95 129 95 129 95 130 94 130 94 130 95 129 95 129 95 129 95 129 95 129 95 129 96 128 96 128 96 128 96 128 96 128 96 128 96 128 96 127 98 126 98 126 98 126 99 124 100 124 101 123 101 123 102 122 102 121 104 120 104 120 104 120 104 120 104 120 104 120 104 119 105 119 105 119 106 118 106 118 106 117 107 117 106 118 106 118 106 117 107 117 107 117 107 118 106 118 105 119 105 119 105 119 104 120 104 120 104 120 103 122 102 122 102 122 101 123 101 123 101 124 99 125 99 125 99 126 98 126 97 127 97 128 96 128 96 128 96 128 96 128 95 129 95 129 95 129 94 131 93 131 93 132 92 132 92 132 92 132 92 132 92 132 92 132 92 132 92 132 92 132 91 133 91 133 91 133 91 133 91 133 91 133 91 133 91 133 91 133 91 133 91 133 91 133 91 134 89 136 88 136 88 137 86 139 85 141 82 143 80 145 78 148 74 151 38 11 18 160 31 207 15 213 9 1241
135 12 211 13 211 14 208 16 208 17 206 18 205 19 161 1 42 20 156 11 35 21 156 14 31 23 155 16 28 25 154 18 24 28 153 22 17 32 153 24 11 36 153 71 152 72 152 72 152 72 152 72 152 72 152 72 152 72 152 72 153 71 153 71 153 71 153 71 153 72 152 72 152 73 152 72 152 72 152 73 151 73 152 72 152 72 152 72 153 71 153 71 153 71 153 72 152 72 152 72 152 73 150 74 150 75 148 76 147 77 145 80 142 82 141 83 140 85 137 87 136 88 135 90 134 91 132 92 132 95 128 96 128 96 128 96 128 95 128 91 133 90 134 89 135 88 135 89 135 88 136 88 136 87 137 86 137 86 137 86 138 86 137 86 138 85 138 85 139 84 139 85 139 85 138 86 138 86 137 87 137 87 137 87 136 88 136 88 135 88 136 88 136 88 136 88 136 88 135 89 135 89 135 89 135 89 135 89 135 89 135 89 135 89 135 89 134 90 134 90 134 90 134 90 134 90 134 90 134 90 134 91 133 91 133 91 133 91 133 92 132 92 132 92 132 92 133 92 132 92 132 92 132 92 133 91 133 90 134 90 134 90 135 89 135 89 135 89 136 88 136 88 136 88 137 86 138 86 139 85 139 85 139 85 140 84 140 84 141 83 141 83 141 83 142 82 31 7 104 81 30 10 103 81 28 13 103 80 27 14 103 80 26 16 102 79 27 16 103 78 26 17 103 78 26 16 105 77 25 17 106 76 24 18 106 76 23 19 106 76 23 19 107 75 21 20 108 75 19 22 109 74 17 24 109 74 16 25 109 74 14 27 109 75 11 29 110 75 9 30 110 75 8 30 111 113 111 113 111 112 112 112 112 111 113 110 115 108 116 107 117 106 118 105 119 101 123 85 3 10 126 82 143 79 145 77 147 75 149 71 153 70 154 69 155 68 156 67 157 67 158 66 158 66 158 66 158 66 159 65 159 64 160 65 159 65 159 65 159 65 160 64 160 63 161 63 160 64 161 63 160 64 160 64 160 64 160 63 161 63 161 63 161 64 160 64 160 64 160 64 160 64 160 63 161 29 2 32 161 26 6 31 162 22 10 29 163 20 13 28 164 18 14 27 165 16 16 27 165 14 19 26 167 10 22 24 169 6 25 24 200 24 200 24 201 22 203 21 205 18 207 16 95
20445 7 212 21 197 31 191 37 186 39 183 42 181 44 179 46 177 48 174 51 172 52 171 54 169 56 167 57 167 58 165 59 164 60 164 61 162 62 162 63 161 63 160 65 159 66 158 67 157 67 157 68 155 69 155 69 154 70 154 70 154 70 154 71 153 71 153 71 153 71 153 71 153 71 153 71 153 71 153 70 154 70 154 69 155 68 156 68 156 66 158 61 164 57 167 55 169 55 170 53 171 52 172 52 172 52 174 50 174 50 176 48 177 47 179 45 181 43 182 42 183 41 184 40 184 40 184 41 183 41 182 42 181 44 180 44 179 47 176 50 173 52 172 53 170 55 168 57 167 58 166 59 164 60 164 61 162 62 162 62 162 63 161 63 161 63 160 64 160 64 160 64 159 65 159 66 158 66 157 67 157 67 157 67 157 67 157 67 157 67 156 69 155 69 154 69 155 70 154 69 154 71 153 71 152 72 152 72 152 72 151 72 152 72 152 72 151 74 150 74 150 74 149 75 149 75 149 75 149 76 148 76 148 76 147 77 147 77 147 77 147 77 147 76 148 76 148 76 148 76 148 76 148 76 148 76 148 76 149 74 150 74 150 73 152 72 126
3029 7 216 10 56 12 145 12 54 15 142 15 50 17 142 16 48 18 142 16 47 19 142 17 45 20 141 19 42 22 141 19 42 22 141 20 40 23 141 21 38 23 142 21 37 24 142 22 35 25 142 23 33 26 142 23 33 26 142 24 31 27 142 25 29 28 142 25 28 29 142 26 26 29 143 27 23 31 143 27 21 33 143 29 8 44 143 81 143 81 143 81 143 81 144 79 145 79 145 79 144 79 145 79 145 79 145 79 146 78 146 78 146 78 146 78 146 77 147 77 147 77 147 77 147 76 148 76 147 77 125 16 5 77 119 105 114 109 107 117 105 119 103 120 103 121 101 123 99 125 96 128 94 130 91 133 89 135 87 137 86 139 83 142 81 144 79 146 77 147 76 149 73 152 71 154 69 155 67 158 65 159 64 161 63 161 62 162 61 164 59 165 58 166 57 167 56 168 55 170 54 170 53 171 52 172 52 172 51 173 51 173 51 173 50 173 51 173 50 174 49 175 49 175 48 176 47 177 47 177 46 177 47 177 46 178 46 177 46 178 46 178 45 178 46 177 46 177 47 177 47 176 47 176 47 176 48 176 48 175 48 176 48 175 48 176 47 176 48 176 48 175 48 176 48 175 49 175 49 175 49 174 50 174 50 174 50 174 50 173 50 174 50 175 49 176 48 176 48 188 37 190 34 192 32 193 31 195 29 196 28 197 27 198 26 198 26 199 26 198 26 198 26 198 27 197 27 197 27 198 26 199 25 199 26 199 25 199 25 200 24 200 24 201 24 199 25 199 25 198 26 197 27 197 27 196 28 196 28 195 29 195 29 195 29 194 30 194 30 194 31 192 32 192 32 191 33 190 34 188 36 187 38 162 14 5 1 1 41 161 64 158 66 158 67 155 69 154 71 150 75 147 77 145 80 143 82 140 85 138 87 135 90 132 93 129 95 126 99 123 101 121 105 117 107 115 111 109 116 102 123 97 129 93 136 85 141 67 159 61 164 58 168 51 174 42 183 35 189 33 193 28 198 1 1 1 17 1 1943
11335 3 220 6 218 7 216 8 216 9 215 10 213 12 212 14 210 16 3 5 200 25 132 6 60 27 129 9 59 28 125 12 59 29 122 14 59 30 119 16 59 33 114 17 60 35 111 17 61 45 100 16 63 47 97 14 66 48 95 14 67 49 93 13 68 51 91 14 68 51 91 13 69 52 89 13 70 53 88 12 71 54 86 13 71 55 85 12 71 57 84 11 72 57 83 12 72 58 82 12 71 60 81 12 71 61 80 11 71 63 79 11 70 65 78 11 70 65 78 11 69 68 76 11 68 69 76 12 66 71 74 13 65 72 74 13 64 74 73 13 64 74 73 14 62 75 73 15 61 76 72 17 58 77 72 24 50 78 72 32 41 79 72 36 36 81 71 45 26 82 70 49 22 83 70 53 15 86 70 55 10 89 69 156 68 156 67 156 67 157 67 157 66 157 66 157 67 156 67 155 68 154 70 153 70 152 72 151 72 151 73 123 1 26 73 122 4 25 73 122 6 22 74 121 8 20 74 122 9 18 75 122 10 16 75 123 12 13 76 123 13 10 77 123 17 3 81 123 100 124 100 124 99 125 99 124 99 125 98 126 97 127 97 127 96 128 96 127 96 128 95 129 95 129 94 129 95 129 95 129 94 129 95 129 95 129 95 129 94 130 94 130 94 130 94 130 94 130 94 130 94 131 93 131 93 131 94 130 94 130 94 130 94 130 95 129 95 129 96 127 97 127 97 126 99 125 99 124 101 30 7 85 102 28 12 82 103 24 18 78 105 21 21 76 109 15 27 72 112 9 33 69 159 64 161 61 164 58 167 56 169 55 170 53 173 51 175 48 178 46 180 44 187 38 190 34 193 8 5 19 207 17 208 17 208 17 208 17 208 16 208 17 208 18 207 18 206 19 207 19 205 21 205 22 202 24 201 26 199 27 198 28 196 29 197 28 197 28 197 26 199 25 201 21 205 17 4098
139 24 199 26 198 26 196 29 195 29 194 30 193 30 193 31 149 10 33 31 149 16 26 33 148 20 21 34 148 24 16 36 147 30 5 42 147 77 146 77 146 78 145 79 145 79 144 80 144 79 144 80 144 80 144 80 144 80 144 80 144 80 144 80 144 80 144 80 144 79 145 79 145 79 145 79 145 79 145 78 146 78 146 78 146 78 146 78 145 79 145 79 145 79 145 79 145 79 145 79 144 80 144 80 144 81 142 82 141 83 141 83 140 84 139 85 139 86 137 87 137 87 137 87 136 88 136 89 135 89 135 89 135 89 135 89 135 90 134 90 134 90 134 90 134 91 132 93 131 93 131 94 130 95 129 96 127 97 127 98 126 99 125 100 124 101 122 103 121 104 120 105 118 106 118 106 118 107 117 107 117 107 117 107 116 108 116 109 115 109 115 109 115 110 113 111 113 111 113 112 111 113 111 114 110 114 109 116 108 116 108 117 107 117 107 117 107 117 107 118 105 119 105 119 105 119 105 119 105 119 105 119 105 119 105 119 105 119 105 119 105 119 105 119 106 118 106 118 106 118 106 117 107 117 106 117 107 116 108 107 2 6 109 107 4 3 109 108 116 107 116 108 116 108 116 108 115 108 116 108 116 108 116 108 116 108 116 109 114 110 114 110 114 111 113 111 113 111 113 113 111 113 111 114 110 114 110 115 109 115 108 117 107 117 107 118 106 118 106 119 105 119 104 121 103 121 103 122 102 122 102 123 100 124 100 125 99 126 98 126 98 127 97 127 96 128 96 129 95 129 95 129 95 129 95 130 94 130 94 130 94 131 93 131 93 131 94 131 93 131 93 132 92 132 92 132 93 131 93 132 92 132 92 133 92 132 92 132 92 133 91 133 91 133 92 133 91 133 91 133 91 133 91 134 90 134 90 134 90 134 90 135 89 135 89 135 89 135 89 135 89 135 89 136 88 136 88 136 88 137 88 136 88 136 88 137 87 137 87 138 86 138 86 138 86 139 85 140 84 140 84 140 84 141 83 141 83 140 85 139 85 138 25
16486 21 196 32 188 38 181 45 178 47 176 50 172 52 170 55 155 70 150 74 146 78 142 82 139 86 135 89 133 91 130 94 129 94 128 97 126 97 126 99 124 100 123 100 124 101 122 102 121 102 122 102 121 103 121 103 120 104 119 104 120 104 119 104 120 104 120 104 119 104 120 104 120 103 121 103 120 104 120 104 120 104 120 104 120 104 120 103 121 103 121 103 121 103 121 103 121 103 121 103 121 103 121 103 121 103 121 103 121 102 122 102 122 101 124 100 124 100 124 100 125 99 125 99 126 98 126 98 126 98 127 97 127 97 128 96 129 94 130 94 130 94 131 21 3 69 131 21 4 68 131 20 6 67 131 20 7 66 131 20 7 66 131 20 7 66 131 20 8 65 131 20 8 64 132 20 8 64 132 20 8 64 132 20 8 64 132 19 9 64 132 19 9 64 133 18 9 63 134 18 9 63 134 18 9 63 134 18 9 63 134 18 9 62 136 17 9 31 4 27 136 16 10 30 8 24 136 16 10 28 12 22 137 15 10 26 15 21 137 15 10 24 17 21 137 15 11 22 18 20 138 15 11 22 19 19 139 13 12 21 20 19 139 13 12 21 20 19 139 13 12 21 20 19 139 13 13 20 20 19 139 13 13 20 20 19 140 12 14 19 20 19 140 11 15 20 19 19 140 11 16 19 19 18 141 12 15 19 19 18 141 12 16 19 18 18 141 12 16 19 18 18 141 12 17 18 18 17 142 12 17 19 17 17 142 13 16 19 17 17 142 13 17 19 16 16 143 13 17 20 15 16 143 13 17 20 15 16 144 13 17 21 13 15 145 13 17 21 13 15 145 13 17 22 12 14 146 13 18 22 11 14 146 13 19 21 11 14 146 13 20 20 11 14 146 14 21 19 9 14 148 13 22 18 9 14 148 13 22 19 8 14 148 14 22 18 8 14 149 13 23 18 7 14 149 13 24 17 7 13 151 12 24 18 6 13 151 12 25 17 6 13 152 12 25 17 4 14 152 12 25 18 3 14 152 12 26 33 154 12 25 33 154 12 26 32 154 12 26 31 155 13 25 31 155 13 26 30 155 14 25 30 155 14 26 29 155 15 25 29 155 15 26 28 155 16 25 28 155 16 26 26 156 17 25 27 156 15 27 25 157 15 29 23 157 14 32 21 158 13 35 18 159 10 39 16 211 13 212 11 214 10 214 9 80
2366 8 214 11 210 17 206 20 203 22 201 24 198 26 198 27 196 28 195 29 194 30 193 31 192 32 191 32 191 32 191 32 191 31 192 31 192 31 192 32 191 31 193 30 193 29 194 29 194 28 196 27 196 28 195 28 195 29 195 29 194 30 194 31 192 32 191 33 191 34 189 35 188 36 187 38 185 39 183 42 176 48 164 3 5 53 158 67 155 70 153 73 151 74 149 77 147 78 145 80 144 80 144 81 143 82 141 85 139 87 137 89 134 92 132 93 130 96 126 100 121 104 117 109 113 112 109 116 106 120 103 122 100 125 96 130 92 132 91 134 89 136 86 138 84 141 80 144 76 148 72 152 71 153 70 154 69 155 67 157 66 158 63 162 57 167 55 169 55 169 54 171 54 170 53 172 52 172 52 172 52 172 52 173 51 174 50 175 49 176 48 177 47 178 46 179 45 180 44 182 42 183 41 184 40 186 38 188 36 190 34 192 32 193 31 194 30 196 28 197 27 198 26 200 24 202 22 204 20 207 17 209 15 210 14 211 13 212 12 213 11 214 10 215 9 215 9 216 8 216 8 216 8 216 8 215 9 214 10 214 10 214 10 213 11 213 11 212 12 211 13 210 14 209 15 208 16 207 17 206 18 206 18 205 19 204 20 204 20 203 21 202 22 202 22 201 23 200 24 115 8 77 24 114 12 72 26 112 21 64 27 112 24 60 28 109 30 55 30 107 34 51 32 104 40 45 35 102 46 36 40 98 70 13 43 96 128 95 129 94 130 93 131 92 132 89 135 88 136 86 138 85 139 83 141 82 142 81 143 80 144 80 144 79 145 79 145 79 145 79 145 78 146 79 145 78 146 79 145 79 145 79 145 79 145 79 145 80 144 80 144 80 144 80 144 80 144 79 145 79 145 78 146 76 148 74 150 72 152 67 157 65 159 63 161 61 163 60 164 58 166 57 167 56 168 53 171 50 174 50 174 49 175 49 175 48 176 48 176 48 176 47 177 46 178 46 179 43 180
800 7 213 16 208 18 202 26 196 31 191 36 185 40 181 45 175 49 172 53 169 56 165 60 156 69 152 73 148 76 144 81 140 84 138 87 136 89 133 92 132 92 131 95 128 96 127 98 125 99 124 101 122 102 121 104 119 105 118 107 117 107 116 108 116 108 116 109 115 109 115 110 114 110 114 110 114 110 114 111 113 111 114 110 114 110 114 111 113 111 113 111 113 111 113 112 111 113 110 115 109 115 108 116 107 117 105 119 104 120 103 122 101 123 100 125 98 126 98 127 96 128 95 130 94 131 92 133 91 133 90 134 89 136 87 137 85 140 83 141 82 143 80 145 78 146 78 146 77 148 76 148 76 148 75 150 74 150 73 151 73 151 72 153 71 152 71 153 71 153 70 153 71 153 71 153 71 153 71 153 71 154 69 155 69 154 69 155 69 154 69 154 70 154 69 154 69 155 69 155 68 157 67 157 67 157 66 158 66 159 65 159 64 160 64 160 64 161 63 161 63 161 63 161 63 161 64 161 63 161 63 161 64 160 64 160 64 160 65 159 65 159 66 159 65 159 65 160 65 159 66 158 67 157 68 156 70 155 71 153 72 152 74 151 73 151 74 150 75 150 75 150 75 149 77 147 78 147 79 145 79 145 81 143 82 142 84 140 85 139 87 136 88 136 90 134 92 131 96 127 99 125 100 124 100 124 101 122 102 122 103 120 104 120 105 118 106 118 107 117 107 116 109 115 110 114 110 114 111 113 111 113 111 113 112 112 112 112 112 112 112 112 113 111 113 110 115 109 115 108 117 107 117 106 119 104 120 104 120 103 122 101 124 99 125 98 127 96 129 94 130 94 131 92 133 43 5 42 134 39 19 32 135 35 24 29 136 35 26 26 138 33 28 24 139 32 31 20 142 31 39 10 144 30 194 29 195 27 197 26 199 23 201 20 206 14 4598
13124 22 197 31 185 42 179 47 175 52 170 55 167 58 165 60 163 62 161 63 159 65 158 67 155 69 153 71 152 72 150 74 148 76 146 78 145 79 143 81 141 83 140 84 138 86 137 87 136 88 134 90 132 92 130 94 128 96 125 99 122 102 120 104 118 106 117 107 115 109 114 110 113 111 112 112 110 114 109 115 108 116 107 118 105 120 103 124 98 130 93 134 89 137 86 139 83 142 81 143 80 144 80 144 79 145 79 144 80 143 81 128 8 5 83 124 100 122 102 121 103 120 104 120 103 120 104 120 104 119 105 118 105 119 105 118 106 117 107 116 108 115 109 113 111 112 112 109 115 106 118 104 120 102 122 99 125 93 131 88 136 85 139 83 141 82 142 81 143 80 144 80 144 79 145 79 146 78 146 78 146 78 147 78 146 78 148 77 148 76 149 76 149 75 150 75 150 74 152 73 151 73 153 73 152 72 156 68 158 67 158 66 159 65 161 64 161 63 162 62 163 62 163 62 163 61 165 60 165 60 166 59 166 59 167 57 168 57 170 55 171 53 172 53 174 51 176 48 178 47 179 45 180 45 181 43 182 43 183 41 185 39 187 37 189 34 194 25 205 15 7261
13620 7 214 11 210 15 207 17 205 20 203 21 202 22 201 24 199 25 140 7 52 25 138 11 49 26 136 15 46 27 135 17 45 28 134 18 43 29 133 20 41 30 133 21 40 30 134 22 37 31 134 23 36 31 134 24 34 32 135 24 32 33 136 25 29 35 135 26 26 37 136 26 23 39 136 27 19 42 137 28 12 47 137 87 138 86 139 85 139 85 139 85 139 85 140 84 140 84 140 84 141 82 142 82 142 82 143 81 143 80 144 80 145 78 146 78 146 77 147 77 147 76 148 76 148 75 150 74 151 72 152 72 153 71 154 70 155 69 155 68 157 67 157 67 158 66 158 66 158 66 158 66 158 66 158 66 158 66 158 66 158 66 158 66 158 66 159 65 159 65 159 65 159 65 159 65 160 64 160 63 161 63 161 63 161 63 161 63 161 63 161 63 161 63 161 63 161 63 161 63 161 63 161 63 161 63 161 63 161 63 162 62 162 63 161 63 161 63 162 62 162 62 162 63 160 64 160 64 160 65 158 66 157 67 156 68 155 70 154 70 153 71 152 73 150 74 149 75 149 76 147 77 146 79 145 79 98 5 41 80 97 9 37 82 95 13 33 83 94 16 31 84 91 20 28 86 86 25 27 86 84 28 25 88 84 28 24 88 85 28 22 90 84 29 21 90 84 30 19 92 83 31 18 92 84 31 16 93 84 32 15 94 84 32 13 95 84 34 10 96 84 38 5 97 84 140 85 139 86 138 86 138 87 137 88 136 89 135 90 134 91 133 92 132 93 131 94 130 95 129 96 128 97 126 100 124 101 123 103 121 105 119 106 117 109 115 110 114 112 112 114 109 116 108 117 107 118 105 120 104 121 103 122 101 123 101 124 100 125 98 127 97 128 95 33
13 15 207 18 206 19 205 20 204 21 204 21 203 22 203 22 202 23 202 22 202 23 202 23 201 25 199 25 200 26 198 27 197 29 109 10 77 30 105 13 76 32 101 16 75 33 97 20 74 35 93 22 74 36 89 25 75 38 84 28 74 40 80 30 74 43 75 32 74 46 70 34 74 52 62 35 75 58 54 37 75 66 44 39 75 73 35 41 75 83 22 43 76 88 12 48 76 147 77 147 77 146 78 146 77 146 78 146 77 146 78 145 79 145 78 145 79 145 79 144 80 143 81 142 81 142 83 140 84 139 85 138 86 137 87 136 88 135 89 134 90 133 90 134 90 133 91 132 92 132 91 132 92 132 92 131 93 130 94 130 93 130 94 130 94 130 93 131 93 131 93 132 92 132 92 133 91 133 91 133 91 133 91 133 91 133 90 135 89 135 89 135 89 135 89 135 89 136 88 136 88 137 87 137 87 138 86 138 86 139 85 139 85 139 85 139 86 139 85 139 86 137 87 137 88 136 89 135 89 135 90 134 90 134 90 133 91 133 91 133 91 133 91 133 91 133 91 133 91 134 90 135 89 138 86 142 82 145 79 149 75 152 72 155 69 158 66 160 64 162 62 163 61 165 59 166 58 168 56 169 55 170 54 171 53 172 53 172 52 173 51 173 52 173 51 174 50 175 49 175 49 176 48 177 47 178 46 178 45 180 44 181 43 183 41 184 40 185 39 185 39 186 38 186 38 187 37 187 37 188 36 188 36 188 36 188 36 189 36 188 36 188 36 188 36 189 35 189 35 189 35 189 35 190 34 190 34 190 34 191 33 191 33 192 33 191 33 192 32 193 32 192 32 193 31 193 31 193 31 193 31 194 30 194 30 194 31 193 31 193 31 194 31 193 31 193 31 193 31 193 32 192 32 192 32 192 32 192 33 192 32 192 32 192 32 192 32 192 33 191 33 192 32 192 32 192 32 192 32 193 31 193 32 192 33 191 34 190 36 188 37 187 38 186 39 186 38 186 39 185 40 184 40 184 41 183 41 184 40 184 41 183 41 183 41 183 41 183 42 182 42 182 42 182 43 181 43 180 44 180 6
51 10 57 15 142 12 54 17 140 14 52 18 139 17 49 19 139 19 45 22 138 20 42 23 138 22 40 24 138 24 36 26 138 26 31 29 138 27 27 32 138 29 19 37 139 32 5 48 139 85 139 84 140 84 140 84 140 83 141 83 141 82 142 82 143 81 143 80 145 79 145 79 145 78 146 78 146 78 146 78 146 78 147 77 147 77 147 77 147 77 147 77 147 77 147 77 147 77 147 78 146 79 145 79 146 79 145 80 144 81 143 81 143 82 142 83 141 84 140 86 138 87 137 88 136 89 135 90 135 90 134 91 133 91 133 92 132 93 131 93 131 94 130 94 131 94 129 95 130 95 129 95 129 96 128 96 128 97 126 98 126 99 125 99 125 100 124 100 125 100 123 101 123 102 122 102 122 103 120 104 120 105 119 105 119 106 117 107 117 108 116 108 116 108 115 110 114 110 114 110 114 111 113 111 113 112 112 112 112 112 112 112 112 113 111 113 112 113 110 114 110 115 109 115 109 116 108 116 108 117 108 116 108 117 107 117 107 117 107 118 107 117 107 117 107 118 106 118 106 118 106 119 106 118 106 118 106 119 105 119 106 118 106 118 106 118 106 118 107 118 106 118 107 117 107 117 107 117 108 117 108 116 108 116 108 116 109 115 109 115 110 115 109 115 110 114 110 115 110 114 111 114 110 114 111 114 111 113 112 113 112 112 113 112 112 112 113 111 114 111 114 110 115 109 116 109 115 109 116 108 116 108 117 107 118 106 118 106 118 106 119 105 120 104 120 104 120 104 121 103 121 103 122 103 121 103 122 103 121 103 122 102 122 103 122 102 122 102 123 101 123 101 123 101 123 101 124 99 125 99 126 97 127 96 129 95 129 94 131 93 131 92 132 91 133 91 133 90 134 88 136 87 137 86 138 85 139 84 140 83 140 84 140 83 140 83 141 82 141 83 141 82 142 81 143 81 143 80 144 79 145 79 145 78 146 77 147 76 148 75 149 75 150 73 151 72 152 71 154 68 157 66 159 63 163 60 177 46 179 44 181 42 183 41 184 39 186 37 187 36 189 34 80
324 12 210 16 206 21 200 26 196 29 193 34 189 40 182 55 166 64 159 69 153 74 148 79 144 81 142 84 138 87 136 89 133 92 131 95 127 98 124 101 122 103 120 105 118 107 116 109 114 111 112 113 110 114 109 116 107 118 105 120 102 122 101 124 98 127 96 129 94 131 91 135 88 137 86 139 84 141 83 142 81 144 79 146 78 146 77 148 76 149 74 151 73 152 71 153 71 154 69 156 67 158 66 159 64 161 62 162 61 164 59 165 58 166 57 167 55 170 53 171 53 171 52 172 51 173 50 174 50 174 50 174 49 176 48 175 48 177 46 178 46 178 44 180 43 181 42 182 41 183 39 185 39 185 38 187 36 188 35 190 34 190 33 192 31 194 30 195 28 197 27 198 25 199 25 200 24 200 24 200 24 200 24 200 24 200 24 200 24 200 24 201 23 201 22 202 22 202 22 202 21 204 20 204 20 204 20 204 19 205 20 204 20 204 20 205 20 203 21 203 22 202 22 202 23 201 23 201 23 201 24 200 24 200 25 199 26 198 27 197 28 196 29 194 31 193 32 192 33 191 34 190 34 190 35 189 36 187 38 186 38 186 39 185 39 185 39 184 41 183 41 183 41 183 41 183 41 182 42 182 42 182 42 182 42 182 42 182 42 182 42 182 42 182 42 183 40 184 40 184 40 184 40 185 38 186 38 186 38 186 37 187 37 187 37 187 36 188 36 188 36 188 36 188 36 188 36 188 36 188 36 188 36 188 36 188 36 188 36 188 36 188 36 188 36 188 36 188 35 189 35 189 35 189 35 189 35 189 35 189 34 190 34 190 34 190 34 191 33 191 32 192 32 192 32 193 30 194 30 194 29 196 27 197 27 198 25 199 24 201 23 201 22 203 21 204 19 205 18 207 16 208 16 209 14 210 13 212 11 213 11 214 9 215 8 217 7 217 5 220 4 220 3 222 2 223 1 2016 1 222 1
5437 12 210 20 201 28 195 32 189 40 182 47 175 56 166 62 160 69 152 75 148 79 144 81 141 85 138 88 136 89 133 93 130 96 127 98 125 101 122 103 120 106 118 107 116 110 113 112 111 114 110 116 107 118 106 119 104 122 102 123 100 126 98 129 6 13 75 154 70 157 66 161 63 164 60 168 56 170 54 173 50 175 49 178 46 180 44 182 42 184 40 186 39 187 37 189 35 192 33 194 30 196 28 198 26 198 27 198 26 198 27 198 26 198 26 199 26 198 26 198 27 142 7 48 28 139 11 46 28 137 16 42 30 135 19 40 30 133 24 37 30 132 27 34 31 130 30 32 32 128 34 30 32 127 36 28 32 125 42 24 33 123 49 19 32 122 54 14 34 121 61 4 37 120 103 121 103 90 4 26 103 89 7 25 102 88 11 22 103 87 12 21 103 87 14 20 103 87 14 19 104 86 15 19 103 87 15 19 103 87 15 19 103 87 15 19 103 87 15 19 103 87 15 19 103 88 14 19 102 89 14 19 101 90 14 19 101 90 14 19 102 89 14 19 103 88 14 19 103 1 1 86 13 20 105 86 13 20 105 86 13 20 105 86 13 19 106 86 14 18 105 87 14 18 104 88 15 16 105 88 16 14 105 89 17 11 106 90 19 7 107 90 133 91 132 92 131 93 130 93 130 94 130 94 131 92 132 92 132 91 133 90 134 89 135 89 135 88 136 87 137 86 137 86 138 84 140 82 142 81 142 81 143 80 144 79 145 78 146 77 147 76 148 75 149 74 150 73 151 72 152 70 155 68 156 66 159 47 1 15 163 43 8 3 171 41 184 40 185 39 187 38 187 37 189 36 189 35 191 34 191 34 192 33 192 32 194 31 194 30 195 30 194 30 196 29 195 29 197 28 197 28 88 6 102 28 86 10 101 28 84 11 102 28 83 12 101 28 83 12 102 29 82 12 101 30 82 11 103 29 82 10 103 30 82 9 104 30 83 6 105 30 84 3 108 30 194 30 195 30 194 30 194 31 193 31 194 30 194 30 194 30 195 29 195 29 195 29 196 27 197 26 199 24 201 22 203 20 206 15 3738
648 4 217 9 214 11 211 14 210 14 209 15 208 17 206 18 159 6 41 18 157 11 37 19 156 15 33 20 155 17 32 20 155 19 29 21 155 20 28 22 153 23 25 23 153 24 22 25 153 25 20 25 154 27 13 30 154 30 3 37 154 70 154 70 155 69 155 69 155 69 155 69 155 68 156 68 156 68 157 67 157 67 157 66 159 65 159 65 159 65 160 64 160 64 161 63 161 64 160 64 35 18 108 63 34 33 94 63 32 39 91 62 30 43 89 63 27 47 87 63 25 52 85 62 24 54 84 62 23 57 82 62 22 59 82 61 21 62 80 61 20 65 78 60 20 68 76 60 20 69 76 59 19 26 8 37 23 4 48 59 19 24 13 36 19 8 46 59 19 22 17 35 16 11 46 58 18 22 20 35 12 14 45 58 17 22 23 37 5 17 45 57 18 22 25 57 46 56 18 21 28 55 46 56 18 21 30 53 47 54 18 21 32 53 46 54 19 20 33 52 46 53 19 21 35 52 44 53 19 21 37 52 41 53 20 21 39 58 33 53 20 21 41 60 28 53 21 21 44 65 19 54 21 21 45 71 10 56 21 22 45 136 21 22 46 135 21 22 46 135 21 22 45 136 21 23 43 137 21 23 42 138 21 24 40 139 22 23 37 143 21 24 33 146 22 24 30 148 22 25 26 151 22 26 24 152 23 26 21 154 23 27 18 156 23 29 14 158 23 31 10 160 24 33 5 163 23 200 24 201 24 200 25 199 25 199 26 198 26 199 26 198 26 198 27 198 27 197 27 197 28 196 29 195 29 195 30 194 31 193 32 193 32 192 33 191 34 190 36 188 37 187 39 185 40 184 41 183 41 183 41 183 41 183 41 183 41 183 42 182 42 182 42 181 43 181 43 180 44 180 45 178 46 178 46 177 47 177 47 176 48 176 48 175 49 175 49 174 51 172 52 172 52 171 53 170 54 169 56 167 57 166 58 165 59 164 61 162 62 161 63 160 65 158 66 88 18 51 68 82 26 48 68 79 31 45 70 76 34 44 70 73 39 42 71 70 43 39 72 69 45 38 73 67 47 37 73 67 48 36 73 66 49 36 74 65 50 35 74 64 51 35 74 64 52 34 74 63 53 34 74 63 54 34 73 63 54 34 72 63 55 34 72 63 56 34 70 64 56 34 70 63 58 34 68 64 58 35 67 64 59 34 67 64 60 33 66 65 60 34 65 65 61 33 64 66 62 32 64 66 63 32 63 66 63 32 62 67 64 32 61 68 64 31 60 69 65 30 60 69 66 30 59 38 3 29 66 29 59 36 7 28 66 28 59 34 10 28 66 27 59 33 11 29 65 28 58 32 13 30 64 27 58 31 14 32 62 27 59 29 17 33 60 27 58 28 18 36 58 26 58 28 19 40 53 26 59 27 20 56 36 27 58 27 21 57 35 26 59 26 22 57 34 26 59 26 23 57 33 27 59 25 24 56 33 27 60 25 24 56 33 26 60 25 24 56 33 27 60 25 24 55 33 27 61 25 23 55 33 28 60 26 23 54 33 29 60 26 23 53 33 30 60 27 21 53 33 31 60 28 17 54 34 32 60 48 6 44 34 34 59 47 8 42 34 38 56 46 11 38 36 43 51 46 13 34 37 46 49 45 17 29 38 48 48 44 22 22 41 48 48 43 33 8 44 13 1 35 48 43 86 7 9 31 49 42 104 29 51 40 105 28 52 39 106 27 54 36 109 24 58 33 111 21 60 31 114 18 63 28 117 14 67 25 121 8 73 20 208 14 216 1 1269
2039 7 216 10 213 12 211 14 209 16 207 17 206 19 204 20 203 22 201 23 201 24 199 26 197 28 31 7 158 30 26 12 155 36 18 17 152 40 11 22 151 74 149 75 148 77 144 80 143 82 141 83 141 83 141 83 140 84 139 86 138 86 138 87 52 13 7 11 54 87 44 42 50 88 40 58 38 88 38 66 32 88 36 71 29 88 34 76 26 88 33 79 24 89 31 82 22 89 29 86 20 89 27 89 19 89 26 92 17 89 25 94 16 90 23 96 15 90 22 98 14 91 19 101 13 92 18 102 12 94 14 105 11 95 12 107 10 97 9 109 9 99 5 112 8 217 7 218 6 218 6 219 5 220 4 220 4 221 3 221 3 222 2 223 1 223 1 9408 1 223 1 223 1 223 2 222 2 222 3 221 3 221 4 220 5 219 6 218 7 217 8 216 8 216 9 215 10 214 11 212 12 213 12 211 14 211 14 210 14 210 15 208 17 207 17 207 18 206 18 206 18 206 19 205 19 204 20 204 21 203 22 202 22 202 23 201 23 201 24 200 25 200 24 200 25 199 26 197 27 198 27 197 28 196 29 195 29 195 30 194 31 192 32 87 12 76 3 14 32 86 15 74 3 14 32 84 19 71 4 13 33 82 23 68 7 10 35 76 30 65 8 5 40 73 34 64 10 2 41 71 38 61 54 70 39 61 55 67 42 60 55 66 44 59 55 65 46 58 55 64 48 57 56 62 50 56 57 59 53 55 58 56 56 54 60 52 59 52 65 45 63 51 70 38 65 51 73 34 67 49 75 32 69 48 76 31 70 46 78 29 72 44 79 28 74 42 80 28 74 42 80 28 76 39 81 27 78 38 80 28 79 36 81 27 81 35 81 26 83 33 81 27 83 33 81 26 85 31 81 26 87 30 80 26 88 30 80 26 89 28 81 25 90 28 81 25 91 27 81 23 93 26 81 23 94 26 82 21 95 25 83 20 97 24 84 17 99 24 85 15 100 23 88 11 103 22 202 22 202 22 202 21 203 21 203 20 204 20 204 20 204 19 205 19 205 19 204 19 205 19 204 20 204 19 204 20 204 19 204 20 204 19 204 20 204 19 204 20 205 18 206 17 208 16 208 15 47
1664 14 202 26 195 31 189 37 184 41 181 45 177 48 175 50 173 52 171 55 168 57 167 58 165 60 163 63 161 64 159 66 158 67 156 69 155 70 153 72 152 73 150 75 149 76 147 78 146 79 145 80 144 81 143 82 142 83 142 83 141 83 141 84 140 84 140 85 139 86 138 86 137 88 136 88 135 89 134 90 133 92 132 92 131 93 130 94 130 94 129 94 130 94 130 94 129 95 129 94 129 95 129 95 128 95 129 94 129 93 131 91 133 90 134 89 136 86 138 86 139 84 140 83 142 81 143 81 143 81 144 81 143 81 144 81 144 81 144 81 143 82 143 82 143 82 142 83 141 84 141 84 140 85 139 86 138 87 138 87 138 87 137 89 136 88 136 90 134 91 133 92 132 93 131 94 130 95 129 96 128 97 126 100 124 100 124 102 122 103 121 104 120 105 118 107 117 108 116 109 115 109 115 110 114 111 112 113 111 114 110 115 109 116 107 118 106 118 106 119 105 119 105 120 104 120 104 121 103 121 103 122 102 122 102 123 101 123 101 124 100 124 101 124 100 124 100 125 99 125 99 126 99 125 99 126 98 126 98 127 97 127 97 128 96 128 96 129 95 129 96 129 94 130 94 131 93 131 93 132 92 132 92 133 91 133 90 135 89 135 89 135 88 137 87 137 87 137 86 139 85 139 85 140 84 141 83 141 82 143 81 143 81 144 80 144 79 145 79 145 79 145 78 146 78 146 78 146 78 146 77 147 77 147 77 94 4 48 78 92 8 46 77 92 11 44 77 91 14 42 77 90 17 40 76 90 19 39 76 90 21 36 77 89 23 3 4 28 77 89 24 1 7 24 79 89 33 21 81 89 35 17 83 88 43 10 82 88 45 7 85 25 3 59 46 5 86 18 5 1 4 59 47 2 89 13 14 58 142 8 16 58 146 2 19 57 170 53 172 17 2 32 175 13 9 26 176 10 26 8 181 2 1 1 6177
15603 5 217 10 212 13 198 1 11 16 194 5 7 19 191 8 4 22 188 37 186 39 183 42 181 45 178 47 175 51 172 53 170 55 168 57 166 59 164 60 163 62 161 64 158 66 158 67 156 68 156 68 120 3 32 69 117 7 30 70 115 10 28 71 113 12 27 72 112 13 26 73 111 14 25 74 110 16 23 75 109 18 21 75 109 24 7 84 108 116 107 116 107 117 106 117 105 119 103 120 102 121 101 123 99 125 98 125 98 126 96 128 95 128 95 129 94 129 94 130 94 130 93 131 92 132 92 132 91 132 91 133 91 133 90 134 89 135 88 136 87 137 86 138 85 138 85 139 85 138 85 138 85 138 85 138 85 139 83 125 9 6 84 121 15 4 83 120 103 120 22 2 80 119 23 3 78 120 23 5 75 120 26 3 75 120 103 121 103 121 102 122 102 123 100 124 100 124 100 125 98 126 98 126 98 126 98 126 98 126 98 126 98 99 2 25 98 93 10 24 98 91 12 22 99 89 15 22 98 88 17 21 99 29 7 13 19 17 21 19 99 18 20 10 21 15 22 19 99 11 30 4 27 7 29 16 102 4 104 12 13080
10022 6 216 10 212 13 171 2 36 16 166 10 29 20 163 15 22 25 161 21 11 31 160 65 158 67 156 68 155 70 153 72 152 72 151 74 149 76 148 77 146 79 144 82 141 85 138 87 137 89 133 92 131 93 130 95 127 97 125 99 124 100 123 101 123 100 123 101 123 101 123 101 123 101 123 100 124 98 126 98 126 97 127 97 127 97 127 97 128 96 128 97 127 97 127 97 127 97 127 98 126 98 126 98 126 99 125 99 125 99 125 100 123 101 123 102 122 102 122 103 121 104 119 106 118 106 118 107 116 109 115 109 114 110 114 110 113 111 112 112 112 111 112 112 111 112 111 113 110 114 109 114 108 116 106 118 97 127 93 131 91 133 90 133 90 134 89 135 88 136 87 137 86 138 86 138 85 138 86 138 85 139 85 139 84 139 85 139 85 139 84 140 84 140 83 141 83 141 82 142 81 143 80 143 80 144 62 5 12 145 57 15 6 146 54 169 52 172 49 175 45 179 42 182 40 183 36 188 34 190 34 190 33 191 33 190 34 190 34 190 34 189 35 189 35 188 36 188 36 187 37 187 37 187 37 33 7 147 37 26 15 146 37 22 20 144 39 16 25 144 40 10 30 144 42 2 36 144 80 144 81 143 81 143 81 143 82 143 81 143 82 142 83 141 84 140 86 138 88 136 93 131 100 124 115 109 117 107 120 104 122 102 123 101 124 100 125 99 125 99 125 99 126 98 127 50 4 43 127 48 8 4 2 35 129 45 18 32 129 44 20 31 131 41 22 30 132 40 22 30 134 37 24 29 135 36 25 28 137 34 26 26 139 33 26 26 141 31 27 25 141 31 27 25 142 31 27 24 143 30 27 24 144 30 26 25 144 29 26 25 144 30 25 25 145 30 24 25 145 30 24 26 145 30 23 26 145 30 23 26 146 29 23 27 145 30 22 27 145 30 21 29 144 30 21 29 144 30 21 30 143 30 22 29 143 30 24 27 144 29 24 26 145 28 27 24 34
18908 8 211 17 203 27 192 35 186 41 182 43 180 46 178 47 177 48 176 49 174 52 172 52 172 53 170 55 169 56 167 57 167 58 166 58 165 61 163 62 161 64 160 65 157 69 155 70 152 74 149 76 147 79 145 80 143 82 141 84 140 85 139 86 137 88 136 88 136 89 135 90 134 92 132 93 131 94 130 95 129 96 128 97 127 98 126 99 126 99 125 101 123 103 122 103 121 105 120 106 118 107 118 107 117 109 116 108 116 109 115 110 115 110 114 111 114 111 114 110 115 111 113 111 114 111 115 110 119 106 121 104 122 103 122 102 125 101 124 101 125 100 124 101 124 102 123 102 122 104 121 104 120 105 119 107 117 107 117 108 117 108 116 109 115 110 114 111 114 111 113 112 112 112 112 113 112 112 112 113 112 113 111 113 112 113 112 112 113 112 112 112 113 111 114 110 114 109 116 31 7 69 118 19 21 34 1 1 1 25 124 14 28 5 8585
1169 3 220 6 217 8 215 10 213 12 212 13 210 14 209 16 207 17 207 17 207 18 206 18 207 17 207 17 207 17 207 17 207 18 206 18 206 18 206 18 206 18 206 18 206 18 206 18 206 18 206 18 206 18 206 18 205 19 205 19 204 20 202 22 199 25 198 26 197 28 195 28 194 31 190 33 191 34 188 35 185 40 182 42 179 45 178 46 177 47 178 46 176 3 1 45 174 6 1 43 173 5 4 42 173 52 172 52 173 52 172 3 3 46 182 43 184 41 59 3 122 40 57 6 122 40 55 7 122 41 52 8 123 41 51 9 124 41 46 12 125 42 42 14 126 43 39 16 126 44 37 17 126 45 35 18 126 47 9 15 8 19 127 74 1 21 128 96 128 96 129 94 130 93 131 93 131 93 131 93 132 92 132 92 132 92 132 93 131 93 132 92 132 92 132 91 133 92 132 91 133 92 132 92 132 93 131 93 132 93 131 94 130 95 130 94 130 95 129 96 128 97 128 96 128 96 129 95 129 95 130 94 130 94 131 93 131 92 133 91 133 91 133 91 134 89 135 89 135 87 138 85 139 84 141 81 143 79 146 76 148 74 151 71 153 59 1 1 1 7 155 56 9 3 157 53 171 53 171 52 173 50 174 50 174 50 174 50 175 49 175 49 175 49 175 50 174 51 173 52 172 52 172 54 171 54 170 56 168 57 168 57 167 58 166 60 165 59 165 61 164 61 163 62 163 62 163 62 162 63 162 63 161 65 160 66 159 66 158 68 157 68 157 69 156 68 156 70 155 69 156 70 155 70 155 71 154 71 154 73 151 77 148 81 144 86 139 90 135 103 122 110 18 6 91 141 84 141 83 142 83 141 84 140 85 60 5 74 86 58 8 71 88 56 12 68 89 55 14 66 91 52 18 62 93 51 20 59 96 49 23 55 99 46 30 48 104 42 44 32 109 38 58 16 114 36 63 5 122 33 194 30 196 27 198 26 199 24 202 22 202 21 205 18 206 17 209 14 210 14 211 13 211 14 211 13 211 14 210 14 210 14 210 14 209 14 209 15 208 16 207 16 207 17 206 18 205 18 205 19 205 19 205 18 205 19 205 18 206 18 206 17 207 17 207 16 209 14 211 13 211 11 108
10394 16 206 20 201 25 197 31 191 35 188 38 184 43 180 45 178 48 175 51 172 53 170 55 167 59 164 61 162 63 160 65 158 67 156 69 154 70 154 71 152 72 151 73 150 75 148 76 148 77 146 78 145 80 143 81 143 81 142 83 141 83 140 84 140 84 140 85 139 85 139 86 137 87 137 88 136 88 135 90 134 90 134 91 132 93 131 93 131 93 130 94 130 95 129 95 128 97 127 97 127 99 125 101 123 105 119 109 115 113 111 117 106 120 104 122 102 124 100 126 97 128 96 129 95 130 94 131 93 133 90 136 88 138 86 139 85 140 84 141 83 142 82 143 82 143 81 144 80 144 80 145 80 144 80 145 80 144 80 144 81 143 81 143 82 142 83 142 83 141 84 140 85 139 86 138 88 136 92 132 94 129 96 128 97 127 98 126 99 124 101 123 101 123 101 123 101 123 101 122 102 122 102 121 103 121 104 119 105 118 106 118 106 116 108 16 3 96 108 17 4 93 110 17 4 92 111 17 5 89 113 17 5 89 113 17 5 88 114 17 5 86 116 17 5 85 117 17 5 85 117 18 3 84 118 19 3 84 118 104 120 103 121 102 121 102 122 100 124 97 126 96 127 95 129 93 129 93 130 92 131 92 130 93 130 93 129 94 129 94 128 95 128 96 126 97 127 96 126 97 127 96 127 95 129 94 129 94 129 93 130 93 130 92 130 93 128 94 127 97 125 98 124 99 123 99 123 99 124 98 125 97 126 97 127 96 128 95 129 94 130 93 131 91 134 32 1 54 137 27 9 48 141 24 12 45 143 22 14 44 145 19 17 41 148 17 18 40 149 15 20 39 151 11 24 37 154 7 26 36 188 35 190 33 191 31 194 28 196 23 202 17 208 15 210 12 141
6817 5 216 13 206 21 201 23 200 26 197 28 195 31 193 32 191 35 188 37 187 38 185 41 182 43 181 44 179 46 177 47 23 6 147 49 18 11 145 51 16 13 143 53 13 16 141 23 4 28 11 17 141 21 7 28 7 21 139 21 9 28 5 22 138 20 13 53 138 20 13 53 137 21 12 54 137 22 11 54 136 24 9 55 136 26 6 56 136 88 135 89 135 89 135 89 134 90 134 90 134 90 134 90 133 91 133 91 133 91 132 92 132 92 132 93 130 94 130 95 128 96 128 96 128 97 126 98 125 100 124 100 124 101 123 101 123 102 122 102 122 102 122 102 122 102 122 102 122 102 122 102 122 102 122 102 122 102 122 102 122 103 121 103 122 102 122 102 122 102 122 102 122 102 123 101 123 101 123 101 123 102 122 101 124 101 123 100 124 100 124 100 124 100 124 100 125 99 125 98 126 98 127 97 127 96 129 95 131 93 133 90 141 83 143 81 144 80 145 78 147 77 147 77 147 77 147 77 148 76 148 76 148 76 148 76 148 76 149 76 148 76 148 76 148 76 148 76 148 77 147 77 147 77 147 77 147 77 147 77 147 77 147 77 147 77 147 76 147 77 147 77 147 77 147 77 147 77 147 77 147 76 148 76 149 75 149 75 149 75 149 74 150 74 150 74 151 73 151 73 151 73 151 73 152 72 153 71 153 71 153 71 154 70 155 68 156 68 157 67 158 66 158 66 159 65 159 65 159 65 160 64 160 28 9 27 160 27 11 26 161 25 13 25 161 24 14 25 161 24 15 24 161 24 15 24 161 23 17 23 161 23 17 23 161 22 18 23 161 22 19 22 161 21 20 22 162 20 21 21 163 18 23 19 164 17 25 17 167 14 28 12 172 10 35 3 180 1 6165
7965 4 217 9 214 11 212 13 210 14 209 15 207 18 205 19 164 5 34 21 163 11 23 27 162 19 5 38 162 62 162 62 162 62 162 61 163 61 163 61 163 61 164 60 164 60 165 59 165 59 166 58 166 58 167 58 166 58 166 58 167 57 167 58 166 58 166 58 166 59 165 59 165 59 165 59 165 60 164 60 164 60 163 61 163 61 163 61 162 62 162 62 162 62 161 63 161 63 161 64 160 64 161 63 161 63 161 63 161 63 161 64 160 64 161 63 160 64 160 65 159 65 159 65 159 66 158 67 156 68 156 69 155 69 155 70 154 70 154 71 153 71 153 72 152 72 152 73 151 73 151 74 150 74 150 74 150 74 150 75 149 75 149 75 149 75 149 76 148 76 148 76 148 76 148 76 148 76 148 76 148 76 148 76 148 76 148 76 148 76 148 76 148 75 149 75 149 75 149 75 149 74 150 74 150 74 150 73 151 73 151 73 151 72 152 72 152 72 153 70 154 70 154 70 154 70 154 69 155 69 155 69 155 68 157 67 157 67 157 67 157 67 157 67 157 66 159 65 159 65 159 65 159 65 159 65 159 65 159 65 159 64 160 63 162 62 162 60 165 59 166 57 167 57 167 57 168 56 168 56 168 56 168 56 169 55 169 55 169 55 169 56 168 56 169 55 169 55 168 57 168 56 168 56 168 56 168 56 168 56 168 56 168 55 169 55 169 54 170 52 172 49 175 46 178 45 178 45 179 45 179 44 180 44 179 45 179 45 179 44 180 44 179 45 179 44 180 44 181 42 182 41 183 19 6 15 185 15 12 10 188 11 18 6 192 5 2821
1203 9 213 12 211 14 209 16 207 17 206 19 204 20 202 23 200 25 198 28 195 31 193 32 191 34 190 34 189 36 188 38 185 43 181 46 177 50 174 53 171 54 169 56 167 57 167 57 167 56 167 56 168 56 168 55 169 54 170 54 170 53 170 54 171 52 172 51 173 51 173 50 174 50 174 49 175 49 175 48 175 49 175 49 175 49 176 48 176 48 176 49 175 49 175 50 174 50 174 51 173 52 172 53 171 54 170 56 167 58 166 61 163 62 161 64 160 65 158 66 158 67 156 68 156 68 156 69 154 70 154 71 152 72 152 73 151 73 151 73 151 74 150 74 149 76 149 76 147 77 147 79 145 79 145 79 145 80 144 80 144 81 143 81 142 82 142 82 142 83 141 83 141 83 141 84 139 85 139 85 139 86 137 88 136 88 136 89 134 91 133 91 133 91 133 92 132 92 131 93 132 92 132 92 132 92 132 92 132 92 132 92 132 93 132 92 132 92 132 92 132 92 132 92 132 92 131 93 130 94 129 95 129 95 128 96 128 96 127 97 126 98 126 98 126 98 126 98 125 99 125 98 126 98 126 98 126 99 125 99 125 89 3 7 125 88 6 5 125 87 8 4 125 86 10 2 126 86 138 86 139 85 139 85 139 85 139 85 139 85 139 85 139 85 140 85 139 85 139 85 139 86 138 86 138 86 139 85 139 86 138 86 138 86 139 85 139 85 139 86 138 86 139 85 139 86 138 86 138 86 138 86 138 87 137 87 138 87 137 87 137 88 137 87 137 88 136 88 136 89 136 88 136 88 136 89 135 89 135 90 134 90 135 90 134 90 135 89 135 89 136 89 135 88 137 87 137 87 139 85 139 84 141 83 141 82 142 82 142 82 143 81 143 81 143 81 143 81 143 81 143 81 144 80 143 12 2 68 143 8 6 67 143 6 8 37 2 28 145 1 12 37 2 27 158 67 157 67 158 66 158 66 158 67 157 67 157 67 158 67 157 67 157 67 156 69 148 4 2 70 138 1 8 78 148 3 3 69 156 68 157 67 158 65 76
780 7 215 15 208 22 200 29 194 32 188 43 3 9 167 59 161 66 157 72 151 76 148 78 20 1 125 83 8 10 123 84 3 15 121 103 121 104 119 105 119 105 119 106 118 106 117 107 117 107 116 108 116 108 115 109 113 111 111 113 110 114 109 116 106 118 105 119 103 122 102 123 100 124 99 126 97 128 96 129 94 132 92 136 87 139 85 139 84 141 83 141 83 141 82 142 82 142 82 142 81 143 81 144 80 144 79 145 79 146 78 146 77 148 75 150 74 150 73 152 71 153 70 156 68 156 67 158 66 159 64 161 63 161 63 162 62 162 62 162 62 163 61 163 61 163 62 162 62 162 63 161 63 161 64 160 64 159 66 158 66 157 67 157 68 155 69 154 70 153 71 152 72 152 71 152 72 153 71 153 71 154 70 155 70 156 68 158 66 159 66 159 65 160 65 159 65 159 66 158 66 158 67 157 67 157 67 157 67 157 68 156 68 156 68 156 68 156 68 156 68 156 68 156 68 156 68 156 68 156 68 156 68 156 67 157 68 156 67 157 67 157 67 157 66 158 66 158 66 158 65 159 65 159 64 160 63 161 62 162 62 162 61 163 60 164 60 164 59 165 58 166 58 166 57 167 57 167 56 168 56 168 55 169 54 170 54 170 54 170 53 171 53 171 53 171 53 171 52 172 52 172 52 172 52 172 52 172 52 172 52 172 52 172 52 172 52 172 52 172 53 171 53 171 53 171 53 171 53 171 53 171 53 171 53 171 53 171 53 171 53 171 53 171 53 171 52 172 52 172 52 172 52 172 53 171 53 171 53 171 54 170 54 170 54 170 55 169 55 169 55 169 55 169 55 169 55 169 55 169 55 169 55 169 54 170 53 171 53 171 52 172 51 173 50 174 49 175 48 176 47 177 46 178 45 179 44 180 42 182 41 183 40 184 39 185 38 186 37 187 35 189 34 190 33 191 31 193 29 195 28 196 27 197 26 198 24 200 23 201 22 202 22 202 22 202 22 202 23 200 1
100 46 174 53 167 58 164 61 162 63 160 64 159 65 158 67 156 68 155 70 153 72 151 74 149 76 147 78 145 80 144 81 142 84 140 84 140 85 138 87 137 87 137 88 136 88 136 89 135 89 134 90 134 90 134 90 134 90 134 90 134 89 135 89 135 89 136 88 135 89 135 89 136 88 136 88 136 88 136 87 137 87 137 87 137 87 137 87 137 87 137 87 137 87 137 87 136 88 136 89 136 88 136 89 135 89 135 89 136 88 136 88 136 88 136 88 136 88 137 87 137 87 137 88 136 88 135 90 134 90 134 90 134 90 134 90 134 90 134 85 2 3 135 83 3 3 136 83 2 4 135 82 1 1 1 4 136 81 2 5 136 79 3 6 136 78 4 6 136 78 4 6 136 78 4 5 137 78 4 3 138 83 1 1 139 78 146 76 147 76 149 75 149 75 150 73 18 2 132 72 13 8 131 72 12 10 131 71 11 11 131 71 10 12 131 72 7 14 131 93 130 94 130 95 129 95 129 95 128 96 128 96 127 97 127 97 126 98 126 98 125 99 124 100 124 100 123 101 123 101 122 101 123 101 122 102 122 102 122 102 121 103 121 103 120 103 121 103 121 103 121 103 120 104 120 104 120 104 120 103 121 103 121 103 121 102 121 103 121 103 121 102 122 102 122 102 122 101 123 101 122 102 122 101 123 101 123 101 123 101 123 101 123 101 123 101 123 101 123 101 123 101 123 101 123 101 123 101 123 101 123 101 123 101 123 101 124 100 124 100 124 100 124 100 124 99 125 99 126 98 126 98 126 98 126 97 127 97 128 96 128 96 128 96 128 96 128 96 128 96 128 96 128 96 128 96 128 96 128 96 128 97 128 96 128 96 128 96 128 96 128 96 128 96 128 95 130 94 130 94 130 94 131 92 132 92 133 90 134 90 135 89 135 88 136 87 138 85 139 84 140 83 141 83 142 81 143 80 144 80 144 79 146 78 146 78 146 77 147 77 147 77 147 77 147 76 148 76 149 75 148 76 148 76 148 76 148 76 148 76 148 75 148 76 148 76 148 38 4 33 148 38 6 32 148 37 8 30 149 36 10 28 150 35 11 27 151 34 13 25 153 32 15 22 155 31 17 20 157 29 19 18 78
6659 1 221 7 216 9 214 12 212 12 33 6 172 14 30 10 170 15 28 11 170 15 27 13 168 17 24 15 168 18 22 16 168 19 19 18 168 20 16 20 168 22 11 23 168 56 168 55 169 55 168 56 168 55 20 4 145 55 19 7 143 55 17 10 142 54 18 10 142 54 17 11 142 54 17 12 141 53 17 13 140 54 16 14 140 54 16 14 140 54 15 15 140 54 16 14 140 53 16 15 140 53 16 15 140 53 16 15 140 53 16 14 141 53 16 14 141 53 16 14 141 53 16 14 141 54 15 14 141 53 16 14 141 54 15 14 140 55 15 13 141 55 15 13 141 55 15 13 141 56 14 13 141 56 14 13 140 58 13 13 140 58 13 13 140 59 12 13 139 61 11 13 138 64 9 13 138 66 7 13 137 70 4 13 136 72 3 13 133 76 2 13 129 81 1 13 123 87 1 14 119 105 116 108 109 115 88 121 1 15 84 124 1 15 79 129 1 16 75 131 2 16 71 135 2 17 68 136 3 18 63 139 4 18 60 141 5 20 55 142 7 20 53 140 11 22 49 129 6 3 15 23 46 131 24 24 43 132 25 25 40 133 26 27 35 136 27 27 32 137 28 29 28 139 29 30 25 140 30 30 22 142 30 32 18 144 31 33 15 144 33 33 13 145 34 34 9 147 34 36 5 149 35 188 37 187 39 185 40 183 42 182 42 182 43 180 45 179 46 178 47 176 49 175 50 173 52 172 53 171 54 169 56 168 56 167 59 165 60 164 61 163 61 162 63 161 64 160 65 159 65 158 67 157 67 157 68 155 69 155 70 154 70 153 72 152 72 152 72 151 73 151 74 150 74 149 75 149 76 147 77 147 77 146 78 146 79 145 79 145 79 145 80 144 81 143 81 143 82 142 83 140 84 140 85 84 6 49 86 81 11 46 86 80 14 43 88 78 17 41 88 78 18 40 89 76 21 39 88 75 24 37 89 73 26 36 89 71 28 36 90 69 30 36 89 68 32 34 91 66 34 33 91 65 35 33 91 65 36 33 91 63 37 32 92 62 39 32 91 62 40 30 93 60 41 31 92 59 43 30 92 58 44 30 92 56 46 30 92 54 49 30 91 50 53 30 91 45 58 30 91 36 68 29 91 35 69 30 91 33 70 30 91 32 72 29 91 32 72 29 92 30 73 29 92 30 73 29 93 29 74 28 93 29 74 28 94 28 75 27 94 28 75 27 94 29 75 27 93 29 76 26 93 29 78 24 94 27 80 24 93 27 81 24 93 25 82 25 94 23 84 25 93 21 85 26 95 17 88 26 94 14 91 26 97 7 95 25 200 24 201 22 204 17 208 12 216 5 2730
2291 16 205 26 194 35 187 40 182 44 179 46 177 49 174 51 171 55 168 57 166 59 164 61 162 63 160 65 159 66 157 67 157 68 155 70 154 71 152 72 151 74 149 75 149 76 148 76 147 77 147 78 145 79 145 79 145 80 143 81 143 82 141 83 141 84 140 84 140 84 140 85 138 86 138 86 138 87 136 88 135 90 134 90 133 91 132 93 130 94 129 96 127 97 125 100 123 101 122 103 120 104 119 106 118 107 116 109 114 111 112 113 111 114 110 114 110 115 109 115 108 116 108 116 108 117 107 117 107 117 106 118 106 118 105 120 104 120 104 120 103 122 102 123 101 123 101 124 100 124 100 125 99 126 98 126 98 127 97 127 97 128 96 128 96 129 95 129 95 130 94 130 94 130 94 131 93 131 93 131 93 131 93 131 93 131 93 131 93 131 93 131 93 131 93 131 93 131 93 131 93 131 93 131 93 131 93 131 93 131 93 130 94 130 94 130 94 130 94 130 94 129 95 129 95 129 95 129 95 128 96 128 96 127 97 127 97 127 97 126 98 126 98 126 98 126 98 125 99 125 99 125 99 125 99 125 99 125 99 125 99 125 100 124 100 124 100 124 100 124 101 123 101 123 101 123 102 122 103 121 103 121 103 2 4 115 103 1 6 115 110 114 110 114 111 113 112 113 111 113 111 113 112 112 112 113 111 113 111 113 111 113 110 114 110 114 110 115 108 116 109 115 111 113 118 106 119 105 120 104 41 1 78 104 41 1 79 102 43 3 76 102 42 5 76 101 42 8 73 100 43 9 72 100 43 10 72 98 44 10 72 97 44 12 71 95 45 14 71 92 47 15 70 90 49 15 70 87 51 17 69 77 61 17 69 74 63 18 69 72 65 18 69 71 65 19 69 70 66 19 69 69 67 19 68 70 67 19 68 69 68 20 66 70 68 20 66 70 68 21 64 70 68 22 64 70 68 22 63 71 68 22 63 71 68 22 62 71 69 22 62 71 69 22 61 72 69 22 60 73 70 21 60 73 70 22 58 74 71 22 57 74 71 23 55 75 72 23 54 75 72 23 53 76 74 21 53 76 74 21 52 77 75 18 54 76 80 13 54 77 84 7 56 77 146 78 146 78 145 79 145 79 144 80 144 80 144 80 145 78 146 78 147 76 132
1705 4 213 15 205 20 188 38 177 48 167 59 161 64 158 68 153 72 150 77 146 79 143 82 140 85 138 87 136 89 133 93 130 95 128 98 125 100 123 102 121 104 118 107 116 108 115 110 112 113 109 116 106 118 105 120 102 123 100 125 98 127 96 129 94 132 91 134 89 136 86 138 85 140 82 142 81 144 78 146 77 148 75 150 73 151 72 152 71 154 69 155 69 156 67 157 66 159 64 160 63 162 61 163 60 164 59 165 58 167 56 168 55 169 54 170 53 171 52 173 50 174 48 176 48 177 46 178 45 179 45 179 44 181 42 182 42 182 42 182 42 183 40 184 40 184 40 185 39 185 39 185 39 185 39 185 39 186 38 186 38 186 39 185 39 185 39 184 40 184 40 183 41 183 42 182 42 181 43 181 43 181 44 179 45 179 46 177 47 177 48 176 50 174 52 172 54 170 56 167 57 167 58 166 58 165 60 164 60 164 60 163 60 164 60 164 60 163 60 164 60 164 60 164 59 165 59 166 57 167 56 168 56 168 55 170 53 171 52 172 52 172 51 173 51 174 49 175 49 176 47 177 47 177 46 179 45 179 45 179 45 179 44 180 44 180 43 181 43 181 43 182 43 181 43 181 43 181 43 181 43 182 42 182 42 183 41 183 41 184 40 185 38 187 37 188 36 188 36 190 34 191 33 192 32 192 32 193 31 194 29 195 29 195 29 196 28 196 29 196 28 196 28 197 27 197 27 197 27 198 27 197 27 198 26 198 26 198 26 199 25 199 25 200 24 200 24 200 24 201 23 201 23 201 22 202 22 203 21 203 20 204 20 205 18 206 18 206 18 206 18 206 18 206 18 206 18 206 18 207 17 207 17 208 16 208 16 208 16 208 16 208 16 208 16 208 16 208 17 206 18 205 20 204 20 204 20 203 21 203 22 202 22 202 23 201 23 200 24 200 24 200 24 200 24 200 25 199 26 198 27 197 28 195 9
1893 19 202 43 178 49 173 52 169 57 164 62 159 68 153 73 6 7 135 94 128 102 120 107 115 112 96 130 92 134 86 140 81 146 74 152 70 155 68 158 64 161 61 164 58 168 53 172 51 174 48 178 45 180 42 183 39 185 37 189 32 192 30 196 27 197 25 200 23 201 22 203 21 203 20 205 19 205 18 207 16 208 15 210 13 211 12 213 10 214 9 216 8 217 7 217 6 219 4 220 4 221 2 222 2 223 1 223 1 223 1 223 1 223 1 1119 1 223 1 223 1 223 1 223 1 223 1 222 3 221 3 221 3 221 3 221 4 219 6 218 6 218 6 218 6 217 7 218 6 218 6 218 6 218 7 217 7 218 6 218 7 217 8 216 9 216 8 216 9 215 9 215 10 214 11 214 10 214 12 212 13 211 18 206 20 204 20 204 20 204 21 203 21 203 21 203 21 203 21 203 21 203 21 203 21 203 22 202 22 202 22 202 22 202 22 202 22 202 22 202 22 202 22 202 22 202 23 201 24 200 26 198 27 197 32 192 34 190 35 189 36 188 36 188 37 187 38 186 38 186 38 186 39 185 39 185 40 184 40 184 40 184 40 184 41 183 41 183 41 183 42 182 42 182 42 182 42 182 43 181 43 181 43 181 43 181 43 181 43 181 43 181 44 180 44 180 44 180 44 180 44 180 44 180 44 180 43 181 44 180 44 180 44 180 44 180 44 180 44 180 44 180 44 180 44 180 44 180 44 180 44 180 44 180 44 180 44 180 44 180 45 179 45 179 4 2 39 179 4 2 39 179 4 1 40 179 4 1 40 179 45 179 44 180 44 180 44 180 44 180 44 180 21 1 22 180 20 3 21 180 44 180 44 180 44 180 4 3 37 180 4 5 34 181 4 8 30 182 4 10 28 182 4 14 2 1 19 184 4 17 18 185 4 17 17 186 5 17 15 187 6 16 15 187 8 14 15 187 8 14 16 186 8 15 16 185 8 16 16 184 9 15 16 184 10 14 17 183 11 13 17 183 12 11 19 182 12 10 21 181 12 10 22 180 12 10 22 180 10 12 20 182 4 18 20 182 6 1 1 1 1 11 23 180 12 7 27 178 15 1 1 1 29 77 1 1 1 97 48 74 9 93
12417 3 219 7 217 8 215 10 214 11 212 13 211 13 211 14 210 15 209 15 182 3 24 16 179 7 22 17 177 9 20 18 176 12 18 19 175 13 17 19 174 15 15 21 173 16 14 21 173 17 12 22 172 19 10 23 172 21 6 26 171 53 171 53 171 54 171 53 171 54 170 54 170 54 170 55 169 55 169 55 169 55 112 2 55 55 112 3 55 54 111 5 54 54 111 7 53 53 112 8 12 14 25 53 112 14 1 24 21 52 112 41 20 51 118 35 21 50 118 36 20 50 119 35 20 50 119 35 21 49 119 35 21 49 120 34 21 49 120 34 20 50 120 34 19 51 120 34 19 51 120 34 18 52 120 36 15 53 120 42 5 57 121 103 121 103 121 103 121 103 121 103 121 103 121 104 120 104 121 103 121 103 121 103 122 103 121 103 121 103 122 102 122 102 123 101 123 101 124 100 124 100 124 99 126 98 126 97 127 96 128 95 129 94 130 93 131 92 132 91 133 91 133 91 133 90 134 90 134 90 134 90 134 90 134 90 134 89 135 89 135 89 134 90 134 89 135 88 136 88 137 86 138 86 138 86 139 84 140 84 140 83 142 82 143 80 144 80 145 79 145 79 146 78 146 78 147 78 146 78 146 78 146 78 147 77 147 77 148 22 6 49 147 21 9 47 148 19 11 46 149 17 13 44 151 15 15 42 153 14 15 25 3 12 157 11 16 24 6 9 160 7 18 23 7 6 189 21 203 20 204 20 204 19 205 19 205 19 205 19 205 19 205 19 205 19 205 19 205 19 206 18 206 17 207 17 207 17 208 15 209 15 210 14 210 14 211 12 213 10 216 7 5749
14206 1 1 16 202 25 197 28 194 32 191 34 189 38 185 58 165 64 160 66 157 69 154 70 152 74 149 76 147 78 145 80 143 82 141 84 139 86 137 88 135 90 134 90 133 92 131 94 129 95 129 96 127 97 127 98 125 99 125 99 125 100 124 100 123 102 122 102 121 103 121 104 119 105 118 106 117 108 116 108 115 109 114 111 112 112 112 113 110 114 110 115 108 116 107 118 106 118 105 119 104 121 103 121 102 122 101 123 100 124 100 124 99 126 98 126 97 127 96 128 96 128 95 129 95 129 95 130 93 131 93 131 93 131 93 132 91 133 91 133 91 134 90 134 89 136 88 136 88 137 87 139 85 141 83 142 82 144 80 145 79 147 77 148 75 150 74 151 72 154 70 155 68 157 66 159 65 161 62 163 60 165 59 166 57 168 56 168 55 170 54 171 52 173 51 173 50 175 49 175 48 177 46 178 46 179 44 180 44 181 42 182 42 183 40 185 39 185 39 186 37 187 37 188 35 189 35 190 34 190 33 192 32 192 32 193 30 195 29 195 29 196 27 197 27 197 27 198 25 199 25 199 25 200 24 200 24 200 24 201 22 202 22 202 22 202 22 203 21 203 21 203 20 204 20 205 19 204 20 204 20 204 20 204 19 205 19 205 19 205 19 205 18 206 18 206 18 206 18 206 18 205 18 206 18 206 18 206 18 206 18 205 19 205 19 205 19 205 19 204 21 202 22 201 6
10352 6 217 8 37 2 176 10 33 8 173 10 32 9 173 11 30 11 172 12 28 12 171 14 27 12 171 14 26 13 172 14 24 15 171 15 22 16 171 16 20 17 171 16 19 18 171 17 18 18 171 17 17 19 171 18 15 20 171 19 13 21 171 20 11 22 171 21 8 24 172 52 172 52 172 52 172 52 172 52 173 51 173 51 173 51 174 49 176 48 176 48 176 48 177 47 177 47 178 47 42 5 130 47 41 8 128 48 38 12 127 48 35 15 126 49 32 18 125 50 28 22 124 51 24 27 122 52 20 31 121 54 17 34 119 55 14 38 117 57 10 42 115 60 5 44 115 111 113 111 113 112 112 113 111 114 110 114 110 115 109 115 110 115 109 115 110 114 111 114 112 112 113 111 115 110 115 109 116 108 117 108 117 107 117 107 117 108 117 107 117 107 117 107 118 106 118 107 117 107 117 107 117 108 116 108 116 108 116 108 116 108 117 107 117 107 117 108 116 108 116 108 116 108 116 109 114 110 114 110 114 111 113 111 114 111 113 111 113 111 113 87 2 23 112 86 5 21 112 84 8 20 112 84 9 19 112 83 10 19 112 82 12 19 111 81 14 18 111 80 15 18 111 79 17 17 111 78 18 17 111 78 19 16 111 77 20 16 111 76 21 16 111 75 22 16 111 74 24 15 112 71 26 15 112 69 28 15 112 68 30 14 112 67 31 14 112 66 32 14 112 65 34 13 112 65 34 13 112 65 34 12 113 65 35 11 113 65 35 11 113 19 4 42 35 11 113 18 8 39 35 11 113 17 12 36 35 11 113 17 16 32 35 11 113 17 21 27 35 11 113 17 24 24 35 11 113 18 24 22 36 11 113 18 24 22 37 10 113 18 25 21 37 11 113 17 25 21 37 11 113 17 26 20 37 11 113 17 26 20 37 11 113 17 26 19 38 11 113 17 27 18 38 11 114 16 27 18 38 11 114 16 27 18 38 11 114 15 28 17 39 11 114 15 28 17 40 10 114 15 29 16 40 10 114 15 29 16 40 10 114 15 29 16 41 9 114 15 29 16 41 9 114 15 29 16 41 9 114 15 30 15 42 7 115 15 30 15 43 6 115 15 30 15 45 2 118 14 30 15 165 13 32 14 165 13 32 14 165 13 32 14 165 13 32 14 165 13 32 14 166 12 32 15 165 12 32 15 165 12 32 15 165 12 33 14 165 12 33 14 166 11 33 14 166 11 33 14 166 10 34 15 165 10 34 15 165 10 34 15 166 8 36 14 167 7 36 15 168 4 37 15 209 15 209 15 210 14 210 15 209 15 209 15 209 15 209 15 210 13 211 13 211 13 211 13 211 13 212 11 213 10 215 9 216 7 93
152 11 150 6 55 14 148 8 53 16 147 8 52 18 145 10 50 19 145 11 48 20 144 12 48 21 143 13 46 22 143 14 43 24 143 15 41 25 143 16 39 27 142 17 36 29 142 18 33 31 143 18 31 32 143 21 26 35 143 23 21 37 143 28 14 39 143 30 11 40 144 31 6 43 144 33 1 47 143 81 144 80 144 80 144 80 144 80 144 80 144 81 143 81 142 82 142 82 142 83 140 84 139 86 137 87 135 90 133 91 132 92 131 94 130 94 129 95 129 96 128 96 127 97 127 97 127 97 127 97 127 98 126 97 127 97 127 97 128 96 128 96 128 96 129 95 129 95 130 94 130 94 131 93 131 93 131 93 132 92 132 92 132 92 133 91 133 92 132 91 133 92 132 92 132 92 132 92 132 92 132 91 132 92 132 92 132 92 132 92 132 92 132 92 132 91 133 91 132 92 133 91 132 92 132 92 132 92 132 91 133 91 134 90 134 90 134 90 134 90 134 90 134 90 134 90 134 90 134 91 134 90 134 90 135 89 135 89 135 90 135 89 135 89 136 89 135 89 136 88 137 88 138 86 140 84 140 84 141 84 140 85 140 85 139 85 139 86 138 86 138 86 138 87 137 87 137 88 137 88 136 89 135 89 136 89 135 90 135 89 136 88 137 88 137 87 137 88 136 88 136 89 135 90 133 91 133 92 131 94 130 95 129 96 127 98 125 100 124 100 123 102 122 103 121 104 119 105 119 106 117 107 116 108 116 108 115 109 115 110 113 111 113 112 112 112 112 114 110 115 109 117 106 119 105 120 104 121 102 124 100 125 99 126 98 128 97 129 94 131 93 131 93 132 92 132 92 133 91 133 91 134 90 134 90 134 89 135 90 134 90 133 90 134 91 132 92 131 93 130 94 129 94 130 94 129 95 129 95 129 95 128 96 128 96 127 98 126 98 127 97 127 97 127 97 127 96 128 96 128 96 128 96 127 97 127 96 128 96 128 96 128 95 128 96 127 97 127 96 126 98 125 99 123 101 121 103 119 105 117 107 114 110 108 116 97 127 91 133 88 136 84 139 24 1 59 140 23 4 55 141 23 5 54 142 22 6 53 143 19 10 51 144 18 13 49 145 16 16 45 62
1863 7 215 11 212 13 210 14 209 16 208 16 70 8 129 18 64 15 127 18 64 16 126 19 62 18 124 20 62 19 123 21 60 21 122 21 60 21 122 21 59 23 120 23 58 23 120 24 57 22 121 24 57 22 121 24 56 23 121 25 55 23 120 26 54 24 120 26 53 25 120 26 52 26 120 27 50 27 120 28 48 27 120 29 48 27 120 31 45 28 120 32 43 29 119 35 40 30 119 36 38 31 119 37 36 32 119 38 35 32 119 39 33 33 119 40 31 33 120 42 28 35 119 43 26 35 120 44 23 37 120 46 20 38 120 55 8 41 120 104 120 104 120 104 121 103 121 103 121 102 122 102 122 102 123 101 123 101 123 101 123 100 124 100 124 100 124 100 124 100 124 99 125 99 125 99 125 98 126 98 126 97 127 97 126 98 126 98 126 98 125 99 125 99 125 99 124 100 123 100 123 101 122 102 121 103 120 104 119 105 118 106 116 108 114 110 113 111 111 113 110 114 108 116 106 118 105 118 103 121 101 123 99 124 98 126 96 128 95 129 93 131 91 133 90 134 88 135 86 138 84 140 83 141 81 143 79 146 75 149 72 152 71 153 71 153 70 154 69 155 68 156 68 156 68 156 68 155 69 155 69 155 69 155 69 154 70 155 69 155 69 155 69 154 70 154 70 154 70 153 71 153 71 152 72 152 72 152 72 151 73 151 73 150 74 150 74 149 75 149 75 148 76 148 76 147 77 147 77 146 78 146 78 145 79 145 79 145 79 144 80 144 80 143 81 143 81 143 81 142 82 142 82 142 82 142 82 142 82 142 82 142 82 142 82 142 82 142 82 141 83 141 83 141 83 140 84 140 84 140 84 139 85 139 86 137 87 136 88 135 89 135 89 134 90 133 91 132 93 131 93 130 94 130 93 130 95 129 95 128 96 128 96 128 96 128 97 127 97 127 97 127 98 127 97 127 98 126 99 125 99 125 99 125 99 125 99 37 3 85 100 33 13 78 101 29 18 76 102 28 19 75 103 26 21 73 104 25 23 72 105 23 26 69 107 22 27 68 107 21 29 65 110 17 32 64 112 14 34 61 115 13 36 58 118 11 37 56 120 11 37 45 5 5 122 9 39 42 135 7 40 42 136 4 42 42 136 4 42 42 183 41 183 41 184 40 184 39 186 38 187 36 188 36 188 36 189 34 191 32 192 32 193 30 123
2590 6 211 25 195 34 188 42 180 47 175 51 171 54 168 57 166 58 164 61 162 62 160 65 158 66 157 68 155 69 154 71 153 71 152 72 152 72 151 73 151 74 150 73 151 73 152 72 152 72 152 72 152 71 154 69 155 69 156 67 157 66 159 64 160 63 162 60 164 59 165 57 168 55 169 54 171 52 172 51 174 49 176 47 179 45 180 43 182 42 183 41 184 39 186 38 186 38 187 37 187 37 188 35 190 34 190 34 190 34 191 33 191 32 193 31 195 29 198 4 9 13 213 11 213 11 213 12 212 12 211 13 210 15 205 19 199 26 196 29 192 32 189 36 186 38 183 41 180 45 178 46 177 48 174 50 173 52 171 53 170 54 170 55 168 56 168 56 168 56 168 56 167 57 167 57 167 57 166 58 166 59 165 59 165 59 165 59 164 61 163 61 163 61 162 62 162 62 162 62 162 62 162 62 162 62 161 63 161 63 161 63 161 63 161 63 160 64 160 64 160 64 160 64 160 64 160 64 159 65 159 65 159 65 159 65 159 64 160 64 160 64 160 64 160 64 160 64 160 64 160 64 160 64 160 64 160 64 160 64 160 64 160 64 160 64 160 64 160 64 160 64 160 64 160 64 160 64 160 63 161 63 161 63 161 63 161 63 161 63 161 63 162 62 162 62 163 61 164 35 1 24 165 28 9 22 166 24 13 21 166 23 15 20 166 22 16 20 146 4 17 20 18 19 144 6 17 20 18 19 144 9 13 20 19 19 143 12 11 20 20 18 142 17 7 19 21 18 141 19 6 19 21 18 140 22 3 19 23 17 139 45 23 17 139 45 24 16 139 45 24 16 139 45 24 16 139 45 24 16 139 44 26 15 139 44 26 16 138 44 26 16 138 44 27 15 138 43 28 15 138 43 29 14 138 43 29 15 137 43 30 14 137 43 30 14 138 42 30 14 138 42 30 14 137 43 30 14 137 44 30 13 137 44 30 13 137 44 30 13 137 44 30 13 137 44 30 14 136 44 30 14 136 44 30 14 136 44 30 15 136 43 30 15 136 42 31 15 136 42 31 16 136 41 30 17 137 39 31 17 137 39 31 18 138 37 31 18 139 36 31 18 141 17 1 16 31 18 143 12 5 15 31 19 160 14 31 19 160 14 31 19 161 13 32 18 161 13 32 18 161 13 33 17 161 13 33 16 162 13 34 15 162 13 35 14 162 14 35 12 164 13 36 10 165 13 40 3 168 13 211 13 211 13 211 13 212 11 214 10 214 9 114
79 50 173 53 170 57 165 61 162 63 160 65 158 66 157 68 154 71 152 72 151 75 147 78 144 82 139 86 135 91 130 95 127 98 124 100 122 103 120 104 119 105 118 106 117 108 115 109 113 112 111 113 110 115 108 116 107 119 104 120 103 123 100 124 99 127 96 128 95 130 93 132 92 133 90 135 88 136 87 138 85 140 84 141 82 143 80 144 80 144 79 146 77 147 77 147 76 149 74 150 74 151 72 152 71 153 71 154 70 154 70 154 70 154 70 154 70 154 71 153 72 152 72 152 73 151 73 150 75 149 75 149 75 149 75 148 76 148 76 148 77 147 77 147 77 146 78 146 78 146 78 146 79 144 80 144 80 144 80 144 81 142 82 142 83 140 84 140 84 139 86 138 86 137 88 135 89 135 90 133 92 131 93 130 95 128 97 126 98 126 97 126 98 125 99 124 99 124 100 123 101 122 101 122 102 122 102 122 102 122 102 122 102 123 101 123 101 123 101 123 100 124 100 124 100 124 100 124 100 124 99 125 99 125 99 125 98 127 97 127 97 128 95 129 95 130 94 130 94 131 93 132 92 133 91 133 90 135 89 136 88 137 87 138 86 138 86 139 85 140 85 139 85 140 84 141 83 142 82 142 82 143 81 143 81 144 79 146 79 146 78 147 77 147 77 148 76 149 75 149 75 150 74 149 75 149 75 149 75 148 77 147 77 146 78 145 80 144 80 143 81 142 83 140 84 139 85 138 86 136 88 135 89 134 90 134 90 133 91 132 91 133 91 132 92 132 91 133 91 132 92 132 92 132 92 131 93 131 93 131 93 131 93 130 94 130 94 130 95 129 96 128 97 127 98 125 100 124 101 123 102 122 104 119 107 117 108 116 109 114 111 113 113 111 115 109 118 28 4 73 120 23 10 71 122 19 14 69 124 13 20 67 168 55 171 53 172 50 175 47 177 44 180 38 187 29 195 28 196 27 197 26 198 26 199 24 200 24 200 24 200 23 201 23 202 22 202 21 204 20 204 19 206 18 207 16 102
13536 12 210 19 203 24 199 26 196 31 192 33 190 35 189 36 187 38 185 40 27 7 150 41 21 17 145 42 16 23 142 85 139 86 137 89 135 89 134 92 132 92 131 94 129 95 128 97 126 98 125 100 124 100 121 104 120 104 122 103 122 102 124 100 127 97 129 96 130 94 130 94 131 93 131 93 131 94 130 94 130 94 130 95 130 94 131 93 132 92 134 90 137 87 141 83 144 80 148 76 149 75 151 73 151 72 153 71 153 71 154 70 154 70 154 70 155 70 154 69 155 69 156 68 156 68 157 66 158 66 158 66 158 65 160 64 160 64 160 64 160 64 160 64 160 64 160 64 160 65 159 65 159 65 159 65 159 64 160 64 160 63 161 63 162 61 163 60 164 60 164 59 165 58 166 54 1 1 167 50 175 48 176 47 177 46 178 46 178 45 179 45 179 44 181 43 181 42 183 40 185 39 186 37 189 34 195 29 202 21 205 19 206 17 207 17 208 15 211 12 213 10 217 5 12619
6594 14 192 35 186 40 182 51 14 10 147 78 144 82 141 84 139 87 137 87 136 89 135 90 134 91 132 93 131 94 130 95 128 97 127 98 126 99 125 100 124 101 123 102 122 103 122 103 122 102 122 103 121 103 121 104 120 104 120 104 120 105 120 104 119 105 119 104 120 105 119 105 120 104 120 104 120 104 120 104 120 104 119 105 119 105 119 104 120 104 120 104 120 103 121 103 121 102 122 102 122 101 123 101 123 101 123 101 122 102 122 102 122 102 122 102 121 103 121 103 120 104 120 104 119 105 118 106 88 12 16 107 86 138 82 142 81 143 78 146 77 147 76 149 75 149 74 150 73 152 70 154 69 155 68 157 66 158 65 159 64 160 62 162 61 164 58 166 58 166 57 167 56 168 56 169 54 170 53 171 53 171 52 172 52 172 51 173 51 173 51 173 51 172 52 172 52 172 52 171 53 170 54 169 55 167 57 160 64 157 67 156 68 155 69 154 70 153 71 153 71 152 72 151 73 150 74 148 76 148 76 147 77 146 78 146 78 146 78 146 78 146 78 147 77 147 77 148 76 149 75 150 74 150 74 151 73 151 73 152 72 152 72 152 72 152 72 152 72 152 72 152 72 152 72 153 71 153 71 153 71 153 71 153 71 152 72 152 72 152 72 152 72 152 72 153 71 153 71 154 70 155 69 156 68 157 67 159 65 160 65 160 65 160 65 160 65 160 69 156 72 153 76 149 78 147 84 141 85 141 85 142 82 144 81 145 79 145 80 145 79 146 78 147 78 147 77 150 75 150 74 155 70 156 68 157 68 157 67 157 67 157 68 155 69 155 70 154 70 153 71 152 72 152 72 152 72 151 73 152 72 152 72 154 1 1 68 157 68 156 69 150 74 148 78 110 10 24 36
2027 3 220 4 220 4 219 5 219 5 219 4 220 3 221 3 220 3 221 2 19 2 201 2 19 3 222 3 114 11 97 3 49 20 35 26 92 3 43 28 28 35 88 2 39 34 20 45 85 2 34 42 10 55 115 113 110 117 106 120 102 125 97 128 94 132 90 135 86 140 78 147 75 150 72 153 69 156 67 158 66 159 64 160 63 162 62 163 60 165 58 166 57 169 54 170 53 172 51 174 49 176 47 178 25 3 18 179 24 3 17 180 24 4 15 182 23 5 14 183 22 5 13 185 22 5 12 185 22 5 11 187 22 3 11 188 35 190 32 192 30 194 30 195 30 194 30 195 30 194 30 194 30 193 31 193 32 192 32 191 33 191 33 190 34 189 35 188 36 188 36 187 37 187 38 185 39 185 39 184 41 182 42 182 42 181 44 180 44 179 46 177 47 177 48 175 49 174 50 173 52 170 54 168 56 165 59 164 60 162 62 159 65 155 69 151 73 147 77 140 84 135 89 133 91 132 92 132 92 131 94 130 94 129 95 129 95 128 95 129 95 128 96 128 96 127 98 126 97 126 85 1 3 1 8 126 85 8 5 89 1 1 13 22 84 9 5 85 21 20 84 10 4 85 22 19 83 11 5 85 23 16 84 13 4 84 24 15 84 13 5 83 24 14 85 13 5 82 26 13 85 12 6 82 26 12 86 12 6 82 26 10 87 12 7 82 27 6 91 10 8 83 28 2 93 10 8 84 122 9 8 86 121 9 7 87 121 10 6 88 120 11 3 91 121 104 120 104 122 103 123 101 125 100 125 99 127 97 128 96 130 94 130 94 132 92 132 92 134 90 135 89 137 86 139 85 141 82 146 77 153 71 154 69 158 65 160 62 164 28 5 25 167 14 21 19 173 5 35 2 15129
408 5 217 8 145 4 65 11 141 12 59 12 141 11 60 12 141 10 62 11 141 11 61 11 142 9 62 11 144 7 63 9 146 6 63 8 148 4 65 7 149 2 65 7 217 6 204 4 9 7 166 5 29 11 3 10 153 23 18 29 152 72 150 74 149 75 147 77 145 80 142 82 140 84 138 87 135 89 134 91 131 94 129 96 126 99 124 101 122 103 119 106 117 108 114 110 114 111 112 113 111 113 110 115 109 116 107 117 107 117 107 117 107 117 106 118 106 118 106 117 107 117 107 116 108 116 109 114 110 114 111 112 113 110 114 106 119 102 122 100 124 100 124 99 126 97 126 98 126 98 125 99 124 100 122 102 121 103 120 104 119 105 118 106 118 106 117 107 116 107 117 107 116 108 115 109 115 108 115 109 114 110 113 110 113 111 112 112 111 112 111 113 110 114 108 116 107 117 106 117 107 118 105 119 105 119 104 120 104 120 104 120 103 121 103 122 102 122 101 123 101 122 102 122 101 123 100 124 100 124 99 125 99 124 99 125 99 125 99 124 99 125 99 125 99 124 99 125 99 124 99 125 99 125 98 126 98 126 98 126 97 127 97 129 94 131 93 133 90 135 89 137 86 138 85 141 82 142 82 143 80 144 80 145 78 146 78 146 78 146 77 147 77 147 76 148 76 148 76 148 76 148 76 148 76 147 77 147 77 147 76 147 77 146 77 147 77 146 78 145 79 145 79 144 80 98 2 43 82 92 13 36 84 87 20 32 85 83 25 30 87 80 28 29 87 79 29 29 88 77 31 28 88 76 32 28 88 76 32 28 88 76 32 29 88 75 32 30 87 75 32 31 87 74 31 33 86 34 3 37 30 34 87 32 4 37 30 35 86 32 5 36 28 38 85 32 5 37 26 39 86 31 6 36 24 42 85 31 7 35 20 46 85 31 6 36 15 51 86 30 7 35 14 52 86 30 6 37 12 53 86 30 6 37 12 53 87 29 5 38 12 53 87 29 5 38 13 51 88 30 4 38 14 27 5 17 89 30 4 39 13 25 9 14 91 29 4 40 12 22 117 31 1 42 10 22 118 75 8 21 120 75 8 20 121 75 8 17 124 75 9 15 125 75 9 13 127 75 9 12 128 75 10 7 132 76 9 5 135 75 149 76 148 76 148 76 149 75 149 75 149 75 150 74 150 46 2 26 150 46 3 25 150 45 5 24 150 29 6 8 7 24 150 29 21 24 149 29 22 24 147 31 22 25 144 1 1 30 24 24 141 35 25 23 141 34 26 24 140 34 27 23 140 33 28 23 140 33 28 23 140 32 29 23 139 32 30 23 138 32 31 23 138 30 33 23 137 30 35 22 137 29 36 22 136 26 41 20 138 18 49 19 138 16 51 18 142 5 60 16 209 15 210 12 215 7 999
5898 6 216 10 213 13 210 16 207 18 206 19 60 3 141 22 53 10 139 23 49 14 138 25 46 17 136 27 43 18 137 29 39 20 136 31 35 23 136 33 28 27 136 39 11 3 2 33 136 89 136 88 136 88 136 88 137 87 137 87 137 87 138 86 139 85 139 85 139 85 140 84 140 84 140 84 139 84 140 84 140 84 140 84 139 85 139 85 139 85 139 85 139 86 138 86 138 87 137 87 137 88 136 88 136 88 136 88 136 88 136 88 136 88 136 88 135 90 134 90 134 90 134 90 134 90 134 90 134 90 134 90 134 90 134 90 133 91 133 91 133 91 132 92 132 92 131 93 130 94 130 94 128 96 125 99 122 102 120 104 118 106 117 106 117 107 116 108 115 108 116 108 115 109 115 109 114 109 115 109 114 110 114 110 114 109 115 109 114 110 114 109 116 108 116 107 118 106 120 104 121 103 122 102 122 102 122 103 121 103 121 103 121 103 121 103 121 103 121 103 121 103 121 103 121 103 121 103 121 103 121 102 122 102 122 102 123 101 123 101 123 101 123 101 123 100 123 101 123 101 123 101 122 102 122 101 122 102 122 102 121 102 121 103 121 104 119 105 119 105 118 106 118 107 117 107 117 108 116 108 115 109 115 109 115 110 113 111 113 112 112 112 112 113 111 113 111 113 111 114 109 115 109 115 109 115 108 116 108 116 107 117 107 117 106 118 106 118 105 119 105 119 105 119 105 120 104 120 104 120 104 120 105 119 105 119 106 118 106 118 107 117 107 117 107 117 108 116 109 114 110 114 111 113 112 112 112 111 114 109 116 106 118 106 120 103 122 101 125 98 128 95 131 91 134 88 137 85 140 84 141 82 142 81 144 80 144 80 145 79 147 77 148 75 151 73 153 71 153 70 155 69 156 68 156 68 156 68 157 66 159 64 161 62 163 60 86
10611 15 206 34 188 41 182 45 178 47 176 49 174 52 171 54 170 54 169 56 167 58 165 60 163 62 161 63 160 65 158 67 156 69 155 70 153 71 153 72 151 74 150 75 148 76 148 77 147 77 147 78 146 78 145 80 144 80 144 80 144 80 144 80 144 80 145 78 146 78 146 78 147 77 147 77 148 76 149 74 150 74 151 72 152 72 152 71 153 71 152 72 152 72 151 73 150 74 150 74 149 75 148 76 148 76 147 77 147 78 146 78 146 79 144 80 144 81 142 82 142 83 140 84 140 85 139 86 137 87 137 87 136 89 135 89 135 90 133 91 133 91 133 91 133 91 132 92 132 92 132 92 131 93 131 92 132 93 130 94 130 94 130 94 129 95 130 94 130 95 129 95 129 95 129 95 129 95 129 95 129 95 129 95 129 95 129 95 129 95 129 95 129 95 129 95 129 95 129 95 129 95 129 95 129 95 129 95 129 95 129 95 129 95 129 95 129 94 130 94 130 94 130 94 130 94 130 94 131 93 131 93 131 93 131 93 131 93 131 93 132 91 133 91 133 91 133 91 133 91 134 89 135 89 135 89 135 89 136 88 136 88 136 88 136 87 137 87 138 86 138 86 138 86 138 86 138 86 139 85 139 85 139 84 140 84 141 83 141 83 141 83 141 83 141 83 142 82 142 82 142 82 143 80 144 80 145 79 145 79 145 79 146 78 146 77 147 77 148 76 148 76 149 75 149 75 149 75 150 74 150 74 150 74 150 74 150 74 150 74 150 75 149 75 149 75 150 73 152 72 152 71 154 70 86
3923 7 215 11 212 12 210 15 207 17 206 19 204 20 202 22 129 5 67 24 125 11 63 25 124 14 61 25 123 17 58 26 123 18 57 26 123 20 54 27 122 22 53 26 123 23 51 27 123 24 49 28 123 26 46 29 124 26 23 9 12 30 124 28 17 19 4 32 124 29 12 59 124 32 5 63 124 100 124 100 125 99 125 99 125 99 126 98 126 98 126 98 126 98 127 97 127 97 127 97 127 97 128 96 128 96 128 96 129 95 129 96 129 95 129 95 129 96 128 96 128 97 127 98 126 98 126 99 125 100 124 101 123 101 123 102 122 103 121 104 119 105 119 106 118 107 116 109 115 109 115 110 113 111 112 113 111 114 109 116 108 116 108 117 107 117 107 118 105 119 105 120 104 120 104 121 102 123 101 125 98 127 97 129 95 130 94 132 91 134 90 136 87 138 86 139 84 141 83 142 82 143 80 146 78 147 76 150 20 2 51 152 13 13 46 182 40 190 34 200 23 201 23 202 21 204 20 204 19 207 17 208 15 209 15 210 14 211 12 212 12 212 11 214 10 214 9 215 8 216 8 216 7 217 7 217 7 217 6 218 6 218 5 219 4 220 4 220 3 221 3 221 2 222 1 223 1 223 1 70 8 145 1 69 10 144 1 69 10 144 1 69 10 101 8 35 1 69 10 99 15 28 3 69 9 99 39 4 4 69 8 99 48 70 4 102 48 175 50 174 50 173 51 173 52 172 52 172 53 170 56 168 58 165 60 163 63 161 65 158 67 156 70 154 73 150 75 148 78 146 80 144 83 140 87 137 89 135 93 131 97 127 100 124 104 121 106 118 110 114 114 110 117 107 121 104 126 97 132 92 137 87 152 72 154 69 156 68 157 66 158 66 158 64 159 65 159 64 159 64 159 64 159 64 158 65 158 66 157 66 156 67 156 67 156 67 156 67 157 66 158 65 158 66 158 65 159 64 160 63 161 63 161 62 163 61 163 60 164 59 166 57 167 57 167 56 169 54 171 52 173 50 175 48 178 45 191 32 194 29 197 26 199 24 202 20 205 16 210 12 214 7 99
8154 4 219 7 216 11 212 14 210 15 209 17 207 19 205 20 205 20 204 21 205 20 206 19 207 18 207 17 208 17 208 16 210 15 209 15 210 15 210 15 210 14 210 15 210 15 209 16 208 18 205 22 200 28 193 36 164 11 8 45 157 72 151 77 145 81 142 84 138 88 135 90 133 92 131 94 129 96 127 98 125 100 123 103 120 105 118 107 117 108 115 111 112 113 111 114 109 115 109 116 108 116 107 118 106 118 106 119 104 120 104 121 103 121 102 122 102 122 102 123 101 123 101 123 101 9 8 106 102 6 11 105 103 2 15 104 120 104 120 104 120 104 120 104 120 104 120 104 121 103 121 103 122 102 122 102 122 102 123 101 124 99 125 99 125 99 125 99 125 99 125 99 126 98 126 98 127 97 127 97 127 97 128 96 128 96 128 96 129 95 128 96 128 96 128 96 128 96 127 97 127 97 127 97 127 97 127 97 126 98 126 98 126 98 126 97 127 98 125 99 125 99 125 99 125 100 124 100 124 100 124 100 124 101 123 101 123 102 122 102 122 102 122 102 122 102 122 103 121 103 121 103 120 104 120 104 120 104 120 104 119 105 119 105 119 105 119 105 119 106 118 106 118 106 117 107 117 107 117 108 116 108 116 108 116 81 4 23 116 79 7 23 115 76 11 22 116 73 13 22 116 28 8 35 15 22 116 27 12 30 18 21 116 26 28 13 20 22 116 24 62 22 116 24 62 23 115 23 64 22 115 23 64 23 115 22 64 24 114 21 65 24 114 21 65 25 113 21 65 25 113 21 65 26 112 21 65 26 112 21 65 27 111 22 64 27 111 22 63 28 111 22 63 29 110 22 63 29 110 22 62 30 110 22 62 30 110 23 61 30 110 23 61 30 110 23 61 29 110 24 61 29 110 24 61 29 110 24 61 29 110 24 61 29 110 24 61 29 110 25 60 29 110 25 60 28 110 26 60 28 110 26 60 28 109 27 61 26 110 28 61 24 110 29 62 22 111 29 64 19 111 30 68 14 112 30 70 10 114 30 194 30 193 30 194 30 194 30 195 29 195 28 197 27 129
10025 2 219 7 215 11 211 13 209 16 205 19 196 28 190 34 160 7 20 37 158 17 7 42 157 68 156 68 156 68 156 68 156 68 156 68 156 68 157 67 157 67 157 67 158 66 159 65 159 65 160 64 161 63 161 63 162 63 162 62 162 62 163 61 163 61 164 60 164 60 165 59 165 60 164 59 166 59 165 59 165 59 165 59 165 59 166 58 166 58 166 58 166 59 165 59 164 61 164 60 164 61 163 61 163 62 162 63 161 63 162 63 161 64 160 64 159 66 158 66 158 66 158 66 158 67 157 67 156 68 156 68 156 68 156 68 156 68 156 68 156 67 157 67 157 67 157 67 157 67 157 67 157 67 157 66 158 66 157 67 156 68 155 69 153 71 151 73 150 74 148 76 147 77 147 77 146 79 144 80 143 81 142 83 141 83 140 84 140 85 138 86 137 88 135 89 134 90 133 91 132 93 130 94 129 95 129 95 128 97 126 98 125 99 124 100 124 101 122 102 121 103 120 104 120 105 118 106 117 107 117 107 116 109 114 110 113 111 113 112 111 113 110 114 109 115 108 116 107 117 105 119 103 121 102 122 100 124 99 125 97 127 94 131 88 137 84 140 80 145 75 150 72 152 68 156 63 162 57 167 55 169 51 173 49 175 46 178 43 180 42 181 37 186 35 188 34 189 33 191 32 192 31 193 29 196 28 196 27 198 26 198 26 199 25 199 25 200 24 201 23 203 21 204 20 205 20 35 7 163 19 31 21 154 18 29 25 153 18 24 30 153 17 20 34 112 7 34 18 15 38 109 11 34 18 12 40 105 16 33 20 7 43 79 43 32 22 4 44 77 46 31 70 74 50 30 70 72 53 29 69 70 57 28 69 64 65 25 70 61 69 24 69 60 73 21 71 57 81 14 72 56 87 7 74 55 170 53 115
82 5 217 9 214 11 211 14 209 16 206 19 204 21 202 23 199 26 198 26 197 28 196 28 195 30 194 30 193 32 192 32 191 34 190 34 190 34 190 34 190 35 188 36 188 36 188 36 188 36 187 37 187 38 186 38 186 38 186 38 186 37 187 37 187 37 187 37 187 37 187 37 186 38 186 39 185 39 66 2 1 7 109 39 59 19 107 39 54 26 105 39 50 30 105 40 48 32 104 41 45 34 104 42 42 37 103 43 38 40 103 45 34 42 103 53 24 44 103 57 18 46 103 60 13 48 103 63 9 48 104 120 104 119 106 118 106 117 107 117 108 115 109 115 110 113 111 113 112 111 114 110 115 109 115 108 117 106 118 106 118 105 119 105 119 104 120 103 121 103 121 102 122 102 122 102 122 102 122 102 122 101 123 101 123 101 122 101 123 101 123 101 123 101 123 100 124 100 124 99 125 99 125 99 126 97 127 97 127 96 128 95 129 93 131 93 131 92 132 92 132 92 132 91 133 91 133 91 133 90 134 89 135 89 135 88 135 89 135 89 135 89 134 90 134 90 134 90 133 91 133 91 132 91 133 91 132 92 132 92 131 92 132 92 131 93 131 92 131 93 131 92 131 93 131 92 132 91 132 92 132 91 133 90 133 90 134 90 134 89 134 90 134 90 134 90 134 89 134 90 134 89 135 89 134 89 135 89 135 88 136 88 136 88 136 88 136 88 136 88 136 88 136 88 136 88 136 88 136 88 136 88 137 87 137 87 137 87 137 87 137 87 137 87 137 86 138 86 139 84 140 84 140 84 141 82 143 81 143 80 146 78 148 76 150 73 153 70 155 69 155 68 157 66 158 66 158 65 160 63 161 63 161 62 162 61 163 60 164 58 165 58 166 25 7 25 167 23 11 22 168 21 13 21 168 21 14 21 168 21 15 20 168 20 15 21 167 21 15 21 167 21 15 21 167 21 15 21 167 21 15 21 167 20 16 21 166 21 16 21 166 21 16 22 165 21 16 22 165 21 16 22 165 21 16 23 165 19 17 23 165 19 17 23 165 19 17 23 165 18 18 24 165 17 19 23 165 16 20 23 166 14 21 23 167 12 22 23 168 10 23 23 168 8 25 23 169 6 27 22 170 4 28 21 172 2 30 20 173 1 30 20 205 18 207 16 209 13 212 11 216 5 1673
131 12 131 5 75 14 129 8 72 15 128 11 69 17 126 14 65 20 125 15 64 20 124 18 61 21 124 18 61 21 124 19 59 23 122 21 57 24 122 22 55 25 122 23 53 26 122 24 51 27 122 25 49 28 122 26 46 30 121 28 43 32 121 30 38 35 121 31 35 36 122 33 32 37 122 34 30 38 122 37 27 38 122 41 22 39 122 46 17 38 123 47 16 38 124 47 15 38 124 47 15 38 124 48 13 39 124 48 13 38 125 49 12 38 124 50 12 38 124 52 9 39 124 53 7 40 124 57 1 41 124 100 124 100 124 100 123 101 123 101 123 101 123 101 123 101 122 102 122 102 122 102 122 102 122 102 122 102 122 102 122 102 121 103 121 103 121 104 120 104 120 104 120 103 121 103 121 103 121 103 121 103 121 103 121 103 121 103 122 102 122 101 123 101 123 101 124 100 124 100 124 101 122 102 122 103 121 104 120 107 116 112 111 121 103 127 96 136 87 146 78 149 74 150 73 153 70 154 70 155 68 157 66 160 63 162 62 163 60 166 57 169 55 171 52 174 50 175 49 177 46 179 44 181 43 182 41 184 40 184 40 184 39 186 38 186 37 187 37 187 37 186 37 187 37 187 36 189 35 189 35 189 35 190 33 191 33 192 32 192 32 193 31 193 31 194 30 194 30 195 29 195 29 195 29 196 28 196 28 197 27 197 27 197 27 198 26 198 26 199 25 199 25 199 25 200 24 200 24 200 24 201 22 202 22 203 20 205 19 205 19 206 18 206 18 206 19 205 20 204 20 204 21 203 21 203 21 203 22 202 22 202 22 202 22 202 22 202 22 202 22 202 22 202 23 201 23 201 23 201 23 201 23 201 23 201 23 201 23 201 23 201 23 201 23 201 23 201 23 201 23 201 23 201 23 201 23 201 23 201 22 202 22 202 22 202 21 203 21 203 21 203 21 203 20 204 20 204 20 204 20 60 5 139 21 55 12 136 21 52 16 76 1 58 22 49 20 71 14 48 23 46 23 68 19 45 25 41 28 64 24 42 28 36 30 64 26 40 31 29 35 62 27 40 35 20 40 61 28 40 42 6 47 60 30 39 95 59 31 39 95 59 31 38 96 58 32 38 96 58 32 37 97 58 32 36 98 57 33 35 99 57 33 34 100 57 34 32 100 58 34 31 101 57 35 30 102 57 36 27 103 57 38 19 110 57 46 8 113 56 168 56 168 55 169 54 170 53 171 51 174 46 178 45 180 42 183 40 184 38 187 37 188 35 190 33 192 32 194 29 196 27 197 26 95
7456 14 207 19 204 22 199 27 196 30 192 33 190 35 188 38 185 40 183 42 181 43 180 45 179 46 177 48 175 49 174 51 172 52 172 53 170 54 170 55 168 56 168 56 168 57 166 58 166 58 166 58 166 59 165 59 164 60 164 60 164 61 162 62 162 62 162 62 161 63 161 64 160 64 160 64 160 64 161 63 162 62 162 62 164 60 167 57 172 52 174 50 175 49 176 48 176 49 175 49 175 50 174 52 173 55 169 58 166 61 163 71 153 86 138 95 129 104 121 110 114 112 112 115 109 117 106 120 104 121 103 123 101 124 100 125 99 126 98 127 97 128 96 129 95 130 94 131 92 133 91 134 90 134 89 136 88 137 87 137 87 138 85 139 85 139 85 140 84 140 83 141 83 141 83 141 83 141 83 142 82 142 82 142 82 142 82 142 81 143 81 144 80 144 80 144 80 145 79 145 79 145 79 146 78 146 78 146 78 147 77 147 76 149 75 149 75 149 75 150 74 150 74 151 73 151 72 153 71 154 70 155 69 155 69 156 68 156 68 157 67 157 67 158 66 158 66 94 5 60 65 93 6 60 66 91 8 59 66 91 8 60 65 90 10 59 65 90 10 59 65 89 12 59 65 88 12 59 65 87 13 59 65 87 13 59 66 85 15 58 66 85 15 58 67 83 16 58 67 82 18 57 68 80 19 57 69 78 20 56 71 76 22 54 72 75 23 53 74 73 24 52 76 72 25 49 79 70 27 35 93 68 28 34 95 66 30 32 97 64 32 31 98 62 34 30 99 60 35 30 100 58 37 29 101 56 39 27 103 54 40 27 104 52 42 26 105 50 44 25 105 49 46 24 105 48 48 22 107 47 48 22 107 47 49 21 107 47 50 20 107 46 52 19 107 46 53 18 107 46 54 17 107 46 54 16 108 46 55 15 108 46 55 15 107 47 54 16 107 47 54 16 107 47 53 17 106 48 53 18 104 49 52 19 104 49 51 20 103 50 51 20 102 51 50 21 101 52 50 21 101 51 51 20 101 52 51 20 101 52 51 20 100 53 52 18 101 53 52 17 102 53 55 13 103 53 62 5 105 51 173 51 175 48 178 46 194 29 196 26 199 23 202 20 204 19 207 16 121
